
Timer0.elf:     file format elf32-avr

Sections:
Idx Name          Size      VMA       LMA       File off  Algn
  0 .text         00000fe2  00000000  00000000  00000094  2**1
                  CONTENTS, ALLOC, LOAD, READONLY, CODE
  1 .data         0000002e  00800060  00000fe2  00001076  2**0
                  CONTENTS, ALLOC, LOAD, DATA
  2 .bss          00000016  0080008e  0080008e  000010a4  2**0
                  ALLOC
  3 .stab         00002e5c  00000000  00000000  000010a4  2**2
                  CONTENTS, READONLY, DEBUGGING
  4 .stabstr      00001a56  00000000  00000000  00003f00  2**0
                  CONTENTS, READONLY, DEBUGGING

Disassembly of section .text:

00000000 <__vectors>:
   0:	0c 94 2a 00 	jmp	0x54	; 0x54 <__ctors_end>
   4:	0c 94 65 01 	jmp	0x2ca	; 0x2ca <__vector_1>
   8:	0c 94 8c 01 	jmp	0x318	; 0x318 <__vector_2>
   c:	0c 94 b3 01 	jmp	0x366	; 0x366 <__vector_3>
  10:	0c 94 47 00 	jmp	0x8e	; 0x8e <__bad_interrupt>
  14:	0c 94 47 00 	jmp	0x8e	; 0x8e <__bad_interrupt>
  18:	0c 94 47 00 	jmp	0x8e	; 0x8e <__bad_interrupt>
  1c:	0c 94 47 00 	jmp	0x8e	; 0x8e <__bad_interrupt>
  20:	0c 94 47 00 	jmp	0x8e	; 0x8e <__bad_interrupt>
  24:	0c 94 47 00 	jmp	0x8e	; 0x8e <__bad_interrupt>
  28:	0c 94 ab 00 	jmp	0x156	; 0x156 <__vector_10>
  2c:	0c 94 84 00 	jmp	0x108	; 0x108 <__vector_11>
  30:	0c 94 47 00 	jmp	0x8e	; 0x8e <__bad_interrupt>
  34:	0c 94 47 00 	jmp	0x8e	; 0x8e <__bad_interrupt>
  38:	0c 94 47 00 	jmp	0x8e	; 0x8e <__bad_interrupt>
  3c:	0c 94 47 00 	jmp	0x8e	; 0x8e <__bad_interrupt>
  40:	0c 94 c7 03 	jmp	0x78e	; 0x78e <__vector_16>
  44:	0c 94 47 00 	jmp	0x8e	; 0x8e <__bad_interrupt>
  48:	0c 94 47 00 	jmp	0x8e	; 0x8e <__bad_interrupt>
  4c:	0c 94 47 00 	jmp	0x8e	; 0x8e <__bad_interrupt>
  50:	0c 94 47 00 	jmp	0x8e	; 0x8e <__bad_interrupt>

00000054 <__ctors_end>:
  54:	11 24       	eor	r1, r1
  56:	1f be       	out	0x3f, r1	; 63
  58:	cf e5       	ldi	r28, 0x5F	; 95
  5a:	d8 e0       	ldi	r29, 0x08	; 8
  5c:	de bf       	out	0x3e, r29	; 62
  5e:	cd bf       	out	0x3d, r28	; 61

00000060 <__do_copy_data>:
  60:	10 e0       	ldi	r17, 0x00	; 0
  62:	a0 e6       	ldi	r26, 0x60	; 96
  64:	b0 e0       	ldi	r27, 0x00	; 0
  66:	e2 ee       	ldi	r30, 0xE2	; 226
  68:	ff e0       	ldi	r31, 0x0F	; 15
  6a:	02 c0       	rjmp	.+4      	; 0x70 <.do_copy_data_start>

0000006c <.do_copy_data_loop>:
  6c:	05 90       	lpm	r0, Z+
  6e:	0d 92       	st	X+, r0

00000070 <.do_copy_data_start>:
  70:	ae 38       	cpi	r26, 0x8E	; 142
  72:	b1 07       	cpc	r27, r17
  74:	d9 f7       	brne	.-10     	; 0x6c <.do_copy_data_loop>

00000076 <__do_clear_bss>:
  76:	10 e0       	ldi	r17, 0x00	; 0
  78:	ae e8       	ldi	r26, 0x8E	; 142
  7a:	b0 e0       	ldi	r27, 0x00	; 0
  7c:	01 c0       	rjmp	.+2      	; 0x80 <.do_clear_bss_start>

0000007e <.do_clear_bss_loop>:
  7e:	1d 92       	st	X+, r1

00000080 <.do_clear_bss_start>:
  80:	a4 3a       	cpi	r26, 0xA4	; 164
  82:	b1 07       	cpc	r27, r17
  84:	e1 f7       	brne	.-8      	; 0x7e <.do_clear_bss_loop>
  86:	0e 94 7f 07 	call	0xefe	; 0xefe <main>
  8a:	0c 94 ef 07 	jmp	0xfde	; 0xfde <_exit>

0000008e <__bad_interrupt>:
  8e:	0c 94 00 00 	jmp	0	; 0x0 <__vectors>

00000092 <TIMER0_voidInit>:

void TIMER0_voidInit()
{
	//Timer Mode -> WG BITS-> Interrupt source
#if TIMER_MODE==NORMAL_MODE
	CLR_BIT(TCCR0,3);
  92:	83 b7       	in	r24, 0x33	; 51
  94:	87 7f       	andi	r24, 0xF7	; 247
  96:	83 bf       	out	0x33, r24	; 51
	CLR_BIT(TCCR0,6);
  98:	83 b7       	in	r24, 0x33	; 51
  9a:	8f 7b       	andi	r24, 0xBF	; 191
  9c:	83 bf       	out	0x33, r24	; 51
	SET_BIT(TIMSK,0);
  9e:	89 b7       	in	r24, 0x39	; 57
  a0:	81 60       	ori	r24, 0x01	; 1
  a2:	89 bf       	out	0x39, r24	; 57
	//Configure PreScaler
#if PRE_SCALER==DIV_8
	TCCR0 &=0b11111000;
	TCCR0 |=DIV_8;
#elif PRE_SCALER==DIV_64
	TCCR0 &=0b11111000;
  a4:	83 b7       	in	r24, 0x33	; 51
  a6:	88 7f       	andi	r24, 0xF8	; 248
  a8:	83 bf       	out	0x33, r24	; 51
	TCCR0 |=DIV_64;
  aa:	83 b7       	in	r24, 0x33	; 51
  ac:	83 60       	ori	r24, 0x03	; 3
  ae:	83 bf       	out	0x33, r24	; 51
#else
#error("Wrong PreScaler Option");
#endif

}
  b0:	08 95       	ret

000000b2 <TIMER0_voidSetPreLoadTicks>:
void TIMER0_voidSetPreLoadTicks(u8 Copy_u8Ticks)
{
	TCNT0=Copy_u8Ticks;
  b2:	82 bf       	out	0x32, r24	; 50
}
  b4:	08 95       	ret

000000b6 <TIMER0_voidSetOcrTicks>:
void TIMER0_voidSetOcrTicks(u8 Copy_u8Ticks)
{
	OCR0=Copy_u8Ticks;
  b6:	8c bf       	out	0x3c, r24	; 60
}
  b8:	08 95       	ret

000000ba <TIMER0_eSetCallBackNormal>:
u8 TIMER0_eSetCallBackNormal(void (*Pfunc)(void))
{
	u8 Local_ErrorStatus =OK;
	if(Pfunc!=NULL)
  ba:	00 97       	sbiw	r24, 0x00	; 0
  bc:	11 f4       	brne	.+4      	; 0xc2 <TIMER0_eSetCallBackNormal+0x8>
  be:	80 e0       	ldi	r24, 0x00	; 0
  c0:	08 95       	ret
	{
		GlobalPtrFuncNormal=Pfunc;
  c2:	90 93 91 00 	sts	0x0091, r25
  c6:	80 93 90 00 	sts	0x0090, r24
  ca:	81 e0       	ldi	r24, 0x01	; 1
	else
	{
		Local_ErrorStatus=NOK;
	}
	return Local_ErrorStatus;
}
  cc:	08 95       	ret

000000ce <TIMER0_eSetCallBackCompare>:
u8 TIMER0_eSetCallBackCompare(void (*Pfunc)(void))
{
	u8 Local_ErrorStatus =OK;
	if(Pfunc!=NULL)
  ce:	00 97       	sbiw	r24, 0x00	; 0
  d0:	11 f4       	brne	.+4      	; 0xd6 <TIMER0_eSetCallBackCompare+0x8>
  d2:	80 e0       	ldi	r24, 0x00	; 0
  d4:	08 95       	ret
	{
		GlobalPtrFuncCompare=Pfunc;
  d6:	90 93 8f 00 	sts	0x008F, r25
  da:	80 93 8e 00 	sts	0x008E, r24
  de:	81 e0       	ldi	r24, 0x01	; 1
	else
	{
		Local_ErrorStatus=NOK;
	}
	return Local_ErrorStatus;
}
  e0:	08 95       	ret

000000e2 <FASTPWM_voidInvOrNoninv>:

void FASTPWM_voidInvOrNoninv(PWM_mode_e Copy_Mode)
{
	switch(Copy_Mode)
  e2:	88 23       	and	r24, r24
  e4:	19 f0       	breq	.+6      	; 0xec <FASTPWM_voidInvOrNoninv+0xa>
  e6:	81 30       	cpi	r24, 0x01	; 1
  e8:	71 f4       	brne	.+28     	; 0x106 <FASTPWM_voidInvOrNoninv+0x24>
  ea:	07 c0       	rjmp	.+14     	; 0xfa <FASTPWM_voidInvOrNoninv+0x18>
	{
	case NON_INV:
		CLR_BIT(TCCR0,4);
  ec:	83 b7       	in	r24, 0x33	; 51
  ee:	8f 7e       	andi	r24, 0xEF	; 239
  f0:	83 bf       	out	0x33, r24	; 51
		SET_BIT(TCCR0,5);
  f2:	83 b7       	in	r24, 0x33	; 51
  f4:	80 62       	ori	r24, 0x20	; 32
  f6:	83 bf       	out	0x33, r24	; 51
  f8:	08 95       	ret
		break;
	case INV:
		SET_BIT(TCCR0,4);
  fa:	83 b7       	in	r24, 0x33	; 51
  fc:	80 61       	ori	r24, 0x10	; 16
  fe:	83 bf       	out	0x33, r24	; 51
		SET_BIT(TCCR0,5);
 100:	83 b7       	in	r24, 0x33	; 51
 102:	80 62       	ori	r24, 0x20	; 32
 104:	83 bf       	out	0x33, r24	; 51
 106:	08 95       	ret

00000108 <__vector_11>:
	}
}
//vector of over flow
void __vector_11(void)  __attribute__((signal));
void __vector_11(void)
{
 108:	1f 92       	push	r1
 10a:	0f 92       	push	r0
 10c:	0f b6       	in	r0, 0x3f	; 63
 10e:	0f 92       	push	r0
 110:	11 24       	eor	r1, r1
 112:	2f 93       	push	r18
 114:	3f 93       	push	r19
 116:	4f 93       	push	r20
 118:	5f 93       	push	r21
 11a:	6f 93       	push	r22
 11c:	7f 93       	push	r23
 11e:	8f 93       	push	r24
 120:	9f 93       	push	r25
 122:	af 93       	push	r26
 124:	bf 93       	push	r27
 126:	ef 93       	push	r30
 128:	ff 93       	push	r31
	GlobalPtrFuncNormal();
 12a:	e0 91 90 00 	lds	r30, 0x0090
 12e:	f0 91 91 00 	lds	r31, 0x0091
 132:	09 95       	icall
}
 134:	ff 91       	pop	r31
 136:	ef 91       	pop	r30
 138:	bf 91       	pop	r27
 13a:	af 91       	pop	r26
 13c:	9f 91       	pop	r25
 13e:	8f 91       	pop	r24
 140:	7f 91       	pop	r23
 142:	6f 91       	pop	r22
 144:	5f 91       	pop	r21
 146:	4f 91       	pop	r20
 148:	3f 91       	pop	r19
 14a:	2f 91       	pop	r18
 14c:	0f 90       	pop	r0
 14e:	0f be       	out	0x3f, r0	; 63
 150:	0f 90       	pop	r0
 152:	1f 90       	pop	r1
 154:	18 95       	reti

00000156 <__vector_10>:

//vector of compare match
void __vector_10(void)  __attribute__((signal));
void __vector_10(void)
{
 156:	1f 92       	push	r1
 158:	0f 92       	push	r0
 15a:	0f b6       	in	r0, 0x3f	; 63
 15c:	0f 92       	push	r0
 15e:	11 24       	eor	r1, r1
 160:	2f 93       	push	r18
 162:	3f 93       	push	r19
 164:	4f 93       	push	r20
 166:	5f 93       	push	r21
 168:	6f 93       	push	r22
 16a:	7f 93       	push	r23
 16c:	8f 93       	push	r24
 16e:	9f 93       	push	r25
 170:	af 93       	push	r26
 172:	bf 93       	push	r27
 174:	ef 93       	push	r30
 176:	ff 93       	push	r31
	GlobalPtrFuncCompare();
 178:	e0 91 8e 00 	lds	r30, 0x008E
 17c:	f0 91 8f 00 	lds	r31, 0x008F
 180:	09 95       	icall
}
 182:	ff 91       	pop	r31
 184:	ef 91       	pop	r30
 186:	bf 91       	pop	r27
 188:	af 91       	pop	r26
 18a:	9f 91       	pop	r25
 18c:	8f 91       	pop	r24
 18e:	7f 91       	pop	r23
 190:	6f 91       	pop	r22
 192:	5f 91       	pop	r21
 194:	4f 91       	pop	r20
 196:	3f 91       	pop	r19
 198:	2f 91       	pop	r18
 19a:	0f 90       	pop	r0
 19c:	0f be       	out	0x3f, r0	; 63
 19e:	0f 90       	pop	r0
 1a0:	1f 90       	pop	r1
 1a2:	18 95       	reti

000001a4 <EXTI_voidEnableDisable>:


void EXTI_voidEnableDisable(INTNUM_e Copy_eIntNum,
		MODE_e Copy_eMode)
{
	switch(Copy_eIntNum)
 1a4:	81 30       	cpi	r24, 0x01	; 1
 1a6:	81 f0       	breq	.+32     	; 0x1c8 <EXTI_voidEnableDisable+0x24>
 1a8:	81 30       	cpi	r24, 0x01	; 1
 1aa:	18 f0       	brcs	.+6      	; 0x1b2 <EXTI_voidEnableDisable+0xe>
 1ac:	82 30       	cpi	r24, 0x02	; 2
 1ae:	19 f5       	brne	.+70     	; 0x1f6 <EXTI_voidEnableDisable+0x52>
 1b0:	16 c0       	rjmp	.+44     	; 0x1de <EXTI_voidEnableDisable+0x3a>
	{
	case INT0:
		switch(Copy_eMode)
 1b2:	66 23       	and	r22, r22
 1b4:	19 f0       	breq	.+6      	; 0x1bc <EXTI_voidEnableDisable+0x18>
 1b6:	61 30       	cpi	r22, 0x01	; 1
 1b8:	f1 f4       	brne	.+60     	; 0x1f6 <EXTI_voidEnableDisable+0x52>
 1ba:	03 c0       	rjmp	.+6      	; 0x1c2 <EXTI_voidEnableDisable+0x1e>
		{
		case ENABLED:
			SET_BIT(GICR,GICR_INT0);
 1bc:	8b b7       	in	r24, 0x3b	; 59
 1be:	80 64       	ori	r24, 0x40	; 64
 1c0:	15 c0       	rjmp	.+42     	; 0x1ec <EXTI_voidEnableDisable+0x48>
			break;
		case DISABLED:
			CLR_BIT(GICR,GICR_INT0);
 1c2:	8b b7       	in	r24, 0x3b	; 59
 1c4:	8f 7b       	andi	r24, 0xBF	; 191
 1c6:	12 c0       	rjmp	.+36     	; 0x1ec <EXTI_voidEnableDisable+0x48>
			break;
		}
		break;
		case INT1:
			switch(Copy_eMode)
 1c8:	66 23       	and	r22, r22
 1ca:	19 f0       	breq	.+6      	; 0x1d2 <EXTI_voidEnableDisable+0x2e>
 1cc:	61 30       	cpi	r22, 0x01	; 1
 1ce:	99 f4       	brne	.+38     	; 0x1f6 <EXTI_voidEnableDisable+0x52>
 1d0:	03 c0       	rjmp	.+6      	; 0x1d8 <EXTI_voidEnableDisable+0x34>
			{
			case ENABLED:
				SET_BIT(GICR,GICR_INT1);
 1d2:	8b b7       	in	r24, 0x3b	; 59
 1d4:	80 68       	ori	r24, 0x80	; 128
 1d6:	0a c0       	rjmp	.+20     	; 0x1ec <EXTI_voidEnableDisable+0x48>
				break;
			case DISABLED:
				CLR_BIT(GICR,GICR_INT1);
 1d8:	8b b7       	in	r24, 0x3b	; 59
 1da:	8f 77       	andi	r24, 0x7F	; 127
 1dc:	07 c0       	rjmp	.+14     	; 0x1ec <EXTI_voidEnableDisable+0x48>
				break;
			}
			break;
			case INT2:
				switch(Copy_eMode)
 1de:	66 23       	and	r22, r22
 1e0:	19 f0       	breq	.+6      	; 0x1e8 <EXTI_voidEnableDisable+0x44>
 1e2:	61 30       	cpi	r22, 0x01	; 1
 1e4:	41 f4       	brne	.+16     	; 0x1f6 <EXTI_voidEnableDisable+0x52>
 1e6:	04 c0       	rjmp	.+8      	; 0x1f0 <EXTI_voidEnableDisable+0x4c>
				{
				case ENABLED:
					SET_BIT(GICR,GICR_INT2);
 1e8:	8b b7       	in	r24, 0x3b	; 59
 1ea:	80 62       	ori	r24, 0x20	; 32
 1ec:	8b bf       	out	0x3b, r24	; 59
 1ee:	08 95       	ret
					break;
				case DISABLED:
					CLR_BIT(GICR,GICR_INT2);
 1f0:	8b b7       	in	r24, 0x3b	; 59
 1f2:	8f 7d       	andi	r24, 0xDF	; 223
 1f4:	8b bf       	out	0x3b, r24	; 59
 1f6:	08 95       	ret

000001f8 <EXTI_voidSetSenseCtrl>:
}

void EXTI_voidSetSenseCtrl(INTNUM_e Copy_eIntNum,
		SENSTIVITY_e Copy_eSenseCtrl)
{
	switch(Copy_eIntNum)
 1f8:	81 30       	cpi	r24, 0x01	; 1
 1fa:	09 f1       	breq	.+66     	; 0x23e <EXTI_voidSetSenseCtrl+0x46>
 1fc:	81 30       	cpi	r24, 0x01	; 1
 1fe:	20 f0       	brcs	.+8      	; 0x208 <EXTI_voidSetSenseCtrl+0x10>
 200:	82 30       	cpi	r24, 0x02	; 2
 202:	09 f0       	breq	.+2      	; 0x206 <EXTI_voidSetSenseCtrl+0xe>
 204:	44 c0       	rjmp	.+136    	; 0x28e <EXTI_voidSetSenseCtrl+0x96>
 206:	37 c0       	rjmp	.+110    	; 0x276 <EXTI_voidSetSenseCtrl+0x7e>
	{
	case INT0:
		switch(Copy_eSenseCtrl)
 208:	61 30       	cpi	r22, 0x01	; 1
 20a:	51 f0       	breq	.+20     	; 0x220 <EXTI_voidSetSenseCtrl+0x28>
 20c:	61 30       	cpi	r22, 0x01	; 1
 20e:	28 f0       	brcs	.+10     	; 0x21a <EXTI_voidSetSenseCtrl+0x22>
 210:	62 30       	cpi	r22, 0x02	; 2
 212:	61 f0       	breq	.+24     	; 0x22c <EXTI_voidSetSenseCtrl+0x34>
 214:	63 30       	cpi	r22, 0x03	; 3
 216:	d9 f5       	brne	.+118    	; 0x28e <EXTI_voidSetSenseCtrl+0x96>
 218:	0c c0       	rjmp	.+24     	; 0x232 <EXTI_voidSetSenseCtrl+0x3a>
		{
		case LOW_LEVEL:
			CLR_BIT(MCUCR,MCUCR_ISC00);
 21a:	85 b7       	in	r24, 0x35	; 53
 21c:	8e 7f       	andi	r24, 0xFE	; 254
 21e:	02 c0       	rjmp	.+4      	; 0x224 <EXTI_voidSetSenseCtrl+0x2c>
			CLR_BIT(MCUCR,MCUCR_ISC01);
			break;
		case ON_CHANGE:
			SET_BIT(MCUCR,MCUCR_ISC00);
 220:	85 b7       	in	r24, 0x35	; 53
 222:	81 60       	ori	r24, 0x01	; 1
 224:	85 bf       	out	0x35, r24	; 53
			CLR_BIT(MCUCR,MCUCR_ISC01);
 226:	85 b7       	in	r24, 0x35	; 53
 228:	8d 7f       	andi	r24, 0xFD	; 253
 22a:	23 c0       	rjmp	.+70     	; 0x272 <EXTI_voidSetSenseCtrl+0x7a>
			break;
		case FALLING_EDGE:
			CLR_BIT(MCUCR,MCUCR_ISC00);
 22c:	85 b7       	in	r24, 0x35	; 53
 22e:	8e 7f       	andi	r24, 0xFE	; 254
 230:	02 c0       	rjmp	.+4      	; 0x236 <EXTI_voidSetSenseCtrl+0x3e>
			SET_BIT(MCUCR,MCUCR_ISC01);
			break;
		case RISING_EDGE:
			SET_BIT(MCUCR,MCUCR_ISC00);
 232:	85 b7       	in	r24, 0x35	; 53
 234:	81 60       	ori	r24, 0x01	; 1
 236:	85 bf       	out	0x35, r24	; 53
			SET_BIT(MCUCR,MCUCR_ISC01);
 238:	85 b7       	in	r24, 0x35	; 53
 23a:	82 60       	ori	r24, 0x02	; 2
 23c:	1a c0       	rjmp	.+52     	; 0x272 <EXTI_voidSetSenseCtrl+0x7a>
			break;
		}
		break;
		case INT1:
			switch(Copy_eSenseCtrl)
 23e:	61 30       	cpi	r22, 0x01	; 1
 240:	51 f0       	breq	.+20     	; 0x256 <EXTI_voidSetSenseCtrl+0x5e>
 242:	61 30       	cpi	r22, 0x01	; 1
 244:	28 f0       	brcs	.+10     	; 0x250 <EXTI_voidSetSenseCtrl+0x58>
 246:	62 30       	cpi	r22, 0x02	; 2
 248:	61 f0       	breq	.+24     	; 0x262 <EXTI_voidSetSenseCtrl+0x6a>
 24a:	63 30       	cpi	r22, 0x03	; 3
 24c:	01 f5       	brne	.+64     	; 0x28e <EXTI_voidSetSenseCtrl+0x96>
 24e:	0c c0       	rjmp	.+24     	; 0x268 <EXTI_voidSetSenseCtrl+0x70>
			{
			case LOW_LEVEL:
				CLR_BIT(MCUCR,MCUCR_ISC10);
 250:	85 b7       	in	r24, 0x35	; 53
 252:	8b 7f       	andi	r24, 0xFB	; 251
 254:	02 c0       	rjmp	.+4      	; 0x25a <EXTI_voidSetSenseCtrl+0x62>
				CLR_BIT(MCUCR,MCUCR_ISC11);
				break;
			case ON_CHANGE:
				SET_BIT(MCUCR,MCUCR_ISC10);
 256:	85 b7       	in	r24, 0x35	; 53
 258:	84 60       	ori	r24, 0x04	; 4
 25a:	85 bf       	out	0x35, r24	; 53
				CLR_BIT(MCUCR,MCUCR_ISC11);
 25c:	85 b7       	in	r24, 0x35	; 53
 25e:	87 7f       	andi	r24, 0xF7	; 247
 260:	08 c0       	rjmp	.+16     	; 0x272 <EXTI_voidSetSenseCtrl+0x7a>
				break;
			case FALLING_EDGE:
				CLR_BIT(MCUCR,MCUCR_ISC10);
 262:	85 b7       	in	r24, 0x35	; 53
 264:	8b 7f       	andi	r24, 0xFB	; 251
 266:	02 c0       	rjmp	.+4      	; 0x26c <EXTI_voidSetSenseCtrl+0x74>
				SET_BIT(MCUCR,MCUCR_ISC11);
				break;
			case RISING_EDGE:
				SET_BIT(MCUCR,MCUCR_ISC10);
 268:	85 b7       	in	r24, 0x35	; 53
 26a:	84 60       	ori	r24, 0x04	; 4
 26c:	85 bf       	out	0x35, r24	; 53
				SET_BIT(MCUCR,MCUCR_ISC11);
 26e:	85 b7       	in	r24, 0x35	; 53
 270:	88 60       	ori	r24, 0x08	; 8
 272:	85 bf       	out	0x35, r24	; 53
 274:	08 95       	ret
				break;
			}
			break;
			case INT2:
				switch(Copy_eSenseCtrl)
 276:	62 30       	cpi	r22, 0x02	; 2
 278:	19 f0       	breq	.+6      	; 0x280 <EXTI_voidSetSenseCtrl+0x88>
 27a:	63 30       	cpi	r22, 0x03	; 3
 27c:	41 f4       	brne	.+16     	; 0x28e <EXTI_voidSetSenseCtrl+0x96>
 27e:	04 c0       	rjmp	.+8      	; 0x288 <EXTI_voidSetSenseCtrl+0x90>
				{

				case FALLING_EDGE:
					CLR_BIT(MCUCSR,MCUCSR_ISC2);
 280:	84 b7       	in	r24, 0x34	; 52
 282:	8f 7b       	andi	r24, 0xBF	; 191
 284:	84 bf       	out	0x34, r24	; 52
 286:	08 95       	ret
					break;
				case RISING_EDGE:
					SET_BIT(MCUCSR,MCUCSR_ISC2);
 288:	84 b7       	in	r24, 0x34	; 52
 28a:	80 64       	ori	r24, 0x40	; 64
 28c:	84 bf       	out	0x34, r24	; 52
 28e:	08 95       	ret

00000290 <EXTI_voidSetCallBack>:

u8 EXTI_voidSetCallBack(INTNUM_e Copy_eIntNum,
		void (*LocalPtrFunc)(void))
{
	u8  Local_errState=OK;
	if(LocalPtrFunc!=NULL)
 290:	61 15       	cp	r22, r1
 292:	71 05       	cpc	r23, r1
 294:	11 f4       	brne	.+4      	; 0x29a <EXTI_voidSetCallBack+0xa>
 296:	80 e0       	ldi	r24, 0x00	; 0
 298:	08 95       	ret
	{
		switch(Copy_eIntNum)
 29a:	81 30       	cpi	r24, 0x01	; 1
 29c:	51 f0       	breq	.+20     	; 0x2b2 <EXTI_voidSetCallBack+0x22>
 29e:	81 30       	cpi	r24, 0x01	; 1
 2a0:	18 f0       	brcs	.+6      	; 0x2a8 <EXTI_voidSetCallBack+0x18>
 2a2:	82 30       	cpi	r24, 0x02	; 2
 2a4:	51 f4       	brne	.+20     	; 0x2ba <EXTI_voidSetCallBack+0x2a>
 2a6:	0b c0       	rjmp	.+22     	; 0x2be <EXTI_voidSetCallBack+0x2e>
		{
		case INT0:
			GlobalPtrFunc[0]=LocalPtrFunc;
 2a8:	70 93 93 00 	sts	0x0093, r23
 2ac:	60 93 92 00 	sts	0x0092, r22
 2b0:	04 c0       	rjmp	.+8      	; 0x2ba <EXTI_voidSetCallBack+0x2a>
			break;
		case INT1:
			GlobalPtrFunc[1]=LocalPtrFunc;
 2b2:	70 93 95 00 	sts	0x0095, r23
 2b6:	60 93 94 00 	sts	0x0094, r22
 2ba:	81 e0       	ldi	r24, 0x01	; 1
 2bc:	08 95       	ret
			break;
		case INT2:
			GlobalPtrFunc[2]=LocalPtrFunc;
 2be:	70 93 97 00 	sts	0x0097, r23
 2c2:	60 93 96 00 	sts	0x0096, r22
 2c6:	81 e0       	ldi	r24, 0x01	; 1
	else
	{
		Local_errState=NOK;
	}
	return Local_errState;
}
 2c8:	08 95       	ret

000002ca <__vector_1>:
//ISR To handle INT0
void __vector_1(void)  __attribute__((signal));
void __vector_1(void)
{
 2ca:	1f 92       	push	r1
 2cc:	0f 92       	push	r0
 2ce:	0f b6       	in	r0, 0x3f	; 63
 2d0:	0f 92       	push	r0
 2d2:	11 24       	eor	r1, r1
 2d4:	2f 93       	push	r18
 2d6:	3f 93       	push	r19
 2d8:	4f 93       	push	r20
 2da:	5f 93       	push	r21
 2dc:	6f 93       	push	r22
 2de:	7f 93       	push	r23
 2e0:	8f 93       	push	r24
 2e2:	9f 93       	push	r25
 2e4:	af 93       	push	r26
 2e6:	bf 93       	push	r27
 2e8:	ef 93       	push	r30
 2ea:	ff 93       	push	r31
	GlobalPtrFunc[0]();
 2ec:	e0 91 92 00 	lds	r30, 0x0092
 2f0:	f0 91 93 00 	lds	r31, 0x0093
 2f4:	09 95       	icall
}
 2f6:	ff 91       	pop	r31
 2f8:	ef 91       	pop	r30
 2fa:	bf 91       	pop	r27
 2fc:	af 91       	pop	r26
 2fe:	9f 91       	pop	r25
 300:	8f 91       	pop	r24
 302:	7f 91       	pop	r23
 304:	6f 91       	pop	r22
 306:	5f 91       	pop	r21
 308:	4f 91       	pop	r20
 30a:	3f 91       	pop	r19
 30c:	2f 91       	pop	r18
 30e:	0f 90       	pop	r0
 310:	0f be       	out	0x3f, r0	; 63
 312:	0f 90       	pop	r0
 314:	1f 90       	pop	r1
 316:	18 95       	reti

00000318 <__vector_2>:

//ISR To handle INT1
void __vector_2(void)  __attribute__((signal));
void __vector_2(void)
{
 318:	1f 92       	push	r1
 31a:	0f 92       	push	r0
 31c:	0f b6       	in	r0, 0x3f	; 63
 31e:	0f 92       	push	r0
 320:	11 24       	eor	r1, r1
 322:	2f 93       	push	r18
 324:	3f 93       	push	r19
 326:	4f 93       	push	r20
 328:	5f 93       	push	r21
 32a:	6f 93       	push	r22
 32c:	7f 93       	push	r23
 32e:	8f 93       	push	r24
 330:	9f 93       	push	r25
 332:	af 93       	push	r26
 334:	bf 93       	push	r27
 336:	ef 93       	push	r30
 338:	ff 93       	push	r31
	GlobalPtrFunc[1]();
 33a:	e0 91 94 00 	lds	r30, 0x0094
 33e:	f0 91 95 00 	lds	r31, 0x0095
 342:	09 95       	icall
}
 344:	ff 91       	pop	r31
 346:	ef 91       	pop	r30
 348:	bf 91       	pop	r27
 34a:	af 91       	pop	r26
 34c:	9f 91       	pop	r25
 34e:	8f 91       	pop	r24
 350:	7f 91       	pop	r23
 352:	6f 91       	pop	r22
 354:	5f 91       	pop	r21
 356:	4f 91       	pop	r20
 358:	3f 91       	pop	r19
 35a:	2f 91       	pop	r18
 35c:	0f 90       	pop	r0
 35e:	0f be       	out	0x3f, r0	; 63
 360:	0f 90       	pop	r0
 362:	1f 90       	pop	r1
 364:	18 95       	reti

00000366 <__vector_3>:

//ISR To handle INT2
void __vector_3(void)  __attribute__((signal));
void __vector_3(void)
{
 366:	1f 92       	push	r1
 368:	0f 92       	push	r0
 36a:	0f b6       	in	r0, 0x3f	; 63
 36c:	0f 92       	push	r0
 36e:	11 24       	eor	r1, r1
 370:	2f 93       	push	r18
 372:	3f 93       	push	r19
 374:	4f 93       	push	r20
 376:	5f 93       	push	r21
 378:	6f 93       	push	r22
 37a:	7f 93       	push	r23
 37c:	8f 93       	push	r24
 37e:	9f 93       	push	r25
 380:	af 93       	push	r26
 382:	bf 93       	push	r27
 384:	ef 93       	push	r30
 386:	ff 93       	push	r31
	GlobalPtrFunc[2]();
 388:	e0 91 96 00 	lds	r30, 0x0096
 38c:	f0 91 97 00 	lds	r31, 0x0097
 390:	09 95       	icall
}
 392:	ff 91       	pop	r31
 394:	ef 91       	pop	r30
 396:	bf 91       	pop	r27
 398:	af 91       	pop	r26
 39a:	9f 91       	pop	r25
 39c:	8f 91       	pop	r24
 39e:	7f 91       	pop	r23
 3a0:	6f 91       	pop	r22
 3a2:	5f 91       	pop	r21
 3a4:	4f 91       	pop	r20
 3a6:	3f 91       	pop	r19
 3a8:	2f 91       	pop	r18
 3aa:	0f 90       	pop	r0
 3ac:	0f be       	out	0x3f, r0	; 63
 3ae:	0f 90       	pop	r0
 3b0:	1f 90       	pop	r1
 3b2:	18 95       	reti

000003b4 <GI_voidEnable>:
#include "GI_private.h"


void GI_voidEnable(void)
{
	SET_BIT(SREG,SREG_I);
 3b4:	8f b7       	in	r24, 0x3f	; 63
 3b6:	80 68       	ori	r24, 0x80	; 128
 3b8:	8f bf       	out	0x3f, r24	; 63
}
 3ba:	08 95       	ret

000003bc <GI_voidDisable>:
void GI_voidDisable(void)
{
	CLR_BIT(SREG,SREG_I);
 3bc:	8f b7       	in	r24, 0x3f	; 63
 3be:	8f 77       	andi	r24, 0x7F	; 127
 3c0:	8f bf       	out	0x3f, r24	; 63
}
 3c2:	08 95       	ret

000003c4 <DIO_u8SetPinDirection>:


u8  DIO_u8SetPinDirection (u8 Copy_u8PortId, u8 Copy_u8PinId ,u8 Copy_u8PinDirection)
{
	u8 Local_u8ErrorState = STD_TYPES_OK;
	if((Copy_u8PortId <= DIO_u8_PORTD) && (Copy_u8PinId <= DIO_u8_PIN7) && ((Copy_u8PinDirection == DIO_u8_OUTPUT) || (Copy_u8PinDirection == DIO_u8_INPUT)))		
 3c4:	84 30       	cpi	r24, 0x04	; 4
 3c6:	08 f0       	brcs	.+2      	; 0x3ca <DIO_u8SetPinDirection+0x6>
 3c8:	80 c0       	rjmp	.+256    	; 0x4ca <DIO_u8SetPinDirection+0x106>
 3ca:	68 30       	cpi	r22, 0x08	; 8
 3cc:	08 f0       	brcs	.+2      	; 0x3d0 <DIO_u8SetPinDirection+0xc>
 3ce:	7d c0       	rjmp	.+250    	; 0x4ca <DIO_u8SetPinDirection+0x106>
 3d0:	42 30       	cpi	r20, 0x02	; 2
 3d2:	08 f0       	brcs	.+2      	; 0x3d6 <DIO_u8SetPinDirection+0x12>
 3d4:	7a c0       	rjmp	.+244    	; 0x4ca <DIO_u8SetPinDirection+0x106>
	{
		switch (Copy_u8PortId)
 3d6:	81 30       	cpi	r24, 0x01	; 1
 3d8:	29 f1       	breq	.+74     	; 0x424 <DIO_u8SetPinDirection+0x60>
 3da:	81 30       	cpi	r24, 0x01	; 1
 3dc:	38 f0       	brcs	.+14     	; 0x3ec <DIO_u8SetPinDirection+0x28>
 3de:	82 30       	cpi	r24, 0x02	; 2
 3e0:	09 f4       	brne	.+2      	; 0x3e4 <DIO_u8SetPinDirection+0x20>
 3e2:	3c c0       	rjmp	.+120    	; 0x45c <DIO_u8SetPinDirection+0x98>
 3e4:	83 30       	cpi	r24, 0x03	; 3
 3e6:	09 f0       	breq	.+2      	; 0x3ea <DIO_u8SetPinDirection+0x26>
 3e8:	72 c0       	rjmp	.+228    	; 0x4ce <DIO_u8SetPinDirection+0x10a>
 3ea:	53 c0       	rjmp	.+166    	; 0x492 <DIO_u8SetPinDirection+0xce>
		{
			case DIO_u8_PORTA:
				switch (Copy_u8PinDirection)
 3ec:	44 23       	and	r20, r20
 3ee:	71 f0       	breq	.+28     	; 0x40c <DIO_u8SetPinDirection+0x48>
 3f0:	41 30       	cpi	r20, 0x01	; 1
 3f2:	09 f0       	breq	.+2      	; 0x3f6 <DIO_u8SetPinDirection+0x32>
 3f4:	6c c0       	rjmp	.+216    	; 0x4ce <DIO_u8SetPinDirection+0x10a>
				{
					case DIO_u8_OUTPUT:SET_BIT(DIO_u8_DDRA_REG,Copy_u8PinId);break;
 3f6:	2a b3       	in	r18, 0x1a	; 26
 3f8:	81 e0       	ldi	r24, 0x01	; 1
 3fa:	90 e0       	ldi	r25, 0x00	; 0
 3fc:	02 c0       	rjmp	.+4      	; 0x402 <DIO_u8SetPinDirection+0x3e>
 3fe:	88 0f       	add	r24, r24
 400:	99 1f       	adc	r25, r25
 402:	6a 95       	dec	r22
 404:	e2 f7       	brpl	.-8      	; 0x3fe <DIO_u8SetPinDirection+0x3a>
 406:	28 2b       	or	r18, r24
 408:	2a bb       	out	0x1a, r18	; 26
 40a:	5d c0       	rjmp	.+186    	; 0x4c6 <DIO_u8SetPinDirection+0x102>
					case DIO_u8_INPUT: CLR_BIT(DIO_u8_DDRA_REG,Copy_u8PinId);break;
 40c:	2a b3       	in	r18, 0x1a	; 26
 40e:	81 e0       	ldi	r24, 0x01	; 1
 410:	90 e0       	ldi	r25, 0x00	; 0
 412:	02 c0       	rjmp	.+4      	; 0x418 <DIO_u8SetPinDirection+0x54>
 414:	88 0f       	add	r24, r24
 416:	99 1f       	adc	r25, r25
 418:	6a 95       	dec	r22
 41a:	e2 f7       	brpl	.-8      	; 0x414 <DIO_u8SetPinDirection+0x50>
 41c:	80 95       	com	r24
 41e:	82 23       	and	r24, r18
 420:	8a bb       	out	0x1a, r24	; 26
 422:	51 c0       	rjmp	.+162    	; 0x4c6 <DIO_u8SetPinDirection+0x102>
				}
			break;
			case DIO_u8_PORTB:
				switch (Copy_u8PinDirection)
 424:	44 23       	and	r20, r20
 426:	71 f0       	breq	.+28     	; 0x444 <DIO_u8SetPinDirection+0x80>
 428:	41 30       	cpi	r20, 0x01	; 1
 42a:	09 f0       	breq	.+2      	; 0x42e <DIO_u8SetPinDirection+0x6a>
 42c:	50 c0       	rjmp	.+160    	; 0x4ce <DIO_u8SetPinDirection+0x10a>
				{
					case DIO_u8_OUTPUT:SET_BIT(DIO_u8_DDRB_REG,Copy_u8PinId);break;
 42e:	27 b3       	in	r18, 0x17	; 23
 430:	81 e0       	ldi	r24, 0x01	; 1
 432:	90 e0       	ldi	r25, 0x00	; 0
 434:	02 c0       	rjmp	.+4      	; 0x43a <DIO_u8SetPinDirection+0x76>
 436:	88 0f       	add	r24, r24
 438:	99 1f       	adc	r25, r25
 43a:	6a 95       	dec	r22
 43c:	e2 f7       	brpl	.-8      	; 0x436 <DIO_u8SetPinDirection+0x72>
 43e:	28 2b       	or	r18, r24
 440:	27 bb       	out	0x17, r18	; 23
 442:	41 c0       	rjmp	.+130    	; 0x4c6 <DIO_u8SetPinDirection+0x102>
					case DIO_u8_INPUT: CLR_BIT(DIO_u8_DDRB_REG,Copy_u8PinId);break;
 444:	27 b3       	in	r18, 0x17	; 23
 446:	81 e0       	ldi	r24, 0x01	; 1
 448:	90 e0       	ldi	r25, 0x00	; 0
 44a:	02 c0       	rjmp	.+4      	; 0x450 <DIO_u8SetPinDirection+0x8c>
 44c:	88 0f       	add	r24, r24
 44e:	99 1f       	adc	r25, r25
 450:	6a 95       	dec	r22
 452:	e2 f7       	brpl	.-8      	; 0x44c <DIO_u8SetPinDirection+0x88>
 454:	80 95       	com	r24
 456:	82 23       	and	r24, r18
 458:	87 bb       	out	0x17, r24	; 23
 45a:	35 c0       	rjmp	.+106    	; 0x4c6 <DIO_u8SetPinDirection+0x102>
				}
			break;
			case DIO_u8_PORTC:
				switch (Copy_u8PinDirection)
 45c:	44 23       	and	r20, r20
 45e:	69 f0       	breq	.+26     	; 0x47a <DIO_u8SetPinDirection+0xb6>
 460:	41 30       	cpi	r20, 0x01	; 1
 462:	a9 f5       	brne	.+106    	; 0x4ce <DIO_u8SetPinDirection+0x10a>
				{
					case DIO_u8_OUTPUT:SET_BIT(DIO_u8_DDRC_REG,Copy_u8PinId);break;
 464:	24 b3       	in	r18, 0x14	; 20
 466:	81 e0       	ldi	r24, 0x01	; 1
 468:	90 e0       	ldi	r25, 0x00	; 0
 46a:	02 c0       	rjmp	.+4      	; 0x470 <DIO_u8SetPinDirection+0xac>
 46c:	88 0f       	add	r24, r24
 46e:	99 1f       	adc	r25, r25
 470:	6a 95       	dec	r22
 472:	e2 f7       	brpl	.-8      	; 0x46c <DIO_u8SetPinDirection+0xa8>
 474:	28 2b       	or	r18, r24
 476:	24 bb       	out	0x14, r18	; 20
 478:	26 c0       	rjmp	.+76     	; 0x4c6 <DIO_u8SetPinDirection+0x102>
					case DIO_u8_INPUT: CLR_BIT(DIO_u8_DDRC_REG,Copy_u8PinId);break;
 47a:	24 b3       	in	r18, 0x14	; 20
 47c:	81 e0       	ldi	r24, 0x01	; 1
 47e:	90 e0       	ldi	r25, 0x00	; 0
 480:	02 c0       	rjmp	.+4      	; 0x486 <DIO_u8SetPinDirection+0xc2>
 482:	88 0f       	add	r24, r24
 484:	99 1f       	adc	r25, r25
 486:	6a 95       	dec	r22
 488:	e2 f7       	brpl	.-8      	; 0x482 <DIO_u8SetPinDirection+0xbe>
 48a:	80 95       	com	r24
 48c:	82 23       	and	r24, r18
 48e:	84 bb       	out	0x14, r24	; 20
 490:	1a c0       	rjmp	.+52     	; 0x4c6 <DIO_u8SetPinDirection+0x102>
				}
			break;
			case DIO_u8_PORTD:
				switch (Copy_u8PinDirection)
 492:	44 23       	and	r20, r20
 494:	69 f0       	breq	.+26     	; 0x4b0 <DIO_u8SetPinDirection+0xec>
 496:	41 30       	cpi	r20, 0x01	; 1
 498:	d1 f4       	brne	.+52     	; 0x4ce <DIO_u8SetPinDirection+0x10a>
				{
					case DIO_u8_OUTPUT:SET_BIT(DIO_u8_DDRD_REG,Copy_u8PinId);break;
 49a:	21 b3       	in	r18, 0x11	; 17
 49c:	81 e0       	ldi	r24, 0x01	; 1
 49e:	90 e0       	ldi	r25, 0x00	; 0
 4a0:	02 c0       	rjmp	.+4      	; 0x4a6 <DIO_u8SetPinDirection+0xe2>
 4a2:	88 0f       	add	r24, r24
 4a4:	99 1f       	adc	r25, r25
 4a6:	6a 95       	dec	r22
 4a8:	e2 f7       	brpl	.-8      	; 0x4a2 <DIO_u8SetPinDirection+0xde>
 4aa:	28 2b       	or	r18, r24
 4ac:	21 bb       	out	0x11, r18	; 17
 4ae:	0b c0       	rjmp	.+22     	; 0x4c6 <DIO_u8SetPinDirection+0x102>
					case DIO_u8_INPUT: CLR_BIT(DIO_u8_DDRD_REG,Copy_u8PinId);break;
 4b0:	21 b3       	in	r18, 0x11	; 17
 4b2:	81 e0       	ldi	r24, 0x01	; 1
 4b4:	90 e0       	ldi	r25, 0x00	; 0
 4b6:	02 c0       	rjmp	.+4      	; 0x4bc <DIO_u8SetPinDirection+0xf8>
 4b8:	88 0f       	add	r24, r24
 4ba:	99 1f       	adc	r25, r25
 4bc:	6a 95       	dec	r22
 4be:	e2 f7       	brpl	.-8      	; 0x4b8 <DIO_u8SetPinDirection+0xf4>
 4c0:	80 95       	com	r24
 4c2:	82 23       	and	r24, r18
 4c4:	81 bb       	out	0x11, r24	; 17
 4c6:	81 e0       	ldi	r24, 0x01	; 1
 4c8:	08 95       	ret
 4ca:	80 e0       	ldi	r24, 0x00	; 0
 4cc:	08 95       	ret
 4ce:	81 e0       	ldi	r24, 0x01	; 1
	{
		Local_u8ErrorState = STD_TYPES_NOK;
	}
	
	return Local_u8ErrorState;
}
 4d0:	08 95       	ret

000004d2 <DIO_u8SetPinValue>:

u8  DIO_u8SetPinValue     (u8 Copy_u8PortId, u8 Copy_u8PinId ,u8 Copy_u8PinValue)
{
	u8 Local_u8ErrorState = STD_TYPES_OK;
	if(Copy_u8PinId <= DIO_u8_PIN7)
 4d2:	68 30       	cpi	r22, 0x08	; 8
 4d4:	08 f0       	brcs	.+2      	; 0x4d8 <DIO_u8SetPinValue+0x6>
 4d6:	7a c0       	rjmp	.+244    	; 0x5cc <DIO_u8SetPinValue+0xfa>
	{
		switch (Copy_u8PortId)
 4d8:	81 30       	cpi	r24, 0x01	; 1
 4da:	29 f1       	breq	.+74     	; 0x526 <DIO_u8SetPinValue+0x54>
 4dc:	81 30       	cpi	r24, 0x01	; 1
 4de:	38 f0       	brcs	.+14     	; 0x4ee <DIO_u8SetPinValue+0x1c>
 4e0:	82 30       	cpi	r24, 0x02	; 2
 4e2:	09 f4       	brne	.+2      	; 0x4e6 <DIO_u8SetPinValue+0x14>
 4e4:	3c c0       	rjmp	.+120    	; 0x55e <DIO_u8SetPinValue+0x8c>
 4e6:	83 30       	cpi	r24, 0x03	; 3
 4e8:	09 f0       	breq	.+2      	; 0x4ec <DIO_u8SetPinValue+0x1a>
 4ea:	70 c0       	rjmp	.+224    	; 0x5cc <DIO_u8SetPinValue+0xfa>
 4ec:	53 c0       	rjmp	.+166    	; 0x594 <DIO_u8SetPinValue+0xc2>
		{
			case DIO_u8_PORTA:
				switch (Copy_u8PinValue)
 4ee:	44 23       	and	r20, r20
 4f0:	71 f0       	breq	.+28     	; 0x50e <DIO_u8SetPinValue+0x3c>
 4f2:	41 30       	cpi	r20, 0x01	; 1
 4f4:	09 f0       	breq	.+2      	; 0x4f8 <DIO_u8SetPinValue+0x26>
 4f6:	6a c0       	rjmp	.+212    	; 0x5cc <DIO_u8SetPinValue+0xfa>
				{
					case DIO_u8_HIGH:SET_BIT(DIO_u8_PORTA_REG,Copy_u8PinId);break;
 4f8:	2b b3       	in	r18, 0x1b	; 27
 4fa:	81 e0       	ldi	r24, 0x01	; 1
 4fc:	90 e0       	ldi	r25, 0x00	; 0
 4fe:	02 c0       	rjmp	.+4      	; 0x504 <DIO_u8SetPinValue+0x32>
 500:	88 0f       	add	r24, r24
 502:	99 1f       	adc	r25, r25
 504:	6a 95       	dec	r22
 506:	e2 f7       	brpl	.-8      	; 0x500 <DIO_u8SetPinValue+0x2e>
 508:	28 2b       	or	r18, r24
 50a:	2b bb       	out	0x1b, r18	; 27
 50c:	5d c0       	rjmp	.+186    	; 0x5c8 <DIO_u8SetPinValue+0xf6>
					case DIO_u8_LOW: CLR_BIT(DIO_u8_PORTA_REG,Copy_u8PinId);break;
 50e:	2b b3       	in	r18, 0x1b	; 27
 510:	81 e0       	ldi	r24, 0x01	; 1
 512:	90 e0       	ldi	r25, 0x00	; 0
 514:	02 c0       	rjmp	.+4      	; 0x51a <DIO_u8SetPinValue+0x48>
 516:	88 0f       	add	r24, r24
 518:	99 1f       	adc	r25, r25
 51a:	6a 95       	dec	r22
 51c:	e2 f7       	brpl	.-8      	; 0x516 <DIO_u8SetPinValue+0x44>
 51e:	80 95       	com	r24
 520:	82 23       	and	r24, r18
 522:	8b bb       	out	0x1b, r24	; 27
 524:	51 c0       	rjmp	.+162    	; 0x5c8 <DIO_u8SetPinValue+0xf6>
					default : Local_u8ErrorState = STD_TYPES_NOK;
				}
			break;
			case DIO_u8_PORTB:
				switch (Copy_u8PinValue)
 526:	44 23       	and	r20, r20
 528:	71 f0       	breq	.+28     	; 0x546 <DIO_u8SetPinValue+0x74>
 52a:	41 30       	cpi	r20, 0x01	; 1
 52c:	09 f0       	breq	.+2      	; 0x530 <DIO_u8SetPinValue+0x5e>
 52e:	4e c0       	rjmp	.+156    	; 0x5cc <DIO_u8SetPinValue+0xfa>
				{
					case DIO_u8_HIGH:SET_BIT(DIO_u8_PORTB_REG,Copy_u8PinId);break;
 530:	28 b3       	in	r18, 0x18	; 24
 532:	81 e0       	ldi	r24, 0x01	; 1
 534:	90 e0       	ldi	r25, 0x00	; 0
 536:	02 c0       	rjmp	.+4      	; 0x53c <DIO_u8SetPinValue+0x6a>
 538:	88 0f       	add	r24, r24
 53a:	99 1f       	adc	r25, r25
 53c:	6a 95       	dec	r22
 53e:	e2 f7       	brpl	.-8      	; 0x538 <DIO_u8SetPinValue+0x66>
 540:	28 2b       	or	r18, r24
 542:	28 bb       	out	0x18, r18	; 24
 544:	41 c0       	rjmp	.+130    	; 0x5c8 <DIO_u8SetPinValue+0xf6>
					case DIO_u8_LOW: CLR_BIT(DIO_u8_PORTB_REG,Copy_u8PinId);break;
 546:	28 b3       	in	r18, 0x18	; 24
 548:	81 e0       	ldi	r24, 0x01	; 1
 54a:	90 e0       	ldi	r25, 0x00	; 0
 54c:	02 c0       	rjmp	.+4      	; 0x552 <DIO_u8SetPinValue+0x80>
 54e:	88 0f       	add	r24, r24
 550:	99 1f       	adc	r25, r25
 552:	6a 95       	dec	r22
 554:	e2 f7       	brpl	.-8      	; 0x54e <DIO_u8SetPinValue+0x7c>
 556:	80 95       	com	r24
 558:	82 23       	and	r24, r18
 55a:	88 bb       	out	0x18, r24	; 24
 55c:	35 c0       	rjmp	.+106    	; 0x5c8 <DIO_u8SetPinValue+0xf6>
					default : Local_u8ErrorState = STD_TYPES_NOK;
				}		
			break;
			case DIO_u8_PORTC:
				switch (Copy_u8PinValue)
 55e:	44 23       	and	r20, r20
 560:	69 f0       	breq	.+26     	; 0x57c <DIO_u8SetPinValue+0xaa>
 562:	41 30       	cpi	r20, 0x01	; 1
 564:	99 f5       	brne	.+102    	; 0x5cc <DIO_u8SetPinValue+0xfa>
				{
					case DIO_u8_HIGH:SET_BIT(DIO_u8_PORTC_REG,Copy_u8PinId);break;
 566:	25 b3       	in	r18, 0x15	; 21
 568:	81 e0       	ldi	r24, 0x01	; 1
 56a:	90 e0       	ldi	r25, 0x00	; 0
 56c:	02 c0       	rjmp	.+4      	; 0x572 <DIO_u8SetPinValue+0xa0>
 56e:	88 0f       	add	r24, r24
 570:	99 1f       	adc	r25, r25
 572:	6a 95       	dec	r22
 574:	e2 f7       	brpl	.-8      	; 0x56e <DIO_u8SetPinValue+0x9c>
 576:	28 2b       	or	r18, r24
 578:	25 bb       	out	0x15, r18	; 21
 57a:	26 c0       	rjmp	.+76     	; 0x5c8 <DIO_u8SetPinValue+0xf6>
					case DIO_u8_LOW: CLR_BIT(DIO_u8_PORTC_REG,Copy_u8PinId);break;
 57c:	25 b3       	in	r18, 0x15	; 21
 57e:	81 e0       	ldi	r24, 0x01	; 1
 580:	90 e0       	ldi	r25, 0x00	; 0
 582:	02 c0       	rjmp	.+4      	; 0x588 <DIO_u8SetPinValue+0xb6>
 584:	88 0f       	add	r24, r24
 586:	99 1f       	adc	r25, r25
 588:	6a 95       	dec	r22
 58a:	e2 f7       	brpl	.-8      	; 0x584 <DIO_u8SetPinValue+0xb2>
 58c:	80 95       	com	r24
 58e:	82 23       	and	r24, r18
 590:	85 bb       	out	0x15, r24	; 21
 592:	1a c0       	rjmp	.+52     	; 0x5c8 <DIO_u8SetPinValue+0xf6>
					default : Local_u8ErrorState = STD_TYPES_NOK;
				}		
			break;
			case DIO_u8_PORTD:
				switch (Copy_u8PinValue)
 594:	44 23       	and	r20, r20
 596:	69 f0       	breq	.+26     	; 0x5b2 <DIO_u8SetPinValue+0xe0>
 598:	41 30       	cpi	r20, 0x01	; 1
 59a:	c1 f4       	brne	.+48     	; 0x5cc <DIO_u8SetPinValue+0xfa>
				{
					case DIO_u8_HIGH:SET_BIT(DIO_u8_PORTD_REG,Copy_u8PinId);break;
 59c:	22 b3       	in	r18, 0x12	; 18
 59e:	81 e0       	ldi	r24, 0x01	; 1
 5a0:	90 e0       	ldi	r25, 0x00	; 0
 5a2:	02 c0       	rjmp	.+4      	; 0x5a8 <DIO_u8SetPinValue+0xd6>
 5a4:	88 0f       	add	r24, r24
 5a6:	99 1f       	adc	r25, r25
 5a8:	6a 95       	dec	r22
 5aa:	e2 f7       	brpl	.-8      	; 0x5a4 <DIO_u8SetPinValue+0xd2>
 5ac:	28 2b       	or	r18, r24
 5ae:	22 bb       	out	0x12, r18	; 18
 5b0:	0b c0       	rjmp	.+22     	; 0x5c8 <DIO_u8SetPinValue+0xf6>
					case DIO_u8_LOW: CLR_BIT(DIO_u8_PORTD_REG,Copy_u8PinId);break;
 5b2:	22 b3       	in	r18, 0x12	; 18
 5b4:	81 e0       	ldi	r24, 0x01	; 1
 5b6:	90 e0       	ldi	r25, 0x00	; 0
 5b8:	02 c0       	rjmp	.+4      	; 0x5be <DIO_u8SetPinValue+0xec>
 5ba:	88 0f       	add	r24, r24
 5bc:	99 1f       	adc	r25, r25
 5be:	6a 95       	dec	r22
 5c0:	e2 f7       	brpl	.-8      	; 0x5ba <DIO_u8SetPinValue+0xe8>
 5c2:	80 95       	com	r24
 5c4:	82 23       	and	r24, r18
 5c6:	82 bb       	out	0x12, r24	; 18
 5c8:	81 e0       	ldi	r24, 0x01	; 1
 5ca:	08 95       	ret
 5cc:	80 e0       	ldi	r24, 0x00	; 0
	else
	{
		Local_u8ErrorState = STD_TYPES_NOK;
	}
	return Local_u8ErrorState;
}
 5ce:	08 95       	ret

000005d0 <DIO_u8GetPinValue>:

u8  DIO_u8GetPinValue     (u8 Copy_u8PortId, u8 Copy_u8PinId ,u8 * Copy_pu8ReturnedPinValue)
{
 5d0:	fa 01       	movw	r30, r20
	u8 Local_u8ErrorState = STD_TYPES_OK;
	*Copy_pu8ReturnedPinValue=GET_BIT(Copy_u8PortId,Copy_u8PinId);
 5d2:	90 e0       	ldi	r25, 0x00	; 0
 5d4:	02 c0       	rjmp	.+4      	; 0x5da <DIO_u8GetPinValue+0xa>
 5d6:	95 95       	asr	r25
 5d8:	87 95       	ror	r24
 5da:	6a 95       	dec	r22
 5dc:	e2 f7       	brpl	.-8      	; 0x5d6 <DIO_u8GetPinValue+0x6>
 5de:	81 70       	andi	r24, 0x01	; 1
 5e0:	80 83       	st	Z, r24
	return Local_u8ErrorState;
}
 5e2:	81 e0       	ldi	r24, 0x01	; 1
 5e4:	08 95       	ret

000005e6 <DIO_u8SetPortDirection>:

u8  DIO_u8SetPortDirection(u8 Copy_u8PortId, u8 Copy_u8PortDirection)
{
	u8 Local_u8ErrorState = STD_TYPES_OK;
	if((Copy_u8PortDirection == DIO_u8_OUTPUT) || (Copy_u8PortDirection == DIO_u8_INPUT))
 5e6:	62 30       	cpi	r22, 0x02	; 2
 5e8:	70 f5       	brcc	.+92     	; 0x646 <DIO_u8SetPortDirection+0x60>
	{
		switch (Copy_u8PortId)
 5ea:	81 30       	cpi	r24, 0x01	; 1
 5ec:	81 f0       	breq	.+32     	; 0x60e <DIO_u8SetPortDirection+0x28>
 5ee:	81 30       	cpi	r24, 0x01	; 1
 5f0:	28 f0       	brcs	.+10     	; 0x5fc <DIO_u8SetPortDirection+0x16>
 5f2:	82 30       	cpi	r24, 0x02	; 2
 5f4:	a9 f0       	breq	.+42     	; 0x620 <DIO_u8SetPortDirection+0x3a>
 5f6:	83 30       	cpi	r24, 0x03	; 3
 5f8:	31 f5       	brne	.+76     	; 0x646 <DIO_u8SetPortDirection+0x60>
 5fa:	1b c0       	rjmp	.+54     	; 0x632 <DIO_u8SetPortDirection+0x4c>
		{
			case DIO_u8_PORTA:
				switch (Copy_u8PortDirection)
 5fc:	66 23       	and	r22, r22
 5fe:	29 f0       	breq	.+10     	; 0x60a <DIO_u8SetPortDirection+0x24>
 600:	61 30       	cpi	r22, 0x01	; 1
 602:	19 f5       	brne	.+70     	; 0x64a <DIO_u8SetPortDirection+0x64>
				{
					case DIO_u8_OUTPUT:DIO_u8_DDRA_REG = 0xff;break;
 604:	8f ef       	ldi	r24, 0xFF	; 255
 606:	8a bb       	out	0x1a, r24	; 26
 608:	1c c0       	rjmp	.+56     	; 0x642 <DIO_u8SetPortDirection+0x5c>
					case DIO_u8_INPUT :DIO_u8_DDRA_REG = 0x00;break;
 60a:	1a ba       	out	0x1a, r1	; 26
 60c:	1a c0       	rjmp	.+52     	; 0x642 <DIO_u8SetPortDirection+0x5c>
				}
			break;
			case DIO_u8_PORTB:
				switch (Copy_u8PortDirection)
 60e:	66 23       	and	r22, r22
 610:	29 f0       	breq	.+10     	; 0x61c <DIO_u8SetPortDirection+0x36>
 612:	61 30       	cpi	r22, 0x01	; 1
 614:	d1 f4       	brne	.+52     	; 0x64a <DIO_u8SetPortDirection+0x64>
				{
					case DIO_u8_OUTPUT:DIO_u8_DDRB_REG = 0xff;break;
 616:	8f ef       	ldi	r24, 0xFF	; 255
 618:	87 bb       	out	0x17, r24	; 23
 61a:	13 c0       	rjmp	.+38     	; 0x642 <DIO_u8SetPortDirection+0x5c>
					case DIO_u8_INPUT :DIO_u8_DDRB_REG = 0x00;break;
 61c:	17 ba       	out	0x17, r1	; 23
 61e:	11 c0       	rjmp	.+34     	; 0x642 <DIO_u8SetPortDirection+0x5c>
				}
			break;
			case DIO_u8_PORTC:
				switch (Copy_u8PortDirection)
 620:	66 23       	and	r22, r22
 622:	29 f0       	breq	.+10     	; 0x62e <DIO_u8SetPortDirection+0x48>
 624:	61 30       	cpi	r22, 0x01	; 1
 626:	89 f4       	brne	.+34     	; 0x64a <DIO_u8SetPortDirection+0x64>
				{
					case DIO_u8_OUTPUT:DIO_u8_DDRC_REG = 0xff;break;
 628:	8f ef       	ldi	r24, 0xFF	; 255
 62a:	84 bb       	out	0x14, r24	; 20
 62c:	0a c0       	rjmp	.+20     	; 0x642 <DIO_u8SetPortDirection+0x5c>
					case DIO_u8_INPUT :DIO_u8_DDRC_REG = 0x00;break;
 62e:	14 ba       	out	0x14, r1	; 20
 630:	08 c0       	rjmp	.+16     	; 0x642 <DIO_u8SetPortDirection+0x5c>
				}
			break;
			case DIO_u8_PORTD:
				switch (Copy_u8PortDirection)
 632:	66 23       	and	r22, r22
 634:	29 f0       	breq	.+10     	; 0x640 <DIO_u8SetPortDirection+0x5a>
 636:	61 30       	cpi	r22, 0x01	; 1
 638:	41 f4       	brne	.+16     	; 0x64a <DIO_u8SetPortDirection+0x64>
				{
					case DIO_u8_OUTPUT:DIO_u8_DDRD_REG = 0xff;break;
 63a:	8f ef       	ldi	r24, 0xFF	; 255
 63c:	81 bb       	out	0x11, r24	; 17
 63e:	01 c0       	rjmp	.+2      	; 0x642 <DIO_u8SetPortDirection+0x5c>
					case DIO_u8_INPUT :DIO_u8_DDRD_REG = 0x00;break;
 640:	11 ba       	out	0x11, r1	; 17
 642:	81 e0       	ldi	r24, 0x01	; 1
 644:	08 95       	ret
 646:	80 e0       	ldi	r24, 0x00	; 0
 648:	08 95       	ret
 64a:	81 e0       	ldi	r24, 0x01	; 1
	else
	{
		Local_u8ErrorState = STD_TYPES_NOK;
	}
	return Local_u8ErrorState;
}
 64c:	08 95       	ret

0000064e <DIO_u8SetPortValue>:

u8  DIO_u8SetPortValue    (u8 Copy_u8PortId, u8 Copy_u8PortValue)
{
	u8 Local_u8ErrorState = STD_TYPES_OK;
	switch (Copy_u8PortId)
 64e:	81 30       	cpi	r24, 0x01	; 1
 650:	51 f0       	breq	.+20     	; 0x666 <DIO_u8SetPortValue+0x18>
 652:	81 30       	cpi	r24, 0x01	; 1
 654:	30 f0       	brcs	.+12     	; 0x662 <DIO_u8SetPortValue+0x14>
 656:	82 30       	cpi	r24, 0x02	; 2
 658:	41 f0       	breq	.+16     	; 0x66a <DIO_u8SetPortValue+0x1c>
 65a:	83 30       	cpi	r24, 0x03	; 3
 65c:	49 f0       	breq	.+18     	; 0x670 <DIO_u8SetPortValue+0x22>
 65e:	80 e0       	ldi	r24, 0x00	; 0
 660:	08 95       	ret
	{
		case DIO_u8_PORTA:DIO_u8_PORTA_REG = Copy_u8PortValue;break;
 662:	6b bb       	out	0x1b, r22	; 27
 664:	03 c0       	rjmp	.+6      	; 0x66c <DIO_u8SetPortValue+0x1e>
		case DIO_u8_PORTB:DIO_u8_PORTB_REG = Copy_u8PortValue;break;
 666:	68 bb       	out	0x18, r22	; 24
 668:	01 c0       	rjmp	.+2      	; 0x66c <DIO_u8SetPortValue+0x1e>
		case DIO_u8_PORTC:DIO_u8_PORTC_REG = Copy_u8PortValue;break;
 66a:	65 bb       	out	0x15, r22	; 21
 66c:	81 e0       	ldi	r24, 0x01	; 1
 66e:	08 95       	ret
		case DIO_u8_PORTD:DIO_u8_PORTD_REG = Copy_u8PortValue;break;
 670:	62 bb       	out	0x12, r22	; 18
 672:	81 e0       	ldi	r24, 0x01	; 1
		default : Local_u8ErrorState = STD_TYPES_NOK;
	}
	return Local_u8ErrorState;
}
 674:	08 95       	ret

00000676 <DIO_voidInit>:
#include "DIO_private.h"
#include "DIO_config.h"

void DIO_voidInit         (void)
{
	DIO_u8SetPortDirection(DIO_u8_PORTA,DIO_u8_OUTPUT);
 676:	80 e0       	ldi	r24, 0x00	; 0
 678:	61 e0       	ldi	r22, 0x01	; 1
 67a:	0e 94 f3 02 	call	0x5e6	; 0x5e6 <DIO_u8SetPortDirection>
	DIO_u8SetPortValue(DIO_u8_PORTA,DIO_u8_LOW);
 67e:	80 e0       	ldi	r24, 0x00	; 0
 680:	60 e0       	ldi	r22, 0x00	; 0
 682:	0e 94 27 03 	call	0x64e	; 0x64e <DIO_u8SetPortValue>
	DIO_u8SetPortDirection(DIO_u8_PORTC,DIO_u8_OUTPUT);
 686:	82 e0       	ldi	r24, 0x02	; 2
 688:	61 e0       	ldi	r22, 0x01	; 1
 68a:	0e 94 f3 02 	call	0x5e6	; 0x5e6 <DIO_u8SetPortDirection>
	DIO_u8SetPortValue(DIO_u8_PORTC,DIO_u8_LOW);
 68e:	82 e0       	ldi	r24, 0x02	; 2
 690:	60 e0       	ldi	r22, 0x00	; 0
 692:	0e 94 27 03 	call	0x64e	; 0x64e <DIO_u8SetPortValue>
	DIO_u8SetPortDirection(DIO_u8_PORTD,DIO_u8_OUTPUT);
 696:	83 e0       	ldi	r24, 0x03	; 3
 698:	61 e0       	ldi	r22, 0x01	; 1
 69a:	0e 94 f3 02 	call	0x5e6	; 0x5e6 <DIO_u8SetPortDirection>
	DIO_u8SetPortValue(DIO_u8_PORTD,DIO_u8_LOW);
 69e:	83 e0       	ldi	r24, 0x03	; 3
 6a0:	60 e0       	ldi	r22, 0x00	; 0
 6a2:	0e 94 27 03 	call	0x64e	; 0x64e <DIO_u8SetPortValue>
	DIO_u8SetPortDirection(DIO_u8_PORTB,DIO_u8_OUTPUT);
 6a6:	81 e0       	ldi	r24, 0x01	; 1
 6a8:	61 e0       	ldi	r22, 0x01	; 1
 6aa:	0e 94 f3 02 	call	0x5e6	; 0x5e6 <DIO_u8SetPortDirection>
	DIO_u8SetPortValue(DIO_u8_PORTB,DIO_u8_LOW);
 6ae:	81 e0       	ldi	r24, 0x01	; 1
 6b0:	60 e0       	ldi	r22, 0x00	; 0
 6b2:	0e 94 27 03 	call	0x64e	; 0x64e <DIO_u8SetPortValue>


}
 6b6:	08 95       	ret

000006b8 <DIO_u8GetPortValue>:
	}
	return Local_u8ErrorState;
}

u8  DIO_u8GetPortValue    (u8 Copy_u8PortId, u8 * Copy_pu8ReturnedPortValue)
{
 6b8:	fb 01       	movw	r30, r22
	u8 Local_u8ErrorState = STD_TYPES_OK;
	if( Copy_pu8ReturnedPortValue != NULL)
 6ba:	61 15       	cp	r22, r1
 6bc:	71 05       	cpc	r23, r1
 6be:	99 f0       	breq	.+38     	; 0x6e6 <DIO_u8GetPortValue+0x2e>
	{
		switch (Copy_u8PortId)
 6c0:	81 30       	cpi	r24, 0x01	; 1
 6c2:	49 f0       	breq	.+18     	; 0x6d6 <DIO_u8GetPortValue+0x1e>
 6c4:	81 30       	cpi	r24, 0x01	; 1
 6c6:	28 f0       	brcs	.+10     	; 0x6d2 <DIO_u8GetPortValue+0x1a>
 6c8:	82 30       	cpi	r24, 0x02	; 2
 6ca:	39 f0       	breq	.+14     	; 0x6da <DIO_u8GetPortValue+0x22>
 6cc:	83 30       	cpi	r24, 0x03	; 3
 6ce:	59 f4       	brne	.+22     	; 0x6e6 <DIO_u8GetPortValue+0x2e>
 6d0:	06 c0       	rjmp	.+12     	; 0x6de <DIO_u8GetPortValue+0x26>
		{
			case DIO_u8_PORTA: *Copy_pu8ReturnedPortValue = DIO_u8_PINA_REG;break;
 6d2:	89 b3       	in	r24, 0x19	; 25
 6d4:	05 c0       	rjmp	.+10     	; 0x6e0 <DIO_u8GetPortValue+0x28>
			case DIO_u8_PORTB: *Copy_pu8ReturnedPortValue = DIO_u8_PINB_REG;break;
 6d6:	86 b3       	in	r24, 0x16	; 22
 6d8:	03 c0       	rjmp	.+6      	; 0x6e0 <DIO_u8GetPortValue+0x28>
			case DIO_u8_PORTC: *Copy_pu8ReturnedPortValue = DIO_u8_PINC_REG;break;
 6da:	83 b3       	in	r24, 0x13	; 19
 6dc:	01 c0       	rjmp	.+2      	; 0x6e0 <DIO_u8GetPortValue+0x28>
			case DIO_u8_PORTD: *Copy_pu8ReturnedPortValue = DIO_u8_PIND_REG;break;
 6de:	80 b3       	in	r24, 0x10	; 16
 6e0:	80 83       	st	Z, r24
 6e2:	81 e0       	ldi	r24, 0x01	; 1
 6e4:	08 95       	ret
 6e6:	80 e0       	ldi	r24, 0x00	; 0
	else
	{
		Local_u8ErrorState = STD_TYPES_NOK;
	}
	return Local_u8ErrorState;
}
 6e8:	08 95       	ret

000006ea <ADC_voidInit>:
static void(*GlobalPtrFunc)(void)=NULL;
static u8 ADC_STATE=IDLE;
void ADC_voidInit()
{
	//No interrupt
	CLR_BIT(ADCSRA,3);
 6ea:	33 98       	cbi	0x06, 3	; 6
	//Ref = AVCC
	SET_BIT(ADMUX,6);
 6ec:	3e 9a       	sbi	0x07, 6	; 7
	CLR_BIT(ADMUX,7);
 6ee:	3f 98       	cbi	0x07, 7	; 7
	//PreScaler->64
	CLR_BIT(ADCSRA,0);
 6f0:	30 98       	cbi	0x06, 0	; 6
	SET_BIT(ADCSRA,1);
 6f2:	31 9a       	sbi	0x06, 1	; 6
	SET_BIT(ADCSRA,2);
 6f4:	32 9a       	sbi	0x06, 2	; 6
	//Enable Circuit
	SET_BIT(ADCSRA,7);
 6f6:	37 9a       	sbi	0x06, 7	; 6
}
 6f8:	08 95       	ret

000006fa <ADC_u16ConvertSynch>:
u8 ADC_u16ConvertSynch(u8 Copy_u8Channel,u16 *Pu16Reading)
{
 6fa:	98 2f       	mov	r25, r24
 6fc:	fb 01       	movw	r30, r22
	u8 Local_eErrState=OK;
	u16 Local_u16Counter=0;
	//pointer validation
	if(Pu16Reading!=NULL)
 6fe:	61 15       	cp	r22, r1
 700:	71 05       	cpc	r23, r1
 702:	11 f4       	brne	.+4      	; 0x708 <ADC_u16ConvertSynch+0xe>
 704:	81 e0       	ldi	r24, 0x01	; 1
 706:	08 95       	ret
	{
		//Write Channel Num -> ADMUX
		ADMUX&=0b11100000;
 708:	87 b1       	in	r24, 0x07	; 7
 70a:	80 7e       	andi	r24, 0xE0	; 224
 70c:	87 b9       	out	0x07, r24	; 7
		ADMUX|=Copy_u8Channel;
 70e:	87 b1       	in	r24, 0x07	; 7
 710:	89 2b       	or	r24, r25
 712:	87 b9       	out	0x07, r24	; 7
		//Enable Conversion
		SET_BIT(ADCSRA,6);
 714:	36 9a       	sbi	0x06, 6	; 6
 716:	80 e0       	ldi	r24, 0x00	; 0
 718:	90 e0       	ldi	r25, 0x00	; 0
 71a:	01 c0       	rjmp	.+2      	; 0x71e <ADC_u16ConvertSynch+0x24>
		//Wait -> Flag
		while((!GET_BIT(ADCSRA,4))&&(Local_u16Counter<TIME_OUT))
		{
			Local_u16Counter++;
 71c:	01 96       	adiw	r24, 0x01	; 1
		ADMUX&=0b11100000;
		ADMUX|=Copy_u8Channel;
		//Enable Conversion
		SET_BIT(ADCSRA,6);
		//Wait -> Flag
		while((!GET_BIT(ADCSRA,4))&&(Local_u16Counter<TIME_OUT))
 71e:	34 9b       	sbis	0x06, 4	; 6
 720:	04 c0       	rjmp	.+8      	; 0x72a <ADC_u16ConvertSynch+0x30>
		{
			Local_u16Counter++;
		}
		if(Local_u16Counter==TIME_OUT)
 722:	80 55       	subi	r24, 0x50	; 80
 724:	93 4c       	sbci	r25, 0xC3	; 195
 726:	31 f4       	brne	.+12     	; 0x734 <ADC_u16ConvertSynch+0x3a>
 728:	0c c0       	rjmp	.+24     	; 0x742 <ADC_u16ConvertSynch+0x48>
		ADMUX&=0b11100000;
		ADMUX|=Copy_u8Channel;
		//Enable Conversion
		SET_BIT(ADCSRA,6);
		//Wait -> Flag
		while((!GET_BIT(ADCSRA,4))&&(Local_u16Counter<TIME_OUT))
 72a:	23 ec       	ldi	r18, 0xC3	; 195
 72c:	80 35       	cpi	r24, 0x50	; 80
 72e:	92 07       	cpc	r25, r18
 730:	a9 f7       	brne	.-22     	; 0x71c <ADC_u16ConvertSynch+0x22>
 732:	07 c0       	rjmp	.+14     	; 0x742 <ADC_u16ConvertSynch+0x48>
			Local_eErrState=TIME_OUT_ERR;
		}
		else
		{
			//Clear Flag
			SET_BIT(ADCSRA,4);
 734:	34 9a       	sbi	0x06, 4	; 6
			*Pu16Reading=ADC;
 736:	84 b1       	in	r24, 0x04	; 4
 738:	95 b1       	in	r25, 0x05	; 5
 73a:	91 83       	std	Z+1, r25	; 0x01
 73c:	80 83       	st	Z, r24
 73e:	80 e0       	ldi	r24, 0x00	; 0
 740:	08 95       	ret
 742:	82 e0       	ldi	r24, 0x02	; 2
	else
	{
		Local_eErrState=NOK;
	}
	return Local_eErrState;
}
 744:	08 95       	ret

00000746 <ADC_u16ConvertASynch>:

u8 ADC_u16ConvertASynch(u8 Copy_u8Channel,
		u16 *Pu16Reading,void(*PtrFunc)(void))
{
 746:	98 2f       	mov	r25, r24
	u8 Local_eErrState=OK;
	if(ADC_STATE==IDLE)
 748:	80 91 6e 00 	lds	r24, 0x006E
 74c:	81 30       	cpi	r24, 0x01	; 1
 74e:	11 f0       	breq	.+4      	; 0x754 <ADC_u16ConvertASynch+0xe>
 750:	83 e0       	ldi	r24, 0x03	; 3
 752:	08 95       	ret
	{
		if((Pu16Reading!=NULL)&&(PtrFunc!=NULL))
 754:	61 15       	cp	r22, r1
 756:	71 05       	cpc	r23, r1
 758:	c1 f0       	breq	.+48     	; 0x78a <ADC_u16ConvertASynch+0x44>
 75a:	41 15       	cp	r20, r1
 75c:	51 05       	cpc	r21, r1
 75e:	a9 f0       	breq	.+42     	; 0x78a <ADC_u16ConvertASynch+0x44>
		{
			ADC_STATE=BUSY;
 760:	82 e0       	ldi	r24, 0x02	; 2
 762:	80 93 6e 00 	sts	0x006E, r24
			Global_ptr=Pu16Reading;
 766:	70 93 99 00 	sts	0x0099, r23
 76a:	60 93 98 00 	sts	0x0098, r22
			GlobalPtrFunc=PtrFunc;
 76e:	50 93 9b 00 	sts	0x009B, r21
 772:	40 93 9a 00 	sts	0x009A, r20
			//Write Channel Num -> ADMUX
			ADMUX&=0b11100000;
 776:	87 b1       	in	r24, 0x07	; 7
 778:	80 7e       	andi	r24, 0xE0	; 224
 77a:	87 b9       	out	0x07, r24	; 7
			ADMUX|=Copy_u8Channel;
 77c:	87 b1       	in	r24, 0x07	; 7
 77e:	89 2b       	or	r24, r25
 780:	87 b9       	out	0x07, r24	; 7
			//Enable Conversion
			SET_BIT(ADCSRA,6);
 782:	36 9a       	sbi	0x06, 6	; 6
			//Enable ADC interrupt pin
			SET_BIT(ADCSRA,3);
 784:	33 9a       	sbi	0x06, 3	; 6
 786:	80 e0       	ldi	r24, 0x00	; 0
 788:	08 95       	ret
		u16 *Pu16Reading,void(*PtrFunc)(void))
{
	u8 Local_eErrState=OK;
	if(ADC_STATE==IDLE)
	{
		if((Pu16Reading!=NULL)&&(PtrFunc!=NULL))
 78a:	81 e0       	ldi	r24, 0x01	; 1
	else
	{
		Local_eErrState=BUSY_STATE;
	}
	return Local_eErrState;
}
 78c:	08 95       	ret

0000078e <__vector_16>:

void __vector_16(void)   __attribute__((signal));
void __vector_16(void)
{
 78e:	1f 92       	push	r1
 790:	0f 92       	push	r0
 792:	0f b6       	in	r0, 0x3f	; 63
 794:	0f 92       	push	r0
 796:	11 24       	eor	r1, r1
 798:	2f 93       	push	r18
 79a:	3f 93       	push	r19
 79c:	4f 93       	push	r20
 79e:	5f 93       	push	r21
 7a0:	6f 93       	push	r22
 7a2:	7f 93       	push	r23
 7a4:	8f 93       	push	r24
 7a6:	9f 93       	push	r25
 7a8:	af 93       	push	r26
 7aa:	bf 93       	push	r27
 7ac:	ef 93       	push	r30
 7ae:	ff 93       	push	r31
	//Return Reading
	*Global_ptr=ADC;
 7b0:	84 b1       	in	r24, 0x04	; 4
 7b2:	95 b1       	in	r25, 0x05	; 5
 7b4:	e0 91 98 00 	lds	r30, 0x0098
 7b8:	f0 91 99 00 	lds	r31, 0x0099
 7bc:	91 83       	std	Z+1, r25	; 0x01
 7be:	80 83       	st	Z, r24
	//Invoke func
	GlobalPtrFunc();
 7c0:	e0 91 9a 00 	lds	r30, 0x009A
 7c4:	f0 91 9b 00 	lds	r31, 0x009B
 7c8:	09 95       	icall
	//disable int
	CLR_BIT(ADCSRA,3);
 7ca:	33 98       	cbi	0x06, 3	; 6
	//back to idle
	ADC_STATE=IDLE;
 7cc:	81 e0       	ldi	r24, 0x01	; 1
 7ce:	80 93 6e 00 	sts	0x006E, r24
}
 7d2:	ff 91       	pop	r31
 7d4:	ef 91       	pop	r30
 7d6:	bf 91       	pop	r27
 7d8:	af 91       	pop	r26
 7da:	9f 91       	pop	r25
 7dc:	8f 91       	pop	r24
 7de:	7f 91       	pop	r23
 7e0:	6f 91       	pop	r22
 7e2:	5f 91       	pop	r21
 7e4:	4f 91       	pop	r20
 7e6:	3f 91       	pop	r19
 7e8:	2f 91       	pop	r18
 7ea:	0f 90       	pop	r0
 7ec:	0f be       	out	0x3f, r0	; 63
 7ee:	0f 90       	pop	r0
 7f0:	1f 90       	pop	r1
 7f2:	18 95       	reti

000007f4 <delay_ms>:
 *  Created on: 21 Jul 2025
 *      Author: Amr Elomda
 */
#include "delay.h"
void delay_ms(u32 ms)
{
 7f4:	40 e0       	ldi	r20, 0x00	; 0
 7f6:	50 e0       	ldi	r21, 0x00	; 0
 7f8:	0b c0       	rjmp	.+22     	; 0x810 <delay_ms+0x1c>
	for(u32 i=0;i<ms;i++)
 7fa:	20 e0       	ldi	r18, 0x00	; 0
 7fc:	30 e0       	ldi	r19, 0x00	; 0
	{
		for(u32 j=0;j<800;j++)
			asm("NOP");
 7fe:	00 00       	nop
#include "delay.h"
void delay_ms(u32 ms)
{
	for(u32 i=0;i<ms;i++)
	{
		for(u32 j=0;j<800;j++)
 800:	2f 5f       	subi	r18, 0xFF	; 255
 802:	3f 4f       	sbci	r19, 0xFF	; 255
 804:	63 e0       	ldi	r22, 0x03	; 3
 806:	20 32       	cpi	r18, 0x20	; 32
 808:	36 07       	cpc	r19, r22
 80a:	c9 f7       	brne	.-14     	; 0x7fe <delay_ms+0xa>
 *      Author: Amr Elomda
 */
#include "delay.h"
void delay_ms(u32 ms)
{
	for(u32 i=0;i<ms;i++)
 80c:	4f 5f       	subi	r20, 0xFF	; 255
 80e:	5f 4f       	sbci	r21, 0xFF	; 255
 810:	48 17       	cp	r20, r24
 812:	59 07       	cpc	r21, r25
 814:	90 f3       	brcs	.-28     	; 0x7fa <delay_ms+0x6>
	{
		for(u32 j=0;j<800;j++)
			asm("NOP");
	}
}
 816:	08 95       	ret

00000818 <disable_ssd>:
		DIO_u8SetPinValue(Copy_u8PortId,Copy_u8PinId,DIO_u8_LOW);
}

void disable_ssd(u8 Copy_u8PortId, u8 Copy_u8PinId,u8 AN_CATH)
{
	if(AN_CATH==ANODE)
 818:	41 11       	cpse	r20, r1
		    DIO_u8SetPinValue(Copy_u8PortId,Copy_u8PinId,DIO_u8_LOW);
    else
			DIO_u8SetPinValue(Copy_u8PortId,Copy_u8PinId,DIO_u8_HIGH);
 81a:	41 e0       	ldi	r20, 0x01	; 1
 81c:	0e 94 69 02 	call	0x4d2	; 0x4d2 <DIO_u8SetPinValue>
 820:	08 95       	ret

00000822 <enable_ssd>:
	DIO_u8SetPortValue(DIO_u8_PORTA,digits[value]);
	return 0;
}
void enable_ssd(u8 Copy_u8PortId, u8 Copy_u8PinId,u8 AN_CATH)
{
	if(AN_CATH==ANODE)
 822:	44 23       	and	r20, r20
 824:	11 f4       	brne	.+4      	; 0x82a <enable_ssd+0x8>
	    DIO_u8SetPinValue(Copy_u8PortId,Copy_u8PinId,DIO_u8_HIGH);
 826:	41 e0       	ldi	r20, 0x01	; 1
 828:	01 c0       	rjmp	.+2      	; 0x82c <enable_ssd+0xa>
	else
		DIO_u8SetPinValue(Copy_u8PortId,Copy_u8PinId,DIO_u8_LOW);
 82a:	40 e0       	ldi	r20, 0x00	; 0
 82c:	0e 94 69 02 	call	0x4d2	; 0x4d2 <DIO_u8SetPinValue>
 830:	08 95       	ret

00000832 <write_ssd>:
	DIO_voidInit();
}

u8 write_ssd(u8 value)
{
	if(value >9||value<0)
 832:	8a 30       	cpi	r24, 0x0A	; 10
 834:	10 f0       	brcs	.+4      	; 0x83a <write_ssd+0x8>
 836:	81 e0       	ldi	r24, 0x01	; 1
 838:	08 95       	ret
		return 1;
	DIO_u8SetPortValue(DIO_u8_PORTA,digits[value]);
 83a:	e8 2f       	mov	r30, r24
 83c:	f0 e0       	ldi	r31, 0x00	; 0
 83e:	ef 58       	subi	r30, 0x8F	; 143
 840:	ff 4f       	sbci	r31, 0xFF	; 255
 842:	80 e0       	ldi	r24, 0x00	; 0
 844:	60 81       	ld	r22, Z
 846:	0e 94 27 03 	call	0x64e	; 0x64e <DIO_u8SetPortValue>
 84a:	80 e0       	ldi	r24, 0x00	; 0
	return 0;
}
 84c:	08 95       	ret

0000084e <init_ssd>:
    0b10000000, // 8
    0b10010000  // 9
};
void init_ssd(void)
{
	DIO_voidInit();
 84e:	0e 94 3b 03 	call	0x676	; 0x676 <DIO_voidInit>
}
 852:	08 95       	ret

00000854 <LCD_voidSendCommand>:
	DIO_u8SetPinValue(CTRL_PORT,EN,DIO_u8_HIGH);
	_delay_ms(1);
	DIO_u8SetPinValue(CTRL_PORT,EN,DIO_u8_LOW);
}
static void LCD_voidSendCommand(u8 Copy_u8Command)
{
 854:	1f 93       	push	r17
 856:	18 2f       	mov	r17, r24
	//RS->0   ,RW=0
	DIO_u8SetPinValue(CTRL_PORT,RS,DIO_u8_LOW);
 858:	82 e0       	ldi	r24, 0x02	; 2
 85a:	60 e0       	ldi	r22, 0x00	; 0
 85c:	40 e0       	ldi	r20, 0x00	; 0
 85e:	0e 94 69 02 	call	0x4d2	; 0x4d2 <DIO_u8SetPinValue>
	DIO_u8SetPinValue(CTRL_PORT,RW,DIO_u8_LOW);
 862:	82 e0       	ldi	r24, 0x02	; 2
 864:	61 e0       	ldi	r22, 0x01	; 1
 866:	40 e0       	ldi	r20, 0x00	; 0
 868:	0e 94 69 02 	call	0x4d2	; 0x4d2 <DIO_u8SetPinValue>
	//Set Data -> data port
	DIO_u8SetPortValue(DATA_PORT,Copy_u8Command);
 86c:	80 e0       	ldi	r24, 0x00	; 0
 86e:	61 2f       	mov	r22, r17
 870:	0e 94 27 03 	call	0x64e	; 0x64e <DIO_u8SetPortValue>
	//enable pulse
	DIO_u8SetPinValue(CTRL_PORT,EN,DIO_u8_HIGH);
 874:	82 e0       	ldi	r24, 0x02	; 2
 876:	62 e0       	ldi	r22, 0x02	; 2
 878:	41 e0       	ldi	r20, 0x01	; 1
 87a:	0e 94 69 02 	call	0x4d2	; 0x4d2 <DIO_u8SetPinValue>
    milliseconds can be achieved.
 */
void
_delay_loop_2(uint16_t __count)
{
	__asm__ volatile (
 87e:	80 ed       	ldi	r24, 0xD0	; 208
 880:	97 e0       	ldi	r25, 0x07	; 7
 882:	01 97       	sbiw	r24, 0x01	; 1
 884:	f1 f7       	brne	.-4      	; 0x882 <__stack+0x23>
	_delay_ms(1);
	DIO_u8SetPinValue(CTRL_PORT,EN,DIO_u8_LOW);
 886:	82 e0       	ldi	r24, 0x02	; 2
 888:	62 e0       	ldi	r22, 0x02	; 2
 88a:	40 e0       	ldi	r20, 0x00	; 0
 88c:	0e 94 69 02 	call	0x4d2	; 0x4d2 <DIO_u8SetPinValue>
}
 890:	1f 91       	pop	r17
 892:	08 95       	ret

00000894 <LCD_voidClearDisplay>:
	LCD_voidSendCommand(Local_u8Position+DDRAM_MSB);
}

void LCD_voidClearDisplay(void)
{
	LCD_voidSendCommand(1);
 894:	81 e0       	ldi	r24, 0x01	; 1
 896:	0e 94 2a 04 	call	0x854	; 0x854 <LCD_voidSendCommand>
}
 89a:	08 95       	ret

0000089c <LCD_voidSetPosition>:
}

void LCD_voidSetPosition(u8 Copy_u8X,u8 Copy_u8Y)
{
	u8 Local_u8Position=0;
	switch(Copy_u8Y)
 89c:	66 23       	and	r22, r22
 89e:	29 f0       	breq	.+10     	; 0x8aa <LCD_voidSetPosition+0xe>
 8a0:	61 30       	cpi	r22, 0x01	; 1
 8a2:	11 f0       	breq	.+4      	; 0x8a8 <LCD_voidSetPosition+0xc>
 8a4:	80 e0       	ldi	r24, 0x00	; 0
 8a6:	01 c0       	rjmp	.+2      	; 0x8aa <LCD_voidSetPosition+0xe>
	{
	case 0:Local_u8Position=Copy_u8X;break;
	case 1:Local_u8Position=Copy_u8X+LINE1_BASE;break;
 8a8:	80 5c       	subi	r24, 0xC0	; 192
	}
	LCD_voidSendCommand(Local_u8Position+DDRAM_MSB);
 8aa:	80 58       	subi	r24, 0x80	; 128
 8ac:	0e 94 2a 04 	call	0x854	; 0x854 <LCD_voidSendCommand>
}
 8b0:	08 95       	ret

000008b2 <LCD_voidInit>:
	_delay_ms(1);
	DIO_u8SetPinValue(CTRL_PORT,EN,DIO_u8_LOW);
}

void LCD_voidInit(void)
{
 8b2:	0f 93       	push	r16
 8b4:	1f 93       	push	r17
 8b6:	80 e9       	ldi	r24, 0x90	; 144
 8b8:	91 e0       	ldi	r25, 0x01	; 1
 8ba:	28 ec       	ldi	r18, 0xC8	; 200
 8bc:	30 e0       	ldi	r19, 0x00	; 0
 8be:	f9 01       	movw	r30, r18
 8c0:	31 97       	sbiw	r30, 0x01	; 1
 8c2:	f1 f7       	brne	.-4      	; 0x8c0 <LCD_voidInit+0xe>
		__ticks = (uint16_t) (__ms * 10.0);
		while(__ticks)
		{
			// wait 1/10 ms
			_delay_loop_2(((F_CPU) / 4e3) / 10);
			__ticks --;
 8c4:	01 97       	sbiw	r24, 0x01	; 1
		__ticks = 1;
	else if (__tmp > 65535)
	{
		//	__ticks = requested delay in 1/10 ms
		__ticks = (uint16_t) (__ms * 10.0);
		while(__ticks)
 8c6:	d9 f7       	brne	.-10     	; 0x8be <LCD_voidInit+0xc>
    _delay_ms(40);
    LCD_voidSendCommand(0b00111000); // Function Set: 8-bit, 2 lines, 5x8 dots
 8c8:	88 e3       	ldi	r24, 0x38	; 56
 8ca:	0e 94 2a 04 	call	0x854	; 0x854 <LCD_voidSendCommand>
 8ce:	00 ed       	ldi	r16, 0xD0	; 208
 8d0:	17 e0       	ldi	r17, 0x07	; 7
 8d2:	c8 01       	movw	r24, r16
 8d4:	01 97       	sbiw	r24, 0x01	; 1
 8d6:	f1 f7       	brne	.-4      	; 0x8d4 <LCD_voidInit+0x22>
    _delay_ms(1);
    LCD_voidSendCommand(0b00001100); // Display ON, Cursor OFF, Blink OFF
 8d8:	8c e0       	ldi	r24, 0x0C	; 12
 8da:	0e 94 2a 04 	call	0x854	; 0x854 <LCD_voidSendCommand>
 8de:	c8 01       	movw	r24, r16
 8e0:	01 97       	sbiw	r24, 0x01	; 1
 8e2:	f1 f7       	brne	.-4      	; 0x8e0 <LCD_voidInit+0x2e>
    _delay_ms(1);
    LCD_voidSendCommand(0b00000110); // Entry Mode Set: Increment cursor, no display shift
 8e4:	86 e0       	ldi	r24, 0x06	; 6
 8e6:	0e 94 2a 04 	call	0x854	; 0x854 <LCD_voidSendCommand>
 8ea:	c8 01       	movw	r24, r16
 8ec:	01 97       	sbiw	r24, 0x01	; 1
 8ee:	f1 f7       	brne	.-4      	; 0x8ec <LCD_voidInit+0x3a>
    _delay_ms(1);
    LCD_voidSendCommand(1);          // Clear display
 8f0:	81 e0       	ldi	r24, 0x01	; 1
 8f2:	0e 94 2a 04 	call	0x854	; 0x854 <LCD_voidSendCommand>
 8f6:	80 ea       	ldi	r24, 0xA0	; 160
 8f8:	9f e0       	ldi	r25, 0x0F	; 15
 8fa:	01 97       	sbiw	r24, 0x01	; 1
 8fc:	f1 f7       	brne	.-4      	; 0x8fa <LCD_voidInit+0x48>
    _delay_ms(2);
}
 8fe:	1f 91       	pop	r17
 900:	0f 91       	pop	r16
 902:	08 95       	ret

00000904 <LCD_voidSendData>:
#include "LIB/BIT_MATH.h"
#include "MCAL/DIO/DIO_interface.h"
#include <util/delay.h>

 void LCD_voidSendData(u8 Copy_u8Data)
{
 904:	1f 93       	push	r17
 906:	18 2f       	mov	r17, r24
	//RS->1   ,RW=0
	DIO_u8SetPinValue(CTRL_PORT,RS,DIO_u8_HIGH);
 908:	82 e0       	ldi	r24, 0x02	; 2
 90a:	60 e0       	ldi	r22, 0x00	; 0
 90c:	41 e0       	ldi	r20, 0x01	; 1
 90e:	0e 94 69 02 	call	0x4d2	; 0x4d2 <DIO_u8SetPinValue>
	DIO_u8SetPinValue(CTRL_PORT,RW,DIO_u8_LOW);
 912:	82 e0       	ldi	r24, 0x02	; 2
 914:	61 e0       	ldi	r22, 0x01	; 1
 916:	40 e0       	ldi	r20, 0x00	; 0
 918:	0e 94 69 02 	call	0x4d2	; 0x4d2 <DIO_u8SetPinValue>
	//Set Data -> data port
	DIO_u8SetPortValue(DATA_PORT,Copy_u8Data);
 91c:	80 e0       	ldi	r24, 0x00	; 0
 91e:	61 2f       	mov	r22, r17
 920:	0e 94 27 03 	call	0x64e	; 0x64e <DIO_u8SetPortValue>
	//enable pulse
	DIO_u8SetPinValue(CTRL_PORT,EN,DIO_u8_HIGH);
 924:	82 e0       	ldi	r24, 0x02	; 2
 926:	62 e0       	ldi	r22, 0x02	; 2
 928:	41 e0       	ldi	r20, 0x01	; 1
 92a:	0e 94 69 02 	call	0x4d2	; 0x4d2 <DIO_u8SetPinValue>
 92e:	80 ed       	ldi	r24, 0xD0	; 208
 930:	97 e0       	ldi	r25, 0x07	; 7
 932:	01 97       	sbiw	r24, 0x01	; 1
 934:	f1 f7       	brne	.-4      	; 0x932 <LCD_voidSendData+0x2e>
	_delay_ms(1);
	DIO_u8SetPinValue(CTRL_PORT,EN,DIO_u8_LOW);
 936:	82 e0       	ldi	r24, 0x02	; 2
 938:	62 e0       	ldi	r22, 0x02	; 2
 93a:	40 e0       	ldi	r20, 0x00	; 0
 93c:	0e 94 69 02 	call	0x4d2	; 0x4d2 <DIO_u8SetPinValue>
}
 940:	1f 91       	pop	r17
 942:	08 95       	ret

00000944 <LCD_voidSendSpecialCharecter>:

void LCD_voidSendSpecialCharecter(u8 Copy_u8BlockNum,
		u8 *Pu8ArrayPattern,
		u8 Copy_u8X,
		u8 Copy_u8Y)
{
 944:	df 92       	push	r13
 946:	ef 92       	push	r14
 948:	ff 92       	push	r15
 94a:	0f 93       	push	r16
 94c:	1f 93       	push	r17
 94e:	cf 93       	push	r28
 950:	df 93       	push	r29
 952:	f8 2e       	mov	r15, r24
 954:	8b 01       	movw	r16, r22
 956:	e4 2e       	mov	r14, r20
 958:	d2 2e       	mov	r13, r18
	//go to CGRAM -> CMD SETT_CGRAM_ADD
	u8 Local_u8Position=Copy_u8BlockNum*8;
	LCD_voidSendCommand(Local_u8Position+CGRAM_MSB);
 95a:	88 0f       	add	r24, r24
 95c:	88 0f       	add	r24, r24
 95e:	88 0f       	add	r24, r24
 960:	80 5c       	subi	r24, 0xC0	; 192
 962:	0e 94 2a 04 	call	0x854	; 0x854 <LCD_voidSendCommand>
 966:	c0 e0       	ldi	r28, 0x00	; 0
 968:	d0 e0       	ldi	r29, 0x00	; 0
	//Start Drawing Pattern
	for(u8 i=0;i<8;i++)
	{
		LCD_voidSendData(Pu8ArrayPattern[i]);
 96a:	f8 01       	movw	r30, r16
 96c:	ec 0f       	add	r30, r28
 96e:	fd 1f       	adc	r31, r29
 970:	80 81       	ld	r24, Z
 972:	0e 94 82 04 	call	0x904	; 0x904 <LCD_voidSendData>
 976:	21 96       	adiw	r28, 0x01	; 1
{
	//go to CGRAM -> CMD SETT_CGRAM_ADD
	u8 Local_u8Position=Copy_u8BlockNum*8;
	LCD_voidSendCommand(Local_u8Position+CGRAM_MSB);
	//Start Drawing Pattern
	for(u8 i=0;i<8;i++)
 978:	c8 30       	cpi	r28, 0x08	; 8
 97a:	d1 05       	cpc	r29, r1
 97c:	b1 f7       	brne	.-20     	; 0x96a <LCD_voidSendSpecialCharecter+0x26>
	{
		LCD_voidSendData(Pu8ArrayPattern[i]);
	}
	//Display Pattern
	LCD_voidSetPosition(Copy_u8X,Copy_u8Y);
 97e:	8e 2d       	mov	r24, r14
 980:	6d 2d       	mov	r22, r13
 982:	0e 94 4e 04 	call	0x89c	; 0x89c <LCD_voidSetPosition>
	LCD_voidSendData(Copy_u8BlockNum);
 986:	8f 2d       	mov	r24, r15
 988:	0e 94 82 04 	call	0x904	; 0x904 <LCD_voidSendData>
}
 98c:	df 91       	pop	r29
 98e:	cf 91       	pop	r28
 990:	1f 91       	pop	r17
 992:	0f 91       	pop	r16
 994:	ff 90       	pop	r15
 996:	ef 90       	pop	r14
 998:	df 90       	pop	r13
 99a:	08 95       	ret

0000099c <LCD_voidSendString>:
    _delay_ms(2);
}


void LCD_voidSendString(char *PcCopy_String)
{
 99c:	1f 93       	push	r17
 99e:	cf 93       	push	r28
 9a0:	df 93       	push	r29
 9a2:	ec 01       	movw	r28, r24
 9a4:	10 e0       	ldi	r17, 0x00	; 0
 9a6:	03 c0       	rjmp	.+6      	; 0x9ae <LCD_voidSendString+0x12>
	u8 Local_u8Iterator=0;
	while(PcCopy_String[Local_u8Iterator]!='\0')
	{
		LCD_voidSendData(PcCopy_String[Local_u8Iterator]);
 9a8:	0e 94 82 04 	call	0x904	; 0x904 <LCD_voidSendData>
		Local_u8Iterator++;
 9ac:	1f 5f       	subi	r17, 0xFF	; 255


void LCD_voidSendString(char *PcCopy_String)
{
	u8 Local_u8Iterator=0;
	while(PcCopy_String[Local_u8Iterator]!='\0')
 9ae:	fe 01       	movw	r30, r28
 9b0:	e1 0f       	add	r30, r17
 9b2:	f1 1d       	adc	r31, r1
 9b4:	80 81       	ld	r24, Z
 9b6:	88 23       	and	r24, r24
 9b8:	b9 f7       	brne	.-18     	; 0x9a8 <LCD_voidSendString+0xc>
	{
		LCD_voidSendData(PcCopy_String[Local_u8Iterator]);
		Local_u8Iterator++;
	}
}
 9ba:	df 91       	pop	r29
 9bc:	cf 91       	pop	r28
 9be:	1f 91       	pop	r17
 9c0:	08 95       	ret

000009c2 <KPD_u8GetPressedKey>:
	DIO_u8SetPinValue(KPD_PORT,R3,DIO_u8_HIGH);

}

u8 KPD_u8GetPressedKey()
{
 9c2:	4f 92       	push	r4
 9c4:	5f 92       	push	r5
 9c6:	7f 92       	push	r7
 9c8:	8f 92       	push	r8
 9ca:	9f 92       	push	r9
 9cc:	af 92       	push	r10
 9ce:	bf 92       	push	r11
 9d0:	cf 92       	push	r12
 9d2:	df 92       	push	r13
 9d4:	ef 92       	push	r14
 9d6:	ff 92       	push	r15
 9d8:	0f 93       	push	r16
 9da:	1f 93       	push	r17
 9dc:	df 93       	push	r29
 9de:	cf 93       	push	r28
 9e0:	0f 92       	push	r0
 9e2:	cd b7       	in	r28, 0x3d	; 61
 9e4:	de b7       	in	r29, 0x3e	; 62
 9e6:	77 24       	eor	r7, r7
 9e8:	7a 94       	dec	r7
 9ea:	ee 24       	eor	r14, r14
 9ec:	ff 24       	eor	r15, r15
	{
		//Activate col
		DIO_u8SetPinValue(KPD_PORT,Local_u8ColArr[Local_u8ColIter],DIO_u8_LOW);
		for(u8 Local_u8RowIter=0;Local_u8RowIter<MAX_ROW_NUM;Local_u8RowIter++)
		{
			DIO_u8GetPinValue(DIO_u8_PINB_REG,Local_u8RowArr[Local_u8RowIter],&Local_u8PinState);
 9ee:	4e 01       	movw	r8, r28
 9f0:	08 94       	sec
 9f2:	81 1c       	adc	r8, r1
 9f4:	91 1c       	adc	r9, r1
 9f6:	90 e4       	ldi	r25, 0x40	; 64
 9f8:	49 2e       	mov	r4, r25
 9fa:	9c e9       	ldi	r25, 0x9C	; 156
 9fc:	59 2e       	mov	r5, r25
	static u8 Local_u8RowArr[MAX_ROW_NUM]={R0,R1,R2,R3};
	//OUTER for loop to columns
	for(u8 Local_u8ColIter=0;Local_u8ColIter<MAX_COL_NUM;Local_u8ColIter++)
	{
		//Activate col
		DIO_u8SetPinValue(KPD_PORT,Local_u8ColArr[Local_u8ColIter],DIO_u8_LOW);
 9fe:	f7 01       	movw	r30, r14
 a00:	e1 58       	subi	r30, 0x81	; 129
 a02:	ff 4f       	sbci	r31, 0xFF	; 255
 a04:	a0 80       	ld	r10, Z
 a06:	81 e0       	ldi	r24, 0x01	; 1
 a08:	6a 2d       	mov	r22, r10
 a0a:	40 e0       	ldi	r20, 0x00	; 0
 a0c:	0e 94 69 02 	call	0x4d2	; 0x4d2 <DIO_u8SetPinValue>
 a10:	0b e7       	ldi	r16, 0x7B	; 123
 a12:	10 e0       	ldi	r17, 0x00	; 0
 a14:	82 e8       	ldi	r24, 0x82	; 130
 a16:	c8 2e       	mov	r12, r24
 a18:	80 e0       	ldi	r24, 0x00	; 0
 a1a:	d8 2e       	mov	r13, r24
 a1c:	ce 0c       	add	r12, r14
 a1e:	df 1c       	adc	r13, r15
		for(u8 Local_u8RowIter=0;Local_u8RowIter<MAX_ROW_NUM;Local_u8RowIter++)
		{
			DIO_u8GetPinValue(DIO_u8_PINB_REG,Local_u8RowArr[Local_u8RowIter],&Local_u8PinState);
 a20:	86 b3       	in	r24, 0x16	; 22
 a22:	f8 01       	movw	r30, r16
 a24:	b0 80       	ld	r11, Z
 a26:	6b 2d       	mov	r22, r11
 a28:	a4 01       	movw	r20, r8
 a2a:	0e 94 e8 02 	call	0x5d0	; 0x5d0 <DIO_u8GetPinValue>
			if(Local_u8PinState==DIO_u8_LOW)
 a2e:	89 81       	ldd	r24, Y+1	; 0x01
 a30:	88 23       	and	r24, r24
 a32:	b1 f4       	brne	.+44     	; 0xa60 <KPD_u8GetPressedKey+0x9e>
			{
				DIO_u8GetPinValue(DIO_u8_PINB_REG,Local_u8RowArr[Local_u8RowIter],&Local_u8PinState);
 a34:	86 b3       	in	r24, 0x16	; 22
 a36:	6b 2d       	mov	r22, r11
 a38:	a4 01       	movw	r20, r8
 a3a:	0e 94 e8 02 	call	0x5d0	; 0x5d0 <DIO_u8GetPinValue>
 a3e:	c2 01       	movw	r24, r4
 a40:	01 97       	sbiw	r24, 0x01	; 1
 a42:	f1 f7       	brne	.-4      	; 0xa40 <KPD_u8GetPressedKey+0x7e>
				_delay_ms(20);
				if(Local_u8PinState==DIO_u8_LOW)
 a44:	89 81       	ldd	r24, Y+1	; 0x01
 a46:	88 23       	and	r24, r24
 a48:	59 f4       	brne	.+22     	; 0xa60 <KPD_u8GetPressedKey+0x9e>
				{
					Local_u8Button=KPD_ARR[Local_u8RowIter][Local_u8ColIter];
 a4a:	f6 01       	movw	r30, r12
 a4c:	70 80       	ld	r7, Z
 a4e:	05 c0       	rjmp	.+10     	; 0xa5a <KPD_u8GetPressedKey+0x98>
					//Polling
					while(Local_u8PinState==DIO_u8_LOW)
					{
						DIO_u8GetPinValue(DIO_u8_PINB_REG,Local_u8RowArr[Local_u8RowIter],&Local_u8PinState);
 a50:	86 b3       	in	r24, 0x16	; 22
 a52:	6b 2d       	mov	r22, r11
 a54:	a4 01       	movw	r20, r8
 a56:	0e 94 e8 02 	call	0x5d0	; 0x5d0 <DIO_u8GetPinValue>
				_delay_ms(20);
				if(Local_u8PinState==DIO_u8_LOW)
				{
					Local_u8Button=KPD_ARR[Local_u8RowIter][Local_u8ColIter];
					//Polling
					while(Local_u8PinState==DIO_u8_LOW)
 a5a:	89 81       	ldd	r24, Y+1	; 0x01
 a5c:	88 23       	and	r24, r24
 a5e:	c1 f3       	breq	.-16     	; 0xa50 <KPD_u8GetPressedKey+0x8e>
 a60:	0f 5f       	subi	r16, 0xFF	; 255
 a62:	1f 4f       	sbci	r17, 0xFF	; 255
 a64:	83 e0       	ldi	r24, 0x03	; 3
 a66:	90 e0       	ldi	r25, 0x00	; 0
 a68:	c8 0e       	add	r12, r24
 a6a:	d9 1e       	adc	r13, r25
	//OUTER for loop to columns
	for(u8 Local_u8ColIter=0;Local_u8ColIter<MAX_COL_NUM;Local_u8ColIter++)
	{
		//Activate col
		DIO_u8SetPinValue(KPD_PORT,Local_u8ColArr[Local_u8ColIter],DIO_u8_LOW);
		for(u8 Local_u8RowIter=0;Local_u8RowIter<MAX_ROW_NUM;Local_u8RowIter++)
 a6c:	90 e0       	ldi	r25, 0x00	; 0
 a6e:	0f 37       	cpi	r16, 0x7F	; 127
 a70:	19 07       	cpc	r17, r25
 a72:	b1 f6       	brne	.-84     	; 0xa20 <KPD_u8GetPressedKey+0x5e>
			}

		}

		//Deactivate col
		DIO_u8SetPinValue(KPD_PORT,Local_u8ColArr[Local_u8ColIter],DIO_u8_HIGH);
 a74:	81 e0       	ldi	r24, 0x01	; 1
 a76:	6a 2d       	mov	r22, r10
 a78:	41 e0       	ldi	r20, 0x01	; 1
 a7a:	0e 94 69 02 	call	0x4d2	; 0x4d2 <DIO_u8SetPinValue>
 a7e:	08 94       	sec
 a80:	e1 1c       	adc	r14, r1
 a82:	f1 1c       	adc	r15, r1
	static u8 KPD_ARR[MAX_ROW_NUM][MAX_COL_NUM]=KPD_VALUES;
	u8 Local_u8PinState;
	static u8 Local_u8ColArr[MAX_COL_NUM]={C0,C1,C2};
	static u8 Local_u8RowArr[MAX_ROW_NUM]={R0,R1,R2,R3};
	//OUTER for loop to columns
	for(u8 Local_u8ColIter=0;Local_u8ColIter<MAX_COL_NUM;Local_u8ColIter++)
 a84:	e3 e0       	ldi	r30, 0x03	; 3
 a86:	ee 16       	cp	r14, r30
 a88:	f1 04       	cpc	r15, r1
 a8a:	09 f0       	breq	.+2      	; 0xa8e <KPD_u8GetPressedKey+0xcc>
 a8c:	b8 cf       	rjmp	.-144    	; 0x9fe <KPD_u8GetPressedKey+0x3c>

		//Deactivate col
		DIO_u8SetPinValue(KPD_PORT,Local_u8ColArr[Local_u8ColIter],DIO_u8_HIGH);
	}
	return Local_u8Button;
}
 a8e:	87 2d       	mov	r24, r7
 a90:	0f 90       	pop	r0
 a92:	cf 91       	pop	r28
 a94:	df 91       	pop	r29
 a96:	1f 91       	pop	r17
 a98:	0f 91       	pop	r16
 a9a:	ff 90       	pop	r15
 a9c:	ef 90       	pop	r14
 a9e:	df 90       	pop	r13
 aa0:	cf 90       	pop	r12
 aa2:	bf 90       	pop	r11
 aa4:	af 90       	pop	r10
 aa6:	9f 90       	pop	r9
 aa8:	8f 90       	pop	r8
 aaa:	7f 90       	pop	r7
 aac:	5f 90       	pop	r5
 aae:	4f 90       	pop	r4
 ab0:	08 95       	ret

00000ab2 <KPD_voidInit>:
#include <util/delay.h>

void KPD_voidInit()
{
	//COLUMSNS OUTPUT HIGH
	DIO_u8SetPinDirection(KPD_PORT,C0,DIO_u8_OUTPUT);
 ab2:	81 e0       	ldi	r24, 0x01	; 1
 ab4:	65 e0       	ldi	r22, 0x05	; 5
 ab6:	41 e0       	ldi	r20, 0x01	; 1
 ab8:	0e 94 e2 01 	call	0x3c4	; 0x3c4 <DIO_u8SetPinDirection>
	DIO_u8SetPinDirection(KPD_PORT,C1,DIO_u8_OUTPUT);
 abc:	81 e0       	ldi	r24, 0x01	; 1
 abe:	66 e0       	ldi	r22, 0x06	; 6
 ac0:	41 e0       	ldi	r20, 0x01	; 1
 ac2:	0e 94 e2 01 	call	0x3c4	; 0x3c4 <DIO_u8SetPinDirection>
	DIO_u8SetPinDirection(KPD_PORT,C2,DIO_u8_OUTPUT);
 ac6:	81 e0       	ldi	r24, 0x01	; 1
 ac8:	67 e0       	ldi	r22, 0x07	; 7
 aca:	41 e0       	ldi	r20, 0x01	; 1
 acc:	0e 94 e2 01 	call	0x3c4	; 0x3c4 <DIO_u8SetPinDirection>

	DIO_u8SetPinValue(KPD_PORT,C0,DIO_u8_HIGH);
 ad0:	81 e0       	ldi	r24, 0x01	; 1
 ad2:	65 e0       	ldi	r22, 0x05	; 5
 ad4:	41 e0       	ldi	r20, 0x01	; 1
 ad6:	0e 94 69 02 	call	0x4d2	; 0x4d2 <DIO_u8SetPinValue>
	DIO_u8SetPinValue(KPD_PORT,C1,DIO_u8_HIGH);
 ada:	81 e0       	ldi	r24, 0x01	; 1
 adc:	66 e0       	ldi	r22, 0x06	; 6
 ade:	41 e0       	ldi	r20, 0x01	; 1
 ae0:	0e 94 69 02 	call	0x4d2	; 0x4d2 <DIO_u8SetPinValue>
	DIO_u8SetPinValue(KPD_PORT,C2,DIO_u8_HIGH);
 ae4:	81 e0       	ldi	r24, 0x01	; 1
 ae6:	67 e0       	ldi	r22, 0x07	; 7
 ae8:	41 e0       	ldi	r20, 0x01	; 1
 aea:	0e 94 69 02 	call	0x4d2	; 0x4d2 <DIO_u8SetPinValue>

	//Rows input pulled up
	DIO_u8SetPinDirection(KPD_PORT,R0,DIO_u8_INPUT);
 aee:	81 e0       	ldi	r24, 0x01	; 1
 af0:	64 e0       	ldi	r22, 0x04	; 4
 af2:	40 e0       	ldi	r20, 0x00	; 0
 af4:	0e 94 e2 01 	call	0x3c4	; 0x3c4 <DIO_u8SetPinDirection>
	DIO_u8SetPinDirection(KPD_PORT,R1,DIO_u8_INPUT);
 af8:	81 e0       	ldi	r24, 0x01	; 1
 afa:	63 e0       	ldi	r22, 0x03	; 3
 afc:	40 e0       	ldi	r20, 0x00	; 0
 afe:	0e 94 e2 01 	call	0x3c4	; 0x3c4 <DIO_u8SetPinDirection>
	DIO_u8SetPinDirection(KPD_PORT,R2,DIO_u8_INPUT);
 b02:	81 e0       	ldi	r24, 0x01	; 1
 b04:	61 e0       	ldi	r22, 0x01	; 1
 b06:	40 e0       	ldi	r20, 0x00	; 0
 b08:	0e 94 e2 01 	call	0x3c4	; 0x3c4 <DIO_u8SetPinDirection>
	DIO_u8SetPinDirection(KPD_PORT,R3,DIO_u8_INPUT);
 b0c:	81 e0       	ldi	r24, 0x01	; 1
 b0e:	60 e0       	ldi	r22, 0x00	; 0
 b10:	40 e0       	ldi	r20, 0x00	; 0
 b12:	0e 94 e2 01 	call	0x3c4	; 0x3c4 <DIO_u8SetPinDirection>

	DIO_u8SetPinValue(KPD_PORT,R0,DIO_u8_HIGH);
 b16:	81 e0       	ldi	r24, 0x01	; 1
 b18:	64 e0       	ldi	r22, 0x04	; 4
 b1a:	41 e0       	ldi	r20, 0x01	; 1
 b1c:	0e 94 69 02 	call	0x4d2	; 0x4d2 <DIO_u8SetPinValue>
	DIO_u8SetPinValue(KPD_PORT,R1,DIO_u8_HIGH);
 b20:	81 e0       	ldi	r24, 0x01	; 1
 b22:	63 e0       	ldi	r22, 0x03	; 3
 b24:	41 e0       	ldi	r20, 0x01	; 1
 b26:	0e 94 69 02 	call	0x4d2	; 0x4d2 <DIO_u8SetPinValue>
	DIO_u8SetPinValue(KPD_PORT,R2,DIO_u8_HIGH);
 b2a:	81 e0       	ldi	r24, 0x01	; 1
 b2c:	61 e0       	ldi	r22, 0x01	; 1
 b2e:	41 e0       	ldi	r20, 0x01	; 1
 b30:	0e 94 69 02 	call	0x4d2	; 0x4d2 <DIO_u8SetPinValue>
	DIO_u8SetPinValue(KPD_PORT,R3,DIO_u8_HIGH);
 b34:	81 e0       	ldi	r24, 0x01	; 1
 b36:	60 e0       	ldi	r22, 0x00	; 0
 b38:	41 e0       	ldi	r20, 0x01	; 1
 b3a:	0e 94 69 02 	call	0x4d2	; 0x4d2 <DIO_u8SetPinValue>

}
 b3e:	08 95       	ret

00000b40 <DCMOTOR_Toggle>:
#include "MCAL/DIO/DIO_interface.h"
#include <util/delay.h>
void DCMOTOR_Toggle(void)
{

	TOG_BIT(DC_MOTOR_PORT,DC_MOTOR_PIN);
 b40:	8b b3       	in	r24, 0x1b	; 27
 b42:	91 e0       	ldi	r25, 0x01	; 1
 b44:	89 27       	eor	r24, r25
 b46:	8b bb       	out	0x1b, r24	; 27

}
 b48:	08 95       	ret

00000b4a <DCMOTOR_OperateCCW>:
								DIO_u8SetPinValue(DIO_u8_PORTA,DIO_u8_PIN3,DIO_u8_HIGH);
								_delay_ms(10);
	}
}
void DCMOTOR_OperateCCW(u32 steps)
{
 b4a:	ef 92       	push	r14
 b4c:	ff 92       	push	r15
 b4e:	0f 93       	push	r16
 b50:	1f 93       	push	r17
 b52:	cf 93       	push	r28
 b54:	df 93       	push	r29
 b56:	7c 01       	movw	r14, r24
 b58:	c0 e0       	ldi	r28, 0x00	; 0
 b5a:	d0 e0       	ldi	r29, 0x00	; 0
 b5c:	00 e2       	ldi	r16, 0x20	; 32
 b5e:	1e e4       	ldi	r17, 0x4E	; 78
 b60:	5d c0       	rjmp	.+186    	; 0xc1c <DCMOTOR_OperateCCW+0xd2>
	for(u32 i=0;i<steps;i++)
		{
	DIO_u8SetPinValue(DIO_u8_PORTA,DIO_u8_PIN0,DIO_u8_LOW);
 b62:	80 e0       	ldi	r24, 0x00	; 0
 b64:	60 e0       	ldi	r22, 0x00	; 0
 b66:	40 e0       	ldi	r20, 0x00	; 0
 b68:	0e 94 69 02 	call	0x4d2	; 0x4d2 <DIO_u8SetPinValue>
									DIO_u8SetPinValue(DIO_u8_PORTA,DIO_u8_PIN1,DIO_u8_LOW);
 b6c:	80 e0       	ldi	r24, 0x00	; 0
 b6e:	61 e0       	ldi	r22, 0x01	; 1
 b70:	40 e0       	ldi	r20, 0x00	; 0
 b72:	0e 94 69 02 	call	0x4d2	; 0x4d2 <DIO_u8SetPinValue>
									DIO_u8SetPinValue(DIO_u8_PORTA,DIO_u8_PIN2,DIO_u8_LOW);
 b76:	80 e0       	ldi	r24, 0x00	; 0
 b78:	62 e0       	ldi	r22, 0x02	; 2
 b7a:	40 e0       	ldi	r20, 0x00	; 0
 b7c:	0e 94 69 02 	call	0x4d2	; 0x4d2 <DIO_u8SetPinValue>
									DIO_u8SetPinValue(DIO_u8_PORTA,DIO_u8_PIN3,DIO_u8_HIGH);
 b80:	80 e0       	ldi	r24, 0x00	; 0
 b82:	63 e0       	ldi	r22, 0x03	; 3
 b84:	41 e0       	ldi	r20, 0x01	; 1
 b86:	0e 94 69 02 	call	0x4d2	; 0x4d2 <DIO_u8SetPinValue>
 b8a:	c8 01       	movw	r24, r16
 b8c:	01 97       	sbiw	r24, 0x01	; 1
 b8e:	f1 f7       	brne	.-4      	; 0xb8c <DCMOTOR_OperateCCW+0x42>
									_delay_ms(10);
									DIO_u8SetPinValue(DIO_u8_PORTA,DIO_u8_PIN0,DIO_u8_LOW);
 b90:	80 e0       	ldi	r24, 0x00	; 0
 b92:	60 e0       	ldi	r22, 0x00	; 0
 b94:	40 e0       	ldi	r20, 0x00	; 0
 b96:	0e 94 69 02 	call	0x4d2	; 0x4d2 <DIO_u8SetPinValue>
															DIO_u8SetPinValue(DIO_u8_PORTA,DIO_u8_PIN1,DIO_u8_LOW);
 b9a:	80 e0       	ldi	r24, 0x00	; 0
 b9c:	61 e0       	ldi	r22, 0x01	; 1
 b9e:	40 e0       	ldi	r20, 0x00	; 0
 ba0:	0e 94 69 02 	call	0x4d2	; 0x4d2 <DIO_u8SetPinValue>
															DIO_u8SetPinValue(DIO_u8_PORTA,DIO_u8_PIN2,DIO_u8_HIGH);
 ba4:	80 e0       	ldi	r24, 0x00	; 0
 ba6:	62 e0       	ldi	r22, 0x02	; 2
 ba8:	41 e0       	ldi	r20, 0x01	; 1
 baa:	0e 94 69 02 	call	0x4d2	; 0x4d2 <DIO_u8SetPinValue>
															DIO_u8SetPinValue(DIO_u8_PORTA,DIO_u8_PIN3,DIO_u8_LOW);
 bae:	80 e0       	ldi	r24, 0x00	; 0
 bb0:	63 e0       	ldi	r22, 0x03	; 3
 bb2:	40 e0       	ldi	r20, 0x00	; 0
 bb4:	0e 94 69 02 	call	0x4d2	; 0x4d2 <DIO_u8SetPinValue>
 bb8:	c8 01       	movw	r24, r16
 bba:	01 97       	sbiw	r24, 0x01	; 1
 bbc:	f1 f7       	brne	.-4      	; 0xbba <DCMOTOR_OperateCCW+0x70>
															_delay_ms(10);
															DIO_u8SetPinValue(DIO_u8_PORTA,DIO_u8_PIN0,DIO_u8_LOW);
 bbe:	80 e0       	ldi	r24, 0x00	; 0
 bc0:	60 e0       	ldi	r22, 0x00	; 0
 bc2:	40 e0       	ldi	r20, 0x00	; 0
 bc4:	0e 94 69 02 	call	0x4d2	; 0x4d2 <DIO_u8SetPinValue>
																			DIO_u8SetPinValue(DIO_u8_PORTA,DIO_u8_PIN1,DIO_u8_HIGH);
 bc8:	80 e0       	ldi	r24, 0x00	; 0
 bca:	61 e0       	ldi	r22, 0x01	; 1
 bcc:	41 e0       	ldi	r20, 0x01	; 1
 bce:	0e 94 69 02 	call	0x4d2	; 0x4d2 <DIO_u8SetPinValue>
																			DIO_u8SetPinValue(DIO_u8_PORTA,DIO_u8_PIN2,DIO_u8_LOW);
 bd2:	80 e0       	ldi	r24, 0x00	; 0
 bd4:	62 e0       	ldi	r22, 0x02	; 2
 bd6:	40 e0       	ldi	r20, 0x00	; 0
 bd8:	0e 94 69 02 	call	0x4d2	; 0x4d2 <DIO_u8SetPinValue>
																			DIO_u8SetPinValue(DIO_u8_PORTA,DIO_u8_PIN3,DIO_u8_LOW);
 bdc:	80 e0       	ldi	r24, 0x00	; 0
 bde:	63 e0       	ldi	r22, 0x03	; 3
 be0:	40 e0       	ldi	r20, 0x00	; 0
 be2:	0e 94 69 02 	call	0x4d2	; 0x4d2 <DIO_u8SetPinValue>
 be6:	c8 01       	movw	r24, r16
 be8:	01 97       	sbiw	r24, 0x01	; 1
 bea:	f1 f7       	brne	.-4      	; 0xbe8 <DCMOTOR_OperateCCW+0x9e>
																			_delay_ms(10);
																			DIO_u8SetPinValue(DIO_u8_PORTA,DIO_u8_PIN0,DIO_u8_HIGH);
 bec:	80 e0       	ldi	r24, 0x00	; 0
 bee:	60 e0       	ldi	r22, 0x00	; 0
 bf0:	41 e0       	ldi	r20, 0x01	; 1
 bf2:	0e 94 69 02 	call	0x4d2	; 0x4d2 <DIO_u8SetPinValue>
																					DIO_u8SetPinValue(DIO_u8_PORTA,DIO_u8_PIN1,DIO_u8_LOW);
 bf6:	80 e0       	ldi	r24, 0x00	; 0
 bf8:	61 e0       	ldi	r22, 0x01	; 1
 bfa:	40 e0       	ldi	r20, 0x00	; 0
 bfc:	0e 94 69 02 	call	0x4d2	; 0x4d2 <DIO_u8SetPinValue>
																					DIO_u8SetPinValue(DIO_u8_PORTA,DIO_u8_PIN2,DIO_u8_LOW);
 c00:	80 e0       	ldi	r24, 0x00	; 0
 c02:	62 e0       	ldi	r22, 0x02	; 2
 c04:	40 e0       	ldi	r20, 0x00	; 0
 c06:	0e 94 69 02 	call	0x4d2	; 0x4d2 <DIO_u8SetPinValue>
																					DIO_u8SetPinValue(DIO_u8_PORTA,DIO_u8_PIN3,DIO_u8_LOW);
 c0a:	80 e0       	ldi	r24, 0x00	; 0
 c0c:	63 e0       	ldi	r22, 0x03	; 3
 c0e:	40 e0       	ldi	r20, 0x00	; 0
 c10:	0e 94 69 02 	call	0x4d2	; 0x4d2 <DIO_u8SetPinValue>
 c14:	c8 01       	movw	r24, r16
 c16:	01 97       	sbiw	r24, 0x01	; 1
 c18:	f1 f7       	brne	.-4      	; 0xc16 <DCMOTOR_OperateCCW+0xcc>
								_delay_ms(10);
	}
}
void DCMOTOR_OperateCCW(u32 steps)
{
	for(u32 i=0;i<steps;i++)
 c1a:	21 96       	adiw	r28, 0x01	; 1
 c1c:	ce 15       	cp	r28, r14
 c1e:	df 05       	cpc	r29, r15
 c20:	08 f4       	brcc	.+2      	; 0xc24 <DCMOTOR_OperateCCW+0xda>
 c22:	9f cf       	rjmp	.-194    	; 0xb62 <DCMOTOR_OperateCCW+0x18>
																					DIO_u8SetPinValue(DIO_u8_PORTA,DIO_u8_PIN1,DIO_u8_LOW);
																					DIO_u8SetPinValue(DIO_u8_PORTA,DIO_u8_PIN2,DIO_u8_LOW);
																					DIO_u8SetPinValue(DIO_u8_PORTA,DIO_u8_PIN3,DIO_u8_LOW);
																					_delay_ms(10);
		}
}
 c24:	df 91       	pop	r29
 c26:	cf 91       	pop	r28
 c28:	1f 91       	pop	r17
 c2a:	0f 91       	pop	r16
 c2c:	ff 90       	pop	r15
 c2e:	ef 90       	pop	r14
 c30:	08 95       	ret

00000c32 <DCMOTOR_OperateCW>:
	TOG_BIT(DC_MOTOR_PORT,DC_MOTOR_PIN);

}

void DCMOTOR_OperateCW(u32 steps)
{
 c32:	ef 92       	push	r14
 c34:	ff 92       	push	r15
 c36:	0f 93       	push	r16
 c38:	1f 93       	push	r17
 c3a:	cf 93       	push	r28
 c3c:	df 93       	push	r29
 c3e:	7c 01       	movw	r14, r24
 c40:	c0 e0       	ldi	r28, 0x00	; 0
 c42:	d0 e0       	ldi	r29, 0x00	; 0
 c44:	00 e2       	ldi	r16, 0x20	; 32
 c46:	1e e4       	ldi	r17, 0x4E	; 78
 c48:	5d c0       	rjmp	.+186    	; 0xd04 <DCMOTOR_OperateCW+0xd2>
	for(u32 i=0;i<steps;i++)
	{
		DIO_u8SetPinValue(DIO_u8_PORTA,DIO_u8_PIN0,DIO_u8_HIGH);
 c4a:	80 e0       	ldi	r24, 0x00	; 0
 c4c:	60 e0       	ldi	r22, 0x00	; 0
 c4e:	41 e0       	ldi	r20, 0x01	; 1
 c50:	0e 94 69 02 	call	0x4d2	; 0x4d2 <DIO_u8SetPinValue>
		DIO_u8SetPinValue(DIO_u8_PORTA,DIO_u8_PIN1,DIO_u8_LOW);
 c54:	80 e0       	ldi	r24, 0x00	; 0
 c56:	61 e0       	ldi	r22, 0x01	; 1
 c58:	40 e0       	ldi	r20, 0x00	; 0
 c5a:	0e 94 69 02 	call	0x4d2	; 0x4d2 <DIO_u8SetPinValue>
		DIO_u8SetPinValue(DIO_u8_PORTA,DIO_u8_PIN2,DIO_u8_LOW);
 c5e:	80 e0       	ldi	r24, 0x00	; 0
 c60:	62 e0       	ldi	r22, 0x02	; 2
 c62:	40 e0       	ldi	r20, 0x00	; 0
 c64:	0e 94 69 02 	call	0x4d2	; 0x4d2 <DIO_u8SetPinValue>
		DIO_u8SetPinValue(DIO_u8_PORTA,DIO_u8_PIN3,DIO_u8_LOW);
 c68:	80 e0       	ldi	r24, 0x00	; 0
 c6a:	63 e0       	ldi	r22, 0x03	; 3
 c6c:	40 e0       	ldi	r20, 0x00	; 0
 c6e:	0e 94 69 02 	call	0x4d2	; 0x4d2 <DIO_u8SetPinValue>
 c72:	c8 01       	movw	r24, r16
 c74:	01 97       	sbiw	r24, 0x01	; 1
 c76:	f1 f7       	brne	.-4      	; 0xc74 <DCMOTOR_OperateCW+0x42>
		_delay_ms(10);
		DIO_u8SetPinValue(DIO_u8_PORTA,DIO_u8_PIN0,DIO_u8_LOW);
 c78:	80 e0       	ldi	r24, 0x00	; 0
 c7a:	60 e0       	ldi	r22, 0x00	; 0
 c7c:	40 e0       	ldi	r20, 0x00	; 0
 c7e:	0e 94 69 02 	call	0x4d2	; 0x4d2 <DIO_u8SetPinValue>
				DIO_u8SetPinValue(DIO_u8_PORTA,DIO_u8_PIN1,DIO_u8_HIGH);
 c82:	80 e0       	ldi	r24, 0x00	; 0
 c84:	61 e0       	ldi	r22, 0x01	; 1
 c86:	41 e0       	ldi	r20, 0x01	; 1
 c88:	0e 94 69 02 	call	0x4d2	; 0x4d2 <DIO_u8SetPinValue>
				DIO_u8SetPinValue(DIO_u8_PORTA,DIO_u8_PIN2,DIO_u8_LOW);
 c8c:	80 e0       	ldi	r24, 0x00	; 0
 c8e:	62 e0       	ldi	r22, 0x02	; 2
 c90:	40 e0       	ldi	r20, 0x00	; 0
 c92:	0e 94 69 02 	call	0x4d2	; 0x4d2 <DIO_u8SetPinValue>
				DIO_u8SetPinValue(DIO_u8_PORTA,DIO_u8_PIN3,DIO_u8_LOW);
 c96:	80 e0       	ldi	r24, 0x00	; 0
 c98:	63 e0       	ldi	r22, 0x03	; 3
 c9a:	40 e0       	ldi	r20, 0x00	; 0
 c9c:	0e 94 69 02 	call	0x4d2	; 0x4d2 <DIO_u8SetPinValue>
 ca0:	c8 01       	movw	r24, r16
 ca2:	01 97       	sbiw	r24, 0x01	; 1
 ca4:	f1 f7       	brne	.-4      	; 0xca2 <DCMOTOR_OperateCW+0x70>
				_delay_ms(10);
				DIO_u8SetPinValue(DIO_u8_PORTA,DIO_u8_PIN0,DIO_u8_LOW);
 ca6:	80 e0       	ldi	r24, 0x00	; 0
 ca8:	60 e0       	ldi	r22, 0x00	; 0
 caa:	40 e0       	ldi	r20, 0x00	; 0
 cac:	0e 94 69 02 	call	0x4d2	; 0x4d2 <DIO_u8SetPinValue>
						DIO_u8SetPinValue(DIO_u8_PORTA,DIO_u8_PIN1,DIO_u8_LOW);
 cb0:	80 e0       	ldi	r24, 0x00	; 0
 cb2:	61 e0       	ldi	r22, 0x01	; 1
 cb4:	40 e0       	ldi	r20, 0x00	; 0
 cb6:	0e 94 69 02 	call	0x4d2	; 0x4d2 <DIO_u8SetPinValue>
						DIO_u8SetPinValue(DIO_u8_PORTA,DIO_u8_PIN2,DIO_u8_HIGH);
 cba:	80 e0       	ldi	r24, 0x00	; 0
 cbc:	62 e0       	ldi	r22, 0x02	; 2
 cbe:	41 e0       	ldi	r20, 0x01	; 1
 cc0:	0e 94 69 02 	call	0x4d2	; 0x4d2 <DIO_u8SetPinValue>
						DIO_u8SetPinValue(DIO_u8_PORTA,DIO_u8_PIN3,DIO_u8_LOW);
 cc4:	80 e0       	ldi	r24, 0x00	; 0
 cc6:	63 e0       	ldi	r22, 0x03	; 3
 cc8:	40 e0       	ldi	r20, 0x00	; 0
 cca:	0e 94 69 02 	call	0x4d2	; 0x4d2 <DIO_u8SetPinValue>
 cce:	c8 01       	movw	r24, r16
 cd0:	01 97       	sbiw	r24, 0x01	; 1
 cd2:	f1 f7       	brne	.-4      	; 0xcd0 <DCMOTOR_OperateCW+0x9e>
						_delay_ms(10);
						DIO_u8SetPinValue(DIO_u8_PORTA,DIO_u8_PIN0,DIO_u8_LOW);
 cd4:	80 e0       	ldi	r24, 0x00	; 0
 cd6:	60 e0       	ldi	r22, 0x00	; 0
 cd8:	40 e0       	ldi	r20, 0x00	; 0
 cda:	0e 94 69 02 	call	0x4d2	; 0x4d2 <DIO_u8SetPinValue>
								DIO_u8SetPinValue(DIO_u8_PORTA,DIO_u8_PIN1,DIO_u8_LOW);
 cde:	80 e0       	ldi	r24, 0x00	; 0
 ce0:	61 e0       	ldi	r22, 0x01	; 1
 ce2:	40 e0       	ldi	r20, 0x00	; 0
 ce4:	0e 94 69 02 	call	0x4d2	; 0x4d2 <DIO_u8SetPinValue>
								DIO_u8SetPinValue(DIO_u8_PORTA,DIO_u8_PIN2,DIO_u8_LOW);
 ce8:	80 e0       	ldi	r24, 0x00	; 0
 cea:	62 e0       	ldi	r22, 0x02	; 2
 cec:	40 e0       	ldi	r20, 0x00	; 0
 cee:	0e 94 69 02 	call	0x4d2	; 0x4d2 <DIO_u8SetPinValue>
								DIO_u8SetPinValue(DIO_u8_PORTA,DIO_u8_PIN3,DIO_u8_HIGH);
 cf2:	80 e0       	ldi	r24, 0x00	; 0
 cf4:	63 e0       	ldi	r22, 0x03	; 3
 cf6:	41 e0       	ldi	r20, 0x01	; 1
 cf8:	0e 94 69 02 	call	0x4d2	; 0x4d2 <DIO_u8SetPinValue>
 cfc:	c8 01       	movw	r24, r16
 cfe:	01 97       	sbiw	r24, 0x01	; 1
 d00:	f1 f7       	brne	.-4      	; 0xcfe <DCMOTOR_OperateCW+0xcc>

}

void DCMOTOR_OperateCW(u32 steps)
{
	for(u32 i=0;i<steps;i++)
 d02:	21 96       	adiw	r28, 0x01	; 1
 d04:	ce 15       	cp	r28, r14
 d06:	df 05       	cpc	r29, r15
 d08:	08 f4       	brcc	.+2      	; 0xd0c <DCMOTOR_OperateCW+0xda>
 d0a:	9f cf       	rjmp	.-194    	; 0xc4a <DCMOTOR_OperateCW+0x18>
								DIO_u8SetPinValue(DIO_u8_PORTA,DIO_u8_PIN1,DIO_u8_LOW);
								DIO_u8SetPinValue(DIO_u8_PORTA,DIO_u8_PIN2,DIO_u8_LOW);
								DIO_u8SetPinValue(DIO_u8_PORTA,DIO_u8_PIN3,DIO_u8_HIGH);
								_delay_ms(10);
	}
}
 d0c:	df 91       	pop	r29
 d0e:	cf 91       	pop	r28
 d10:	1f 91       	pop	r17
 d12:	0f 91       	pop	r16
 d14:	ff 90       	pop	r15
 d16:	ef 90       	pop	r14
 d18:	08 95       	ret

00000d1a <Go_Left>:
	TIMER0_voidInit();
	TIMER0_eSetCallBackNormal(Timer0);
}
void Go_Left(void)
{
   if(value==&value2)
 d1a:	80 91 a2 00 	lds	r24, 0x00A2
 d1e:	90 91 a3 00 	lds	r25, 0x00A3
 d22:	20 e0       	ldi	r18, 0x00	; 0
 d24:	8f 39       	cpi	r24, 0x9F	; 159
 d26:	92 07       	cpc	r25, r18
 d28:	19 f4       	brne	.+6      	; 0xd30 <Go_Left+0x16>
	   value=&value1;
 d2a:	8e e9       	ldi	r24, 0x9E	; 158
 d2c:	90 e0       	ldi	r25, 0x00	; 0
 d2e:	06 c0       	rjmp	.+12     	; 0xd3c <Go_Left+0x22>
   else if(value==&value4)
 d30:	20 e0       	ldi	r18, 0x00	; 0
 d32:	80 3a       	cpi	r24, 0xA0	; 160
 d34:	92 07       	cpc	r25, r18
 d36:	39 f4       	brne	.+14     	; 0xd46 <Go_Left+0x2c>
	   value=&value2;
 d38:	8f e9       	ldi	r24, 0x9F	; 159
 d3a:	90 e0       	ldi	r25, 0x00	; 0
 d3c:	90 93 a3 00 	sts	0x00A3, r25
 d40:	80 93 a2 00 	sts	0x00A2, r24
 d44:	08 95       	ret
   else if(value==&value5)
 d46:	81 5a       	subi	r24, 0xA1	; 161
 d48:	90 40       	sbci	r25, 0x00	; 0
 d4a:	31 f4       	brne	.+12     	; 0xd58 <Go_Left+0x3e>
	   value=&value4;
 d4c:	80 ea       	ldi	r24, 0xA0	; 160
 d4e:	90 e0       	ldi	r25, 0x00	; 0
 d50:	90 93 a3 00 	sts	0x00A3, r25
 d54:	80 93 a2 00 	sts	0x00A2, r24
 d58:	08 95       	ret

00000d5a <Go_Right>:
}
void Go_Right(void)
{
	if(value==&value1)
 d5a:	80 91 a2 00 	lds	r24, 0x00A2
 d5e:	90 91 a3 00 	lds	r25, 0x00A3
 d62:	20 e0       	ldi	r18, 0x00	; 0
 d64:	8e 39       	cpi	r24, 0x9E	; 158
 d66:	92 07       	cpc	r25, r18
 d68:	19 f4       	brne	.+6      	; 0xd70 <Go_Right+0x16>
		value=&value2;
 d6a:	8f e9       	ldi	r24, 0x9F	; 159
 d6c:	90 e0       	ldi	r25, 0x00	; 0
 d6e:	06 c0       	rjmp	.+12     	; 0xd7c <Go_Right+0x22>
	else if(value==&value2)
 d70:	20 e0       	ldi	r18, 0x00	; 0
 d72:	8f 39       	cpi	r24, 0x9F	; 159
 d74:	92 07       	cpc	r25, r18
 d76:	39 f4       	brne	.+14     	; 0xd86 <Go_Right+0x2c>
		value=&value4;
 d78:	80 ea       	ldi	r24, 0xA0	; 160
 d7a:	90 e0       	ldi	r25, 0x00	; 0
 d7c:	90 93 a3 00 	sts	0x00A3, r25
 d80:	80 93 a2 00 	sts	0x00A2, r24
 d84:	08 95       	ret
	else if(value==&value4)
 d86:	80 5a       	subi	r24, 0xA0	; 160
 d88:	90 40       	sbci	r25, 0x00	; 0
 d8a:	31 f4       	brne	.+12     	; 0xd98 <Go_Right+0x3e>
		value=&value5;
 d8c:	81 ea       	ldi	r24, 0xA1	; 161
 d8e:	90 e0       	ldi	r25, 0x00	; 0
 d90:	90 93 a3 00 	sts	0x00A3, r25
 d94:	80 93 a2 00 	sts	0x00A2, r24
 d98:	08 95       	ret

00000d9a <Decrement_Counter>:
}


void Decrement_Counter(u8* value01, u8* value02, u8* value03, u8* value04, u8* value05)
{
 d9a:	0f 93       	push	r16
 d9c:	1f 93       	push	r17
 d9e:	cf 93       	push	r28
 da0:	df 93       	push	r29
 da2:	ac 01       	movw	r20, r24
 da4:	d9 01       	movw	r26, r18
 da6:	e8 01       	movw	r28, r16


    if (*value05 > 0)
 da8:	88 81       	ld	r24, Y
 daa:	88 23       	and	r24, r24
 dac:	19 f0       	breq	.+6      	; 0xdb4 <Decrement_Counter+0x1a>
    {
        (*value05)--;
 dae:	81 50       	subi	r24, 0x01	; 1
 db0:	88 83       	st	Y, r24
 db2:	1d c0       	rjmp	.+58     	; 0xdee <Decrement_Counter+0x54>
        return;
    }

    *value05 = 9;
 db4:	99 e0       	ldi	r25, 0x09	; 9
 db6:	98 83       	st	Y, r25

    if (*value04 > 0)
 db8:	8c 91       	ld	r24, X
 dba:	88 23       	and	r24, r24
 dbc:	19 f0       	breq	.+6      	; 0xdc4 <Decrement_Counter+0x2a>
    {
        (*value04)--;
 dbe:	81 50       	subi	r24, 0x01	; 1
 dc0:	8c 93       	st	X, r24
 dc2:	15 c0       	rjmp	.+42     	; 0xdee <Decrement_Counter+0x54>
        return;
    }

    *value04 = 5;
 dc4:	85 e0       	ldi	r24, 0x05	; 5
 dc6:	8c 93       	st	X, r24

    if (*value02 > 0)
 dc8:	fb 01       	movw	r30, r22
 dca:	80 81       	ld	r24, Z
 dcc:	88 23       	and	r24, r24
 dce:	31 f4       	brne	.+12     	; 0xddc <Decrement_Counter+0x42>
    {
        (*value02)--;
        return;
    }

    *value02 = 9;
 dd0:	fb 01       	movw	r30, r22
 dd2:	90 83       	st	Z, r25

    if (*value01 > 0)
 dd4:	fa 01       	movw	r30, r20
 dd6:	80 81       	ld	r24, Z
 dd8:	88 23       	and	r24, r24
 dda:	19 f0       	breq	.+6      	; 0xde2 <Decrement_Counter+0x48>
    {
        (*value01)--;
 ddc:	81 50       	subi	r24, 0x01	; 1
 dde:	80 83       	st	Z, r24
 de0:	06 c0       	rjmp	.+12     	; 0xdee <Decrement_Counter+0x54>
        return;
    }

    // All zero — stay at 00:00
    *value01 = 0;
 de2:	fa 01       	movw	r30, r20
 de4:	10 82       	st	Z, r1
    *value02 = 0;
 de6:	fb 01       	movw	r30, r22
 de8:	10 82       	st	Z, r1
    *value04 = 0;
 dea:	1c 92       	st	X, r1
    *value05 = 0;
 dec:	18 82       	st	Y, r1
}
 dee:	df 91       	pop	r29
 df0:	cf 91       	pop	r28
 df2:	1f 91       	pop	r17
 df4:	0f 91       	pop	r16
 df6:	08 95       	ret

00000df8 <Display_Counter>:

void Display_Counter(u8 value01,u8 value02,u8 value03,u8 value04,u8 value05)
{
 df8:	df 92       	push	r13
 dfa:	ef 92       	push	r14
 dfc:	ff 92       	push	r15
 dfe:	0f 93       	push	r16
 e00:	1f 93       	push	r17
 e02:	18 2f       	mov	r17, r24
 e04:	f6 2e       	mov	r15, r22
 e06:	e4 2e       	mov	r14, r20
 e08:	d2 2e       	mov	r13, r18
	        LCD_voidClearDisplay();
 e0a:	0e 94 4a 04 	call	0x894	; 0x894 <LCD_voidClearDisplay>
	        LCD_voidSetPosition(0,0);
 e0e:	80 e0       	ldi	r24, 0x00	; 0
 e10:	60 e0       	ldi	r22, 0x00	; 0
 e12:	0e 94 4e 04 	call	0x89c	; 0x89c <LCD_voidSetPosition>
	        LCD_voidSendData(value01+'0');
 e16:	81 2f       	mov	r24, r17
 e18:	80 5d       	subi	r24, 0xD0	; 208
 e1a:	0e 94 82 04 	call	0x904	; 0x904 <LCD_voidSendData>
			LCD_voidSendData(value02+'0');
 e1e:	8f 2d       	mov	r24, r15
 e20:	80 5d       	subi	r24, 0xD0	; 208
 e22:	0e 94 82 04 	call	0x904	; 0x904 <LCD_voidSendData>
			LCD_voidSendData(value03);
 e26:	8e 2d       	mov	r24, r14
 e28:	0e 94 82 04 	call	0x904	; 0x904 <LCD_voidSendData>
			LCD_voidSendData(value04+'0');
 e2c:	8d 2d       	mov	r24, r13
 e2e:	80 5d       	subi	r24, 0xD0	; 208
 e30:	0e 94 82 04 	call	0x904	; 0x904 <LCD_voidSendData>
			LCD_voidSendData(value05+'0');
 e34:	80 2f       	mov	r24, r16
 e36:	80 5d       	subi	r24, 0xD0	; 208
 e38:	0e 94 82 04 	call	0x904	; 0x904 <LCD_voidSendData>
}
 e3c:	1f 91       	pop	r17
 e3e:	0f 91       	pop	r16
 e40:	ff 90       	pop	r15
 e42:	ef 90       	pop	r14
 e44:	df 90       	pop	r13
 e46:	08 95       	ret

00000e48 <Timer0>:
void Timer0(void)
{
 e48:	0f 93       	push	r16
 e4a:	1f 93       	push	r17
	counter++;
 e4c:	80 91 9c 00 	lds	r24, 0x009C
 e50:	90 91 9d 00 	lds	r25, 0x009D
 e54:	01 96       	adiw	r24, 0x01	; 1
 e56:	90 93 9d 00 	sts	0x009D, r25
 e5a:	80 93 9c 00 	sts	0x009C, r24
	if(counter==488)
 e5e:	80 91 9c 00 	lds	r24, 0x009C
 e62:	90 91 9d 00 	lds	r25, 0x009D
 e66:	88 5e       	subi	r24, 0xE8	; 232
 e68:	91 40       	sbci	r25, 0x01	; 1
 e6a:	e1 f4       	brne	.+56     	; 0xea4 <Timer0+0x5c>
	{
		Decrement_Counter(&value1,&value2,&value3,&value4,&value5);
 e6c:	8e e9       	ldi	r24, 0x9E	; 158
 e6e:	90 e0       	ldi	r25, 0x00	; 0
 e70:	6f e9       	ldi	r22, 0x9F	; 159
 e72:	70 e0       	ldi	r23, 0x00	; 0
 e74:	4f e6       	ldi	r20, 0x6F	; 111
 e76:	50 e0       	ldi	r21, 0x00	; 0
 e78:	20 ea       	ldi	r18, 0xA0	; 160
 e7a:	30 e0       	ldi	r19, 0x00	; 0
 e7c:	01 ea       	ldi	r16, 0xA1	; 161
 e7e:	10 e0       	ldi	r17, 0x00	; 0
 e80:	0e 94 cd 06 	call	0xd9a	; 0xd9a <Decrement_Counter>
		Display_Counter(value1,value2,value3,value4,value5);
 e84:	80 91 9e 00 	lds	r24, 0x009E
 e88:	60 91 9f 00 	lds	r22, 0x009F
 e8c:	40 91 6f 00 	lds	r20, 0x006F
 e90:	20 91 a0 00 	lds	r18, 0x00A0
 e94:	00 91 a1 00 	lds	r16, 0x00A1
 e98:	0e 94 fc 06 	call	0xdf8	; 0xdf8 <Display_Counter>
		counter=0;
 e9c:	10 92 9d 00 	sts	0x009D, r1
 ea0:	10 92 9c 00 	sts	0x009C, r1
	}
	if(value1==0&&value2==0&&value4==0&&value5==0)
 ea4:	80 91 9e 00 	lds	r24, 0x009E
 ea8:	88 23       	and	r24, r24
 eaa:	f9 f4       	brne	.+62     	; 0xeea <Timer0+0xa2>
 eac:	80 91 9f 00 	lds	r24, 0x009F
 eb0:	88 23       	and	r24, r24
 eb2:	d9 f4       	brne	.+54     	; 0xeea <Timer0+0xa2>
 eb4:	80 91 a0 00 	lds	r24, 0x00A0
 eb8:	88 23       	and	r24, r24
 eba:	b9 f4       	brne	.+46     	; 0xeea <Timer0+0xa2>
 ebc:	80 91 a1 00 	lds	r24, 0x00A1
 ec0:	88 23       	and	r24, r24
 ec2:	99 f4       	brne	.+38     	; 0xeea <Timer0+0xa2>
		{

		LCD_voidClearDisplay();
 ec4:	0e 94 4a 04 	call	0x894	; 0x894 <LCD_voidClearDisplay>
		LCD_voidSendString("  Finished !!");
 ec8:	80 e6       	ldi	r24, 0x60	; 96
 eca:	90 e0       	ldi	r25, 0x00	; 0
 ecc:	0e 94 ce 04 	call	0x99c	; 0x99c <LCD_voidSendString>
 ed0:	8c e4       	ldi	r24, 0x4C	; 76
 ed2:	9d e1       	ldi	r25, 0x1D	; 29
 ed4:	28 ec       	ldi	r18, 0xC8	; 200
 ed6:	30 e0       	ldi	r19, 0x00	; 0
 ed8:	f9 01       	movw	r30, r18
 eda:	31 97       	sbiw	r30, 0x01	; 1
 edc:	f1 f7       	brne	.-4      	; 0xeda <Timer0+0x92>
		{
			// wait 1/10 ms
			_delay_loop_2(((F_CPU) / 4e3) / 10);
			__ticks --;
 ede:	01 97       	sbiw	r24, 0x01	; 1
		__ticks = 1;
	else if (__tmp > 65535)
	{
		//	__ticks = requested delay in 1/10 ms
		__ticks = (uint16_t) (__ms * 10.0);
		while(__ticks)
 ee0:	d9 f7       	brne	.-10     	; 0xed8 <Timer0+0x90>
	    _delay_ms(750);
	    LCD_voidSendString("  Finished !!");}
 ee2:	80 e6       	ldi	r24, 0x60	; 96
 ee4:	90 e0       	ldi	r25, 0x00	; 0
 ee6:	0e 94 ce 04 	call	0x99c	; 0x99c <LCD_voidSendString>
}
 eea:	1f 91       	pop	r17
 eec:	0f 91       	pop	r16
 eee:	08 95       	ret

00000ef0 <Start_Count>:

	return 0;
}
void Start_Count(void)
{
	TIMER0_voidInit();
 ef0:	0e 94 49 00 	call	0x92	; 0x92 <TIMER0_voidInit>
	TIMER0_eSetCallBackNormal(Timer0);
 ef4:	84 e2       	ldi	r24, 0x24	; 36
 ef6:	97 e0       	ldi	r25, 0x07	; 7
 ef8:	0e 94 5d 00 	call	0xba	; 0xba <TIMER0_eSetCallBackNormal>
}
 efc:	08 95       	ret

00000efe <main>:
u8* value;
u8 value1=0,value2=0,value3=':',value4=0,value5=0;
u8 num=255;

int main()
{
 efe:	0f 93       	push	r16
 f00:	1f 93       	push	r17
	DIO_voidInit();
 f02:	0e 94 3b 03 	call	0x676	; 0x676 <DIO_voidInit>
	KPD_voidInit();
 f06:	0e 94 59 05 	call	0xab2	; 0xab2 <KPD_voidInit>
	LCD_voidInit();
 f0a:	0e 94 59 04 	call	0x8b2	; 0x8b2 <LCD_voidInit>
	DIO_u8SetPinDirection(DIO_u8_PORTD,DIO_u8_PIN2,DIO_u8_INPUT);
 f0e:	83 e0       	ldi	r24, 0x03	; 3
 f10:	62 e0       	ldi	r22, 0x02	; 2
 f12:	40 e0       	ldi	r20, 0x00	; 0
 f14:	0e 94 e2 01 	call	0x3c4	; 0x3c4 <DIO_u8SetPinDirection>
	DIO_u8SetPinDirection(DIO_u8_PORTD,DIO_u8_PIN3,DIO_u8_INPUT);
 f18:	83 e0       	ldi	r24, 0x03	; 3
 f1a:	63 e0       	ldi	r22, 0x03	; 3
 f1c:	40 e0       	ldi	r20, 0x00	; 0
 f1e:	0e 94 e2 01 	call	0x3c4	; 0x3c4 <DIO_u8SetPinDirection>
	DIO_u8SetPinDirection(DIO_u8_PORTB,DIO_u8_PIN2,DIO_u8_INPUT);
 f22:	81 e0       	ldi	r24, 0x01	; 1
 f24:	62 e0       	ldi	r22, 0x02	; 2
 f26:	40 e0       	ldi	r20, 0x00	; 0
 f28:	0e 94 e2 01 	call	0x3c4	; 0x3c4 <DIO_u8SetPinDirection>
	EXTI_voidEnableDisable(INT0,ENABLED);
 f2c:	80 e0       	ldi	r24, 0x00	; 0
 f2e:	60 e0       	ldi	r22, 0x00	; 0
 f30:	0e 94 d2 00 	call	0x1a4	; 0x1a4 <EXTI_voidEnableDisable>
	EXTI_voidSetSenseCtrl(INT0,ON_CHANGE);
 f34:	80 e0       	ldi	r24, 0x00	; 0
 f36:	61 e0       	ldi	r22, 0x01	; 1
 f38:	0e 94 fc 00 	call	0x1f8	; 0x1f8 <EXTI_voidSetSenseCtrl>
	EXTI_voidSetCallBack(INT0,Go_Left);
 f3c:	80 e0       	ldi	r24, 0x00	; 0
 f3e:	6d e8       	ldi	r22, 0x8D	; 141
 f40:	76 e0       	ldi	r23, 0x06	; 6
 f42:	0e 94 48 01 	call	0x290	; 0x290 <EXTI_voidSetCallBack>
	EXTI_voidEnableDisable(INT1,ENABLED);
 f46:	81 e0       	ldi	r24, 0x01	; 1
 f48:	60 e0       	ldi	r22, 0x00	; 0
 f4a:	0e 94 d2 00 	call	0x1a4	; 0x1a4 <EXTI_voidEnableDisable>
	EXTI_voidSetSenseCtrl(INT1,ON_CHANGE);
 f4e:	81 e0       	ldi	r24, 0x01	; 1
 f50:	61 e0       	ldi	r22, 0x01	; 1
 f52:	0e 94 fc 00 	call	0x1f8	; 0x1f8 <EXTI_voidSetSenseCtrl>
	EXTI_voidSetCallBack(INT1,Go_Right);
 f56:	81 e0       	ldi	r24, 0x01	; 1
 f58:	6d ea       	ldi	r22, 0xAD	; 173
 f5a:	76 e0       	ldi	r23, 0x06	; 6
 f5c:	0e 94 48 01 	call	0x290	; 0x290 <EXTI_voidSetCallBack>
	EXTI_voidEnableDisable(INT2,ENABLED);
 f60:	82 e0       	ldi	r24, 0x02	; 2
 f62:	60 e0       	ldi	r22, 0x00	; 0
 f64:	0e 94 d2 00 	call	0x1a4	; 0x1a4 <EXTI_voidEnableDisable>
	EXTI_voidSetSenseCtrl(INT2,RISING_EDGE);
 f68:	82 e0       	ldi	r24, 0x02	; 2
 f6a:	63 e0       	ldi	r22, 0x03	; 3
 f6c:	0e 94 fc 00 	call	0x1f8	; 0x1f8 <EXTI_voidSetSenseCtrl>
	EXTI_voidSetCallBack(INT2,Start_Count);
 f70:	82 e0       	ldi	r24, 0x02	; 2
 f72:	68 e7       	ldi	r22, 0x78	; 120
 f74:	77 e0       	ldi	r23, 0x07	; 7
 f76:	0e 94 48 01 	call	0x290	; 0x290 <EXTI_voidSetCallBack>
	GI_voidEnable();
 f7a:	0e 94 da 01 	call	0x3b4	; 0x3b4 <GI_voidEnable>

	value=&value1;
 f7e:	8e e9       	ldi	r24, 0x9E	; 158
 f80:	90 e0       	ldi	r25, 0x00	; 0
 f82:	90 93 a3 00 	sts	0x00A3, r25
 f86:	80 93 a2 00 	sts	0x00A2, r24
	Display_Counter(value1,value2,value3,value4,value5);
 f8a:	80 91 9e 00 	lds	r24, 0x009E
 f8e:	60 91 9f 00 	lds	r22, 0x009F
 f92:	40 91 6f 00 	lds	r20, 0x006F
 f96:	20 91 a0 00 	lds	r18, 0x00A0
 f9a:	00 91 a1 00 	lds	r16, 0x00A1
 f9e:	0e 94 fc 06 	call	0xdf8	; 0xdf8 <Display_Counter>
		while(num==255)
		{
		 num=KPD_u8GetPressedKey();}
		*value=num;
		Display_Counter(value1,value2,value3,value4,value5);
		num=255;
 fa2:	1f ef       	ldi	r17, 0xFF	; 255
 fa4:	04 c0       	rjmp	.+8      	; 0xfae <main+0xb0>
	while(1)
	{

		while(num==255)
		{
		 num=KPD_u8GetPressedKey();}
 fa6:	0e 94 e1 04 	call	0x9c2	; 0x9c2 <KPD_u8GetPressedKey>
 faa:	80 93 70 00 	sts	0x0070, r24
	value=&value1;
	Display_Counter(value1,value2,value3,value4,value5);
	while(1)
	{

		while(num==255)
 fae:	80 91 70 00 	lds	r24, 0x0070
 fb2:	8f 3f       	cpi	r24, 0xFF	; 255
 fb4:	c1 f3       	breq	.-16     	; 0xfa6 <main+0xa8>
		{
		 num=KPD_u8GetPressedKey();}
		*value=num;
 fb6:	e0 91 a2 00 	lds	r30, 0x00A2
 fba:	f0 91 a3 00 	lds	r31, 0x00A3
 fbe:	80 83       	st	Z, r24
		Display_Counter(value1,value2,value3,value4,value5);
 fc0:	80 91 9e 00 	lds	r24, 0x009E
 fc4:	60 91 9f 00 	lds	r22, 0x009F
 fc8:	40 91 6f 00 	lds	r20, 0x006F
 fcc:	20 91 a0 00 	lds	r18, 0x00A0
 fd0:	00 91 a1 00 	lds	r16, 0x00A1
 fd4:	0e 94 fc 06 	call	0xdf8	; 0xdf8 <Display_Counter>
		num=255;
 fd8:	10 93 70 00 	sts	0x0070, r17
 fdc:	e8 cf       	rjmp	.-48     	; 0xfae <main+0xb0>

00000fde <_exit>:
 fde:	f8 94       	cli

00000fe0 <__stop_program>:
 fe0:	ff cf       	rjmp	.-2      	; 0xfe0 <__stop_program>
