
DIOProject.elf:     file format elf32-avr

Sections:
Idx Name          Size      VMA       LMA       File off  Algn
  0 .text         00002da2  00000000  00000000  00000074  2**1
                  CONTENTS, ALLOC, LOAD, READONLY, CODE
  1 .data         0000005c  00800060  00002da2  00002e16  2**0
                  CONTENTS, ALLOC, LOAD, DATA
  2 .stab         00002b14  00000000  00000000  00002e74  2**2
                  CONTENTS, READONLY, DEBUGGING
  3 .stabstr      0000104a  00000000  00000000  00005988  2**0
                  CONTENTS, READONLY, DEBUGGING
  4 .debug_aranges 00000140  00000000  00000000  000069d2  2**0
                  CONTENTS, READONLY, DEBUGGING
  5 .debug_pubnames 00000170  00000000  00000000  00006b12  2**0
                  CONTENTS, READONLY, DEBUGGING
  6 .debug_info   00001c49  00000000  00000000  00006c82  2**0
                  CONTENTS, READONLY, DEBUGGING
  7 .debug_abbrev 00000eeb  00000000  00000000  000088cb  2**0
                  CONTENTS, READONLY, DEBUGGING
  8 .debug_line   00000dad  00000000  00000000  000097b6  2**0
                  CONTENTS, READONLY, DEBUGGING
  9 .debug_frame  00000160  00000000  00000000  0000a564  2**2
                  CONTENTS, READONLY, DEBUGGING
 10 .debug_str    0000028d  00000000  00000000  0000a6c4  2**0
                  CONTENTS, READONLY, DEBUGGING
 11 .debug_loc    000007ce  00000000  00000000  0000a951  2**0
                  CONTENTS, READONLY, DEBUGGING
 12 .debug_ranges 00000050  00000000  00000000  0000b11f  2**0
                  CONTENTS, READONLY, DEBUGGING

Disassembly of section .text:

00000000 <__vectors>:
       0:	0c 94 2a 00 	jmp	0x54	; 0x54 <__ctors_end>
       4:	0c 94 3f 00 	jmp	0x7e	; 0x7e <__bad_interrupt>
       8:	0c 94 3f 00 	jmp	0x7e	; 0x7e <__bad_interrupt>
       c:	0c 94 3f 00 	jmp	0x7e	; 0x7e <__bad_interrupt>
      10:	0c 94 3f 00 	jmp	0x7e	; 0x7e <__bad_interrupt>
      14:	0c 94 3f 00 	jmp	0x7e	; 0x7e <__bad_interrupt>
      18:	0c 94 3f 00 	jmp	0x7e	; 0x7e <__bad_interrupt>
      1c:	0c 94 3f 00 	jmp	0x7e	; 0x7e <__bad_interrupt>
      20:	0c 94 3f 00 	jmp	0x7e	; 0x7e <__bad_interrupt>
      24:	0c 94 3f 00 	jmp	0x7e	; 0x7e <__bad_interrupt>
      28:	0c 94 3f 00 	jmp	0x7e	; 0x7e <__bad_interrupt>
      2c:	0c 94 3f 00 	jmp	0x7e	; 0x7e <__bad_interrupt>
      30:	0c 94 3f 00 	jmp	0x7e	; 0x7e <__bad_interrupt>
      34:	0c 94 3f 00 	jmp	0x7e	; 0x7e <__bad_interrupt>
      38:	0c 94 3f 00 	jmp	0x7e	; 0x7e <__bad_interrupt>
      3c:	0c 94 3f 00 	jmp	0x7e	; 0x7e <__bad_interrupt>
      40:	0c 94 3f 00 	jmp	0x7e	; 0x7e <__bad_interrupt>
      44:	0c 94 3f 00 	jmp	0x7e	; 0x7e <__bad_interrupt>
      48:	0c 94 3f 00 	jmp	0x7e	; 0x7e <__bad_interrupt>
      4c:	0c 94 3f 00 	jmp	0x7e	; 0x7e <__bad_interrupt>
      50:	0c 94 3f 00 	jmp	0x7e	; 0x7e <__bad_interrupt>

00000054 <__ctors_end>:
      54:	11 24       	eor	r1, r1
      56:	1f be       	out	0x3f, r1	; 63
      58:	cf e5       	ldi	r28, 0x5F	; 95
      5a:	d8 e0       	ldi	r29, 0x08	; 8
      5c:	de bf       	out	0x3e, r29	; 62
      5e:	cd bf       	out	0x3d, r28	; 61

00000060 <__do_copy_data>:
      60:	10 e0       	ldi	r17, 0x00	; 0
      62:	a0 e6       	ldi	r26, 0x60	; 96
      64:	b0 e0       	ldi	r27, 0x00	; 0
      66:	e2 ea       	ldi	r30, 0xA2	; 162
      68:	fd e2       	ldi	r31, 0x2D	; 45
      6a:	02 c0       	rjmp	.+4      	; 0x70 <.do_copy_data_start>

0000006c <.do_copy_data_loop>:
      6c:	05 90       	lpm	r0, Z+
      6e:	0d 92       	st	X+, r0

00000070 <.do_copy_data_start>:
      70:	ac 3b       	cpi	r26, 0xBC	; 188
      72:	b1 07       	cpc	r27, r17
      74:	d9 f7       	brne	.-10     	; 0x6c <.do_copy_data_loop>
      76:	0e 94 30 14 	call	0x2860	; 0x2860 <main>
      7a:	0c 94 cf 16 	jmp	0x2d9e	; 0x2d9e <_exit>

0000007e <__bad_interrupt>:
      7e:	0c 94 00 00 	jmp	0	; 0x0 <__vectors>

00000082 <__fixunssfsi>:
      82:	ef 92       	push	r14
      84:	ff 92       	push	r15
      86:	0f 93       	push	r16
      88:	1f 93       	push	r17
      8a:	7b 01       	movw	r14, r22
      8c:	8c 01       	movw	r16, r24
      8e:	20 e0       	ldi	r18, 0x00	; 0
      90:	30 e0       	ldi	r19, 0x00	; 0
      92:	40 e0       	ldi	r20, 0x00	; 0
      94:	5f e4       	ldi	r21, 0x4F	; 79
      96:	0e 94 41 03 	call	0x682	; 0x682 <__gesf2>
      9a:	88 23       	and	r24, r24
      9c:	8c f0       	brlt	.+34     	; 0xc0 <__fixunssfsi+0x3e>
      9e:	c8 01       	movw	r24, r16
      a0:	b7 01       	movw	r22, r14
      a2:	20 e0       	ldi	r18, 0x00	; 0
      a4:	30 e0       	ldi	r19, 0x00	; 0
      a6:	40 e0       	ldi	r20, 0x00	; 0
      a8:	5f e4       	ldi	r21, 0x4F	; 79
      aa:	0e 94 b9 01 	call	0x372	; 0x372 <__subsf3>
      ae:	0e 94 a1 03 	call	0x742	; 0x742 <__fixsfsi>
      b2:	9b 01       	movw	r18, r22
      b4:	ac 01       	movw	r20, r24
      b6:	20 50       	subi	r18, 0x00	; 0
      b8:	30 40       	sbci	r19, 0x00	; 0
      ba:	40 40       	sbci	r20, 0x00	; 0
      bc:	50 48       	sbci	r21, 0x80	; 128
      be:	06 c0       	rjmp	.+12     	; 0xcc <__fixunssfsi+0x4a>
      c0:	c8 01       	movw	r24, r16
      c2:	b7 01       	movw	r22, r14
      c4:	0e 94 a1 03 	call	0x742	; 0x742 <__fixsfsi>
      c8:	9b 01       	movw	r18, r22
      ca:	ac 01       	movw	r20, r24
      cc:	b9 01       	movw	r22, r18
      ce:	ca 01       	movw	r24, r20
      d0:	1f 91       	pop	r17
      d2:	0f 91       	pop	r16
      d4:	ff 90       	pop	r15
      d6:	ef 90       	pop	r14
      d8:	08 95       	ret

000000da <_fpadd_parts>:
      da:	a0 e0       	ldi	r26, 0x00	; 0
      dc:	b0 e0       	ldi	r27, 0x00	; 0
      de:	e3 e7       	ldi	r30, 0x73	; 115
      e0:	f0 e0       	ldi	r31, 0x00	; 0
      e2:	0c 94 98 16 	jmp	0x2d30	; 0x2d30 <__prologue_saves__>
      e6:	dc 01       	movw	r26, r24
      e8:	2b 01       	movw	r4, r22
      ea:	fa 01       	movw	r30, r20
      ec:	9c 91       	ld	r25, X
      ee:	92 30       	cpi	r25, 0x02	; 2
      f0:	08 f4       	brcc	.+2      	; 0xf4 <_fpadd_parts+0x1a>
      f2:	39 c1       	rjmp	.+626    	; 0x366 <_fpadd_parts+0x28c>
      f4:	eb 01       	movw	r28, r22
      f6:	88 81       	ld	r24, Y
      f8:	82 30       	cpi	r24, 0x02	; 2
      fa:	08 f4       	brcc	.+2      	; 0xfe <_fpadd_parts+0x24>
      fc:	33 c1       	rjmp	.+614    	; 0x364 <_fpadd_parts+0x28a>
      fe:	94 30       	cpi	r25, 0x04	; 4
     100:	69 f4       	brne	.+26     	; 0x11c <_fpadd_parts+0x42>
     102:	84 30       	cpi	r24, 0x04	; 4
     104:	09 f0       	breq	.+2      	; 0x108 <_fpadd_parts+0x2e>
     106:	2f c1       	rjmp	.+606    	; 0x366 <_fpadd_parts+0x28c>
     108:	11 96       	adiw	r26, 0x01	; 1
     10a:	9c 91       	ld	r25, X
     10c:	11 97       	sbiw	r26, 0x01	; 1
     10e:	89 81       	ldd	r24, Y+1	; 0x01
     110:	98 17       	cp	r25, r24
     112:	09 f4       	brne	.+2      	; 0x116 <_fpadd_parts+0x3c>
     114:	28 c1       	rjmp	.+592    	; 0x366 <_fpadd_parts+0x28c>
     116:	a6 e9       	ldi	r26, 0x96	; 150
     118:	b0 e0       	ldi	r27, 0x00	; 0
     11a:	25 c1       	rjmp	.+586    	; 0x366 <_fpadd_parts+0x28c>
     11c:	84 30       	cpi	r24, 0x04	; 4
     11e:	09 f4       	brne	.+2      	; 0x122 <_fpadd_parts+0x48>
     120:	21 c1       	rjmp	.+578    	; 0x364 <_fpadd_parts+0x28a>
     122:	82 30       	cpi	r24, 0x02	; 2
     124:	a9 f4       	brne	.+42     	; 0x150 <_fpadd_parts+0x76>
     126:	92 30       	cpi	r25, 0x02	; 2
     128:	09 f0       	breq	.+2      	; 0x12c <_fpadd_parts+0x52>
     12a:	1d c1       	rjmp	.+570    	; 0x366 <_fpadd_parts+0x28c>
     12c:	9a 01       	movw	r18, r20
     12e:	ad 01       	movw	r20, r26
     130:	88 e0       	ldi	r24, 0x08	; 8
     132:	ea 01       	movw	r28, r20
     134:	09 90       	ld	r0, Y+
     136:	ae 01       	movw	r20, r28
     138:	e9 01       	movw	r28, r18
     13a:	09 92       	st	Y+, r0
     13c:	9e 01       	movw	r18, r28
     13e:	81 50       	subi	r24, 0x01	; 1
     140:	c1 f7       	brne	.-16     	; 0x132 <_fpadd_parts+0x58>
     142:	e2 01       	movw	r28, r4
     144:	89 81       	ldd	r24, Y+1	; 0x01
     146:	11 96       	adiw	r26, 0x01	; 1
     148:	9c 91       	ld	r25, X
     14a:	89 23       	and	r24, r25
     14c:	81 83       	std	Z+1, r24	; 0x01
     14e:	08 c1       	rjmp	.+528    	; 0x360 <_fpadd_parts+0x286>
     150:	92 30       	cpi	r25, 0x02	; 2
     152:	09 f4       	brne	.+2      	; 0x156 <_fpadd_parts+0x7c>
     154:	07 c1       	rjmp	.+526    	; 0x364 <_fpadd_parts+0x28a>
     156:	12 96       	adiw	r26, 0x02	; 2
     158:	2d 90       	ld	r2, X+
     15a:	3c 90       	ld	r3, X
     15c:	13 97       	sbiw	r26, 0x03	; 3
     15e:	eb 01       	movw	r28, r22
     160:	8a 81       	ldd	r24, Y+2	; 0x02
     162:	9b 81       	ldd	r25, Y+3	; 0x03
     164:	14 96       	adiw	r26, 0x04	; 4
     166:	ad 90       	ld	r10, X+
     168:	bd 90       	ld	r11, X+
     16a:	cd 90       	ld	r12, X+
     16c:	dc 90       	ld	r13, X
     16e:	17 97       	sbiw	r26, 0x07	; 7
     170:	ec 80       	ldd	r14, Y+4	; 0x04
     172:	fd 80       	ldd	r15, Y+5	; 0x05
     174:	0e 81       	ldd	r16, Y+6	; 0x06
     176:	1f 81       	ldd	r17, Y+7	; 0x07
     178:	91 01       	movw	r18, r2
     17a:	28 1b       	sub	r18, r24
     17c:	39 0b       	sbc	r19, r25
     17e:	b9 01       	movw	r22, r18
     180:	37 ff       	sbrs	r19, 7
     182:	04 c0       	rjmp	.+8      	; 0x18c <_fpadd_parts+0xb2>
     184:	66 27       	eor	r22, r22
     186:	77 27       	eor	r23, r23
     188:	62 1b       	sub	r22, r18
     18a:	73 0b       	sbc	r23, r19
     18c:	60 32       	cpi	r22, 0x20	; 32
     18e:	71 05       	cpc	r23, r1
     190:	0c f0       	brlt	.+2      	; 0x194 <_fpadd_parts+0xba>
     192:	61 c0       	rjmp	.+194    	; 0x256 <_fpadd_parts+0x17c>
     194:	12 16       	cp	r1, r18
     196:	13 06       	cpc	r1, r19
     198:	6c f5       	brge	.+90     	; 0x1f4 <_fpadd_parts+0x11a>
     19a:	37 01       	movw	r6, r14
     19c:	48 01       	movw	r8, r16
     19e:	06 2e       	mov	r0, r22
     1a0:	04 c0       	rjmp	.+8      	; 0x1aa <_fpadd_parts+0xd0>
     1a2:	96 94       	lsr	r9
     1a4:	87 94       	ror	r8
     1a6:	77 94       	ror	r7
     1a8:	67 94       	ror	r6
     1aa:	0a 94       	dec	r0
     1ac:	d2 f7       	brpl	.-12     	; 0x1a2 <_fpadd_parts+0xc8>
     1ae:	21 e0       	ldi	r18, 0x01	; 1
     1b0:	30 e0       	ldi	r19, 0x00	; 0
     1b2:	40 e0       	ldi	r20, 0x00	; 0
     1b4:	50 e0       	ldi	r21, 0x00	; 0
     1b6:	04 c0       	rjmp	.+8      	; 0x1c0 <_fpadd_parts+0xe6>
     1b8:	22 0f       	add	r18, r18
     1ba:	33 1f       	adc	r19, r19
     1bc:	44 1f       	adc	r20, r20
     1be:	55 1f       	adc	r21, r21
     1c0:	6a 95       	dec	r22
     1c2:	d2 f7       	brpl	.-12     	; 0x1b8 <_fpadd_parts+0xde>
     1c4:	21 50       	subi	r18, 0x01	; 1
     1c6:	30 40       	sbci	r19, 0x00	; 0
     1c8:	40 40       	sbci	r20, 0x00	; 0
     1ca:	50 40       	sbci	r21, 0x00	; 0
     1cc:	2e 21       	and	r18, r14
     1ce:	3f 21       	and	r19, r15
     1d0:	40 23       	and	r20, r16
     1d2:	51 23       	and	r21, r17
     1d4:	21 15       	cp	r18, r1
     1d6:	31 05       	cpc	r19, r1
     1d8:	41 05       	cpc	r20, r1
     1da:	51 05       	cpc	r21, r1
     1dc:	21 f0       	breq	.+8      	; 0x1e6 <_fpadd_parts+0x10c>
     1de:	21 e0       	ldi	r18, 0x01	; 1
     1e0:	30 e0       	ldi	r19, 0x00	; 0
     1e2:	40 e0       	ldi	r20, 0x00	; 0
     1e4:	50 e0       	ldi	r21, 0x00	; 0
     1e6:	79 01       	movw	r14, r18
     1e8:	8a 01       	movw	r16, r20
     1ea:	e6 28       	or	r14, r6
     1ec:	f7 28       	or	r15, r7
     1ee:	08 29       	or	r16, r8
     1f0:	19 29       	or	r17, r9
     1f2:	3c c0       	rjmp	.+120    	; 0x26c <_fpadd_parts+0x192>
     1f4:	23 2b       	or	r18, r19
     1f6:	d1 f1       	breq	.+116    	; 0x26c <_fpadd_parts+0x192>
     1f8:	26 0e       	add	r2, r22
     1fa:	37 1e       	adc	r3, r23
     1fc:	35 01       	movw	r6, r10
     1fe:	46 01       	movw	r8, r12
     200:	06 2e       	mov	r0, r22
     202:	04 c0       	rjmp	.+8      	; 0x20c <_fpadd_parts+0x132>
     204:	96 94       	lsr	r9
     206:	87 94       	ror	r8
     208:	77 94       	ror	r7
     20a:	67 94       	ror	r6
     20c:	0a 94       	dec	r0
     20e:	d2 f7       	brpl	.-12     	; 0x204 <_fpadd_parts+0x12a>
     210:	21 e0       	ldi	r18, 0x01	; 1
     212:	30 e0       	ldi	r19, 0x00	; 0
     214:	40 e0       	ldi	r20, 0x00	; 0
     216:	50 e0       	ldi	r21, 0x00	; 0
     218:	04 c0       	rjmp	.+8      	; 0x222 <_fpadd_parts+0x148>
     21a:	22 0f       	add	r18, r18
     21c:	33 1f       	adc	r19, r19
     21e:	44 1f       	adc	r20, r20
     220:	55 1f       	adc	r21, r21
     222:	6a 95       	dec	r22
     224:	d2 f7       	brpl	.-12     	; 0x21a <_fpadd_parts+0x140>
     226:	21 50       	subi	r18, 0x01	; 1
     228:	30 40       	sbci	r19, 0x00	; 0
     22a:	40 40       	sbci	r20, 0x00	; 0
     22c:	50 40       	sbci	r21, 0x00	; 0
     22e:	2a 21       	and	r18, r10
     230:	3b 21       	and	r19, r11
     232:	4c 21       	and	r20, r12
     234:	5d 21       	and	r21, r13
     236:	21 15       	cp	r18, r1
     238:	31 05       	cpc	r19, r1
     23a:	41 05       	cpc	r20, r1
     23c:	51 05       	cpc	r21, r1
     23e:	21 f0       	breq	.+8      	; 0x248 <_fpadd_parts+0x16e>
     240:	21 e0       	ldi	r18, 0x01	; 1
     242:	30 e0       	ldi	r19, 0x00	; 0
     244:	40 e0       	ldi	r20, 0x00	; 0
     246:	50 e0       	ldi	r21, 0x00	; 0
     248:	59 01       	movw	r10, r18
     24a:	6a 01       	movw	r12, r20
     24c:	a6 28       	or	r10, r6
     24e:	b7 28       	or	r11, r7
     250:	c8 28       	or	r12, r8
     252:	d9 28       	or	r13, r9
     254:	0b c0       	rjmp	.+22     	; 0x26c <_fpadd_parts+0x192>
     256:	82 15       	cp	r24, r2
     258:	93 05       	cpc	r25, r3
     25a:	2c f0       	brlt	.+10     	; 0x266 <_fpadd_parts+0x18c>
     25c:	1c 01       	movw	r2, r24
     25e:	aa 24       	eor	r10, r10
     260:	bb 24       	eor	r11, r11
     262:	65 01       	movw	r12, r10
     264:	03 c0       	rjmp	.+6      	; 0x26c <_fpadd_parts+0x192>
     266:	ee 24       	eor	r14, r14
     268:	ff 24       	eor	r15, r15
     26a:	87 01       	movw	r16, r14
     26c:	11 96       	adiw	r26, 0x01	; 1
     26e:	9c 91       	ld	r25, X
     270:	d2 01       	movw	r26, r4
     272:	11 96       	adiw	r26, 0x01	; 1
     274:	8c 91       	ld	r24, X
     276:	98 17       	cp	r25, r24
     278:	09 f4       	brne	.+2      	; 0x27c <_fpadd_parts+0x1a2>
     27a:	45 c0       	rjmp	.+138    	; 0x306 <_fpadd_parts+0x22c>
     27c:	99 23       	and	r25, r25
     27e:	39 f0       	breq	.+14     	; 0x28e <_fpadd_parts+0x1b4>
     280:	a8 01       	movw	r20, r16
     282:	97 01       	movw	r18, r14
     284:	2a 19       	sub	r18, r10
     286:	3b 09       	sbc	r19, r11
     288:	4c 09       	sbc	r20, r12
     28a:	5d 09       	sbc	r21, r13
     28c:	06 c0       	rjmp	.+12     	; 0x29a <_fpadd_parts+0x1c0>
     28e:	a6 01       	movw	r20, r12
     290:	95 01       	movw	r18, r10
     292:	2e 19       	sub	r18, r14
     294:	3f 09       	sbc	r19, r15
     296:	40 0b       	sbc	r20, r16
     298:	51 0b       	sbc	r21, r17
     29a:	57 fd       	sbrc	r21, 7
     29c:	08 c0       	rjmp	.+16     	; 0x2ae <_fpadd_parts+0x1d4>
     29e:	11 82       	std	Z+1, r1	; 0x01
     2a0:	33 82       	std	Z+3, r3	; 0x03
     2a2:	22 82       	std	Z+2, r2	; 0x02
     2a4:	24 83       	std	Z+4, r18	; 0x04
     2a6:	35 83       	std	Z+5, r19	; 0x05
     2a8:	46 83       	std	Z+6, r20	; 0x06
     2aa:	57 83       	std	Z+7, r21	; 0x07
     2ac:	1d c0       	rjmp	.+58     	; 0x2e8 <_fpadd_parts+0x20e>
     2ae:	81 e0       	ldi	r24, 0x01	; 1
     2b0:	81 83       	std	Z+1, r24	; 0x01
     2b2:	33 82       	std	Z+3, r3	; 0x03
     2b4:	22 82       	std	Z+2, r2	; 0x02
     2b6:	88 27       	eor	r24, r24
     2b8:	99 27       	eor	r25, r25
     2ba:	dc 01       	movw	r26, r24
     2bc:	82 1b       	sub	r24, r18
     2be:	93 0b       	sbc	r25, r19
     2c0:	a4 0b       	sbc	r26, r20
     2c2:	b5 0b       	sbc	r27, r21
     2c4:	84 83       	std	Z+4, r24	; 0x04
     2c6:	95 83       	std	Z+5, r25	; 0x05
     2c8:	a6 83       	std	Z+6, r26	; 0x06
     2ca:	b7 83       	std	Z+7, r27	; 0x07
     2cc:	0d c0       	rjmp	.+26     	; 0x2e8 <_fpadd_parts+0x20e>
     2ce:	22 0f       	add	r18, r18
     2d0:	33 1f       	adc	r19, r19
     2d2:	44 1f       	adc	r20, r20
     2d4:	55 1f       	adc	r21, r21
     2d6:	24 83       	std	Z+4, r18	; 0x04
     2d8:	35 83       	std	Z+5, r19	; 0x05
     2da:	46 83       	std	Z+6, r20	; 0x06
     2dc:	57 83       	std	Z+7, r21	; 0x07
     2de:	82 81       	ldd	r24, Z+2	; 0x02
     2e0:	93 81       	ldd	r25, Z+3	; 0x03
     2e2:	01 97       	sbiw	r24, 0x01	; 1
     2e4:	93 83       	std	Z+3, r25	; 0x03
     2e6:	82 83       	std	Z+2, r24	; 0x02
     2e8:	24 81       	ldd	r18, Z+4	; 0x04
     2ea:	35 81       	ldd	r19, Z+5	; 0x05
     2ec:	46 81       	ldd	r20, Z+6	; 0x06
     2ee:	57 81       	ldd	r21, Z+7	; 0x07
     2f0:	da 01       	movw	r26, r20
     2f2:	c9 01       	movw	r24, r18
     2f4:	01 97       	sbiw	r24, 0x01	; 1
     2f6:	a1 09       	sbc	r26, r1
     2f8:	b1 09       	sbc	r27, r1
     2fa:	8f 5f       	subi	r24, 0xFF	; 255
     2fc:	9f 4f       	sbci	r25, 0xFF	; 255
     2fe:	af 4f       	sbci	r26, 0xFF	; 255
     300:	bf 43       	sbci	r27, 0x3F	; 63
     302:	28 f3       	brcs	.-54     	; 0x2ce <_fpadd_parts+0x1f4>
     304:	0b c0       	rjmp	.+22     	; 0x31c <_fpadd_parts+0x242>
     306:	91 83       	std	Z+1, r25	; 0x01
     308:	33 82       	std	Z+3, r3	; 0x03
     30a:	22 82       	std	Z+2, r2	; 0x02
     30c:	ea 0c       	add	r14, r10
     30e:	fb 1c       	adc	r15, r11
     310:	0c 1d       	adc	r16, r12
     312:	1d 1d       	adc	r17, r13
     314:	e4 82       	std	Z+4, r14	; 0x04
     316:	f5 82       	std	Z+5, r15	; 0x05
     318:	06 83       	std	Z+6, r16	; 0x06
     31a:	17 83       	std	Z+7, r17	; 0x07
     31c:	83 e0       	ldi	r24, 0x03	; 3
     31e:	80 83       	st	Z, r24
     320:	24 81       	ldd	r18, Z+4	; 0x04
     322:	35 81       	ldd	r19, Z+5	; 0x05
     324:	46 81       	ldd	r20, Z+6	; 0x06
     326:	57 81       	ldd	r21, Z+7	; 0x07
     328:	57 ff       	sbrs	r21, 7
     32a:	1a c0       	rjmp	.+52     	; 0x360 <_fpadd_parts+0x286>
     32c:	c9 01       	movw	r24, r18
     32e:	aa 27       	eor	r26, r26
     330:	97 fd       	sbrc	r25, 7
     332:	a0 95       	com	r26
     334:	ba 2f       	mov	r27, r26
     336:	81 70       	andi	r24, 0x01	; 1
     338:	90 70       	andi	r25, 0x00	; 0
     33a:	a0 70       	andi	r26, 0x00	; 0
     33c:	b0 70       	andi	r27, 0x00	; 0
     33e:	56 95       	lsr	r21
     340:	47 95       	ror	r20
     342:	37 95       	ror	r19
     344:	27 95       	ror	r18
     346:	82 2b       	or	r24, r18
     348:	93 2b       	or	r25, r19
     34a:	a4 2b       	or	r26, r20
     34c:	b5 2b       	or	r27, r21
     34e:	84 83       	std	Z+4, r24	; 0x04
     350:	95 83       	std	Z+5, r25	; 0x05
     352:	a6 83       	std	Z+6, r26	; 0x06
     354:	b7 83       	std	Z+7, r27	; 0x07
     356:	82 81       	ldd	r24, Z+2	; 0x02
     358:	93 81       	ldd	r25, Z+3	; 0x03
     35a:	01 96       	adiw	r24, 0x01	; 1
     35c:	93 83       	std	Z+3, r25	; 0x03
     35e:	82 83       	std	Z+2, r24	; 0x02
     360:	df 01       	movw	r26, r30
     362:	01 c0       	rjmp	.+2      	; 0x366 <_fpadd_parts+0x28c>
     364:	d2 01       	movw	r26, r4
     366:	cd 01       	movw	r24, r26
     368:	cd b7       	in	r28, 0x3d	; 61
     36a:	de b7       	in	r29, 0x3e	; 62
     36c:	e2 e1       	ldi	r30, 0x12	; 18
     36e:	0c 94 b4 16 	jmp	0x2d68	; 0x2d68 <__epilogue_restores__>

00000372 <__subsf3>:
     372:	a0 e2       	ldi	r26, 0x20	; 32
     374:	b0 e0       	ldi	r27, 0x00	; 0
     376:	ef eb       	ldi	r30, 0xBF	; 191
     378:	f1 e0       	ldi	r31, 0x01	; 1
     37a:	0c 94 a4 16 	jmp	0x2d48	; 0x2d48 <__prologue_saves__+0x18>
     37e:	69 83       	std	Y+1, r22	; 0x01
     380:	7a 83       	std	Y+2, r23	; 0x02
     382:	8b 83       	std	Y+3, r24	; 0x03
     384:	9c 83       	std	Y+4, r25	; 0x04
     386:	2d 83       	std	Y+5, r18	; 0x05
     388:	3e 83       	std	Y+6, r19	; 0x06
     38a:	4f 83       	std	Y+7, r20	; 0x07
     38c:	58 87       	std	Y+8, r21	; 0x08
     38e:	e9 e0       	ldi	r30, 0x09	; 9
     390:	ee 2e       	mov	r14, r30
     392:	f1 2c       	mov	r15, r1
     394:	ec 0e       	add	r14, r28
     396:	fd 1e       	adc	r15, r29
     398:	ce 01       	movw	r24, r28
     39a:	01 96       	adiw	r24, 0x01	; 1
     39c:	b7 01       	movw	r22, r14
     39e:	0e 94 ca 04 	call	0x994	; 0x994 <__unpack_f>
     3a2:	8e 01       	movw	r16, r28
     3a4:	0f 5e       	subi	r16, 0xEF	; 239
     3a6:	1f 4f       	sbci	r17, 0xFF	; 255
     3a8:	ce 01       	movw	r24, r28
     3aa:	05 96       	adiw	r24, 0x05	; 5
     3ac:	b8 01       	movw	r22, r16
     3ae:	0e 94 ca 04 	call	0x994	; 0x994 <__unpack_f>
     3b2:	8a 89       	ldd	r24, Y+18	; 0x12
     3b4:	91 e0       	ldi	r25, 0x01	; 1
     3b6:	89 27       	eor	r24, r25
     3b8:	8a 8b       	std	Y+18, r24	; 0x12
     3ba:	c7 01       	movw	r24, r14
     3bc:	b8 01       	movw	r22, r16
     3be:	ae 01       	movw	r20, r28
     3c0:	47 5e       	subi	r20, 0xE7	; 231
     3c2:	5f 4f       	sbci	r21, 0xFF	; 255
     3c4:	0e 94 6d 00 	call	0xda	; 0xda <_fpadd_parts>
     3c8:	0e 94 f5 03 	call	0x7ea	; 0x7ea <__pack_f>
     3cc:	a0 96       	adiw	r28, 0x20	; 32
     3ce:	e6 e0       	ldi	r30, 0x06	; 6
     3d0:	0c 94 c0 16 	jmp	0x2d80	; 0x2d80 <__epilogue_restores__+0x18>

000003d4 <__addsf3>:
     3d4:	a0 e2       	ldi	r26, 0x20	; 32
     3d6:	b0 e0       	ldi	r27, 0x00	; 0
     3d8:	e0 ef       	ldi	r30, 0xF0	; 240
     3da:	f1 e0       	ldi	r31, 0x01	; 1
     3dc:	0c 94 a4 16 	jmp	0x2d48	; 0x2d48 <__prologue_saves__+0x18>
     3e0:	69 83       	std	Y+1, r22	; 0x01
     3e2:	7a 83       	std	Y+2, r23	; 0x02
     3e4:	8b 83       	std	Y+3, r24	; 0x03
     3e6:	9c 83       	std	Y+4, r25	; 0x04
     3e8:	2d 83       	std	Y+5, r18	; 0x05
     3ea:	3e 83       	std	Y+6, r19	; 0x06
     3ec:	4f 83       	std	Y+7, r20	; 0x07
     3ee:	58 87       	std	Y+8, r21	; 0x08
     3f0:	f9 e0       	ldi	r31, 0x09	; 9
     3f2:	ef 2e       	mov	r14, r31
     3f4:	f1 2c       	mov	r15, r1
     3f6:	ec 0e       	add	r14, r28
     3f8:	fd 1e       	adc	r15, r29
     3fa:	ce 01       	movw	r24, r28
     3fc:	01 96       	adiw	r24, 0x01	; 1
     3fe:	b7 01       	movw	r22, r14
     400:	0e 94 ca 04 	call	0x994	; 0x994 <__unpack_f>
     404:	8e 01       	movw	r16, r28
     406:	0f 5e       	subi	r16, 0xEF	; 239
     408:	1f 4f       	sbci	r17, 0xFF	; 255
     40a:	ce 01       	movw	r24, r28
     40c:	05 96       	adiw	r24, 0x05	; 5
     40e:	b8 01       	movw	r22, r16
     410:	0e 94 ca 04 	call	0x994	; 0x994 <__unpack_f>
     414:	c7 01       	movw	r24, r14
     416:	b8 01       	movw	r22, r16
     418:	ae 01       	movw	r20, r28
     41a:	47 5e       	subi	r20, 0xE7	; 231
     41c:	5f 4f       	sbci	r21, 0xFF	; 255
     41e:	0e 94 6d 00 	call	0xda	; 0xda <_fpadd_parts>
     422:	0e 94 f5 03 	call	0x7ea	; 0x7ea <__pack_f>
     426:	a0 96       	adiw	r28, 0x20	; 32
     428:	e6 e0       	ldi	r30, 0x06	; 6
     42a:	0c 94 c0 16 	jmp	0x2d80	; 0x2d80 <__epilogue_restores__+0x18>

0000042e <__mulsf3>:
     42e:	a0 e2       	ldi	r26, 0x20	; 32
     430:	b0 e0       	ldi	r27, 0x00	; 0
     432:	ed e1       	ldi	r30, 0x1D	; 29
     434:	f2 e0       	ldi	r31, 0x02	; 2
     436:	0c 94 98 16 	jmp	0x2d30	; 0x2d30 <__prologue_saves__>
     43a:	69 83       	std	Y+1, r22	; 0x01
     43c:	7a 83       	std	Y+2, r23	; 0x02
     43e:	8b 83       	std	Y+3, r24	; 0x03
     440:	9c 83       	std	Y+4, r25	; 0x04
     442:	2d 83       	std	Y+5, r18	; 0x05
     444:	3e 83       	std	Y+6, r19	; 0x06
     446:	4f 83       	std	Y+7, r20	; 0x07
     448:	58 87       	std	Y+8, r21	; 0x08
     44a:	ce 01       	movw	r24, r28
     44c:	01 96       	adiw	r24, 0x01	; 1
     44e:	be 01       	movw	r22, r28
     450:	67 5f       	subi	r22, 0xF7	; 247
     452:	7f 4f       	sbci	r23, 0xFF	; 255
     454:	0e 94 ca 04 	call	0x994	; 0x994 <__unpack_f>
     458:	ce 01       	movw	r24, r28
     45a:	05 96       	adiw	r24, 0x05	; 5
     45c:	be 01       	movw	r22, r28
     45e:	6f 5e       	subi	r22, 0xEF	; 239
     460:	7f 4f       	sbci	r23, 0xFF	; 255
     462:	0e 94 ca 04 	call	0x994	; 0x994 <__unpack_f>
     466:	99 85       	ldd	r25, Y+9	; 0x09
     468:	92 30       	cpi	r25, 0x02	; 2
     46a:	88 f0       	brcs	.+34     	; 0x48e <__mulsf3+0x60>
     46c:	89 89       	ldd	r24, Y+17	; 0x11
     46e:	82 30       	cpi	r24, 0x02	; 2
     470:	c8 f0       	brcs	.+50     	; 0x4a4 <__mulsf3+0x76>
     472:	94 30       	cpi	r25, 0x04	; 4
     474:	19 f4       	brne	.+6      	; 0x47c <__mulsf3+0x4e>
     476:	82 30       	cpi	r24, 0x02	; 2
     478:	51 f4       	brne	.+20     	; 0x48e <__mulsf3+0x60>
     47a:	04 c0       	rjmp	.+8      	; 0x484 <__mulsf3+0x56>
     47c:	84 30       	cpi	r24, 0x04	; 4
     47e:	29 f4       	brne	.+10     	; 0x48a <__mulsf3+0x5c>
     480:	92 30       	cpi	r25, 0x02	; 2
     482:	81 f4       	brne	.+32     	; 0x4a4 <__mulsf3+0x76>
     484:	86 e9       	ldi	r24, 0x96	; 150
     486:	90 e0       	ldi	r25, 0x00	; 0
     488:	c6 c0       	rjmp	.+396    	; 0x616 <__mulsf3+0x1e8>
     48a:	92 30       	cpi	r25, 0x02	; 2
     48c:	49 f4       	brne	.+18     	; 0x4a0 <__mulsf3+0x72>
     48e:	20 e0       	ldi	r18, 0x00	; 0
     490:	9a 85       	ldd	r25, Y+10	; 0x0a
     492:	8a 89       	ldd	r24, Y+18	; 0x12
     494:	98 13       	cpse	r25, r24
     496:	21 e0       	ldi	r18, 0x01	; 1
     498:	2a 87       	std	Y+10, r18	; 0x0a
     49a:	ce 01       	movw	r24, r28
     49c:	09 96       	adiw	r24, 0x09	; 9
     49e:	bb c0       	rjmp	.+374    	; 0x616 <__mulsf3+0x1e8>
     4a0:	82 30       	cpi	r24, 0x02	; 2
     4a2:	49 f4       	brne	.+18     	; 0x4b6 <__mulsf3+0x88>
     4a4:	20 e0       	ldi	r18, 0x00	; 0
     4a6:	9a 85       	ldd	r25, Y+10	; 0x0a
     4a8:	8a 89       	ldd	r24, Y+18	; 0x12
     4aa:	98 13       	cpse	r25, r24
     4ac:	21 e0       	ldi	r18, 0x01	; 1
     4ae:	2a 8b       	std	Y+18, r18	; 0x12
     4b0:	ce 01       	movw	r24, r28
     4b2:	41 96       	adiw	r24, 0x11	; 17
     4b4:	b0 c0       	rjmp	.+352    	; 0x616 <__mulsf3+0x1e8>
     4b6:	2d 84       	ldd	r2, Y+13	; 0x0d
     4b8:	3e 84       	ldd	r3, Y+14	; 0x0e
     4ba:	4f 84       	ldd	r4, Y+15	; 0x0f
     4bc:	58 88       	ldd	r5, Y+16	; 0x10
     4be:	6d 88       	ldd	r6, Y+21	; 0x15
     4c0:	7e 88       	ldd	r7, Y+22	; 0x16
     4c2:	8f 88       	ldd	r8, Y+23	; 0x17
     4c4:	98 8c       	ldd	r9, Y+24	; 0x18
     4c6:	ee 24       	eor	r14, r14
     4c8:	ff 24       	eor	r15, r15
     4ca:	87 01       	movw	r16, r14
     4cc:	aa 24       	eor	r10, r10
     4ce:	bb 24       	eor	r11, r11
     4d0:	65 01       	movw	r12, r10
     4d2:	40 e0       	ldi	r20, 0x00	; 0
     4d4:	50 e0       	ldi	r21, 0x00	; 0
     4d6:	60 e0       	ldi	r22, 0x00	; 0
     4d8:	70 e0       	ldi	r23, 0x00	; 0
     4da:	e0 e0       	ldi	r30, 0x00	; 0
     4dc:	f0 e0       	ldi	r31, 0x00	; 0
     4de:	c1 01       	movw	r24, r2
     4e0:	81 70       	andi	r24, 0x01	; 1
     4e2:	90 70       	andi	r25, 0x00	; 0
     4e4:	89 2b       	or	r24, r25
     4e6:	e9 f0       	breq	.+58     	; 0x522 <__mulsf3+0xf4>
     4e8:	e6 0c       	add	r14, r6
     4ea:	f7 1c       	adc	r15, r7
     4ec:	08 1d       	adc	r16, r8
     4ee:	19 1d       	adc	r17, r9
     4f0:	9a 01       	movw	r18, r20
     4f2:	ab 01       	movw	r20, r22
     4f4:	2a 0d       	add	r18, r10
     4f6:	3b 1d       	adc	r19, r11
     4f8:	4c 1d       	adc	r20, r12
     4fa:	5d 1d       	adc	r21, r13
     4fc:	80 e0       	ldi	r24, 0x00	; 0
     4fe:	90 e0       	ldi	r25, 0x00	; 0
     500:	a0 e0       	ldi	r26, 0x00	; 0
     502:	b0 e0       	ldi	r27, 0x00	; 0
     504:	e6 14       	cp	r14, r6
     506:	f7 04       	cpc	r15, r7
     508:	08 05       	cpc	r16, r8
     50a:	19 05       	cpc	r17, r9
     50c:	20 f4       	brcc	.+8      	; 0x516 <__mulsf3+0xe8>
     50e:	81 e0       	ldi	r24, 0x01	; 1
     510:	90 e0       	ldi	r25, 0x00	; 0
     512:	a0 e0       	ldi	r26, 0x00	; 0
     514:	b0 e0       	ldi	r27, 0x00	; 0
     516:	ba 01       	movw	r22, r20
     518:	a9 01       	movw	r20, r18
     51a:	48 0f       	add	r20, r24
     51c:	59 1f       	adc	r21, r25
     51e:	6a 1f       	adc	r22, r26
     520:	7b 1f       	adc	r23, r27
     522:	aa 0c       	add	r10, r10
     524:	bb 1c       	adc	r11, r11
     526:	cc 1c       	adc	r12, r12
     528:	dd 1c       	adc	r13, r13
     52a:	97 fe       	sbrs	r9, 7
     52c:	08 c0       	rjmp	.+16     	; 0x53e <__mulsf3+0x110>
     52e:	81 e0       	ldi	r24, 0x01	; 1
     530:	90 e0       	ldi	r25, 0x00	; 0
     532:	a0 e0       	ldi	r26, 0x00	; 0
     534:	b0 e0       	ldi	r27, 0x00	; 0
     536:	a8 2a       	or	r10, r24
     538:	b9 2a       	or	r11, r25
     53a:	ca 2a       	or	r12, r26
     53c:	db 2a       	or	r13, r27
     53e:	31 96       	adiw	r30, 0x01	; 1
     540:	e0 32       	cpi	r30, 0x20	; 32
     542:	f1 05       	cpc	r31, r1
     544:	49 f0       	breq	.+18     	; 0x558 <__mulsf3+0x12a>
     546:	66 0c       	add	r6, r6
     548:	77 1c       	adc	r7, r7
     54a:	88 1c       	adc	r8, r8
     54c:	99 1c       	adc	r9, r9
     54e:	56 94       	lsr	r5
     550:	47 94       	ror	r4
     552:	37 94       	ror	r3
     554:	27 94       	ror	r2
     556:	c3 cf       	rjmp	.-122    	; 0x4de <__mulsf3+0xb0>
     558:	fa 85       	ldd	r31, Y+10	; 0x0a
     55a:	ea 89       	ldd	r30, Y+18	; 0x12
     55c:	2b 89       	ldd	r18, Y+19	; 0x13
     55e:	3c 89       	ldd	r19, Y+20	; 0x14
     560:	8b 85       	ldd	r24, Y+11	; 0x0b
     562:	9c 85       	ldd	r25, Y+12	; 0x0c
     564:	28 0f       	add	r18, r24
     566:	39 1f       	adc	r19, r25
     568:	2e 5f       	subi	r18, 0xFE	; 254
     56a:	3f 4f       	sbci	r19, 0xFF	; 255
     56c:	17 c0       	rjmp	.+46     	; 0x59c <__mulsf3+0x16e>
     56e:	ca 01       	movw	r24, r20
     570:	81 70       	andi	r24, 0x01	; 1
     572:	90 70       	andi	r25, 0x00	; 0
     574:	89 2b       	or	r24, r25
     576:	61 f0       	breq	.+24     	; 0x590 <__mulsf3+0x162>
     578:	16 95       	lsr	r17
     57a:	07 95       	ror	r16
     57c:	f7 94       	ror	r15
     57e:	e7 94       	ror	r14
     580:	80 e0       	ldi	r24, 0x00	; 0
     582:	90 e0       	ldi	r25, 0x00	; 0
     584:	a0 e0       	ldi	r26, 0x00	; 0
     586:	b0 e8       	ldi	r27, 0x80	; 128
     588:	e8 2a       	or	r14, r24
     58a:	f9 2a       	or	r15, r25
     58c:	0a 2b       	or	r16, r26
     58e:	1b 2b       	or	r17, r27
     590:	76 95       	lsr	r23
     592:	67 95       	ror	r22
     594:	57 95       	ror	r21
     596:	47 95       	ror	r20
     598:	2f 5f       	subi	r18, 0xFF	; 255
     59a:	3f 4f       	sbci	r19, 0xFF	; 255
     59c:	77 fd       	sbrc	r23, 7
     59e:	e7 cf       	rjmp	.-50     	; 0x56e <__mulsf3+0x140>
     5a0:	0c c0       	rjmp	.+24     	; 0x5ba <__mulsf3+0x18c>
     5a2:	44 0f       	add	r20, r20
     5a4:	55 1f       	adc	r21, r21
     5a6:	66 1f       	adc	r22, r22
     5a8:	77 1f       	adc	r23, r23
     5aa:	17 fd       	sbrc	r17, 7
     5ac:	41 60       	ori	r20, 0x01	; 1
     5ae:	ee 0c       	add	r14, r14
     5b0:	ff 1c       	adc	r15, r15
     5b2:	00 1f       	adc	r16, r16
     5b4:	11 1f       	adc	r17, r17
     5b6:	21 50       	subi	r18, 0x01	; 1
     5b8:	30 40       	sbci	r19, 0x00	; 0
     5ba:	40 30       	cpi	r20, 0x00	; 0
     5bc:	90 e0       	ldi	r25, 0x00	; 0
     5be:	59 07       	cpc	r21, r25
     5c0:	90 e0       	ldi	r25, 0x00	; 0
     5c2:	69 07       	cpc	r22, r25
     5c4:	90 e4       	ldi	r25, 0x40	; 64
     5c6:	79 07       	cpc	r23, r25
     5c8:	60 f3       	brcs	.-40     	; 0x5a2 <__mulsf3+0x174>
     5ca:	2b 8f       	std	Y+27, r18	; 0x1b
     5cc:	3c 8f       	std	Y+28, r19	; 0x1c
     5ce:	db 01       	movw	r26, r22
     5d0:	ca 01       	movw	r24, r20
     5d2:	8f 77       	andi	r24, 0x7F	; 127
     5d4:	90 70       	andi	r25, 0x00	; 0
     5d6:	a0 70       	andi	r26, 0x00	; 0
     5d8:	b0 70       	andi	r27, 0x00	; 0
     5da:	80 34       	cpi	r24, 0x40	; 64
     5dc:	91 05       	cpc	r25, r1
     5de:	a1 05       	cpc	r26, r1
     5e0:	b1 05       	cpc	r27, r1
     5e2:	61 f4       	brne	.+24     	; 0x5fc <__mulsf3+0x1ce>
     5e4:	47 fd       	sbrc	r20, 7
     5e6:	0a c0       	rjmp	.+20     	; 0x5fc <__mulsf3+0x1ce>
     5e8:	e1 14       	cp	r14, r1
     5ea:	f1 04       	cpc	r15, r1
     5ec:	01 05       	cpc	r16, r1
     5ee:	11 05       	cpc	r17, r1
     5f0:	29 f0       	breq	.+10     	; 0x5fc <__mulsf3+0x1ce>
     5f2:	40 5c       	subi	r20, 0xC0	; 192
     5f4:	5f 4f       	sbci	r21, 0xFF	; 255
     5f6:	6f 4f       	sbci	r22, 0xFF	; 255
     5f8:	7f 4f       	sbci	r23, 0xFF	; 255
     5fa:	40 78       	andi	r20, 0x80	; 128
     5fc:	1a 8e       	std	Y+26, r1	; 0x1a
     5fe:	fe 17       	cp	r31, r30
     600:	11 f0       	breq	.+4      	; 0x606 <__mulsf3+0x1d8>
     602:	81 e0       	ldi	r24, 0x01	; 1
     604:	8a 8f       	std	Y+26, r24	; 0x1a
     606:	4d 8f       	std	Y+29, r20	; 0x1d
     608:	5e 8f       	std	Y+30, r21	; 0x1e
     60a:	6f 8f       	std	Y+31, r22	; 0x1f
     60c:	78 a3       	std	Y+32, r23	; 0x20
     60e:	83 e0       	ldi	r24, 0x03	; 3
     610:	89 8f       	std	Y+25, r24	; 0x19
     612:	ce 01       	movw	r24, r28
     614:	49 96       	adiw	r24, 0x19	; 25
     616:	0e 94 f5 03 	call	0x7ea	; 0x7ea <__pack_f>
     61a:	a0 96       	adiw	r28, 0x20	; 32
     61c:	e2 e1       	ldi	r30, 0x12	; 18
     61e:	0c 94 b4 16 	jmp	0x2d68	; 0x2d68 <__epilogue_restores__>

00000622 <__gtsf2>:
     622:	a8 e1       	ldi	r26, 0x18	; 24
     624:	b0 e0       	ldi	r27, 0x00	; 0
     626:	e7 e1       	ldi	r30, 0x17	; 23
     628:	f3 e0       	ldi	r31, 0x03	; 3
     62a:	0c 94 a4 16 	jmp	0x2d48	; 0x2d48 <__prologue_saves__+0x18>
     62e:	69 83       	std	Y+1, r22	; 0x01
     630:	7a 83       	std	Y+2, r23	; 0x02
     632:	8b 83       	std	Y+3, r24	; 0x03
     634:	9c 83       	std	Y+4, r25	; 0x04
     636:	2d 83       	std	Y+5, r18	; 0x05
     638:	3e 83       	std	Y+6, r19	; 0x06
     63a:	4f 83       	std	Y+7, r20	; 0x07
     63c:	58 87       	std	Y+8, r21	; 0x08
     63e:	89 e0       	ldi	r24, 0x09	; 9
     640:	e8 2e       	mov	r14, r24
     642:	f1 2c       	mov	r15, r1
     644:	ec 0e       	add	r14, r28
     646:	fd 1e       	adc	r15, r29
     648:	ce 01       	movw	r24, r28
     64a:	01 96       	adiw	r24, 0x01	; 1
     64c:	b7 01       	movw	r22, r14
     64e:	0e 94 ca 04 	call	0x994	; 0x994 <__unpack_f>
     652:	8e 01       	movw	r16, r28
     654:	0f 5e       	subi	r16, 0xEF	; 239
     656:	1f 4f       	sbci	r17, 0xFF	; 255
     658:	ce 01       	movw	r24, r28
     65a:	05 96       	adiw	r24, 0x05	; 5
     65c:	b8 01       	movw	r22, r16
     65e:	0e 94 ca 04 	call	0x994	; 0x994 <__unpack_f>
     662:	89 85       	ldd	r24, Y+9	; 0x09
     664:	82 30       	cpi	r24, 0x02	; 2
     666:	40 f0       	brcs	.+16     	; 0x678 <__gtsf2+0x56>
     668:	89 89       	ldd	r24, Y+17	; 0x11
     66a:	82 30       	cpi	r24, 0x02	; 2
     66c:	28 f0       	brcs	.+10     	; 0x678 <__gtsf2+0x56>
     66e:	c7 01       	movw	r24, r14
     670:	b8 01       	movw	r22, r16
     672:	0e 94 42 05 	call	0xa84	; 0xa84 <__fpcmp_parts_f>
     676:	01 c0       	rjmp	.+2      	; 0x67a <__gtsf2+0x58>
     678:	8f ef       	ldi	r24, 0xFF	; 255
     67a:	68 96       	adiw	r28, 0x18	; 24
     67c:	e6 e0       	ldi	r30, 0x06	; 6
     67e:	0c 94 c0 16 	jmp	0x2d80	; 0x2d80 <__epilogue_restores__+0x18>

00000682 <__gesf2>:
     682:	a8 e1       	ldi	r26, 0x18	; 24
     684:	b0 e0       	ldi	r27, 0x00	; 0
     686:	e7 e4       	ldi	r30, 0x47	; 71
     688:	f3 e0       	ldi	r31, 0x03	; 3
     68a:	0c 94 a4 16 	jmp	0x2d48	; 0x2d48 <__prologue_saves__+0x18>
     68e:	69 83       	std	Y+1, r22	; 0x01
     690:	7a 83       	std	Y+2, r23	; 0x02
     692:	8b 83       	std	Y+3, r24	; 0x03
     694:	9c 83       	std	Y+4, r25	; 0x04
     696:	2d 83       	std	Y+5, r18	; 0x05
     698:	3e 83       	std	Y+6, r19	; 0x06
     69a:	4f 83       	std	Y+7, r20	; 0x07
     69c:	58 87       	std	Y+8, r21	; 0x08
     69e:	89 e0       	ldi	r24, 0x09	; 9
     6a0:	e8 2e       	mov	r14, r24
     6a2:	f1 2c       	mov	r15, r1
     6a4:	ec 0e       	add	r14, r28
     6a6:	fd 1e       	adc	r15, r29
     6a8:	ce 01       	movw	r24, r28
     6aa:	01 96       	adiw	r24, 0x01	; 1
     6ac:	b7 01       	movw	r22, r14
     6ae:	0e 94 ca 04 	call	0x994	; 0x994 <__unpack_f>
     6b2:	8e 01       	movw	r16, r28
     6b4:	0f 5e       	subi	r16, 0xEF	; 239
     6b6:	1f 4f       	sbci	r17, 0xFF	; 255
     6b8:	ce 01       	movw	r24, r28
     6ba:	05 96       	adiw	r24, 0x05	; 5
     6bc:	b8 01       	movw	r22, r16
     6be:	0e 94 ca 04 	call	0x994	; 0x994 <__unpack_f>
     6c2:	89 85       	ldd	r24, Y+9	; 0x09
     6c4:	82 30       	cpi	r24, 0x02	; 2
     6c6:	40 f0       	brcs	.+16     	; 0x6d8 <__gesf2+0x56>
     6c8:	89 89       	ldd	r24, Y+17	; 0x11
     6ca:	82 30       	cpi	r24, 0x02	; 2
     6cc:	28 f0       	brcs	.+10     	; 0x6d8 <__gesf2+0x56>
     6ce:	c7 01       	movw	r24, r14
     6d0:	b8 01       	movw	r22, r16
     6d2:	0e 94 42 05 	call	0xa84	; 0xa84 <__fpcmp_parts_f>
     6d6:	01 c0       	rjmp	.+2      	; 0x6da <__gesf2+0x58>
     6d8:	8f ef       	ldi	r24, 0xFF	; 255
     6da:	68 96       	adiw	r28, 0x18	; 24
     6dc:	e6 e0       	ldi	r30, 0x06	; 6
     6de:	0c 94 c0 16 	jmp	0x2d80	; 0x2d80 <__epilogue_restores__+0x18>

000006e2 <__ltsf2>:
     6e2:	a8 e1       	ldi	r26, 0x18	; 24
     6e4:	b0 e0       	ldi	r27, 0x00	; 0
     6e6:	e7 e7       	ldi	r30, 0x77	; 119
     6e8:	f3 e0       	ldi	r31, 0x03	; 3
     6ea:	0c 94 a4 16 	jmp	0x2d48	; 0x2d48 <__prologue_saves__+0x18>
     6ee:	69 83       	std	Y+1, r22	; 0x01
     6f0:	7a 83       	std	Y+2, r23	; 0x02
     6f2:	8b 83       	std	Y+3, r24	; 0x03
     6f4:	9c 83       	std	Y+4, r25	; 0x04
     6f6:	2d 83       	std	Y+5, r18	; 0x05
     6f8:	3e 83       	std	Y+6, r19	; 0x06
     6fa:	4f 83       	std	Y+7, r20	; 0x07
     6fc:	58 87       	std	Y+8, r21	; 0x08
     6fe:	89 e0       	ldi	r24, 0x09	; 9
     700:	e8 2e       	mov	r14, r24
     702:	f1 2c       	mov	r15, r1
     704:	ec 0e       	add	r14, r28
     706:	fd 1e       	adc	r15, r29
     708:	ce 01       	movw	r24, r28
     70a:	01 96       	adiw	r24, 0x01	; 1
     70c:	b7 01       	movw	r22, r14
     70e:	0e 94 ca 04 	call	0x994	; 0x994 <__unpack_f>
     712:	8e 01       	movw	r16, r28
     714:	0f 5e       	subi	r16, 0xEF	; 239
     716:	1f 4f       	sbci	r17, 0xFF	; 255
     718:	ce 01       	movw	r24, r28
     71a:	05 96       	adiw	r24, 0x05	; 5
     71c:	b8 01       	movw	r22, r16
     71e:	0e 94 ca 04 	call	0x994	; 0x994 <__unpack_f>
     722:	89 85       	ldd	r24, Y+9	; 0x09
     724:	82 30       	cpi	r24, 0x02	; 2
     726:	40 f0       	brcs	.+16     	; 0x738 <__ltsf2+0x56>
     728:	89 89       	ldd	r24, Y+17	; 0x11
     72a:	82 30       	cpi	r24, 0x02	; 2
     72c:	28 f0       	brcs	.+10     	; 0x738 <__ltsf2+0x56>
     72e:	c7 01       	movw	r24, r14
     730:	b8 01       	movw	r22, r16
     732:	0e 94 42 05 	call	0xa84	; 0xa84 <__fpcmp_parts_f>
     736:	01 c0       	rjmp	.+2      	; 0x73a <__ltsf2+0x58>
     738:	81 e0       	ldi	r24, 0x01	; 1
     73a:	68 96       	adiw	r28, 0x18	; 24
     73c:	e6 e0       	ldi	r30, 0x06	; 6
     73e:	0c 94 c0 16 	jmp	0x2d80	; 0x2d80 <__epilogue_restores__+0x18>

00000742 <__fixsfsi>:
     742:	ac e0       	ldi	r26, 0x0C	; 12
     744:	b0 e0       	ldi	r27, 0x00	; 0
     746:	e7 ea       	ldi	r30, 0xA7	; 167
     748:	f3 e0       	ldi	r31, 0x03	; 3
     74a:	0c 94 a8 16 	jmp	0x2d50	; 0x2d50 <__prologue_saves__+0x20>
     74e:	69 83       	std	Y+1, r22	; 0x01
     750:	7a 83       	std	Y+2, r23	; 0x02
     752:	8b 83       	std	Y+3, r24	; 0x03
     754:	9c 83       	std	Y+4, r25	; 0x04
     756:	ce 01       	movw	r24, r28
     758:	01 96       	adiw	r24, 0x01	; 1
     75a:	be 01       	movw	r22, r28
     75c:	6b 5f       	subi	r22, 0xFB	; 251
     75e:	7f 4f       	sbci	r23, 0xFF	; 255
     760:	0e 94 ca 04 	call	0x994	; 0x994 <__unpack_f>
     764:	8d 81       	ldd	r24, Y+5	; 0x05
     766:	82 30       	cpi	r24, 0x02	; 2
     768:	61 f1       	breq	.+88     	; 0x7c2 <__fixsfsi+0x80>
     76a:	82 30       	cpi	r24, 0x02	; 2
     76c:	50 f1       	brcs	.+84     	; 0x7c2 <__fixsfsi+0x80>
     76e:	84 30       	cpi	r24, 0x04	; 4
     770:	21 f4       	brne	.+8      	; 0x77a <__fixsfsi+0x38>
     772:	8e 81       	ldd	r24, Y+6	; 0x06
     774:	88 23       	and	r24, r24
     776:	51 f1       	breq	.+84     	; 0x7cc <__fixsfsi+0x8a>
     778:	2e c0       	rjmp	.+92     	; 0x7d6 <__fixsfsi+0x94>
     77a:	2f 81       	ldd	r18, Y+7	; 0x07
     77c:	38 85       	ldd	r19, Y+8	; 0x08
     77e:	37 fd       	sbrc	r19, 7
     780:	20 c0       	rjmp	.+64     	; 0x7c2 <__fixsfsi+0x80>
     782:	6e 81       	ldd	r22, Y+6	; 0x06
     784:	2f 31       	cpi	r18, 0x1F	; 31
     786:	31 05       	cpc	r19, r1
     788:	1c f0       	brlt	.+6      	; 0x790 <__fixsfsi+0x4e>
     78a:	66 23       	and	r22, r22
     78c:	f9 f0       	breq	.+62     	; 0x7cc <__fixsfsi+0x8a>
     78e:	23 c0       	rjmp	.+70     	; 0x7d6 <__fixsfsi+0x94>
     790:	8e e1       	ldi	r24, 0x1E	; 30
     792:	90 e0       	ldi	r25, 0x00	; 0
     794:	82 1b       	sub	r24, r18
     796:	93 0b       	sbc	r25, r19
     798:	29 85       	ldd	r18, Y+9	; 0x09
     79a:	3a 85       	ldd	r19, Y+10	; 0x0a
     79c:	4b 85       	ldd	r20, Y+11	; 0x0b
     79e:	5c 85       	ldd	r21, Y+12	; 0x0c
     7a0:	04 c0       	rjmp	.+8      	; 0x7aa <__fixsfsi+0x68>
     7a2:	56 95       	lsr	r21
     7a4:	47 95       	ror	r20
     7a6:	37 95       	ror	r19
     7a8:	27 95       	ror	r18
     7aa:	8a 95       	dec	r24
     7ac:	d2 f7       	brpl	.-12     	; 0x7a2 <__fixsfsi+0x60>
     7ae:	66 23       	and	r22, r22
     7b0:	b1 f0       	breq	.+44     	; 0x7de <__fixsfsi+0x9c>
     7b2:	50 95       	com	r21
     7b4:	40 95       	com	r20
     7b6:	30 95       	com	r19
     7b8:	21 95       	neg	r18
     7ba:	3f 4f       	sbci	r19, 0xFF	; 255
     7bc:	4f 4f       	sbci	r20, 0xFF	; 255
     7be:	5f 4f       	sbci	r21, 0xFF	; 255
     7c0:	0e c0       	rjmp	.+28     	; 0x7de <__fixsfsi+0x9c>
     7c2:	20 e0       	ldi	r18, 0x00	; 0
     7c4:	30 e0       	ldi	r19, 0x00	; 0
     7c6:	40 e0       	ldi	r20, 0x00	; 0
     7c8:	50 e0       	ldi	r21, 0x00	; 0
     7ca:	09 c0       	rjmp	.+18     	; 0x7de <__fixsfsi+0x9c>
     7cc:	2f ef       	ldi	r18, 0xFF	; 255
     7ce:	3f ef       	ldi	r19, 0xFF	; 255
     7d0:	4f ef       	ldi	r20, 0xFF	; 255
     7d2:	5f e7       	ldi	r21, 0x7F	; 127
     7d4:	04 c0       	rjmp	.+8      	; 0x7de <__fixsfsi+0x9c>
     7d6:	20 e0       	ldi	r18, 0x00	; 0
     7d8:	30 e0       	ldi	r19, 0x00	; 0
     7da:	40 e0       	ldi	r20, 0x00	; 0
     7dc:	50 e8       	ldi	r21, 0x80	; 128
     7de:	b9 01       	movw	r22, r18
     7e0:	ca 01       	movw	r24, r20
     7e2:	2c 96       	adiw	r28, 0x0c	; 12
     7e4:	e2 e0       	ldi	r30, 0x02	; 2
     7e6:	0c 94 c4 16 	jmp	0x2d88	; 0x2d88 <__epilogue_restores__+0x20>

000007ea <__pack_f>:
     7ea:	df 92       	push	r13
     7ec:	ef 92       	push	r14
     7ee:	ff 92       	push	r15
     7f0:	0f 93       	push	r16
     7f2:	1f 93       	push	r17
     7f4:	fc 01       	movw	r30, r24
     7f6:	e4 80       	ldd	r14, Z+4	; 0x04
     7f8:	f5 80       	ldd	r15, Z+5	; 0x05
     7fa:	06 81       	ldd	r16, Z+6	; 0x06
     7fc:	17 81       	ldd	r17, Z+7	; 0x07
     7fe:	d1 80       	ldd	r13, Z+1	; 0x01
     800:	80 81       	ld	r24, Z
     802:	82 30       	cpi	r24, 0x02	; 2
     804:	48 f4       	brcc	.+18     	; 0x818 <__pack_f+0x2e>
     806:	80 e0       	ldi	r24, 0x00	; 0
     808:	90 e0       	ldi	r25, 0x00	; 0
     80a:	a0 e1       	ldi	r26, 0x10	; 16
     80c:	b0 e0       	ldi	r27, 0x00	; 0
     80e:	e8 2a       	or	r14, r24
     810:	f9 2a       	or	r15, r25
     812:	0a 2b       	or	r16, r26
     814:	1b 2b       	or	r17, r27
     816:	a5 c0       	rjmp	.+330    	; 0x962 <__stack+0x103>
     818:	84 30       	cpi	r24, 0x04	; 4
     81a:	09 f4       	brne	.+2      	; 0x81e <__pack_f+0x34>
     81c:	9f c0       	rjmp	.+318    	; 0x95c <__stack+0xfd>
     81e:	82 30       	cpi	r24, 0x02	; 2
     820:	21 f4       	brne	.+8      	; 0x82a <__pack_f+0x40>
     822:	ee 24       	eor	r14, r14
     824:	ff 24       	eor	r15, r15
     826:	87 01       	movw	r16, r14
     828:	05 c0       	rjmp	.+10     	; 0x834 <__pack_f+0x4a>
     82a:	e1 14       	cp	r14, r1
     82c:	f1 04       	cpc	r15, r1
     82e:	01 05       	cpc	r16, r1
     830:	11 05       	cpc	r17, r1
     832:	19 f4       	brne	.+6      	; 0x83a <__pack_f+0x50>
     834:	e0 e0       	ldi	r30, 0x00	; 0
     836:	f0 e0       	ldi	r31, 0x00	; 0
     838:	96 c0       	rjmp	.+300    	; 0x966 <__stack+0x107>
     83a:	62 81       	ldd	r22, Z+2	; 0x02
     83c:	73 81       	ldd	r23, Z+3	; 0x03
     83e:	9f ef       	ldi	r25, 0xFF	; 255
     840:	62 38       	cpi	r22, 0x82	; 130
     842:	79 07       	cpc	r23, r25
     844:	0c f0       	brlt	.+2      	; 0x848 <__pack_f+0x5e>
     846:	5b c0       	rjmp	.+182    	; 0x8fe <__stack+0x9f>
     848:	22 e8       	ldi	r18, 0x82	; 130
     84a:	3f ef       	ldi	r19, 0xFF	; 255
     84c:	26 1b       	sub	r18, r22
     84e:	37 0b       	sbc	r19, r23
     850:	2a 31       	cpi	r18, 0x1A	; 26
     852:	31 05       	cpc	r19, r1
     854:	2c f0       	brlt	.+10     	; 0x860 <__stack+0x1>
     856:	20 e0       	ldi	r18, 0x00	; 0
     858:	30 e0       	ldi	r19, 0x00	; 0
     85a:	40 e0       	ldi	r20, 0x00	; 0
     85c:	50 e0       	ldi	r21, 0x00	; 0
     85e:	2a c0       	rjmp	.+84     	; 0x8b4 <__stack+0x55>
     860:	b8 01       	movw	r22, r16
     862:	a7 01       	movw	r20, r14
     864:	02 2e       	mov	r0, r18
     866:	04 c0       	rjmp	.+8      	; 0x870 <__stack+0x11>
     868:	76 95       	lsr	r23
     86a:	67 95       	ror	r22
     86c:	57 95       	ror	r21
     86e:	47 95       	ror	r20
     870:	0a 94       	dec	r0
     872:	d2 f7       	brpl	.-12     	; 0x868 <__stack+0x9>
     874:	81 e0       	ldi	r24, 0x01	; 1
     876:	90 e0       	ldi	r25, 0x00	; 0
     878:	a0 e0       	ldi	r26, 0x00	; 0
     87a:	b0 e0       	ldi	r27, 0x00	; 0
     87c:	04 c0       	rjmp	.+8      	; 0x886 <__stack+0x27>
     87e:	88 0f       	add	r24, r24
     880:	99 1f       	adc	r25, r25
     882:	aa 1f       	adc	r26, r26
     884:	bb 1f       	adc	r27, r27
     886:	2a 95       	dec	r18
     888:	d2 f7       	brpl	.-12     	; 0x87e <__stack+0x1f>
     88a:	01 97       	sbiw	r24, 0x01	; 1
     88c:	a1 09       	sbc	r26, r1
     88e:	b1 09       	sbc	r27, r1
     890:	8e 21       	and	r24, r14
     892:	9f 21       	and	r25, r15
     894:	a0 23       	and	r26, r16
     896:	b1 23       	and	r27, r17
     898:	00 97       	sbiw	r24, 0x00	; 0
     89a:	a1 05       	cpc	r26, r1
     89c:	b1 05       	cpc	r27, r1
     89e:	21 f0       	breq	.+8      	; 0x8a8 <__stack+0x49>
     8a0:	81 e0       	ldi	r24, 0x01	; 1
     8a2:	90 e0       	ldi	r25, 0x00	; 0
     8a4:	a0 e0       	ldi	r26, 0x00	; 0
     8a6:	b0 e0       	ldi	r27, 0x00	; 0
     8a8:	9a 01       	movw	r18, r20
     8aa:	ab 01       	movw	r20, r22
     8ac:	28 2b       	or	r18, r24
     8ae:	39 2b       	or	r19, r25
     8b0:	4a 2b       	or	r20, r26
     8b2:	5b 2b       	or	r21, r27
     8b4:	da 01       	movw	r26, r20
     8b6:	c9 01       	movw	r24, r18
     8b8:	8f 77       	andi	r24, 0x7F	; 127
     8ba:	90 70       	andi	r25, 0x00	; 0
     8bc:	a0 70       	andi	r26, 0x00	; 0
     8be:	b0 70       	andi	r27, 0x00	; 0
     8c0:	80 34       	cpi	r24, 0x40	; 64
     8c2:	91 05       	cpc	r25, r1
     8c4:	a1 05       	cpc	r26, r1
     8c6:	b1 05       	cpc	r27, r1
     8c8:	39 f4       	brne	.+14     	; 0x8d8 <__stack+0x79>
     8ca:	27 ff       	sbrs	r18, 7
     8cc:	09 c0       	rjmp	.+18     	; 0x8e0 <__stack+0x81>
     8ce:	20 5c       	subi	r18, 0xC0	; 192
     8d0:	3f 4f       	sbci	r19, 0xFF	; 255
     8d2:	4f 4f       	sbci	r20, 0xFF	; 255
     8d4:	5f 4f       	sbci	r21, 0xFF	; 255
     8d6:	04 c0       	rjmp	.+8      	; 0x8e0 <__stack+0x81>
     8d8:	21 5c       	subi	r18, 0xC1	; 193
     8da:	3f 4f       	sbci	r19, 0xFF	; 255
     8dc:	4f 4f       	sbci	r20, 0xFF	; 255
     8de:	5f 4f       	sbci	r21, 0xFF	; 255
     8e0:	e0 e0       	ldi	r30, 0x00	; 0
     8e2:	f0 e0       	ldi	r31, 0x00	; 0
     8e4:	20 30       	cpi	r18, 0x00	; 0
     8e6:	a0 e0       	ldi	r26, 0x00	; 0
     8e8:	3a 07       	cpc	r19, r26
     8ea:	a0 e0       	ldi	r26, 0x00	; 0
     8ec:	4a 07       	cpc	r20, r26
     8ee:	a0 e4       	ldi	r26, 0x40	; 64
     8f0:	5a 07       	cpc	r21, r26
     8f2:	10 f0       	brcs	.+4      	; 0x8f8 <__stack+0x99>
     8f4:	e1 e0       	ldi	r30, 0x01	; 1
     8f6:	f0 e0       	ldi	r31, 0x00	; 0
     8f8:	79 01       	movw	r14, r18
     8fa:	8a 01       	movw	r16, r20
     8fc:	27 c0       	rjmp	.+78     	; 0x94c <__stack+0xed>
     8fe:	60 38       	cpi	r22, 0x80	; 128
     900:	71 05       	cpc	r23, r1
     902:	64 f5       	brge	.+88     	; 0x95c <__stack+0xfd>
     904:	fb 01       	movw	r30, r22
     906:	e1 58       	subi	r30, 0x81	; 129
     908:	ff 4f       	sbci	r31, 0xFF	; 255
     90a:	d8 01       	movw	r26, r16
     90c:	c7 01       	movw	r24, r14
     90e:	8f 77       	andi	r24, 0x7F	; 127
     910:	90 70       	andi	r25, 0x00	; 0
     912:	a0 70       	andi	r26, 0x00	; 0
     914:	b0 70       	andi	r27, 0x00	; 0
     916:	80 34       	cpi	r24, 0x40	; 64
     918:	91 05       	cpc	r25, r1
     91a:	a1 05       	cpc	r26, r1
     91c:	b1 05       	cpc	r27, r1
     91e:	39 f4       	brne	.+14     	; 0x92e <__stack+0xcf>
     920:	e7 fe       	sbrs	r14, 7
     922:	0d c0       	rjmp	.+26     	; 0x93e <__stack+0xdf>
     924:	80 e4       	ldi	r24, 0x40	; 64
     926:	90 e0       	ldi	r25, 0x00	; 0
     928:	a0 e0       	ldi	r26, 0x00	; 0
     92a:	b0 e0       	ldi	r27, 0x00	; 0
     92c:	04 c0       	rjmp	.+8      	; 0x936 <__stack+0xd7>
     92e:	8f e3       	ldi	r24, 0x3F	; 63
     930:	90 e0       	ldi	r25, 0x00	; 0
     932:	a0 e0       	ldi	r26, 0x00	; 0
     934:	b0 e0       	ldi	r27, 0x00	; 0
     936:	e8 0e       	add	r14, r24
     938:	f9 1e       	adc	r15, r25
     93a:	0a 1f       	adc	r16, r26
     93c:	1b 1f       	adc	r17, r27
     93e:	17 ff       	sbrs	r17, 7
     940:	05 c0       	rjmp	.+10     	; 0x94c <__stack+0xed>
     942:	16 95       	lsr	r17
     944:	07 95       	ror	r16
     946:	f7 94       	ror	r15
     948:	e7 94       	ror	r14
     94a:	31 96       	adiw	r30, 0x01	; 1
     94c:	87 e0       	ldi	r24, 0x07	; 7
     94e:	16 95       	lsr	r17
     950:	07 95       	ror	r16
     952:	f7 94       	ror	r15
     954:	e7 94       	ror	r14
     956:	8a 95       	dec	r24
     958:	d1 f7       	brne	.-12     	; 0x94e <__stack+0xef>
     95a:	05 c0       	rjmp	.+10     	; 0x966 <__stack+0x107>
     95c:	ee 24       	eor	r14, r14
     95e:	ff 24       	eor	r15, r15
     960:	87 01       	movw	r16, r14
     962:	ef ef       	ldi	r30, 0xFF	; 255
     964:	f0 e0       	ldi	r31, 0x00	; 0
     966:	6e 2f       	mov	r22, r30
     968:	67 95       	ror	r22
     96a:	66 27       	eor	r22, r22
     96c:	67 95       	ror	r22
     96e:	90 2f       	mov	r25, r16
     970:	9f 77       	andi	r25, 0x7F	; 127
     972:	d7 94       	ror	r13
     974:	dd 24       	eor	r13, r13
     976:	d7 94       	ror	r13
     978:	8e 2f       	mov	r24, r30
     97a:	86 95       	lsr	r24
     97c:	49 2f       	mov	r20, r25
     97e:	46 2b       	or	r20, r22
     980:	58 2f       	mov	r21, r24
     982:	5d 29       	or	r21, r13
     984:	b7 01       	movw	r22, r14
     986:	ca 01       	movw	r24, r20
     988:	1f 91       	pop	r17
     98a:	0f 91       	pop	r16
     98c:	ff 90       	pop	r15
     98e:	ef 90       	pop	r14
     990:	df 90       	pop	r13
     992:	08 95       	ret

00000994 <__unpack_f>:
     994:	fc 01       	movw	r30, r24
     996:	db 01       	movw	r26, r22
     998:	40 81       	ld	r20, Z
     99a:	51 81       	ldd	r21, Z+1	; 0x01
     99c:	22 81       	ldd	r18, Z+2	; 0x02
     99e:	62 2f       	mov	r22, r18
     9a0:	6f 77       	andi	r22, 0x7F	; 127
     9a2:	70 e0       	ldi	r23, 0x00	; 0
     9a4:	22 1f       	adc	r18, r18
     9a6:	22 27       	eor	r18, r18
     9a8:	22 1f       	adc	r18, r18
     9aa:	93 81       	ldd	r25, Z+3	; 0x03
     9ac:	89 2f       	mov	r24, r25
     9ae:	88 0f       	add	r24, r24
     9b0:	82 2b       	or	r24, r18
     9b2:	28 2f       	mov	r18, r24
     9b4:	30 e0       	ldi	r19, 0x00	; 0
     9b6:	99 1f       	adc	r25, r25
     9b8:	99 27       	eor	r25, r25
     9ba:	99 1f       	adc	r25, r25
     9bc:	11 96       	adiw	r26, 0x01	; 1
     9be:	9c 93       	st	X, r25
     9c0:	11 97       	sbiw	r26, 0x01	; 1
     9c2:	21 15       	cp	r18, r1
     9c4:	31 05       	cpc	r19, r1
     9c6:	a9 f5       	brne	.+106    	; 0xa32 <__unpack_f+0x9e>
     9c8:	41 15       	cp	r20, r1
     9ca:	51 05       	cpc	r21, r1
     9cc:	61 05       	cpc	r22, r1
     9ce:	71 05       	cpc	r23, r1
     9d0:	11 f4       	brne	.+4      	; 0x9d6 <__unpack_f+0x42>
     9d2:	82 e0       	ldi	r24, 0x02	; 2
     9d4:	37 c0       	rjmp	.+110    	; 0xa44 <__unpack_f+0xb0>
     9d6:	82 e8       	ldi	r24, 0x82	; 130
     9d8:	9f ef       	ldi	r25, 0xFF	; 255
     9da:	13 96       	adiw	r26, 0x03	; 3
     9dc:	9c 93       	st	X, r25
     9de:	8e 93       	st	-X, r24
     9e0:	12 97       	sbiw	r26, 0x02	; 2
     9e2:	9a 01       	movw	r18, r20
     9e4:	ab 01       	movw	r20, r22
     9e6:	67 e0       	ldi	r22, 0x07	; 7
     9e8:	22 0f       	add	r18, r18
     9ea:	33 1f       	adc	r19, r19
     9ec:	44 1f       	adc	r20, r20
     9ee:	55 1f       	adc	r21, r21
     9f0:	6a 95       	dec	r22
     9f2:	d1 f7       	brne	.-12     	; 0x9e8 <__unpack_f+0x54>
     9f4:	83 e0       	ldi	r24, 0x03	; 3
     9f6:	8c 93       	st	X, r24
     9f8:	0d c0       	rjmp	.+26     	; 0xa14 <__unpack_f+0x80>
     9fa:	22 0f       	add	r18, r18
     9fc:	33 1f       	adc	r19, r19
     9fe:	44 1f       	adc	r20, r20
     a00:	55 1f       	adc	r21, r21
     a02:	12 96       	adiw	r26, 0x02	; 2
     a04:	8d 91       	ld	r24, X+
     a06:	9c 91       	ld	r25, X
     a08:	13 97       	sbiw	r26, 0x03	; 3
     a0a:	01 97       	sbiw	r24, 0x01	; 1
     a0c:	13 96       	adiw	r26, 0x03	; 3
     a0e:	9c 93       	st	X, r25
     a10:	8e 93       	st	-X, r24
     a12:	12 97       	sbiw	r26, 0x02	; 2
     a14:	20 30       	cpi	r18, 0x00	; 0
     a16:	80 e0       	ldi	r24, 0x00	; 0
     a18:	38 07       	cpc	r19, r24
     a1a:	80 e0       	ldi	r24, 0x00	; 0
     a1c:	48 07       	cpc	r20, r24
     a1e:	80 e4       	ldi	r24, 0x40	; 64
     a20:	58 07       	cpc	r21, r24
     a22:	58 f3       	brcs	.-42     	; 0x9fa <__unpack_f+0x66>
     a24:	14 96       	adiw	r26, 0x04	; 4
     a26:	2d 93       	st	X+, r18
     a28:	3d 93       	st	X+, r19
     a2a:	4d 93       	st	X+, r20
     a2c:	5c 93       	st	X, r21
     a2e:	17 97       	sbiw	r26, 0x07	; 7
     a30:	08 95       	ret
     a32:	2f 3f       	cpi	r18, 0xFF	; 255
     a34:	31 05       	cpc	r19, r1
     a36:	79 f4       	brne	.+30     	; 0xa56 <__unpack_f+0xc2>
     a38:	41 15       	cp	r20, r1
     a3a:	51 05       	cpc	r21, r1
     a3c:	61 05       	cpc	r22, r1
     a3e:	71 05       	cpc	r23, r1
     a40:	19 f4       	brne	.+6      	; 0xa48 <__unpack_f+0xb4>
     a42:	84 e0       	ldi	r24, 0x04	; 4
     a44:	8c 93       	st	X, r24
     a46:	08 95       	ret
     a48:	64 ff       	sbrs	r22, 4
     a4a:	03 c0       	rjmp	.+6      	; 0xa52 <__unpack_f+0xbe>
     a4c:	81 e0       	ldi	r24, 0x01	; 1
     a4e:	8c 93       	st	X, r24
     a50:	12 c0       	rjmp	.+36     	; 0xa76 <__unpack_f+0xe2>
     a52:	1c 92       	st	X, r1
     a54:	10 c0       	rjmp	.+32     	; 0xa76 <__unpack_f+0xe2>
     a56:	2f 57       	subi	r18, 0x7F	; 127
     a58:	30 40       	sbci	r19, 0x00	; 0
     a5a:	13 96       	adiw	r26, 0x03	; 3
     a5c:	3c 93       	st	X, r19
     a5e:	2e 93       	st	-X, r18
     a60:	12 97       	sbiw	r26, 0x02	; 2
     a62:	83 e0       	ldi	r24, 0x03	; 3
     a64:	8c 93       	st	X, r24
     a66:	87 e0       	ldi	r24, 0x07	; 7
     a68:	44 0f       	add	r20, r20
     a6a:	55 1f       	adc	r21, r21
     a6c:	66 1f       	adc	r22, r22
     a6e:	77 1f       	adc	r23, r23
     a70:	8a 95       	dec	r24
     a72:	d1 f7       	brne	.-12     	; 0xa68 <__unpack_f+0xd4>
     a74:	70 64       	ori	r23, 0x40	; 64
     a76:	14 96       	adiw	r26, 0x04	; 4
     a78:	4d 93       	st	X+, r20
     a7a:	5d 93       	st	X+, r21
     a7c:	6d 93       	st	X+, r22
     a7e:	7c 93       	st	X, r23
     a80:	17 97       	sbiw	r26, 0x07	; 7
     a82:	08 95       	ret

00000a84 <__fpcmp_parts_f>:
     a84:	1f 93       	push	r17
     a86:	dc 01       	movw	r26, r24
     a88:	fb 01       	movw	r30, r22
     a8a:	9c 91       	ld	r25, X
     a8c:	92 30       	cpi	r25, 0x02	; 2
     a8e:	08 f4       	brcc	.+2      	; 0xa92 <__fpcmp_parts_f+0xe>
     a90:	47 c0       	rjmp	.+142    	; 0xb20 <__fpcmp_parts_f+0x9c>
     a92:	80 81       	ld	r24, Z
     a94:	82 30       	cpi	r24, 0x02	; 2
     a96:	08 f4       	brcc	.+2      	; 0xa9a <__fpcmp_parts_f+0x16>
     a98:	43 c0       	rjmp	.+134    	; 0xb20 <__fpcmp_parts_f+0x9c>
     a9a:	94 30       	cpi	r25, 0x04	; 4
     a9c:	51 f4       	brne	.+20     	; 0xab2 <__fpcmp_parts_f+0x2e>
     a9e:	11 96       	adiw	r26, 0x01	; 1
     aa0:	1c 91       	ld	r17, X
     aa2:	84 30       	cpi	r24, 0x04	; 4
     aa4:	99 f5       	brne	.+102    	; 0xb0c <__fpcmp_parts_f+0x88>
     aa6:	81 81       	ldd	r24, Z+1	; 0x01
     aa8:	68 2f       	mov	r22, r24
     aaa:	70 e0       	ldi	r23, 0x00	; 0
     aac:	61 1b       	sub	r22, r17
     aae:	71 09       	sbc	r23, r1
     ab0:	3f c0       	rjmp	.+126    	; 0xb30 <__fpcmp_parts_f+0xac>
     ab2:	84 30       	cpi	r24, 0x04	; 4
     ab4:	21 f0       	breq	.+8      	; 0xabe <__fpcmp_parts_f+0x3a>
     ab6:	92 30       	cpi	r25, 0x02	; 2
     ab8:	31 f4       	brne	.+12     	; 0xac6 <__fpcmp_parts_f+0x42>
     aba:	82 30       	cpi	r24, 0x02	; 2
     abc:	b9 f1       	breq	.+110    	; 0xb2c <__fpcmp_parts_f+0xa8>
     abe:	81 81       	ldd	r24, Z+1	; 0x01
     ac0:	88 23       	and	r24, r24
     ac2:	89 f1       	breq	.+98     	; 0xb26 <__fpcmp_parts_f+0xa2>
     ac4:	2d c0       	rjmp	.+90     	; 0xb20 <__fpcmp_parts_f+0x9c>
     ac6:	11 96       	adiw	r26, 0x01	; 1
     ac8:	1c 91       	ld	r17, X
     aca:	11 97       	sbiw	r26, 0x01	; 1
     acc:	82 30       	cpi	r24, 0x02	; 2
     ace:	f1 f0       	breq	.+60     	; 0xb0c <__fpcmp_parts_f+0x88>
     ad0:	81 81       	ldd	r24, Z+1	; 0x01
     ad2:	18 17       	cp	r17, r24
     ad4:	d9 f4       	brne	.+54     	; 0xb0c <__fpcmp_parts_f+0x88>
     ad6:	12 96       	adiw	r26, 0x02	; 2
     ad8:	2d 91       	ld	r18, X+
     ada:	3c 91       	ld	r19, X
     adc:	13 97       	sbiw	r26, 0x03	; 3
     ade:	82 81       	ldd	r24, Z+2	; 0x02
     ae0:	93 81       	ldd	r25, Z+3	; 0x03
     ae2:	82 17       	cp	r24, r18
     ae4:	93 07       	cpc	r25, r19
     ae6:	94 f0       	brlt	.+36     	; 0xb0c <__fpcmp_parts_f+0x88>
     ae8:	28 17       	cp	r18, r24
     aea:	39 07       	cpc	r19, r25
     aec:	bc f0       	brlt	.+46     	; 0xb1c <__fpcmp_parts_f+0x98>
     aee:	14 96       	adiw	r26, 0x04	; 4
     af0:	8d 91       	ld	r24, X+
     af2:	9d 91       	ld	r25, X+
     af4:	0d 90       	ld	r0, X+
     af6:	bc 91       	ld	r27, X
     af8:	a0 2d       	mov	r26, r0
     afa:	24 81       	ldd	r18, Z+4	; 0x04
     afc:	35 81       	ldd	r19, Z+5	; 0x05
     afe:	46 81       	ldd	r20, Z+6	; 0x06
     b00:	57 81       	ldd	r21, Z+7	; 0x07
     b02:	28 17       	cp	r18, r24
     b04:	39 07       	cpc	r19, r25
     b06:	4a 07       	cpc	r20, r26
     b08:	5b 07       	cpc	r21, r27
     b0a:	18 f4       	brcc	.+6      	; 0xb12 <__fpcmp_parts_f+0x8e>
     b0c:	11 23       	and	r17, r17
     b0e:	41 f0       	breq	.+16     	; 0xb20 <__fpcmp_parts_f+0x9c>
     b10:	0a c0       	rjmp	.+20     	; 0xb26 <__fpcmp_parts_f+0xa2>
     b12:	82 17       	cp	r24, r18
     b14:	93 07       	cpc	r25, r19
     b16:	a4 07       	cpc	r26, r20
     b18:	b5 07       	cpc	r27, r21
     b1a:	40 f4       	brcc	.+16     	; 0xb2c <__fpcmp_parts_f+0xa8>
     b1c:	11 23       	and	r17, r17
     b1e:	19 f0       	breq	.+6      	; 0xb26 <__fpcmp_parts_f+0xa2>
     b20:	61 e0       	ldi	r22, 0x01	; 1
     b22:	70 e0       	ldi	r23, 0x00	; 0
     b24:	05 c0       	rjmp	.+10     	; 0xb30 <__fpcmp_parts_f+0xac>
     b26:	6f ef       	ldi	r22, 0xFF	; 255
     b28:	7f ef       	ldi	r23, 0xFF	; 255
     b2a:	02 c0       	rjmp	.+4      	; 0xb30 <__fpcmp_parts_f+0xac>
     b2c:	60 e0       	ldi	r22, 0x00	; 0
     b2e:	70 e0       	ldi	r23, 0x00	; 0
     b30:	cb 01       	movw	r24, r22
     b32:	1f 91       	pop	r17
     b34:	08 95       	ret

00000b36 <DIO_voidInit>:
#include "DIO_interface.h"
#include "DIO_private.h"
#include "DIO_config.h"

void DIO_voidInit         (void)
{
     b36:	df 93       	push	r29
     b38:	cf 93       	push	r28
     b3a:	cd b7       	in	r28, 0x3d	; 61
     b3c:	de b7       	in	r29, 0x3e	; 62
	DIO_u8SetPortDirection(DIO_u8_PORTA,DIO_u8_OUTPUT);
     b3e:	80 e0       	ldi	r24, 0x00	; 0
     b40:	61 e0       	ldi	r22, 0x01	; 1
     b42:	0e 94 39 08 	call	0x1072	; 0x1072 <DIO_u8SetPortDirection>
	DIO_u8SetPortValue(DIO_u8_PORTA,DIO_u8_LOW);
     b46:	80 e0       	ldi	r24, 0x00	; 0
     b48:	60 e0       	ldi	r22, 0x00	; 0
     b4a:	0e 94 d8 08 	call	0x11b0	; 0x11b0 <DIO_u8SetPortValue>
	DIO_u8SetPortDirection(DIO_u8_PORTC,DIO_u8_OUTPUT);
     b4e:	82 e0       	ldi	r24, 0x02	; 2
     b50:	61 e0       	ldi	r22, 0x01	; 1
     b52:	0e 94 39 08 	call	0x1072	; 0x1072 <DIO_u8SetPortDirection>
	DIO_u8SetPortValue(DIO_u8_PORTC,DIO_u8_LOW);
     b56:	82 e0       	ldi	r24, 0x02	; 2
     b58:	60 e0       	ldi	r22, 0x00	; 0
     b5a:	0e 94 d8 08 	call	0x11b0	; 0x11b0 <DIO_u8SetPortValue>
	DIO_u8SetPortDirection(DIO_u8_PORTD,DIO_u8_OUTPUT);
     b5e:	83 e0       	ldi	r24, 0x03	; 3
     b60:	61 e0       	ldi	r22, 0x01	; 1
     b62:	0e 94 39 08 	call	0x1072	; 0x1072 <DIO_u8SetPortDirection>
	DIO_u8SetPortValue(DIO_u8_PORTD,DIO_u8_LOW);
     b66:	83 e0       	ldi	r24, 0x03	; 3
     b68:	60 e0       	ldi	r22, 0x00	; 0
     b6a:	0e 94 d8 08 	call	0x11b0	; 0x11b0 <DIO_u8SetPortValue>
	DIO_u8SetPortDirection(DIO_u8_PORTB,DIO_u8_OUTPUT);
     b6e:	81 e0       	ldi	r24, 0x01	; 1
     b70:	61 e0       	ldi	r22, 0x01	; 1
     b72:	0e 94 39 08 	call	0x1072	; 0x1072 <DIO_u8SetPortDirection>
	DIO_u8SetPortValue(DIO_u8_PORTB,DIO_u8_LOW);
     b76:	81 e0       	ldi	r24, 0x01	; 1
     b78:	60 e0       	ldi	r22, 0x00	; 0
     b7a:	0e 94 d8 08 	call	0x11b0	; 0x11b0 <DIO_u8SetPortValue>


}
     b7e:	cf 91       	pop	r28
     b80:	df 91       	pop	r29
     b82:	08 95       	ret

00000b84 <DIO_u8SetPinDirection>:



u8  DIO_u8SetPinDirection (u8 Copy_u8PortId, u8 Copy_u8PinId ,u8 Copy_u8PinDirection)
{
     b84:	df 93       	push	r29
     b86:	cf 93       	push	r28
     b88:	cd b7       	in	r28, 0x3d	; 61
     b8a:	de b7       	in	r29, 0x3e	; 62
     b8c:	2e 97       	sbiw	r28, 0x0e	; 14
     b8e:	0f b6       	in	r0, 0x3f	; 63
     b90:	f8 94       	cli
     b92:	de bf       	out	0x3e, r29	; 62
     b94:	0f be       	out	0x3f, r0	; 63
     b96:	cd bf       	out	0x3d, r28	; 61
     b98:	8a 83       	std	Y+2, r24	; 0x02
     b9a:	6b 83       	std	Y+3, r22	; 0x03
     b9c:	4c 83       	std	Y+4, r20	; 0x04
	u8 Local_u8ErrorState = STD_TYPES_OK;
     b9e:	81 e0       	ldi	r24, 0x01	; 1
     ba0:	89 83       	std	Y+1, r24	; 0x01
	if((Copy_u8PortId <= DIO_u8_PORTD) && (Copy_u8PinId <= DIO_u8_PIN7) && ((Copy_u8PinDirection == DIO_u8_OUTPUT) || (Copy_u8PinDirection == DIO_u8_INPUT)))		
     ba2:	8a 81       	ldd	r24, Y+2	; 0x02
     ba4:	84 30       	cpi	r24, 0x04	; 4
     ba6:	08 f0       	brcs	.+2      	; 0xbaa <DIO_u8SetPinDirection+0x26>
     ba8:	0c c1       	rjmp	.+536    	; 0xdc2 <DIO_u8SetPinDirection+0x23e>
     baa:	8b 81       	ldd	r24, Y+3	; 0x03
     bac:	88 30       	cpi	r24, 0x08	; 8
     bae:	08 f0       	brcs	.+2      	; 0xbb2 <DIO_u8SetPinDirection+0x2e>
     bb0:	08 c1       	rjmp	.+528    	; 0xdc2 <DIO_u8SetPinDirection+0x23e>
     bb2:	8c 81       	ldd	r24, Y+4	; 0x04
     bb4:	81 30       	cpi	r24, 0x01	; 1
     bb6:	21 f0       	breq	.+8      	; 0xbc0 <DIO_u8SetPinDirection+0x3c>
     bb8:	8c 81       	ldd	r24, Y+4	; 0x04
     bba:	88 23       	and	r24, r24
     bbc:	09 f0       	breq	.+2      	; 0xbc0 <DIO_u8SetPinDirection+0x3c>
     bbe:	01 c1       	rjmp	.+514    	; 0xdc2 <DIO_u8SetPinDirection+0x23e>
	{
		switch (Copy_u8PortId)
     bc0:	8a 81       	ldd	r24, Y+2	; 0x02
     bc2:	28 2f       	mov	r18, r24
     bc4:	30 e0       	ldi	r19, 0x00	; 0
     bc6:	3e 87       	std	Y+14, r19	; 0x0e
     bc8:	2d 87       	std	Y+13, r18	; 0x0d
     bca:	8d 85       	ldd	r24, Y+13	; 0x0d
     bcc:	9e 85       	ldd	r25, Y+14	; 0x0e
     bce:	81 30       	cpi	r24, 0x01	; 1
     bd0:	91 05       	cpc	r25, r1
     bd2:	09 f4       	brne	.+2      	; 0xbd6 <DIO_u8SetPinDirection+0x52>
     bd4:	4f c0       	rjmp	.+158    	; 0xc74 <DIO_u8SetPinDirection+0xf0>
     bd6:	2d 85       	ldd	r18, Y+13	; 0x0d
     bd8:	3e 85       	ldd	r19, Y+14	; 0x0e
     bda:	22 30       	cpi	r18, 0x02	; 2
     bdc:	31 05       	cpc	r19, r1
     bde:	2c f4       	brge	.+10     	; 0xbea <DIO_u8SetPinDirection+0x66>
     be0:	8d 85       	ldd	r24, Y+13	; 0x0d
     be2:	9e 85       	ldd	r25, Y+14	; 0x0e
     be4:	00 97       	sbiw	r24, 0x00	; 0
     be6:	71 f0       	breq	.+28     	; 0xc04 <DIO_u8SetPinDirection+0x80>
     be8:	ed c0       	rjmp	.+474    	; 0xdc4 <DIO_u8SetPinDirection+0x240>
     bea:	2d 85       	ldd	r18, Y+13	; 0x0d
     bec:	3e 85       	ldd	r19, Y+14	; 0x0e
     bee:	22 30       	cpi	r18, 0x02	; 2
     bf0:	31 05       	cpc	r19, r1
     bf2:	09 f4       	brne	.+2      	; 0xbf6 <DIO_u8SetPinDirection+0x72>
     bf4:	77 c0       	rjmp	.+238    	; 0xce4 <DIO_u8SetPinDirection+0x160>
     bf6:	8d 85       	ldd	r24, Y+13	; 0x0d
     bf8:	9e 85       	ldd	r25, Y+14	; 0x0e
     bfa:	83 30       	cpi	r24, 0x03	; 3
     bfc:	91 05       	cpc	r25, r1
     bfe:	09 f4       	brne	.+2      	; 0xc02 <DIO_u8SetPinDirection+0x7e>
     c00:	a9 c0       	rjmp	.+338    	; 0xd54 <DIO_u8SetPinDirection+0x1d0>
     c02:	e0 c0       	rjmp	.+448    	; 0xdc4 <DIO_u8SetPinDirection+0x240>
		{
			case DIO_u8_PORTA:
				switch (Copy_u8PinDirection)
     c04:	8c 81       	ldd	r24, Y+4	; 0x04
     c06:	28 2f       	mov	r18, r24
     c08:	30 e0       	ldi	r19, 0x00	; 0
     c0a:	3c 87       	std	Y+12, r19	; 0x0c
     c0c:	2b 87       	std	Y+11, r18	; 0x0b
     c0e:	8b 85       	ldd	r24, Y+11	; 0x0b
     c10:	9c 85       	ldd	r25, Y+12	; 0x0c
     c12:	00 97       	sbiw	r24, 0x00	; 0
     c14:	d1 f0       	breq	.+52     	; 0xc4a <DIO_u8SetPinDirection+0xc6>
     c16:	2b 85       	ldd	r18, Y+11	; 0x0b
     c18:	3c 85       	ldd	r19, Y+12	; 0x0c
     c1a:	21 30       	cpi	r18, 0x01	; 1
     c1c:	31 05       	cpc	r19, r1
     c1e:	09 f0       	breq	.+2      	; 0xc22 <DIO_u8SetPinDirection+0x9e>
     c20:	d1 c0       	rjmp	.+418    	; 0xdc4 <DIO_u8SetPinDirection+0x240>
				{
					case DIO_u8_OUTPUT:SET_BIT(DIO_u8_DDRA_REG,Copy_u8PinId);break;
     c22:	aa e3       	ldi	r26, 0x3A	; 58
     c24:	b0 e0       	ldi	r27, 0x00	; 0
     c26:	ea e3       	ldi	r30, 0x3A	; 58
     c28:	f0 e0       	ldi	r31, 0x00	; 0
     c2a:	80 81       	ld	r24, Z
     c2c:	48 2f       	mov	r20, r24
     c2e:	8b 81       	ldd	r24, Y+3	; 0x03
     c30:	28 2f       	mov	r18, r24
     c32:	30 e0       	ldi	r19, 0x00	; 0
     c34:	81 e0       	ldi	r24, 0x01	; 1
     c36:	90 e0       	ldi	r25, 0x00	; 0
     c38:	02 2e       	mov	r0, r18
     c3a:	02 c0       	rjmp	.+4      	; 0xc40 <DIO_u8SetPinDirection+0xbc>
     c3c:	88 0f       	add	r24, r24
     c3e:	99 1f       	adc	r25, r25
     c40:	0a 94       	dec	r0
     c42:	e2 f7       	brpl	.-8      	; 0xc3c <DIO_u8SetPinDirection+0xb8>
     c44:	84 2b       	or	r24, r20
     c46:	8c 93       	st	X, r24
     c48:	bd c0       	rjmp	.+378    	; 0xdc4 <DIO_u8SetPinDirection+0x240>
					case DIO_u8_INPUT: CLR_BIT(DIO_u8_DDRA_REG,Copy_u8PinId);break;
     c4a:	aa e3       	ldi	r26, 0x3A	; 58
     c4c:	b0 e0       	ldi	r27, 0x00	; 0
     c4e:	ea e3       	ldi	r30, 0x3A	; 58
     c50:	f0 e0       	ldi	r31, 0x00	; 0
     c52:	80 81       	ld	r24, Z
     c54:	48 2f       	mov	r20, r24
     c56:	8b 81       	ldd	r24, Y+3	; 0x03
     c58:	28 2f       	mov	r18, r24
     c5a:	30 e0       	ldi	r19, 0x00	; 0
     c5c:	81 e0       	ldi	r24, 0x01	; 1
     c5e:	90 e0       	ldi	r25, 0x00	; 0
     c60:	02 2e       	mov	r0, r18
     c62:	02 c0       	rjmp	.+4      	; 0xc68 <DIO_u8SetPinDirection+0xe4>
     c64:	88 0f       	add	r24, r24
     c66:	99 1f       	adc	r25, r25
     c68:	0a 94       	dec	r0
     c6a:	e2 f7       	brpl	.-8      	; 0xc64 <DIO_u8SetPinDirection+0xe0>
     c6c:	80 95       	com	r24
     c6e:	84 23       	and	r24, r20
     c70:	8c 93       	st	X, r24
     c72:	a8 c0       	rjmp	.+336    	; 0xdc4 <DIO_u8SetPinDirection+0x240>
				}
			break;
			case DIO_u8_PORTB:
				switch (Copy_u8PinDirection)
     c74:	8c 81       	ldd	r24, Y+4	; 0x04
     c76:	28 2f       	mov	r18, r24
     c78:	30 e0       	ldi	r19, 0x00	; 0
     c7a:	3a 87       	std	Y+10, r19	; 0x0a
     c7c:	29 87       	std	Y+9, r18	; 0x09
     c7e:	89 85       	ldd	r24, Y+9	; 0x09
     c80:	9a 85       	ldd	r25, Y+10	; 0x0a
     c82:	00 97       	sbiw	r24, 0x00	; 0
     c84:	d1 f0       	breq	.+52     	; 0xcba <DIO_u8SetPinDirection+0x136>
     c86:	29 85       	ldd	r18, Y+9	; 0x09
     c88:	3a 85       	ldd	r19, Y+10	; 0x0a
     c8a:	21 30       	cpi	r18, 0x01	; 1
     c8c:	31 05       	cpc	r19, r1
     c8e:	09 f0       	breq	.+2      	; 0xc92 <DIO_u8SetPinDirection+0x10e>
     c90:	99 c0       	rjmp	.+306    	; 0xdc4 <DIO_u8SetPinDirection+0x240>
				{
					case DIO_u8_OUTPUT:SET_BIT(DIO_u8_DDRB_REG,Copy_u8PinId);break;
     c92:	a7 e3       	ldi	r26, 0x37	; 55
     c94:	b0 e0       	ldi	r27, 0x00	; 0
     c96:	e7 e3       	ldi	r30, 0x37	; 55
     c98:	f0 e0       	ldi	r31, 0x00	; 0
     c9a:	80 81       	ld	r24, Z
     c9c:	48 2f       	mov	r20, r24
     c9e:	8b 81       	ldd	r24, Y+3	; 0x03
     ca0:	28 2f       	mov	r18, r24
     ca2:	30 e0       	ldi	r19, 0x00	; 0
     ca4:	81 e0       	ldi	r24, 0x01	; 1
     ca6:	90 e0       	ldi	r25, 0x00	; 0
     ca8:	02 2e       	mov	r0, r18
     caa:	02 c0       	rjmp	.+4      	; 0xcb0 <DIO_u8SetPinDirection+0x12c>
     cac:	88 0f       	add	r24, r24
     cae:	99 1f       	adc	r25, r25
     cb0:	0a 94       	dec	r0
     cb2:	e2 f7       	brpl	.-8      	; 0xcac <DIO_u8SetPinDirection+0x128>
     cb4:	84 2b       	or	r24, r20
     cb6:	8c 93       	st	X, r24
     cb8:	85 c0       	rjmp	.+266    	; 0xdc4 <DIO_u8SetPinDirection+0x240>
					case DIO_u8_INPUT: CLR_BIT(DIO_u8_DDRB_REG,Copy_u8PinId);break;
     cba:	a7 e3       	ldi	r26, 0x37	; 55
     cbc:	b0 e0       	ldi	r27, 0x00	; 0
     cbe:	e7 e3       	ldi	r30, 0x37	; 55
     cc0:	f0 e0       	ldi	r31, 0x00	; 0
     cc2:	80 81       	ld	r24, Z
     cc4:	48 2f       	mov	r20, r24
     cc6:	8b 81       	ldd	r24, Y+3	; 0x03
     cc8:	28 2f       	mov	r18, r24
     cca:	30 e0       	ldi	r19, 0x00	; 0
     ccc:	81 e0       	ldi	r24, 0x01	; 1
     cce:	90 e0       	ldi	r25, 0x00	; 0
     cd0:	02 2e       	mov	r0, r18
     cd2:	02 c0       	rjmp	.+4      	; 0xcd8 <DIO_u8SetPinDirection+0x154>
     cd4:	88 0f       	add	r24, r24
     cd6:	99 1f       	adc	r25, r25
     cd8:	0a 94       	dec	r0
     cda:	e2 f7       	brpl	.-8      	; 0xcd4 <DIO_u8SetPinDirection+0x150>
     cdc:	80 95       	com	r24
     cde:	84 23       	and	r24, r20
     ce0:	8c 93       	st	X, r24
     ce2:	70 c0       	rjmp	.+224    	; 0xdc4 <DIO_u8SetPinDirection+0x240>
				}
			break;
			case DIO_u8_PORTC:
				switch (Copy_u8PinDirection)
     ce4:	8c 81       	ldd	r24, Y+4	; 0x04
     ce6:	28 2f       	mov	r18, r24
     ce8:	30 e0       	ldi	r19, 0x00	; 0
     cea:	38 87       	std	Y+8, r19	; 0x08
     cec:	2f 83       	std	Y+7, r18	; 0x07
     cee:	8f 81       	ldd	r24, Y+7	; 0x07
     cf0:	98 85       	ldd	r25, Y+8	; 0x08
     cf2:	00 97       	sbiw	r24, 0x00	; 0
     cf4:	d1 f0       	breq	.+52     	; 0xd2a <DIO_u8SetPinDirection+0x1a6>
     cf6:	2f 81       	ldd	r18, Y+7	; 0x07
     cf8:	38 85       	ldd	r19, Y+8	; 0x08
     cfa:	21 30       	cpi	r18, 0x01	; 1
     cfc:	31 05       	cpc	r19, r1
     cfe:	09 f0       	breq	.+2      	; 0xd02 <DIO_u8SetPinDirection+0x17e>
     d00:	61 c0       	rjmp	.+194    	; 0xdc4 <DIO_u8SetPinDirection+0x240>
				{
					case DIO_u8_OUTPUT:SET_BIT(DIO_u8_DDRC_REG,Copy_u8PinId);break;
     d02:	a4 e3       	ldi	r26, 0x34	; 52
     d04:	b0 e0       	ldi	r27, 0x00	; 0
     d06:	e4 e3       	ldi	r30, 0x34	; 52
     d08:	f0 e0       	ldi	r31, 0x00	; 0
     d0a:	80 81       	ld	r24, Z
     d0c:	48 2f       	mov	r20, r24
     d0e:	8b 81       	ldd	r24, Y+3	; 0x03
     d10:	28 2f       	mov	r18, r24
     d12:	30 e0       	ldi	r19, 0x00	; 0
     d14:	81 e0       	ldi	r24, 0x01	; 1
     d16:	90 e0       	ldi	r25, 0x00	; 0
     d18:	02 2e       	mov	r0, r18
     d1a:	02 c0       	rjmp	.+4      	; 0xd20 <DIO_u8SetPinDirection+0x19c>
     d1c:	88 0f       	add	r24, r24
     d1e:	99 1f       	adc	r25, r25
     d20:	0a 94       	dec	r0
     d22:	e2 f7       	brpl	.-8      	; 0xd1c <DIO_u8SetPinDirection+0x198>
     d24:	84 2b       	or	r24, r20
     d26:	8c 93       	st	X, r24
     d28:	4d c0       	rjmp	.+154    	; 0xdc4 <DIO_u8SetPinDirection+0x240>
					case DIO_u8_INPUT: CLR_BIT(DIO_u8_DDRC_REG,Copy_u8PinId);break;
     d2a:	a4 e3       	ldi	r26, 0x34	; 52
     d2c:	b0 e0       	ldi	r27, 0x00	; 0
     d2e:	e4 e3       	ldi	r30, 0x34	; 52
     d30:	f0 e0       	ldi	r31, 0x00	; 0
     d32:	80 81       	ld	r24, Z
     d34:	48 2f       	mov	r20, r24
     d36:	8b 81       	ldd	r24, Y+3	; 0x03
     d38:	28 2f       	mov	r18, r24
     d3a:	30 e0       	ldi	r19, 0x00	; 0
     d3c:	81 e0       	ldi	r24, 0x01	; 1
     d3e:	90 e0       	ldi	r25, 0x00	; 0
     d40:	02 2e       	mov	r0, r18
     d42:	02 c0       	rjmp	.+4      	; 0xd48 <DIO_u8SetPinDirection+0x1c4>
     d44:	88 0f       	add	r24, r24
     d46:	99 1f       	adc	r25, r25
     d48:	0a 94       	dec	r0
     d4a:	e2 f7       	brpl	.-8      	; 0xd44 <DIO_u8SetPinDirection+0x1c0>
     d4c:	80 95       	com	r24
     d4e:	84 23       	and	r24, r20
     d50:	8c 93       	st	X, r24
     d52:	38 c0       	rjmp	.+112    	; 0xdc4 <DIO_u8SetPinDirection+0x240>
				}
			break;
			case DIO_u8_PORTD:
				switch (Copy_u8PinDirection)
     d54:	8c 81       	ldd	r24, Y+4	; 0x04
     d56:	28 2f       	mov	r18, r24
     d58:	30 e0       	ldi	r19, 0x00	; 0
     d5a:	3e 83       	std	Y+6, r19	; 0x06
     d5c:	2d 83       	std	Y+5, r18	; 0x05
     d5e:	8d 81       	ldd	r24, Y+5	; 0x05
     d60:	9e 81       	ldd	r25, Y+6	; 0x06
     d62:	00 97       	sbiw	r24, 0x00	; 0
     d64:	c9 f0       	breq	.+50     	; 0xd98 <DIO_u8SetPinDirection+0x214>
     d66:	2d 81       	ldd	r18, Y+5	; 0x05
     d68:	3e 81       	ldd	r19, Y+6	; 0x06
     d6a:	21 30       	cpi	r18, 0x01	; 1
     d6c:	31 05       	cpc	r19, r1
     d6e:	51 f5       	brne	.+84     	; 0xdc4 <DIO_u8SetPinDirection+0x240>
				{
					case DIO_u8_OUTPUT:SET_BIT(DIO_u8_DDRD_REG,Copy_u8PinId);break;
     d70:	a1 e3       	ldi	r26, 0x31	; 49
     d72:	b0 e0       	ldi	r27, 0x00	; 0
     d74:	e1 e3       	ldi	r30, 0x31	; 49
     d76:	f0 e0       	ldi	r31, 0x00	; 0
     d78:	80 81       	ld	r24, Z
     d7a:	48 2f       	mov	r20, r24
     d7c:	8b 81       	ldd	r24, Y+3	; 0x03
     d7e:	28 2f       	mov	r18, r24
     d80:	30 e0       	ldi	r19, 0x00	; 0
     d82:	81 e0       	ldi	r24, 0x01	; 1
     d84:	90 e0       	ldi	r25, 0x00	; 0
     d86:	02 2e       	mov	r0, r18
     d88:	02 c0       	rjmp	.+4      	; 0xd8e <DIO_u8SetPinDirection+0x20a>
     d8a:	88 0f       	add	r24, r24
     d8c:	99 1f       	adc	r25, r25
     d8e:	0a 94       	dec	r0
     d90:	e2 f7       	brpl	.-8      	; 0xd8a <DIO_u8SetPinDirection+0x206>
     d92:	84 2b       	or	r24, r20
     d94:	8c 93       	st	X, r24
     d96:	16 c0       	rjmp	.+44     	; 0xdc4 <DIO_u8SetPinDirection+0x240>
					case DIO_u8_INPUT: CLR_BIT(DIO_u8_DDRD_REG,Copy_u8PinId);break;
     d98:	a1 e3       	ldi	r26, 0x31	; 49
     d9a:	b0 e0       	ldi	r27, 0x00	; 0
     d9c:	e1 e3       	ldi	r30, 0x31	; 49
     d9e:	f0 e0       	ldi	r31, 0x00	; 0
     da0:	80 81       	ld	r24, Z
     da2:	48 2f       	mov	r20, r24
     da4:	8b 81       	ldd	r24, Y+3	; 0x03
     da6:	28 2f       	mov	r18, r24
     da8:	30 e0       	ldi	r19, 0x00	; 0
     daa:	81 e0       	ldi	r24, 0x01	; 1
     dac:	90 e0       	ldi	r25, 0x00	; 0
     dae:	02 2e       	mov	r0, r18
     db0:	02 c0       	rjmp	.+4      	; 0xdb6 <DIO_u8SetPinDirection+0x232>
     db2:	88 0f       	add	r24, r24
     db4:	99 1f       	adc	r25, r25
     db6:	0a 94       	dec	r0
     db8:	e2 f7       	brpl	.-8      	; 0xdb2 <DIO_u8SetPinDirection+0x22e>
     dba:	80 95       	com	r24
     dbc:	84 23       	and	r24, r20
     dbe:	8c 93       	st	X, r24
     dc0:	01 c0       	rjmp	.+2      	; 0xdc4 <DIO_u8SetPinDirection+0x240>
			break;			
		}
	}
	else
	{
		Local_u8ErrorState = STD_TYPES_NOK;
     dc2:	19 82       	std	Y+1, r1	; 0x01
	}
	
	return Local_u8ErrorState;
     dc4:	89 81       	ldd	r24, Y+1	; 0x01
}
     dc6:	2e 96       	adiw	r28, 0x0e	; 14
     dc8:	0f b6       	in	r0, 0x3f	; 63
     dca:	f8 94       	cli
     dcc:	de bf       	out	0x3e, r29	; 62
     dce:	0f be       	out	0x3f, r0	; 63
     dd0:	cd bf       	out	0x3d, r28	; 61
     dd2:	cf 91       	pop	r28
     dd4:	df 91       	pop	r29
     dd6:	08 95       	ret

00000dd8 <DIO_u8SetPinValue>:

u8  DIO_u8SetPinValue     (u8 Copy_u8PortId, u8 Copy_u8PinId ,u8 Copy_u8PinValue)
{
     dd8:	df 93       	push	r29
     dda:	cf 93       	push	r28
     ddc:	cd b7       	in	r28, 0x3d	; 61
     dde:	de b7       	in	r29, 0x3e	; 62
     de0:	2e 97       	sbiw	r28, 0x0e	; 14
     de2:	0f b6       	in	r0, 0x3f	; 63
     de4:	f8 94       	cli
     de6:	de bf       	out	0x3e, r29	; 62
     de8:	0f be       	out	0x3f, r0	; 63
     dea:	cd bf       	out	0x3d, r28	; 61
     dec:	8a 83       	std	Y+2, r24	; 0x02
     dee:	6b 83       	std	Y+3, r22	; 0x03
     df0:	4c 83       	std	Y+4, r20	; 0x04
	u8 Local_u8ErrorState = STD_TYPES_OK;
     df2:	81 e0       	ldi	r24, 0x01	; 1
     df4:	89 83       	std	Y+1, r24	; 0x01
	if(Copy_u8PinId <= DIO_u8_PIN7)
     df6:	8b 81       	ldd	r24, Y+3	; 0x03
     df8:	88 30       	cpi	r24, 0x08	; 8
     dfa:	08 f0       	brcs	.+2      	; 0xdfe <DIO_u8SetPinValue+0x26>
     dfc:	08 c1       	rjmp	.+528    	; 0x100e <DIO_u8SetPinValue+0x236>
	{
		switch (Copy_u8PortId)
     dfe:	8a 81       	ldd	r24, Y+2	; 0x02
     e00:	28 2f       	mov	r18, r24
     e02:	30 e0       	ldi	r19, 0x00	; 0
     e04:	3e 87       	std	Y+14, r19	; 0x0e
     e06:	2d 87       	std	Y+13, r18	; 0x0d
     e08:	8d 85       	ldd	r24, Y+13	; 0x0d
     e0a:	9e 85       	ldd	r25, Y+14	; 0x0e
     e0c:	81 30       	cpi	r24, 0x01	; 1
     e0e:	91 05       	cpc	r25, r1
     e10:	09 f4       	brne	.+2      	; 0xe14 <DIO_u8SetPinValue+0x3c>
     e12:	50 c0       	rjmp	.+160    	; 0xeb4 <DIO_u8SetPinValue+0xdc>
     e14:	2d 85       	ldd	r18, Y+13	; 0x0d
     e16:	3e 85       	ldd	r19, Y+14	; 0x0e
     e18:	22 30       	cpi	r18, 0x02	; 2
     e1a:	31 05       	cpc	r19, r1
     e1c:	2c f4       	brge	.+10     	; 0xe28 <DIO_u8SetPinValue+0x50>
     e1e:	8d 85       	ldd	r24, Y+13	; 0x0d
     e20:	9e 85       	ldd	r25, Y+14	; 0x0e
     e22:	00 97       	sbiw	r24, 0x00	; 0
     e24:	71 f0       	breq	.+28     	; 0xe42 <DIO_u8SetPinValue+0x6a>
     e26:	f1 c0       	rjmp	.+482    	; 0x100a <DIO_u8SetPinValue+0x232>
     e28:	2d 85       	ldd	r18, Y+13	; 0x0d
     e2a:	3e 85       	ldd	r19, Y+14	; 0x0e
     e2c:	22 30       	cpi	r18, 0x02	; 2
     e2e:	31 05       	cpc	r19, r1
     e30:	09 f4       	brne	.+2      	; 0xe34 <DIO_u8SetPinValue+0x5c>
     e32:	79 c0       	rjmp	.+242    	; 0xf26 <DIO_u8SetPinValue+0x14e>
     e34:	8d 85       	ldd	r24, Y+13	; 0x0d
     e36:	9e 85       	ldd	r25, Y+14	; 0x0e
     e38:	83 30       	cpi	r24, 0x03	; 3
     e3a:	91 05       	cpc	r25, r1
     e3c:	09 f4       	brne	.+2      	; 0xe40 <DIO_u8SetPinValue+0x68>
     e3e:	ac c0       	rjmp	.+344    	; 0xf98 <DIO_u8SetPinValue+0x1c0>
     e40:	e4 c0       	rjmp	.+456    	; 0x100a <DIO_u8SetPinValue+0x232>
		{
			case DIO_u8_PORTA:
				switch (Copy_u8PinValue)
     e42:	8c 81       	ldd	r24, Y+4	; 0x04
     e44:	28 2f       	mov	r18, r24
     e46:	30 e0       	ldi	r19, 0x00	; 0
     e48:	3c 87       	std	Y+12, r19	; 0x0c
     e4a:	2b 87       	std	Y+11, r18	; 0x0b
     e4c:	8b 85       	ldd	r24, Y+11	; 0x0b
     e4e:	9c 85       	ldd	r25, Y+12	; 0x0c
     e50:	00 97       	sbiw	r24, 0x00	; 0
     e52:	c9 f0       	breq	.+50     	; 0xe86 <DIO_u8SetPinValue+0xae>
     e54:	2b 85       	ldd	r18, Y+11	; 0x0b
     e56:	3c 85       	ldd	r19, Y+12	; 0x0c
     e58:	21 30       	cpi	r18, 0x01	; 1
     e5a:	31 05       	cpc	r19, r1
     e5c:	49 f5       	brne	.+82     	; 0xeb0 <DIO_u8SetPinValue+0xd8>
				{
					case DIO_u8_HIGH:SET_BIT(DIO_u8_PORTA_REG,Copy_u8PinId);break;
     e5e:	ab e3       	ldi	r26, 0x3B	; 59
     e60:	b0 e0       	ldi	r27, 0x00	; 0
     e62:	eb e3       	ldi	r30, 0x3B	; 59
     e64:	f0 e0       	ldi	r31, 0x00	; 0
     e66:	80 81       	ld	r24, Z
     e68:	48 2f       	mov	r20, r24
     e6a:	8b 81       	ldd	r24, Y+3	; 0x03
     e6c:	28 2f       	mov	r18, r24
     e6e:	30 e0       	ldi	r19, 0x00	; 0
     e70:	81 e0       	ldi	r24, 0x01	; 1
     e72:	90 e0       	ldi	r25, 0x00	; 0
     e74:	02 2e       	mov	r0, r18
     e76:	02 c0       	rjmp	.+4      	; 0xe7c <DIO_u8SetPinValue+0xa4>
     e78:	88 0f       	add	r24, r24
     e7a:	99 1f       	adc	r25, r25
     e7c:	0a 94       	dec	r0
     e7e:	e2 f7       	brpl	.-8      	; 0xe78 <DIO_u8SetPinValue+0xa0>
     e80:	84 2b       	or	r24, r20
     e82:	8c 93       	st	X, r24
     e84:	c5 c0       	rjmp	.+394    	; 0x1010 <DIO_u8SetPinValue+0x238>
					case DIO_u8_LOW: CLR_BIT(DIO_u8_PORTA_REG,Copy_u8PinId);break;
     e86:	ab e3       	ldi	r26, 0x3B	; 59
     e88:	b0 e0       	ldi	r27, 0x00	; 0
     e8a:	eb e3       	ldi	r30, 0x3B	; 59
     e8c:	f0 e0       	ldi	r31, 0x00	; 0
     e8e:	80 81       	ld	r24, Z
     e90:	48 2f       	mov	r20, r24
     e92:	8b 81       	ldd	r24, Y+3	; 0x03
     e94:	28 2f       	mov	r18, r24
     e96:	30 e0       	ldi	r19, 0x00	; 0
     e98:	81 e0       	ldi	r24, 0x01	; 1
     e9a:	90 e0       	ldi	r25, 0x00	; 0
     e9c:	02 2e       	mov	r0, r18
     e9e:	02 c0       	rjmp	.+4      	; 0xea4 <DIO_u8SetPinValue+0xcc>
     ea0:	88 0f       	add	r24, r24
     ea2:	99 1f       	adc	r25, r25
     ea4:	0a 94       	dec	r0
     ea6:	e2 f7       	brpl	.-8      	; 0xea0 <DIO_u8SetPinValue+0xc8>
     ea8:	80 95       	com	r24
     eaa:	84 23       	and	r24, r20
     eac:	8c 93       	st	X, r24
     eae:	b0 c0       	rjmp	.+352    	; 0x1010 <DIO_u8SetPinValue+0x238>
					default : Local_u8ErrorState = STD_TYPES_NOK;
     eb0:	19 82       	std	Y+1, r1	; 0x01
     eb2:	ae c0       	rjmp	.+348    	; 0x1010 <DIO_u8SetPinValue+0x238>
				}
			break;
			case DIO_u8_PORTB:
				switch (Copy_u8PinValue)
     eb4:	8c 81       	ldd	r24, Y+4	; 0x04
     eb6:	28 2f       	mov	r18, r24
     eb8:	30 e0       	ldi	r19, 0x00	; 0
     eba:	3a 87       	std	Y+10, r19	; 0x0a
     ebc:	29 87       	std	Y+9, r18	; 0x09
     ebe:	89 85       	ldd	r24, Y+9	; 0x09
     ec0:	9a 85       	ldd	r25, Y+10	; 0x0a
     ec2:	00 97       	sbiw	r24, 0x00	; 0
     ec4:	c9 f0       	breq	.+50     	; 0xef8 <DIO_u8SetPinValue+0x120>
     ec6:	29 85       	ldd	r18, Y+9	; 0x09
     ec8:	3a 85       	ldd	r19, Y+10	; 0x0a
     eca:	21 30       	cpi	r18, 0x01	; 1
     ecc:	31 05       	cpc	r19, r1
     ece:	49 f5       	brne	.+82     	; 0xf22 <DIO_u8SetPinValue+0x14a>
				{
					case DIO_u8_HIGH:SET_BIT(DIO_u8_PORTB_REG,Copy_u8PinId);break;
     ed0:	a8 e3       	ldi	r26, 0x38	; 56
     ed2:	b0 e0       	ldi	r27, 0x00	; 0
     ed4:	e8 e3       	ldi	r30, 0x38	; 56
     ed6:	f0 e0       	ldi	r31, 0x00	; 0
     ed8:	80 81       	ld	r24, Z
     eda:	48 2f       	mov	r20, r24
     edc:	8b 81       	ldd	r24, Y+3	; 0x03
     ede:	28 2f       	mov	r18, r24
     ee0:	30 e0       	ldi	r19, 0x00	; 0
     ee2:	81 e0       	ldi	r24, 0x01	; 1
     ee4:	90 e0       	ldi	r25, 0x00	; 0
     ee6:	02 2e       	mov	r0, r18
     ee8:	02 c0       	rjmp	.+4      	; 0xeee <DIO_u8SetPinValue+0x116>
     eea:	88 0f       	add	r24, r24
     eec:	99 1f       	adc	r25, r25
     eee:	0a 94       	dec	r0
     ef0:	e2 f7       	brpl	.-8      	; 0xeea <DIO_u8SetPinValue+0x112>
     ef2:	84 2b       	or	r24, r20
     ef4:	8c 93       	st	X, r24
     ef6:	8c c0       	rjmp	.+280    	; 0x1010 <DIO_u8SetPinValue+0x238>
					case DIO_u8_LOW: CLR_BIT(DIO_u8_PORTB_REG,Copy_u8PinId);break;
     ef8:	a8 e3       	ldi	r26, 0x38	; 56
     efa:	b0 e0       	ldi	r27, 0x00	; 0
     efc:	e8 e3       	ldi	r30, 0x38	; 56
     efe:	f0 e0       	ldi	r31, 0x00	; 0
     f00:	80 81       	ld	r24, Z
     f02:	48 2f       	mov	r20, r24
     f04:	8b 81       	ldd	r24, Y+3	; 0x03
     f06:	28 2f       	mov	r18, r24
     f08:	30 e0       	ldi	r19, 0x00	; 0
     f0a:	81 e0       	ldi	r24, 0x01	; 1
     f0c:	90 e0       	ldi	r25, 0x00	; 0
     f0e:	02 2e       	mov	r0, r18
     f10:	02 c0       	rjmp	.+4      	; 0xf16 <DIO_u8SetPinValue+0x13e>
     f12:	88 0f       	add	r24, r24
     f14:	99 1f       	adc	r25, r25
     f16:	0a 94       	dec	r0
     f18:	e2 f7       	brpl	.-8      	; 0xf12 <DIO_u8SetPinValue+0x13a>
     f1a:	80 95       	com	r24
     f1c:	84 23       	and	r24, r20
     f1e:	8c 93       	st	X, r24
     f20:	77 c0       	rjmp	.+238    	; 0x1010 <DIO_u8SetPinValue+0x238>
					default : Local_u8ErrorState = STD_TYPES_NOK;
     f22:	19 82       	std	Y+1, r1	; 0x01
     f24:	75 c0       	rjmp	.+234    	; 0x1010 <DIO_u8SetPinValue+0x238>
				}		
			break;
			case DIO_u8_PORTC:
				switch (Copy_u8PinValue)
     f26:	8c 81       	ldd	r24, Y+4	; 0x04
     f28:	28 2f       	mov	r18, r24
     f2a:	30 e0       	ldi	r19, 0x00	; 0
     f2c:	38 87       	std	Y+8, r19	; 0x08
     f2e:	2f 83       	std	Y+7, r18	; 0x07
     f30:	8f 81       	ldd	r24, Y+7	; 0x07
     f32:	98 85       	ldd	r25, Y+8	; 0x08
     f34:	00 97       	sbiw	r24, 0x00	; 0
     f36:	c9 f0       	breq	.+50     	; 0xf6a <DIO_u8SetPinValue+0x192>
     f38:	2f 81       	ldd	r18, Y+7	; 0x07
     f3a:	38 85       	ldd	r19, Y+8	; 0x08
     f3c:	21 30       	cpi	r18, 0x01	; 1
     f3e:	31 05       	cpc	r19, r1
     f40:	49 f5       	brne	.+82     	; 0xf94 <DIO_u8SetPinValue+0x1bc>
				{
					case DIO_u8_HIGH:SET_BIT(DIO_u8_PORTC_REG,Copy_u8PinId);break;
     f42:	a5 e3       	ldi	r26, 0x35	; 53
     f44:	b0 e0       	ldi	r27, 0x00	; 0
     f46:	e5 e3       	ldi	r30, 0x35	; 53
     f48:	f0 e0       	ldi	r31, 0x00	; 0
     f4a:	80 81       	ld	r24, Z
     f4c:	48 2f       	mov	r20, r24
     f4e:	8b 81       	ldd	r24, Y+3	; 0x03
     f50:	28 2f       	mov	r18, r24
     f52:	30 e0       	ldi	r19, 0x00	; 0
     f54:	81 e0       	ldi	r24, 0x01	; 1
     f56:	90 e0       	ldi	r25, 0x00	; 0
     f58:	02 2e       	mov	r0, r18
     f5a:	02 c0       	rjmp	.+4      	; 0xf60 <DIO_u8SetPinValue+0x188>
     f5c:	88 0f       	add	r24, r24
     f5e:	99 1f       	adc	r25, r25
     f60:	0a 94       	dec	r0
     f62:	e2 f7       	brpl	.-8      	; 0xf5c <DIO_u8SetPinValue+0x184>
     f64:	84 2b       	or	r24, r20
     f66:	8c 93       	st	X, r24
     f68:	53 c0       	rjmp	.+166    	; 0x1010 <DIO_u8SetPinValue+0x238>
					case DIO_u8_LOW: CLR_BIT(DIO_u8_PORTC_REG,Copy_u8PinId);break;
     f6a:	a5 e3       	ldi	r26, 0x35	; 53
     f6c:	b0 e0       	ldi	r27, 0x00	; 0
     f6e:	e5 e3       	ldi	r30, 0x35	; 53
     f70:	f0 e0       	ldi	r31, 0x00	; 0
     f72:	80 81       	ld	r24, Z
     f74:	48 2f       	mov	r20, r24
     f76:	8b 81       	ldd	r24, Y+3	; 0x03
     f78:	28 2f       	mov	r18, r24
     f7a:	30 e0       	ldi	r19, 0x00	; 0
     f7c:	81 e0       	ldi	r24, 0x01	; 1
     f7e:	90 e0       	ldi	r25, 0x00	; 0
     f80:	02 2e       	mov	r0, r18
     f82:	02 c0       	rjmp	.+4      	; 0xf88 <DIO_u8SetPinValue+0x1b0>
     f84:	88 0f       	add	r24, r24
     f86:	99 1f       	adc	r25, r25
     f88:	0a 94       	dec	r0
     f8a:	e2 f7       	brpl	.-8      	; 0xf84 <DIO_u8SetPinValue+0x1ac>
     f8c:	80 95       	com	r24
     f8e:	84 23       	and	r24, r20
     f90:	8c 93       	st	X, r24
     f92:	3e c0       	rjmp	.+124    	; 0x1010 <DIO_u8SetPinValue+0x238>
					default : Local_u8ErrorState = STD_TYPES_NOK;
     f94:	19 82       	std	Y+1, r1	; 0x01
     f96:	3c c0       	rjmp	.+120    	; 0x1010 <DIO_u8SetPinValue+0x238>
				}		
			break;
			case DIO_u8_PORTD:
				switch (Copy_u8PinValue)
     f98:	8c 81       	ldd	r24, Y+4	; 0x04
     f9a:	28 2f       	mov	r18, r24
     f9c:	30 e0       	ldi	r19, 0x00	; 0
     f9e:	3e 83       	std	Y+6, r19	; 0x06
     fa0:	2d 83       	std	Y+5, r18	; 0x05
     fa2:	8d 81       	ldd	r24, Y+5	; 0x05
     fa4:	9e 81       	ldd	r25, Y+6	; 0x06
     fa6:	00 97       	sbiw	r24, 0x00	; 0
     fa8:	c9 f0       	breq	.+50     	; 0xfdc <DIO_u8SetPinValue+0x204>
     faa:	2d 81       	ldd	r18, Y+5	; 0x05
     fac:	3e 81       	ldd	r19, Y+6	; 0x06
     fae:	21 30       	cpi	r18, 0x01	; 1
     fb0:	31 05       	cpc	r19, r1
     fb2:	49 f5       	brne	.+82     	; 0x1006 <DIO_u8SetPinValue+0x22e>
				{
					case DIO_u8_HIGH:SET_BIT(DIO_u8_PORTD_REG,Copy_u8PinId);break;
     fb4:	a2 e3       	ldi	r26, 0x32	; 50
     fb6:	b0 e0       	ldi	r27, 0x00	; 0
     fb8:	e2 e3       	ldi	r30, 0x32	; 50
     fba:	f0 e0       	ldi	r31, 0x00	; 0
     fbc:	80 81       	ld	r24, Z
     fbe:	48 2f       	mov	r20, r24
     fc0:	8b 81       	ldd	r24, Y+3	; 0x03
     fc2:	28 2f       	mov	r18, r24
     fc4:	30 e0       	ldi	r19, 0x00	; 0
     fc6:	81 e0       	ldi	r24, 0x01	; 1
     fc8:	90 e0       	ldi	r25, 0x00	; 0
     fca:	02 2e       	mov	r0, r18
     fcc:	02 c0       	rjmp	.+4      	; 0xfd2 <DIO_u8SetPinValue+0x1fa>
     fce:	88 0f       	add	r24, r24
     fd0:	99 1f       	adc	r25, r25
     fd2:	0a 94       	dec	r0
     fd4:	e2 f7       	brpl	.-8      	; 0xfce <DIO_u8SetPinValue+0x1f6>
     fd6:	84 2b       	or	r24, r20
     fd8:	8c 93       	st	X, r24
     fda:	1a c0       	rjmp	.+52     	; 0x1010 <DIO_u8SetPinValue+0x238>
					case DIO_u8_LOW: CLR_BIT(DIO_u8_PORTD_REG,Copy_u8PinId);break;
     fdc:	a2 e3       	ldi	r26, 0x32	; 50
     fde:	b0 e0       	ldi	r27, 0x00	; 0
     fe0:	e2 e3       	ldi	r30, 0x32	; 50
     fe2:	f0 e0       	ldi	r31, 0x00	; 0
     fe4:	80 81       	ld	r24, Z
     fe6:	48 2f       	mov	r20, r24
     fe8:	8b 81       	ldd	r24, Y+3	; 0x03
     fea:	28 2f       	mov	r18, r24
     fec:	30 e0       	ldi	r19, 0x00	; 0
     fee:	81 e0       	ldi	r24, 0x01	; 1
     ff0:	90 e0       	ldi	r25, 0x00	; 0
     ff2:	02 2e       	mov	r0, r18
     ff4:	02 c0       	rjmp	.+4      	; 0xffa <DIO_u8SetPinValue+0x222>
     ff6:	88 0f       	add	r24, r24
     ff8:	99 1f       	adc	r25, r25
     ffa:	0a 94       	dec	r0
     ffc:	e2 f7       	brpl	.-8      	; 0xff6 <DIO_u8SetPinValue+0x21e>
     ffe:	80 95       	com	r24
    1000:	84 23       	and	r24, r20
    1002:	8c 93       	st	X, r24
    1004:	05 c0       	rjmp	.+10     	; 0x1010 <DIO_u8SetPinValue+0x238>
					default : Local_u8ErrorState = STD_TYPES_NOK;
    1006:	19 82       	std	Y+1, r1	; 0x01
    1008:	03 c0       	rjmp	.+6      	; 0x1010 <DIO_u8SetPinValue+0x238>
				}		
			break;
			default :
				Local_u8ErrorState = STD_TYPES_NOK;
    100a:	19 82       	std	Y+1, r1	; 0x01
    100c:	01 c0       	rjmp	.+2      	; 0x1010 <DIO_u8SetPinValue+0x238>
		}
			
	}
	else
	{
		Local_u8ErrorState = STD_TYPES_NOK;
    100e:	19 82       	std	Y+1, r1	; 0x01
	}
	return Local_u8ErrorState;
    1010:	89 81       	ldd	r24, Y+1	; 0x01
}
    1012:	2e 96       	adiw	r28, 0x0e	; 14
    1014:	0f b6       	in	r0, 0x3f	; 63
    1016:	f8 94       	cli
    1018:	de bf       	out	0x3e, r29	; 62
    101a:	0f be       	out	0x3f, r0	; 63
    101c:	cd bf       	out	0x3d, r28	; 61
    101e:	cf 91       	pop	r28
    1020:	df 91       	pop	r29
    1022:	08 95       	ret

00001024 <DIO_u8GetPinValue>:

u8  DIO_u8GetPinValue     (u8 Copy_u8PortId, u8 Copy_u8PinId ,u8 * Copy_pu8ReturnedPinValue)
{
    1024:	df 93       	push	r29
    1026:	cf 93       	push	r28
    1028:	00 d0       	rcall	.+0      	; 0x102a <DIO_u8GetPinValue+0x6>
    102a:	00 d0       	rcall	.+0      	; 0x102c <DIO_u8GetPinValue+0x8>
    102c:	0f 92       	push	r0
    102e:	cd b7       	in	r28, 0x3d	; 61
    1030:	de b7       	in	r29, 0x3e	; 62
    1032:	8a 83       	std	Y+2, r24	; 0x02
    1034:	6b 83       	std	Y+3, r22	; 0x03
    1036:	5d 83       	std	Y+5, r21	; 0x05
    1038:	4c 83       	std	Y+4, r20	; 0x04
	u8 Local_u8ErrorState = STD_TYPES_OK;
    103a:	81 e0       	ldi	r24, 0x01	; 1
    103c:	89 83       	std	Y+1, r24	; 0x01
	*Copy_pu8ReturnedPinValue=GET_BIT(Copy_u8PortId,Copy_u8PinId);
    103e:	8a 81       	ldd	r24, Y+2	; 0x02
    1040:	28 2f       	mov	r18, r24
    1042:	30 e0       	ldi	r19, 0x00	; 0
    1044:	8b 81       	ldd	r24, Y+3	; 0x03
    1046:	88 2f       	mov	r24, r24
    1048:	90 e0       	ldi	r25, 0x00	; 0
    104a:	a9 01       	movw	r20, r18
    104c:	02 c0       	rjmp	.+4      	; 0x1052 <DIO_u8GetPinValue+0x2e>
    104e:	55 95       	asr	r21
    1050:	47 95       	ror	r20
    1052:	8a 95       	dec	r24
    1054:	e2 f7       	brpl	.-8      	; 0x104e <DIO_u8GetPinValue+0x2a>
    1056:	ca 01       	movw	r24, r20
    1058:	81 70       	andi	r24, 0x01	; 1
    105a:	ec 81       	ldd	r30, Y+4	; 0x04
    105c:	fd 81       	ldd	r31, Y+5	; 0x05
    105e:	80 83       	st	Z, r24
	return Local_u8ErrorState;
    1060:	89 81       	ldd	r24, Y+1	; 0x01
}
    1062:	0f 90       	pop	r0
    1064:	0f 90       	pop	r0
    1066:	0f 90       	pop	r0
    1068:	0f 90       	pop	r0
    106a:	0f 90       	pop	r0
    106c:	cf 91       	pop	r28
    106e:	df 91       	pop	r29
    1070:	08 95       	ret

00001072 <DIO_u8SetPortDirection>:

u8  DIO_u8SetPortDirection(u8 Copy_u8PortId, u8 Copy_u8PortDirection)
{
    1072:	df 93       	push	r29
    1074:	cf 93       	push	r28
    1076:	cd b7       	in	r28, 0x3d	; 61
    1078:	de b7       	in	r29, 0x3e	; 62
    107a:	2d 97       	sbiw	r28, 0x0d	; 13
    107c:	0f b6       	in	r0, 0x3f	; 63
    107e:	f8 94       	cli
    1080:	de bf       	out	0x3e, r29	; 62
    1082:	0f be       	out	0x3f, r0	; 63
    1084:	cd bf       	out	0x3d, r28	; 61
    1086:	8a 83       	std	Y+2, r24	; 0x02
    1088:	6b 83       	std	Y+3, r22	; 0x03
	u8 Local_u8ErrorState = STD_TYPES_OK;
    108a:	81 e0       	ldi	r24, 0x01	; 1
    108c:	89 83       	std	Y+1, r24	; 0x01
	if((Copy_u8PortDirection == DIO_u8_OUTPUT) || (Copy_u8PortDirection == DIO_u8_INPUT))
    108e:	8b 81       	ldd	r24, Y+3	; 0x03
    1090:	81 30       	cpi	r24, 0x01	; 1
    1092:	21 f0       	breq	.+8      	; 0x109c <DIO_u8SetPortDirection+0x2a>
    1094:	8b 81       	ldd	r24, Y+3	; 0x03
    1096:	88 23       	and	r24, r24
    1098:	09 f0       	breq	.+2      	; 0x109c <DIO_u8SetPortDirection+0x2a>
    109a:	7f c0       	rjmp	.+254    	; 0x119a <DIO_u8SetPortDirection+0x128>
	{
		switch (Copy_u8PortId)
    109c:	8a 81       	ldd	r24, Y+2	; 0x02
    109e:	28 2f       	mov	r18, r24
    10a0:	30 e0       	ldi	r19, 0x00	; 0
    10a2:	3d 87       	std	Y+13, r19	; 0x0d
    10a4:	2c 87       	std	Y+12, r18	; 0x0c
    10a6:	8c 85       	ldd	r24, Y+12	; 0x0c
    10a8:	9d 85       	ldd	r25, Y+13	; 0x0d
    10aa:	81 30       	cpi	r24, 0x01	; 1
    10ac:	91 05       	cpc	r25, r1
    10ae:	71 f1       	breq	.+92     	; 0x110c <DIO_u8SetPortDirection+0x9a>
    10b0:	2c 85       	ldd	r18, Y+12	; 0x0c
    10b2:	3d 85       	ldd	r19, Y+13	; 0x0d
    10b4:	22 30       	cpi	r18, 0x02	; 2
    10b6:	31 05       	cpc	r19, r1
    10b8:	2c f4       	brge	.+10     	; 0x10c4 <DIO_u8SetPortDirection+0x52>
    10ba:	8c 85       	ldd	r24, Y+12	; 0x0c
    10bc:	9d 85       	ldd	r25, Y+13	; 0x0d
    10be:	00 97       	sbiw	r24, 0x00	; 0
    10c0:	69 f0       	breq	.+26     	; 0x10dc <DIO_u8SetPortDirection+0x6a>
    10c2:	69 c0       	rjmp	.+210    	; 0x1196 <DIO_u8SetPortDirection+0x124>
    10c4:	2c 85       	ldd	r18, Y+12	; 0x0c
    10c6:	3d 85       	ldd	r19, Y+13	; 0x0d
    10c8:	22 30       	cpi	r18, 0x02	; 2
    10ca:	31 05       	cpc	r19, r1
    10cc:	b1 f1       	breq	.+108    	; 0x113a <DIO_u8SetPortDirection+0xc8>
    10ce:	8c 85       	ldd	r24, Y+12	; 0x0c
    10d0:	9d 85       	ldd	r25, Y+13	; 0x0d
    10d2:	83 30       	cpi	r24, 0x03	; 3
    10d4:	91 05       	cpc	r25, r1
    10d6:	09 f4       	brne	.+2      	; 0x10da <DIO_u8SetPortDirection+0x68>
    10d8:	47 c0       	rjmp	.+142    	; 0x1168 <DIO_u8SetPortDirection+0xf6>
    10da:	5d c0       	rjmp	.+186    	; 0x1196 <DIO_u8SetPortDirection+0x124>
		{
			case DIO_u8_PORTA:
				switch (Copy_u8PortDirection)
    10dc:	8b 81       	ldd	r24, Y+3	; 0x03
    10de:	28 2f       	mov	r18, r24
    10e0:	30 e0       	ldi	r19, 0x00	; 0
    10e2:	3b 87       	std	Y+11, r19	; 0x0b
    10e4:	2a 87       	std	Y+10, r18	; 0x0a
    10e6:	8a 85       	ldd	r24, Y+10	; 0x0a
    10e8:	9b 85       	ldd	r25, Y+11	; 0x0b
    10ea:	00 97       	sbiw	r24, 0x00	; 0
    10ec:	59 f0       	breq	.+22     	; 0x1104 <DIO_u8SetPortDirection+0x92>
    10ee:	2a 85       	ldd	r18, Y+10	; 0x0a
    10f0:	3b 85       	ldd	r19, Y+11	; 0x0b
    10f2:	21 30       	cpi	r18, 0x01	; 1
    10f4:	31 05       	cpc	r19, r1
    10f6:	09 f0       	breq	.+2      	; 0x10fa <DIO_u8SetPortDirection+0x88>
    10f8:	51 c0       	rjmp	.+162    	; 0x119c <DIO_u8SetPortDirection+0x12a>
				{
					case DIO_u8_OUTPUT:DIO_u8_DDRA_REG = 0xff;break;
    10fa:	ea e3       	ldi	r30, 0x3A	; 58
    10fc:	f0 e0       	ldi	r31, 0x00	; 0
    10fe:	8f ef       	ldi	r24, 0xFF	; 255
    1100:	80 83       	st	Z, r24
    1102:	4c c0       	rjmp	.+152    	; 0x119c <DIO_u8SetPortDirection+0x12a>
					case DIO_u8_INPUT :DIO_u8_DDRA_REG = 0x00;break;
    1104:	ea e3       	ldi	r30, 0x3A	; 58
    1106:	f0 e0       	ldi	r31, 0x00	; 0
    1108:	10 82       	st	Z, r1
    110a:	48 c0       	rjmp	.+144    	; 0x119c <DIO_u8SetPortDirection+0x12a>
				}
			break;
			case DIO_u8_PORTB:
				switch (Copy_u8PortDirection)
    110c:	8b 81       	ldd	r24, Y+3	; 0x03
    110e:	28 2f       	mov	r18, r24
    1110:	30 e0       	ldi	r19, 0x00	; 0
    1112:	39 87       	std	Y+9, r19	; 0x09
    1114:	28 87       	std	Y+8, r18	; 0x08
    1116:	88 85       	ldd	r24, Y+8	; 0x08
    1118:	99 85       	ldd	r25, Y+9	; 0x09
    111a:	00 97       	sbiw	r24, 0x00	; 0
    111c:	51 f0       	breq	.+20     	; 0x1132 <DIO_u8SetPortDirection+0xc0>
    111e:	28 85       	ldd	r18, Y+8	; 0x08
    1120:	39 85       	ldd	r19, Y+9	; 0x09
    1122:	21 30       	cpi	r18, 0x01	; 1
    1124:	31 05       	cpc	r19, r1
    1126:	d1 f5       	brne	.+116    	; 0x119c <DIO_u8SetPortDirection+0x12a>
				{
					case DIO_u8_OUTPUT:DIO_u8_DDRB_REG = 0xff;break;
    1128:	e7 e3       	ldi	r30, 0x37	; 55
    112a:	f0 e0       	ldi	r31, 0x00	; 0
    112c:	8f ef       	ldi	r24, 0xFF	; 255
    112e:	80 83       	st	Z, r24
    1130:	35 c0       	rjmp	.+106    	; 0x119c <DIO_u8SetPortDirection+0x12a>
					case DIO_u8_INPUT :DIO_u8_DDRB_REG = 0x00;break;
    1132:	e7 e3       	ldi	r30, 0x37	; 55
    1134:	f0 e0       	ldi	r31, 0x00	; 0
    1136:	10 82       	st	Z, r1
    1138:	31 c0       	rjmp	.+98     	; 0x119c <DIO_u8SetPortDirection+0x12a>
				}
			break;
			case DIO_u8_PORTC:
				switch (Copy_u8PortDirection)
    113a:	8b 81       	ldd	r24, Y+3	; 0x03
    113c:	28 2f       	mov	r18, r24
    113e:	30 e0       	ldi	r19, 0x00	; 0
    1140:	3f 83       	std	Y+7, r19	; 0x07
    1142:	2e 83       	std	Y+6, r18	; 0x06
    1144:	8e 81       	ldd	r24, Y+6	; 0x06
    1146:	9f 81       	ldd	r25, Y+7	; 0x07
    1148:	00 97       	sbiw	r24, 0x00	; 0
    114a:	51 f0       	breq	.+20     	; 0x1160 <DIO_u8SetPortDirection+0xee>
    114c:	2e 81       	ldd	r18, Y+6	; 0x06
    114e:	3f 81       	ldd	r19, Y+7	; 0x07
    1150:	21 30       	cpi	r18, 0x01	; 1
    1152:	31 05       	cpc	r19, r1
    1154:	19 f5       	brne	.+70     	; 0x119c <DIO_u8SetPortDirection+0x12a>
				{
					case DIO_u8_OUTPUT:DIO_u8_DDRC_REG = 0xff;break;
    1156:	e4 e3       	ldi	r30, 0x34	; 52
    1158:	f0 e0       	ldi	r31, 0x00	; 0
    115a:	8f ef       	ldi	r24, 0xFF	; 255
    115c:	80 83       	st	Z, r24
    115e:	1e c0       	rjmp	.+60     	; 0x119c <DIO_u8SetPortDirection+0x12a>
					case DIO_u8_INPUT :DIO_u8_DDRC_REG = 0x00;break;
    1160:	e4 e3       	ldi	r30, 0x34	; 52
    1162:	f0 e0       	ldi	r31, 0x00	; 0
    1164:	10 82       	st	Z, r1
    1166:	1a c0       	rjmp	.+52     	; 0x119c <DIO_u8SetPortDirection+0x12a>
				}
			break;
			case DIO_u8_PORTD:
				switch (Copy_u8PortDirection)
    1168:	8b 81       	ldd	r24, Y+3	; 0x03
    116a:	28 2f       	mov	r18, r24
    116c:	30 e0       	ldi	r19, 0x00	; 0
    116e:	3d 83       	std	Y+5, r19	; 0x05
    1170:	2c 83       	std	Y+4, r18	; 0x04
    1172:	8c 81       	ldd	r24, Y+4	; 0x04
    1174:	9d 81       	ldd	r25, Y+5	; 0x05
    1176:	00 97       	sbiw	r24, 0x00	; 0
    1178:	51 f0       	breq	.+20     	; 0x118e <DIO_u8SetPortDirection+0x11c>
    117a:	2c 81       	ldd	r18, Y+4	; 0x04
    117c:	3d 81       	ldd	r19, Y+5	; 0x05
    117e:	21 30       	cpi	r18, 0x01	; 1
    1180:	31 05       	cpc	r19, r1
    1182:	61 f4       	brne	.+24     	; 0x119c <DIO_u8SetPortDirection+0x12a>
				{
					case DIO_u8_OUTPUT:DIO_u8_DDRD_REG = 0xff;break;
    1184:	e1 e3       	ldi	r30, 0x31	; 49
    1186:	f0 e0       	ldi	r31, 0x00	; 0
    1188:	8f ef       	ldi	r24, 0xFF	; 255
    118a:	80 83       	st	Z, r24
    118c:	07 c0       	rjmp	.+14     	; 0x119c <DIO_u8SetPortDirection+0x12a>
					case DIO_u8_INPUT :DIO_u8_DDRD_REG = 0x00;break;
    118e:	e1 e3       	ldi	r30, 0x31	; 49
    1190:	f0 e0       	ldi	r31, 0x00	; 0
    1192:	10 82       	st	Z, r1
    1194:	03 c0       	rjmp	.+6      	; 0x119c <DIO_u8SetPortDirection+0x12a>
				}
			break;
			default :Local_u8ErrorState = STD_TYPES_NOK;
    1196:	19 82       	std	Y+1, r1	; 0x01
    1198:	01 c0       	rjmp	.+2      	; 0x119c <DIO_u8SetPortDirection+0x12a>
		}
	}
	else
	{
		Local_u8ErrorState = STD_TYPES_NOK;
    119a:	19 82       	std	Y+1, r1	; 0x01
	}
	return Local_u8ErrorState;
    119c:	89 81       	ldd	r24, Y+1	; 0x01
}
    119e:	2d 96       	adiw	r28, 0x0d	; 13
    11a0:	0f b6       	in	r0, 0x3f	; 63
    11a2:	f8 94       	cli
    11a4:	de bf       	out	0x3e, r29	; 62
    11a6:	0f be       	out	0x3f, r0	; 63
    11a8:	cd bf       	out	0x3d, r28	; 61
    11aa:	cf 91       	pop	r28
    11ac:	df 91       	pop	r29
    11ae:	08 95       	ret

000011b0 <DIO_u8SetPortValue>:

u8  DIO_u8SetPortValue    (u8 Copy_u8PortId, u8 Copy_u8PortValue)
{
    11b0:	df 93       	push	r29
    11b2:	cf 93       	push	r28
    11b4:	00 d0       	rcall	.+0      	; 0x11b6 <DIO_u8SetPortValue+0x6>
    11b6:	00 d0       	rcall	.+0      	; 0x11b8 <DIO_u8SetPortValue+0x8>
    11b8:	0f 92       	push	r0
    11ba:	cd b7       	in	r28, 0x3d	; 61
    11bc:	de b7       	in	r29, 0x3e	; 62
    11be:	8a 83       	std	Y+2, r24	; 0x02
    11c0:	6b 83       	std	Y+3, r22	; 0x03
	u8 Local_u8ErrorState = STD_TYPES_OK;
    11c2:	81 e0       	ldi	r24, 0x01	; 1
    11c4:	89 83       	std	Y+1, r24	; 0x01
	switch (Copy_u8PortId)
    11c6:	8a 81       	ldd	r24, Y+2	; 0x02
    11c8:	28 2f       	mov	r18, r24
    11ca:	30 e0       	ldi	r19, 0x00	; 0
    11cc:	3d 83       	std	Y+5, r19	; 0x05
    11ce:	2c 83       	std	Y+4, r18	; 0x04
    11d0:	8c 81       	ldd	r24, Y+4	; 0x04
    11d2:	9d 81       	ldd	r25, Y+5	; 0x05
    11d4:	81 30       	cpi	r24, 0x01	; 1
    11d6:	91 05       	cpc	r25, r1
    11d8:	d1 f0       	breq	.+52     	; 0x120e <DIO_u8SetPortValue+0x5e>
    11da:	2c 81       	ldd	r18, Y+4	; 0x04
    11dc:	3d 81       	ldd	r19, Y+5	; 0x05
    11de:	22 30       	cpi	r18, 0x02	; 2
    11e0:	31 05       	cpc	r19, r1
    11e2:	2c f4       	brge	.+10     	; 0x11ee <DIO_u8SetPortValue+0x3e>
    11e4:	8c 81       	ldd	r24, Y+4	; 0x04
    11e6:	9d 81       	ldd	r25, Y+5	; 0x05
    11e8:	00 97       	sbiw	r24, 0x00	; 0
    11ea:	61 f0       	breq	.+24     	; 0x1204 <DIO_u8SetPortValue+0x54>
    11ec:	1f c0       	rjmp	.+62     	; 0x122c <DIO_u8SetPortValue+0x7c>
    11ee:	2c 81       	ldd	r18, Y+4	; 0x04
    11f0:	3d 81       	ldd	r19, Y+5	; 0x05
    11f2:	22 30       	cpi	r18, 0x02	; 2
    11f4:	31 05       	cpc	r19, r1
    11f6:	81 f0       	breq	.+32     	; 0x1218 <DIO_u8SetPortValue+0x68>
    11f8:	8c 81       	ldd	r24, Y+4	; 0x04
    11fa:	9d 81       	ldd	r25, Y+5	; 0x05
    11fc:	83 30       	cpi	r24, 0x03	; 3
    11fe:	91 05       	cpc	r25, r1
    1200:	81 f0       	breq	.+32     	; 0x1222 <DIO_u8SetPortValue+0x72>
    1202:	14 c0       	rjmp	.+40     	; 0x122c <DIO_u8SetPortValue+0x7c>
	{
		case DIO_u8_PORTA:DIO_u8_PORTA_REG = Copy_u8PortValue;break;
    1204:	eb e3       	ldi	r30, 0x3B	; 59
    1206:	f0 e0       	ldi	r31, 0x00	; 0
    1208:	8b 81       	ldd	r24, Y+3	; 0x03
    120a:	80 83       	st	Z, r24
    120c:	10 c0       	rjmp	.+32     	; 0x122e <DIO_u8SetPortValue+0x7e>
		case DIO_u8_PORTB:DIO_u8_PORTB_REG = Copy_u8PortValue;break;
    120e:	e8 e3       	ldi	r30, 0x38	; 56
    1210:	f0 e0       	ldi	r31, 0x00	; 0
    1212:	8b 81       	ldd	r24, Y+3	; 0x03
    1214:	80 83       	st	Z, r24
    1216:	0b c0       	rjmp	.+22     	; 0x122e <DIO_u8SetPortValue+0x7e>
		case DIO_u8_PORTC:DIO_u8_PORTC_REG = Copy_u8PortValue;break;
    1218:	e5 e3       	ldi	r30, 0x35	; 53
    121a:	f0 e0       	ldi	r31, 0x00	; 0
    121c:	8b 81       	ldd	r24, Y+3	; 0x03
    121e:	80 83       	st	Z, r24
    1220:	06 c0       	rjmp	.+12     	; 0x122e <DIO_u8SetPortValue+0x7e>
		case DIO_u8_PORTD:DIO_u8_PORTD_REG = Copy_u8PortValue;break;
    1222:	e2 e3       	ldi	r30, 0x32	; 50
    1224:	f0 e0       	ldi	r31, 0x00	; 0
    1226:	8b 81       	ldd	r24, Y+3	; 0x03
    1228:	80 83       	st	Z, r24
    122a:	01 c0       	rjmp	.+2      	; 0x122e <DIO_u8SetPortValue+0x7e>
		default : Local_u8ErrorState = STD_TYPES_NOK;
    122c:	19 82       	std	Y+1, r1	; 0x01
	}
	return Local_u8ErrorState;
    122e:	89 81       	ldd	r24, Y+1	; 0x01
}
    1230:	0f 90       	pop	r0
    1232:	0f 90       	pop	r0
    1234:	0f 90       	pop	r0
    1236:	0f 90       	pop	r0
    1238:	0f 90       	pop	r0
    123a:	cf 91       	pop	r28
    123c:	df 91       	pop	r29
    123e:	08 95       	ret

00001240 <DIO_u8GetPortValue>:

u8  DIO_u8GetPortValue    (u8 Copy_u8PortId, u8 * Copy_pu8ReturnedPortValue)
{
    1240:	df 93       	push	r29
    1242:	cf 93       	push	r28
    1244:	00 d0       	rcall	.+0      	; 0x1246 <DIO_u8GetPortValue+0x6>
    1246:	00 d0       	rcall	.+0      	; 0x1248 <DIO_u8GetPortValue+0x8>
    1248:	00 d0       	rcall	.+0      	; 0x124a <DIO_u8GetPortValue+0xa>
    124a:	cd b7       	in	r28, 0x3d	; 61
    124c:	de b7       	in	r29, 0x3e	; 62
    124e:	8a 83       	std	Y+2, r24	; 0x02
    1250:	7c 83       	std	Y+4, r23	; 0x04
    1252:	6b 83       	std	Y+3, r22	; 0x03
	u8 Local_u8ErrorState = STD_TYPES_OK;
    1254:	81 e0       	ldi	r24, 0x01	; 1
    1256:	89 83       	std	Y+1, r24	; 0x01
	if( Copy_pu8ReturnedPortValue != NULL)
    1258:	8b 81       	ldd	r24, Y+3	; 0x03
    125a:	9c 81       	ldd	r25, Y+4	; 0x04
    125c:	00 97       	sbiw	r24, 0x00	; 0
    125e:	e9 f1       	breq	.+122    	; 0x12da <DIO_u8GetPortValue+0x9a>
	{
		switch (Copy_u8PortId)
    1260:	8a 81       	ldd	r24, Y+2	; 0x02
    1262:	28 2f       	mov	r18, r24
    1264:	30 e0       	ldi	r19, 0x00	; 0
    1266:	3e 83       	std	Y+6, r19	; 0x06
    1268:	2d 83       	std	Y+5, r18	; 0x05
    126a:	8d 81       	ldd	r24, Y+5	; 0x05
    126c:	9e 81       	ldd	r25, Y+6	; 0x06
    126e:	81 30       	cpi	r24, 0x01	; 1
    1270:	91 05       	cpc	r25, r1
    1272:	e1 f0       	breq	.+56     	; 0x12ac <DIO_u8GetPortValue+0x6c>
    1274:	2d 81       	ldd	r18, Y+5	; 0x05
    1276:	3e 81       	ldd	r19, Y+6	; 0x06
    1278:	22 30       	cpi	r18, 0x02	; 2
    127a:	31 05       	cpc	r19, r1
    127c:	2c f4       	brge	.+10     	; 0x1288 <DIO_u8GetPortValue+0x48>
    127e:	8d 81       	ldd	r24, Y+5	; 0x05
    1280:	9e 81       	ldd	r25, Y+6	; 0x06
    1282:	00 97       	sbiw	r24, 0x00	; 0
    1284:	61 f0       	breq	.+24     	; 0x129e <DIO_u8GetPortValue+0x5e>
    1286:	27 c0       	rjmp	.+78     	; 0x12d6 <DIO_u8GetPortValue+0x96>
    1288:	2d 81       	ldd	r18, Y+5	; 0x05
    128a:	3e 81       	ldd	r19, Y+6	; 0x06
    128c:	22 30       	cpi	r18, 0x02	; 2
    128e:	31 05       	cpc	r19, r1
    1290:	a1 f0       	breq	.+40     	; 0x12ba <DIO_u8GetPortValue+0x7a>
    1292:	8d 81       	ldd	r24, Y+5	; 0x05
    1294:	9e 81       	ldd	r25, Y+6	; 0x06
    1296:	83 30       	cpi	r24, 0x03	; 3
    1298:	91 05       	cpc	r25, r1
    129a:	b1 f0       	breq	.+44     	; 0x12c8 <DIO_u8GetPortValue+0x88>
    129c:	1c c0       	rjmp	.+56     	; 0x12d6 <DIO_u8GetPortValue+0x96>
		{
			case DIO_u8_PORTA: *Copy_pu8ReturnedPortValue = DIO_u8_PINA_REG;break;
    129e:	e9 e3       	ldi	r30, 0x39	; 57
    12a0:	f0 e0       	ldi	r31, 0x00	; 0
    12a2:	80 81       	ld	r24, Z
    12a4:	eb 81       	ldd	r30, Y+3	; 0x03
    12a6:	fc 81       	ldd	r31, Y+4	; 0x04
    12a8:	80 83       	st	Z, r24
    12aa:	18 c0       	rjmp	.+48     	; 0x12dc <DIO_u8GetPortValue+0x9c>
			case DIO_u8_PORTB: *Copy_pu8ReturnedPortValue = DIO_u8_PINB_REG;break;
    12ac:	e6 e3       	ldi	r30, 0x36	; 54
    12ae:	f0 e0       	ldi	r31, 0x00	; 0
    12b0:	80 81       	ld	r24, Z
    12b2:	eb 81       	ldd	r30, Y+3	; 0x03
    12b4:	fc 81       	ldd	r31, Y+4	; 0x04
    12b6:	80 83       	st	Z, r24
    12b8:	11 c0       	rjmp	.+34     	; 0x12dc <DIO_u8GetPortValue+0x9c>
			case DIO_u8_PORTC: *Copy_pu8ReturnedPortValue = DIO_u8_PINC_REG;break;
    12ba:	e3 e3       	ldi	r30, 0x33	; 51
    12bc:	f0 e0       	ldi	r31, 0x00	; 0
    12be:	80 81       	ld	r24, Z
    12c0:	eb 81       	ldd	r30, Y+3	; 0x03
    12c2:	fc 81       	ldd	r31, Y+4	; 0x04
    12c4:	80 83       	st	Z, r24
    12c6:	0a c0       	rjmp	.+20     	; 0x12dc <DIO_u8GetPortValue+0x9c>
			case DIO_u8_PORTD: *Copy_pu8ReturnedPortValue = DIO_u8_PIND_REG;break;
    12c8:	e0 e3       	ldi	r30, 0x30	; 48
    12ca:	f0 e0       	ldi	r31, 0x00	; 0
    12cc:	80 81       	ld	r24, Z
    12ce:	eb 81       	ldd	r30, Y+3	; 0x03
    12d0:	fc 81       	ldd	r31, Y+4	; 0x04
    12d2:	80 83       	st	Z, r24
    12d4:	03 c0       	rjmp	.+6      	; 0x12dc <DIO_u8GetPortValue+0x9c>
			default : Local_u8ErrorState = STD_TYPES_NOK;
    12d6:	19 82       	std	Y+1, r1	; 0x01
    12d8:	01 c0       	rjmp	.+2      	; 0x12dc <DIO_u8GetPortValue+0x9c>
		}
	}
	else
	{
		Local_u8ErrorState = STD_TYPES_NOK;
    12da:	19 82       	std	Y+1, r1	; 0x01
	}
	return Local_u8ErrorState;
    12dc:	89 81       	ldd	r24, Y+1	; 0x01
}
    12de:	26 96       	adiw	r28, 0x06	; 6
    12e0:	0f b6       	in	r0, 0x3f	; 63
    12e2:	f8 94       	cli
    12e4:	de bf       	out	0x3e, r29	; 62
    12e6:	0f be       	out	0x3f, r0	; 63
    12e8:	cd bf       	out	0x3d, r28	; 61
    12ea:	cf 91       	pop	r28
    12ec:	df 91       	pop	r29
    12ee:	08 95       	ret

000012f0 <delay_ms>:
 *  Created on: 21 Jul 2025
 *      Author: Amr Elomda
 */
#include "delay.h"
void delay_ms(u32 ms)
{
    12f0:	df 93       	push	r29
    12f2:	cf 93       	push	r28
    12f4:	00 d0       	rcall	.+0      	; 0x12f6 <delay_ms+0x6>
    12f6:	00 d0       	rcall	.+0      	; 0x12f8 <delay_ms+0x8>
    12f8:	00 d0       	rcall	.+0      	; 0x12fa <delay_ms+0xa>
    12fa:	cd b7       	in	r28, 0x3d	; 61
    12fc:	de b7       	in	r29, 0x3e	; 62
    12fe:	9e 83       	std	Y+6, r25	; 0x06
    1300:	8d 83       	std	Y+5, r24	; 0x05
	for(u32 i=0;i<ms;i++)
    1302:	1c 82       	std	Y+4, r1	; 0x04
    1304:	1b 82       	std	Y+3, r1	; 0x03
    1306:	14 c0       	rjmp	.+40     	; 0x1330 <delay_ms+0x40>
	{
		for(u32 j=0;j<800;j++)
    1308:	1a 82       	std	Y+2, r1	; 0x02
    130a:	19 82       	std	Y+1, r1	; 0x01
    130c:	06 c0       	rjmp	.+12     	; 0x131a <delay_ms+0x2a>
			asm("NOP");
    130e:	00 00       	nop
#include "delay.h"
void delay_ms(u32 ms)
{
	for(u32 i=0;i<ms;i++)
	{
		for(u32 j=0;j<800;j++)
    1310:	89 81       	ldd	r24, Y+1	; 0x01
    1312:	9a 81       	ldd	r25, Y+2	; 0x02
    1314:	01 96       	adiw	r24, 0x01	; 1
    1316:	9a 83       	std	Y+2, r25	; 0x02
    1318:	89 83       	std	Y+1, r24	; 0x01
    131a:	89 81       	ldd	r24, Y+1	; 0x01
    131c:	9a 81       	ldd	r25, Y+2	; 0x02
    131e:	23 e0       	ldi	r18, 0x03	; 3
    1320:	80 32       	cpi	r24, 0x20	; 32
    1322:	92 07       	cpc	r25, r18
    1324:	a0 f3       	brcs	.-24     	; 0x130e <delay_ms+0x1e>
 *      Author: Amr Elomda
 */
#include "delay.h"
void delay_ms(u32 ms)
{
	for(u32 i=0;i<ms;i++)
    1326:	8b 81       	ldd	r24, Y+3	; 0x03
    1328:	9c 81       	ldd	r25, Y+4	; 0x04
    132a:	01 96       	adiw	r24, 0x01	; 1
    132c:	9c 83       	std	Y+4, r25	; 0x04
    132e:	8b 83       	std	Y+3, r24	; 0x03
    1330:	2b 81       	ldd	r18, Y+3	; 0x03
    1332:	3c 81       	ldd	r19, Y+4	; 0x04
    1334:	8d 81       	ldd	r24, Y+5	; 0x05
    1336:	9e 81       	ldd	r25, Y+6	; 0x06
    1338:	28 17       	cp	r18, r24
    133a:	39 07       	cpc	r19, r25
    133c:	28 f3       	brcs	.-54     	; 0x1308 <delay_ms+0x18>
	{
		for(u32 j=0;j<800;j++)
			asm("NOP");
	}
}
    133e:	26 96       	adiw	r28, 0x06	; 6
    1340:	0f b6       	in	r0, 0x3f	; 63
    1342:	f8 94       	cli
    1344:	de bf       	out	0x3e, r29	; 62
    1346:	0f be       	out	0x3f, r0	; 63
    1348:	cd bf       	out	0x3d, r28	; 61
    134a:	cf 91       	pop	r28
    134c:	df 91       	pop	r29
    134e:	08 95       	ret

00001350 <init_ssd>:
    0b11111000, // 7
    0b10000000, // 8
    0b10010000  // 9
};
void init_ssd(void)
{
    1350:	df 93       	push	r29
    1352:	cf 93       	push	r28
    1354:	cd b7       	in	r28, 0x3d	; 61
    1356:	de b7       	in	r29, 0x3e	; 62
	DIO_voidInit();
    1358:	0e 94 9b 05 	call	0xb36	; 0xb36 <DIO_voidInit>
}
    135c:	cf 91       	pop	r28
    135e:	df 91       	pop	r29
    1360:	08 95       	ret

00001362 <write_ssd>:

u8 write_ssd(u8 value)
{
    1362:	df 93       	push	r29
    1364:	cf 93       	push	r28
    1366:	00 d0       	rcall	.+0      	; 0x1368 <write_ssd+0x6>
    1368:	cd b7       	in	r28, 0x3d	; 61
    136a:	de b7       	in	r29, 0x3e	; 62
    136c:	89 83       	std	Y+1, r24	; 0x01
	if(value >9||value<0)
    136e:	89 81       	ldd	r24, Y+1	; 0x01
    1370:	8a 30       	cpi	r24, 0x0A	; 10
    1372:	18 f0       	brcs	.+6      	; 0x137a <write_ssd+0x18>
		return 1;
    1374:	81 e0       	ldi	r24, 0x01	; 1
    1376:	8a 83       	std	Y+2, r24	; 0x02
    1378:	0c c0       	rjmp	.+24     	; 0x1392 <write_ssd+0x30>
	DIO_u8SetPortValue(DIO_u8_PORTA,digits[value]);
    137a:	89 81       	ldd	r24, Y+1	; 0x01
    137c:	88 2f       	mov	r24, r24
    137e:	90 e0       	ldi	r25, 0x00	; 0
    1380:	fc 01       	movw	r30, r24
    1382:	ef 54       	subi	r30, 0x4F	; 79
    1384:	ff 4f       	sbci	r31, 0xFF	; 255
    1386:	90 81       	ld	r25, Z
    1388:	80 e0       	ldi	r24, 0x00	; 0
    138a:	69 2f       	mov	r22, r25
    138c:	0e 94 d8 08 	call	0x11b0	; 0x11b0 <DIO_u8SetPortValue>
	return 0;
    1390:	1a 82       	std	Y+2, r1	; 0x02
    1392:	8a 81       	ldd	r24, Y+2	; 0x02
}
    1394:	0f 90       	pop	r0
    1396:	0f 90       	pop	r0
    1398:	cf 91       	pop	r28
    139a:	df 91       	pop	r29
    139c:	08 95       	ret

0000139e <enable_ssd>:
void enable_ssd(u8 Copy_u8PortId, u8 Copy_u8PinId,u8 AN_CATH)
{
    139e:	df 93       	push	r29
    13a0:	cf 93       	push	r28
    13a2:	00 d0       	rcall	.+0      	; 0x13a4 <enable_ssd+0x6>
    13a4:	0f 92       	push	r0
    13a6:	cd b7       	in	r28, 0x3d	; 61
    13a8:	de b7       	in	r29, 0x3e	; 62
    13aa:	89 83       	std	Y+1, r24	; 0x01
    13ac:	6a 83       	std	Y+2, r22	; 0x02
    13ae:	4b 83       	std	Y+3, r20	; 0x03
	if(AN_CATH==ANODE)
    13b0:	8b 81       	ldd	r24, Y+3	; 0x03
    13b2:	88 23       	and	r24, r24
    13b4:	31 f4       	brne	.+12     	; 0x13c2 <enable_ssd+0x24>
	    DIO_u8SetPinValue(Copy_u8PortId,Copy_u8PinId,DIO_u8_HIGH);
    13b6:	89 81       	ldd	r24, Y+1	; 0x01
    13b8:	6a 81       	ldd	r22, Y+2	; 0x02
    13ba:	41 e0       	ldi	r20, 0x01	; 1
    13bc:	0e 94 ec 06 	call	0xdd8	; 0xdd8 <DIO_u8SetPinValue>
    13c0:	05 c0       	rjmp	.+10     	; 0x13cc <enable_ssd+0x2e>
	else
		DIO_u8SetPinValue(Copy_u8PortId,Copy_u8PinId,DIO_u8_LOW);
    13c2:	89 81       	ldd	r24, Y+1	; 0x01
    13c4:	6a 81       	ldd	r22, Y+2	; 0x02
    13c6:	40 e0       	ldi	r20, 0x00	; 0
    13c8:	0e 94 ec 06 	call	0xdd8	; 0xdd8 <DIO_u8SetPinValue>
}
    13cc:	0f 90       	pop	r0
    13ce:	0f 90       	pop	r0
    13d0:	0f 90       	pop	r0
    13d2:	cf 91       	pop	r28
    13d4:	df 91       	pop	r29
    13d6:	08 95       	ret

000013d8 <disable_ssd>:

void disable_ssd(u8 Copy_u8PortId, u8 Copy_u8PinId,u8 AN_CATH)
{
    13d8:	df 93       	push	r29
    13da:	cf 93       	push	r28
    13dc:	00 d0       	rcall	.+0      	; 0x13de <disable_ssd+0x6>
    13de:	0f 92       	push	r0
    13e0:	cd b7       	in	r28, 0x3d	; 61
    13e2:	de b7       	in	r29, 0x3e	; 62
    13e4:	89 83       	std	Y+1, r24	; 0x01
    13e6:	6a 83       	std	Y+2, r22	; 0x02
    13e8:	4b 83       	std	Y+3, r20	; 0x03
	if(AN_CATH==ANODE)
    13ea:	8b 81       	ldd	r24, Y+3	; 0x03
    13ec:	88 23       	and	r24, r24
    13ee:	31 f4       	brne	.+12     	; 0x13fc <disable_ssd+0x24>
		    DIO_u8SetPinValue(Copy_u8PortId,Copy_u8PinId,DIO_u8_LOW);
    13f0:	89 81       	ldd	r24, Y+1	; 0x01
    13f2:	6a 81       	ldd	r22, Y+2	; 0x02
    13f4:	40 e0       	ldi	r20, 0x00	; 0
    13f6:	0e 94 ec 06 	call	0xdd8	; 0xdd8 <DIO_u8SetPinValue>
    13fa:	05 c0       	rjmp	.+10     	; 0x1406 <disable_ssd+0x2e>
    else
			DIO_u8SetPinValue(Copy_u8PortId,Copy_u8PinId,DIO_u8_HIGH);
    13fc:	89 81       	ldd	r24, Y+1	; 0x01
    13fe:	6a 81       	ldd	r22, Y+2	; 0x02
    1400:	41 e0       	ldi	r20, 0x01	; 1
    1402:	0e 94 ec 06 	call	0xdd8	; 0xdd8 <DIO_u8SetPinValue>
}
    1406:	0f 90       	pop	r0
    1408:	0f 90       	pop	r0
    140a:	0f 90       	pop	r0
    140c:	cf 91       	pop	r28
    140e:	df 91       	pop	r29
    1410:	08 95       	ret

00001412 <LCD_voidSendData>:
#include "LIB/BIT_MATH.h"
#include "MCAL/DIO/DIO_interface.h"
#include <util/delay.h>

 void LCD_voidSendData(u8 Copy_u8Data)
{
    1412:	df 93       	push	r29
    1414:	cf 93       	push	r28
    1416:	cd b7       	in	r28, 0x3d	; 61
    1418:	de b7       	in	r29, 0x3e	; 62
    141a:	2f 97       	sbiw	r28, 0x0f	; 15
    141c:	0f b6       	in	r0, 0x3f	; 63
    141e:	f8 94       	cli
    1420:	de bf       	out	0x3e, r29	; 62
    1422:	0f be       	out	0x3f, r0	; 63
    1424:	cd bf       	out	0x3d, r28	; 61
    1426:	8f 87       	std	Y+15, r24	; 0x0f
	//RS->1   ,RW=0
	DIO_u8SetPinValue(CTRL_PORT,RS,DIO_u8_HIGH);
    1428:	82 e0       	ldi	r24, 0x02	; 2
    142a:	67 e0       	ldi	r22, 0x07	; 7
    142c:	41 e0       	ldi	r20, 0x01	; 1
    142e:	0e 94 ec 06 	call	0xdd8	; 0xdd8 <DIO_u8SetPinValue>
	DIO_u8SetPinValue(CTRL_PORT,RW,DIO_u8_LOW);
    1432:	82 e0       	ldi	r24, 0x02	; 2
    1434:	66 e0       	ldi	r22, 0x06	; 6
    1436:	40 e0       	ldi	r20, 0x00	; 0
    1438:	0e 94 ec 06 	call	0xdd8	; 0xdd8 <DIO_u8SetPinValue>
	//Set Data -> data port
	DIO_u8SetPortValue(DATA_PORT,Copy_u8Data);
    143c:	81 e0       	ldi	r24, 0x01	; 1
    143e:	6f 85       	ldd	r22, Y+15	; 0x0f
    1440:	0e 94 d8 08 	call	0x11b0	; 0x11b0 <DIO_u8SetPortValue>
	//enable pulse
	DIO_u8SetPinValue(CTRL_PORT,EN,DIO_u8_HIGH);
    1444:	82 e0       	ldi	r24, 0x02	; 2
    1446:	65 e0       	ldi	r22, 0x05	; 5
    1448:	41 e0       	ldi	r20, 0x01	; 1
    144a:	0e 94 ec 06 	call	0xdd8	; 0xdd8 <DIO_u8SetPinValue>
    144e:	80 e0       	ldi	r24, 0x00	; 0
    1450:	90 e0       	ldi	r25, 0x00	; 0
    1452:	a0 e8       	ldi	r26, 0x80	; 128
    1454:	bf e3       	ldi	r27, 0x3F	; 63
    1456:	8b 87       	std	Y+11, r24	; 0x0b
    1458:	9c 87       	std	Y+12, r25	; 0x0c
    145a:	ad 87       	std	Y+13, r26	; 0x0d
    145c:	be 87       	std	Y+14, r27	; 0x0e
 */
void
_delay_ms(double __ms)
{
	uint16_t __ticks;
	double __tmp = ((F_CPU) / 4e3) * __ms;
    145e:	6b 85       	ldd	r22, Y+11	; 0x0b
    1460:	7c 85       	ldd	r23, Y+12	; 0x0c
    1462:	8d 85       	ldd	r24, Y+13	; 0x0d
    1464:	9e 85       	ldd	r25, Y+14	; 0x0e
    1466:	20 e0       	ldi	r18, 0x00	; 0
    1468:	30 e0       	ldi	r19, 0x00	; 0
    146a:	4a ef       	ldi	r20, 0xFA	; 250
    146c:	54 e4       	ldi	r21, 0x44	; 68
    146e:	0e 94 17 02 	call	0x42e	; 0x42e <__mulsf3>
    1472:	dc 01       	movw	r26, r24
    1474:	cb 01       	movw	r24, r22
    1476:	8f 83       	std	Y+7, r24	; 0x07
    1478:	98 87       	std	Y+8, r25	; 0x08
    147a:	a9 87       	std	Y+9, r26	; 0x09
    147c:	ba 87       	std	Y+10, r27	; 0x0a
	if (__tmp < 1.0)
    147e:	6f 81       	ldd	r22, Y+7	; 0x07
    1480:	78 85       	ldd	r23, Y+8	; 0x08
    1482:	89 85       	ldd	r24, Y+9	; 0x09
    1484:	9a 85       	ldd	r25, Y+10	; 0x0a
    1486:	20 e0       	ldi	r18, 0x00	; 0
    1488:	30 e0       	ldi	r19, 0x00	; 0
    148a:	40 e8       	ldi	r20, 0x80	; 128
    148c:	5f e3       	ldi	r21, 0x3F	; 63
    148e:	0e 94 71 03 	call	0x6e2	; 0x6e2 <__ltsf2>
    1492:	88 23       	and	r24, r24
    1494:	2c f4       	brge	.+10     	; 0x14a0 <LCD_voidSendData+0x8e>
		__ticks = 1;
    1496:	81 e0       	ldi	r24, 0x01	; 1
    1498:	90 e0       	ldi	r25, 0x00	; 0
    149a:	9e 83       	std	Y+6, r25	; 0x06
    149c:	8d 83       	std	Y+5, r24	; 0x05
    149e:	3f c0       	rjmp	.+126    	; 0x151e <LCD_voidSendData+0x10c>
	else if (__tmp > 65535)
    14a0:	6f 81       	ldd	r22, Y+7	; 0x07
    14a2:	78 85       	ldd	r23, Y+8	; 0x08
    14a4:	89 85       	ldd	r24, Y+9	; 0x09
    14a6:	9a 85       	ldd	r25, Y+10	; 0x0a
    14a8:	20 e0       	ldi	r18, 0x00	; 0
    14aa:	3f ef       	ldi	r19, 0xFF	; 255
    14ac:	4f e7       	ldi	r20, 0x7F	; 127
    14ae:	57 e4       	ldi	r21, 0x47	; 71
    14b0:	0e 94 11 03 	call	0x622	; 0x622 <__gtsf2>
    14b4:	18 16       	cp	r1, r24
    14b6:	4c f5       	brge	.+82     	; 0x150a <LCD_voidSendData+0xf8>
	{
		//	__ticks = requested delay in 1/10 ms
		__ticks = (uint16_t) (__ms * 10.0);
    14b8:	6b 85       	ldd	r22, Y+11	; 0x0b
    14ba:	7c 85       	ldd	r23, Y+12	; 0x0c
    14bc:	8d 85       	ldd	r24, Y+13	; 0x0d
    14be:	9e 85       	ldd	r25, Y+14	; 0x0e
    14c0:	20 e0       	ldi	r18, 0x00	; 0
    14c2:	30 e0       	ldi	r19, 0x00	; 0
    14c4:	40 e2       	ldi	r20, 0x20	; 32
    14c6:	51 e4       	ldi	r21, 0x41	; 65
    14c8:	0e 94 17 02 	call	0x42e	; 0x42e <__mulsf3>
    14cc:	dc 01       	movw	r26, r24
    14ce:	cb 01       	movw	r24, r22
    14d0:	bc 01       	movw	r22, r24
    14d2:	cd 01       	movw	r24, r26
    14d4:	0e 94 41 00 	call	0x82	; 0x82 <__fixunssfsi>
    14d8:	dc 01       	movw	r26, r24
    14da:	cb 01       	movw	r24, r22
    14dc:	9e 83       	std	Y+6, r25	; 0x06
    14de:	8d 83       	std	Y+5, r24	; 0x05
    14e0:	0f c0       	rjmp	.+30     	; 0x1500 <LCD_voidSendData+0xee>
    14e2:	88 ec       	ldi	r24, 0xC8	; 200
    14e4:	90 e0       	ldi	r25, 0x00	; 0
    14e6:	9c 83       	std	Y+4, r25	; 0x04
    14e8:	8b 83       	std	Y+3, r24	; 0x03
    milliseconds can be achieved.
 */
void
_delay_loop_2(uint16_t __count)
{
	__asm__ volatile (
    14ea:	8b 81       	ldd	r24, Y+3	; 0x03
    14ec:	9c 81       	ldd	r25, Y+4	; 0x04
    14ee:	01 97       	sbiw	r24, 0x01	; 1
    14f0:	f1 f7       	brne	.-4      	; 0x14ee <LCD_voidSendData+0xdc>
    14f2:	9c 83       	std	Y+4, r25	; 0x04
    14f4:	8b 83       	std	Y+3, r24	; 0x03
		while(__ticks)
		{
			// wait 1/10 ms
			_delay_loop_2(((F_CPU) / 4e3) / 10);
			__ticks --;
    14f6:	8d 81       	ldd	r24, Y+5	; 0x05
    14f8:	9e 81       	ldd	r25, Y+6	; 0x06
    14fa:	01 97       	sbiw	r24, 0x01	; 1
    14fc:	9e 83       	std	Y+6, r25	; 0x06
    14fe:	8d 83       	std	Y+5, r24	; 0x05
		__ticks = 1;
	else if (__tmp > 65535)
	{
		//	__ticks = requested delay in 1/10 ms
		__ticks = (uint16_t) (__ms * 10.0);
		while(__ticks)
    1500:	8d 81       	ldd	r24, Y+5	; 0x05
    1502:	9e 81       	ldd	r25, Y+6	; 0x06
    1504:	00 97       	sbiw	r24, 0x00	; 0
    1506:	69 f7       	brne	.-38     	; 0x14e2 <LCD_voidSendData+0xd0>
    1508:	14 c0       	rjmp	.+40     	; 0x1532 <LCD_voidSendData+0x120>
			__ticks --;
		}
		return;
	}
	else
		__ticks = (uint16_t)__tmp;
    150a:	6f 81       	ldd	r22, Y+7	; 0x07
    150c:	78 85       	ldd	r23, Y+8	; 0x08
    150e:	89 85       	ldd	r24, Y+9	; 0x09
    1510:	9a 85       	ldd	r25, Y+10	; 0x0a
    1512:	0e 94 41 00 	call	0x82	; 0x82 <__fixunssfsi>
    1516:	dc 01       	movw	r26, r24
    1518:	cb 01       	movw	r24, r22
    151a:	9e 83       	std	Y+6, r25	; 0x06
    151c:	8d 83       	std	Y+5, r24	; 0x05
    151e:	8d 81       	ldd	r24, Y+5	; 0x05
    1520:	9e 81       	ldd	r25, Y+6	; 0x06
    1522:	9a 83       	std	Y+2, r25	; 0x02
    1524:	89 83       	std	Y+1, r24	; 0x01
    1526:	89 81       	ldd	r24, Y+1	; 0x01
    1528:	9a 81       	ldd	r25, Y+2	; 0x02
    152a:	01 97       	sbiw	r24, 0x01	; 1
    152c:	f1 f7       	brne	.-4      	; 0x152a <LCD_voidSendData+0x118>
    152e:	9a 83       	std	Y+2, r25	; 0x02
    1530:	89 83       	std	Y+1, r24	; 0x01
	_delay_ms(1);
	DIO_u8SetPinValue(CTRL_PORT,EN,DIO_u8_LOW);
    1532:	82 e0       	ldi	r24, 0x02	; 2
    1534:	65 e0       	ldi	r22, 0x05	; 5
    1536:	40 e0       	ldi	r20, 0x00	; 0
    1538:	0e 94 ec 06 	call	0xdd8	; 0xdd8 <DIO_u8SetPinValue>
}
    153c:	2f 96       	adiw	r28, 0x0f	; 15
    153e:	0f b6       	in	r0, 0x3f	; 63
    1540:	f8 94       	cli
    1542:	de bf       	out	0x3e, r29	; 62
    1544:	0f be       	out	0x3f, r0	; 63
    1546:	cd bf       	out	0x3d, r28	; 61
    1548:	cf 91       	pop	r28
    154a:	df 91       	pop	r29
    154c:	08 95       	ret

0000154e <LCD_voidSendCommand>:
static void LCD_voidSendCommand(u8 Copy_u8Command)
{
    154e:	df 93       	push	r29
    1550:	cf 93       	push	r28
    1552:	cd b7       	in	r28, 0x3d	; 61
    1554:	de b7       	in	r29, 0x3e	; 62
    1556:	2f 97       	sbiw	r28, 0x0f	; 15
    1558:	0f b6       	in	r0, 0x3f	; 63
    155a:	f8 94       	cli
    155c:	de bf       	out	0x3e, r29	; 62
    155e:	0f be       	out	0x3f, r0	; 63
    1560:	cd bf       	out	0x3d, r28	; 61
    1562:	8f 87       	std	Y+15, r24	; 0x0f
	//RS->0   ,RW=0
	DIO_u8SetPinValue(CTRL_PORT,RS,DIO_u8_LOW);
    1564:	82 e0       	ldi	r24, 0x02	; 2
    1566:	67 e0       	ldi	r22, 0x07	; 7
    1568:	40 e0       	ldi	r20, 0x00	; 0
    156a:	0e 94 ec 06 	call	0xdd8	; 0xdd8 <DIO_u8SetPinValue>
	DIO_u8SetPinValue(CTRL_PORT,RW,DIO_u8_LOW);
    156e:	82 e0       	ldi	r24, 0x02	; 2
    1570:	66 e0       	ldi	r22, 0x06	; 6
    1572:	40 e0       	ldi	r20, 0x00	; 0
    1574:	0e 94 ec 06 	call	0xdd8	; 0xdd8 <DIO_u8SetPinValue>
	//Set Data -> data port
	DIO_u8SetPortValue(DATA_PORT,Copy_u8Command);
    1578:	81 e0       	ldi	r24, 0x01	; 1
    157a:	6f 85       	ldd	r22, Y+15	; 0x0f
    157c:	0e 94 d8 08 	call	0x11b0	; 0x11b0 <DIO_u8SetPortValue>
	//enable pulse
	DIO_u8SetPinValue(CTRL_PORT,EN,DIO_u8_HIGH);
    1580:	82 e0       	ldi	r24, 0x02	; 2
    1582:	65 e0       	ldi	r22, 0x05	; 5
    1584:	41 e0       	ldi	r20, 0x01	; 1
    1586:	0e 94 ec 06 	call	0xdd8	; 0xdd8 <DIO_u8SetPinValue>
    158a:	80 e0       	ldi	r24, 0x00	; 0
    158c:	90 e0       	ldi	r25, 0x00	; 0
    158e:	a0 e8       	ldi	r26, 0x80	; 128
    1590:	bf e3       	ldi	r27, 0x3F	; 63
    1592:	8b 87       	std	Y+11, r24	; 0x0b
    1594:	9c 87       	std	Y+12, r25	; 0x0c
    1596:	ad 87       	std	Y+13, r26	; 0x0d
    1598:	be 87       	std	Y+14, r27	; 0x0e
 */
void
_delay_ms(double __ms)
{
	uint16_t __ticks;
	double __tmp = ((F_CPU) / 4e3) * __ms;
    159a:	6b 85       	ldd	r22, Y+11	; 0x0b
    159c:	7c 85       	ldd	r23, Y+12	; 0x0c
    159e:	8d 85       	ldd	r24, Y+13	; 0x0d
    15a0:	9e 85       	ldd	r25, Y+14	; 0x0e
    15a2:	20 e0       	ldi	r18, 0x00	; 0
    15a4:	30 e0       	ldi	r19, 0x00	; 0
    15a6:	4a ef       	ldi	r20, 0xFA	; 250
    15a8:	54 e4       	ldi	r21, 0x44	; 68
    15aa:	0e 94 17 02 	call	0x42e	; 0x42e <__mulsf3>
    15ae:	dc 01       	movw	r26, r24
    15b0:	cb 01       	movw	r24, r22
    15b2:	8f 83       	std	Y+7, r24	; 0x07
    15b4:	98 87       	std	Y+8, r25	; 0x08
    15b6:	a9 87       	std	Y+9, r26	; 0x09
    15b8:	ba 87       	std	Y+10, r27	; 0x0a
	if (__tmp < 1.0)
    15ba:	6f 81       	ldd	r22, Y+7	; 0x07
    15bc:	78 85       	ldd	r23, Y+8	; 0x08
    15be:	89 85       	ldd	r24, Y+9	; 0x09
    15c0:	9a 85       	ldd	r25, Y+10	; 0x0a
    15c2:	20 e0       	ldi	r18, 0x00	; 0
    15c4:	30 e0       	ldi	r19, 0x00	; 0
    15c6:	40 e8       	ldi	r20, 0x80	; 128
    15c8:	5f e3       	ldi	r21, 0x3F	; 63
    15ca:	0e 94 71 03 	call	0x6e2	; 0x6e2 <__ltsf2>
    15ce:	88 23       	and	r24, r24
    15d0:	2c f4       	brge	.+10     	; 0x15dc <LCD_voidSendCommand+0x8e>
		__ticks = 1;
    15d2:	81 e0       	ldi	r24, 0x01	; 1
    15d4:	90 e0       	ldi	r25, 0x00	; 0
    15d6:	9e 83       	std	Y+6, r25	; 0x06
    15d8:	8d 83       	std	Y+5, r24	; 0x05
    15da:	3f c0       	rjmp	.+126    	; 0x165a <LCD_voidSendCommand+0x10c>
	else if (__tmp > 65535)
    15dc:	6f 81       	ldd	r22, Y+7	; 0x07
    15de:	78 85       	ldd	r23, Y+8	; 0x08
    15e0:	89 85       	ldd	r24, Y+9	; 0x09
    15e2:	9a 85       	ldd	r25, Y+10	; 0x0a
    15e4:	20 e0       	ldi	r18, 0x00	; 0
    15e6:	3f ef       	ldi	r19, 0xFF	; 255
    15e8:	4f e7       	ldi	r20, 0x7F	; 127
    15ea:	57 e4       	ldi	r21, 0x47	; 71
    15ec:	0e 94 11 03 	call	0x622	; 0x622 <__gtsf2>
    15f0:	18 16       	cp	r1, r24
    15f2:	4c f5       	brge	.+82     	; 0x1646 <LCD_voidSendCommand+0xf8>
	{
		//	__ticks = requested delay in 1/10 ms
		__ticks = (uint16_t) (__ms * 10.0);
    15f4:	6b 85       	ldd	r22, Y+11	; 0x0b
    15f6:	7c 85       	ldd	r23, Y+12	; 0x0c
    15f8:	8d 85       	ldd	r24, Y+13	; 0x0d
    15fa:	9e 85       	ldd	r25, Y+14	; 0x0e
    15fc:	20 e0       	ldi	r18, 0x00	; 0
    15fe:	30 e0       	ldi	r19, 0x00	; 0
    1600:	40 e2       	ldi	r20, 0x20	; 32
    1602:	51 e4       	ldi	r21, 0x41	; 65
    1604:	0e 94 17 02 	call	0x42e	; 0x42e <__mulsf3>
    1608:	dc 01       	movw	r26, r24
    160a:	cb 01       	movw	r24, r22
    160c:	bc 01       	movw	r22, r24
    160e:	cd 01       	movw	r24, r26
    1610:	0e 94 41 00 	call	0x82	; 0x82 <__fixunssfsi>
    1614:	dc 01       	movw	r26, r24
    1616:	cb 01       	movw	r24, r22
    1618:	9e 83       	std	Y+6, r25	; 0x06
    161a:	8d 83       	std	Y+5, r24	; 0x05
    161c:	0f c0       	rjmp	.+30     	; 0x163c <LCD_voidSendCommand+0xee>
    161e:	88 ec       	ldi	r24, 0xC8	; 200
    1620:	90 e0       	ldi	r25, 0x00	; 0
    1622:	9c 83       	std	Y+4, r25	; 0x04
    1624:	8b 83       	std	Y+3, r24	; 0x03
    1626:	8b 81       	ldd	r24, Y+3	; 0x03
    1628:	9c 81       	ldd	r25, Y+4	; 0x04
    162a:	01 97       	sbiw	r24, 0x01	; 1
    162c:	f1 f7       	brne	.-4      	; 0x162a <LCD_voidSendCommand+0xdc>
    162e:	9c 83       	std	Y+4, r25	; 0x04
    1630:	8b 83       	std	Y+3, r24	; 0x03
		while(__ticks)
		{
			// wait 1/10 ms
			_delay_loop_2(((F_CPU) / 4e3) / 10);
			__ticks --;
    1632:	8d 81       	ldd	r24, Y+5	; 0x05
    1634:	9e 81       	ldd	r25, Y+6	; 0x06
    1636:	01 97       	sbiw	r24, 0x01	; 1
    1638:	9e 83       	std	Y+6, r25	; 0x06
    163a:	8d 83       	std	Y+5, r24	; 0x05
		__ticks = 1;
	else if (__tmp > 65535)
	{
		//	__ticks = requested delay in 1/10 ms
		__ticks = (uint16_t) (__ms * 10.0);
		while(__ticks)
    163c:	8d 81       	ldd	r24, Y+5	; 0x05
    163e:	9e 81       	ldd	r25, Y+6	; 0x06
    1640:	00 97       	sbiw	r24, 0x00	; 0
    1642:	69 f7       	brne	.-38     	; 0x161e <LCD_voidSendCommand+0xd0>
    1644:	14 c0       	rjmp	.+40     	; 0x166e <LCD_voidSendCommand+0x120>
			__ticks --;
		}
		return;
	}
	else
		__ticks = (uint16_t)__tmp;
    1646:	6f 81       	ldd	r22, Y+7	; 0x07
    1648:	78 85       	ldd	r23, Y+8	; 0x08
    164a:	89 85       	ldd	r24, Y+9	; 0x09
    164c:	9a 85       	ldd	r25, Y+10	; 0x0a
    164e:	0e 94 41 00 	call	0x82	; 0x82 <__fixunssfsi>
    1652:	dc 01       	movw	r26, r24
    1654:	cb 01       	movw	r24, r22
    1656:	9e 83       	std	Y+6, r25	; 0x06
    1658:	8d 83       	std	Y+5, r24	; 0x05
    165a:	8d 81       	ldd	r24, Y+5	; 0x05
    165c:	9e 81       	ldd	r25, Y+6	; 0x06
    165e:	9a 83       	std	Y+2, r25	; 0x02
    1660:	89 83       	std	Y+1, r24	; 0x01
    1662:	89 81       	ldd	r24, Y+1	; 0x01
    1664:	9a 81       	ldd	r25, Y+2	; 0x02
    1666:	01 97       	sbiw	r24, 0x01	; 1
    1668:	f1 f7       	brne	.-4      	; 0x1666 <LCD_voidSendCommand+0x118>
    166a:	9a 83       	std	Y+2, r25	; 0x02
    166c:	89 83       	std	Y+1, r24	; 0x01
	_delay_ms(1);
	DIO_u8SetPinValue(CTRL_PORT,EN,DIO_u8_LOW);
    166e:	82 e0       	ldi	r24, 0x02	; 2
    1670:	65 e0       	ldi	r22, 0x05	; 5
    1672:	40 e0       	ldi	r20, 0x00	; 0
    1674:	0e 94 ec 06 	call	0xdd8	; 0xdd8 <DIO_u8SetPinValue>
}
    1678:	2f 96       	adiw	r28, 0x0f	; 15
    167a:	0f b6       	in	r0, 0x3f	; 63
    167c:	f8 94       	cli
    167e:	de bf       	out	0x3e, r29	; 62
    1680:	0f be       	out	0x3f, r0	; 63
    1682:	cd bf       	out	0x3d, r28	; 61
    1684:	cf 91       	pop	r28
    1686:	df 91       	pop	r29
    1688:	08 95       	ret

0000168a <LCD_voidInit>:

void LCD_voidInit(void)
{
    168a:	0f 93       	push	r16
    168c:	1f 93       	push	r17
    168e:	df 93       	push	r29
    1690:	cf 93       	push	r28
    1692:	cd b7       	in	r28, 0x3d	; 61
    1694:	de b7       	in	r29, 0x3e	; 62
    1696:	c6 54       	subi	r28, 0x46	; 70
    1698:	d0 40       	sbci	r29, 0x00	; 0
    169a:	0f b6       	in	r0, 0x3f	; 63
    169c:	f8 94       	cli
    169e:	de bf       	out	0x3e, r29	; 62
    16a0:	0f be       	out	0x3f, r0	; 63
    16a2:	cd bf       	out	0x3d, r28	; 61
    16a4:	fe 01       	movw	r30, r28
    16a6:	ed 5b       	subi	r30, 0xBD	; 189
    16a8:	ff 4f       	sbci	r31, 0xFF	; 255
    16aa:	80 e0       	ldi	r24, 0x00	; 0
    16ac:	90 e0       	ldi	r25, 0x00	; 0
    16ae:	a0 e2       	ldi	r26, 0x20	; 32
    16b0:	b2 e4       	ldi	r27, 0x42	; 66
    16b2:	80 83       	st	Z, r24
    16b4:	91 83       	std	Z+1, r25	; 0x01
    16b6:	a2 83       	std	Z+2, r26	; 0x02
    16b8:	b3 83       	std	Z+3, r27	; 0x03
 */
void
_delay_ms(double __ms)
{
	uint16_t __ticks;
	double __tmp = ((F_CPU) / 4e3) * __ms;
    16ba:	8e 01       	movw	r16, r28
    16bc:	01 5c       	subi	r16, 0xC1	; 193
    16be:	1f 4f       	sbci	r17, 0xFF	; 255
    16c0:	fe 01       	movw	r30, r28
    16c2:	ed 5b       	subi	r30, 0xBD	; 189
    16c4:	ff 4f       	sbci	r31, 0xFF	; 255
    16c6:	60 81       	ld	r22, Z
    16c8:	71 81       	ldd	r23, Z+1	; 0x01
    16ca:	82 81       	ldd	r24, Z+2	; 0x02
    16cc:	93 81       	ldd	r25, Z+3	; 0x03
    16ce:	20 e0       	ldi	r18, 0x00	; 0
    16d0:	30 e0       	ldi	r19, 0x00	; 0
    16d2:	4a ef       	ldi	r20, 0xFA	; 250
    16d4:	54 e4       	ldi	r21, 0x44	; 68
    16d6:	0e 94 17 02 	call	0x42e	; 0x42e <__mulsf3>
    16da:	dc 01       	movw	r26, r24
    16dc:	cb 01       	movw	r24, r22
    16de:	f8 01       	movw	r30, r16
    16e0:	80 83       	st	Z, r24
    16e2:	91 83       	std	Z+1, r25	; 0x01
    16e4:	a2 83       	std	Z+2, r26	; 0x02
    16e6:	b3 83       	std	Z+3, r27	; 0x03
	if (__tmp < 1.0)
    16e8:	fe 01       	movw	r30, r28
    16ea:	ff 96       	adiw	r30, 0x3f	; 63
    16ec:	60 81       	ld	r22, Z
    16ee:	71 81       	ldd	r23, Z+1	; 0x01
    16f0:	82 81       	ldd	r24, Z+2	; 0x02
    16f2:	93 81       	ldd	r25, Z+3	; 0x03
    16f4:	20 e0       	ldi	r18, 0x00	; 0
    16f6:	30 e0       	ldi	r19, 0x00	; 0
    16f8:	40 e8       	ldi	r20, 0x80	; 128
    16fa:	5f e3       	ldi	r21, 0x3F	; 63
    16fc:	0e 94 71 03 	call	0x6e2	; 0x6e2 <__ltsf2>
    1700:	88 23       	and	r24, r24
    1702:	2c f4       	brge	.+10     	; 0x170e <LCD_voidInit+0x84>
		__ticks = 1;
    1704:	81 e0       	ldi	r24, 0x01	; 1
    1706:	90 e0       	ldi	r25, 0x00	; 0
    1708:	9e af       	std	Y+62, r25	; 0x3e
    170a:	8d af       	std	Y+61, r24	; 0x3d
    170c:	46 c0       	rjmp	.+140    	; 0x179a <LCD_voidInit+0x110>
	else if (__tmp > 65535)
    170e:	fe 01       	movw	r30, r28
    1710:	ff 96       	adiw	r30, 0x3f	; 63
    1712:	60 81       	ld	r22, Z
    1714:	71 81       	ldd	r23, Z+1	; 0x01
    1716:	82 81       	ldd	r24, Z+2	; 0x02
    1718:	93 81       	ldd	r25, Z+3	; 0x03
    171a:	20 e0       	ldi	r18, 0x00	; 0
    171c:	3f ef       	ldi	r19, 0xFF	; 255
    171e:	4f e7       	ldi	r20, 0x7F	; 127
    1720:	57 e4       	ldi	r21, 0x47	; 71
    1722:	0e 94 11 03 	call	0x622	; 0x622 <__gtsf2>
    1726:	18 16       	cp	r1, r24
    1728:	64 f5       	brge	.+88     	; 0x1782 <LCD_voidInit+0xf8>
	{
		//	__ticks = requested delay in 1/10 ms
		__ticks = (uint16_t) (__ms * 10.0);
    172a:	fe 01       	movw	r30, r28
    172c:	ed 5b       	subi	r30, 0xBD	; 189
    172e:	ff 4f       	sbci	r31, 0xFF	; 255
    1730:	60 81       	ld	r22, Z
    1732:	71 81       	ldd	r23, Z+1	; 0x01
    1734:	82 81       	ldd	r24, Z+2	; 0x02
    1736:	93 81       	ldd	r25, Z+3	; 0x03
    1738:	20 e0       	ldi	r18, 0x00	; 0
    173a:	30 e0       	ldi	r19, 0x00	; 0
    173c:	40 e2       	ldi	r20, 0x20	; 32
    173e:	51 e4       	ldi	r21, 0x41	; 65
    1740:	0e 94 17 02 	call	0x42e	; 0x42e <__mulsf3>
    1744:	dc 01       	movw	r26, r24
    1746:	cb 01       	movw	r24, r22
    1748:	bc 01       	movw	r22, r24
    174a:	cd 01       	movw	r24, r26
    174c:	0e 94 41 00 	call	0x82	; 0x82 <__fixunssfsi>
    1750:	dc 01       	movw	r26, r24
    1752:	cb 01       	movw	r24, r22
    1754:	9e af       	std	Y+62, r25	; 0x3e
    1756:	8d af       	std	Y+61, r24	; 0x3d
    1758:	0f c0       	rjmp	.+30     	; 0x1778 <LCD_voidInit+0xee>
    175a:	88 ec       	ldi	r24, 0xC8	; 200
    175c:	90 e0       	ldi	r25, 0x00	; 0
    175e:	9c af       	std	Y+60, r25	; 0x3c
    1760:	8b af       	std	Y+59, r24	; 0x3b
    1762:	8b ad       	ldd	r24, Y+59	; 0x3b
    1764:	9c ad       	ldd	r25, Y+60	; 0x3c
    1766:	01 97       	sbiw	r24, 0x01	; 1
    1768:	f1 f7       	brne	.-4      	; 0x1766 <LCD_voidInit+0xdc>
    176a:	9c af       	std	Y+60, r25	; 0x3c
    176c:	8b af       	std	Y+59, r24	; 0x3b
		while(__ticks)
		{
			// wait 1/10 ms
			_delay_loop_2(((F_CPU) / 4e3) / 10);
			__ticks --;
    176e:	8d ad       	ldd	r24, Y+61	; 0x3d
    1770:	9e ad       	ldd	r25, Y+62	; 0x3e
    1772:	01 97       	sbiw	r24, 0x01	; 1
    1774:	9e af       	std	Y+62, r25	; 0x3e
    1776:	8d af       	std	Y+61, r24	; 0x3d
		__ticks = 1;
	else if (__tmp > 65535)
	{
		//	__ticks = requested delay in 1/10 ms
		__ticks = (uint16_t) (__ms * 10.0);
		while(__ticks)
    1778:	8d ad       	ldd	r24, Y+61	; 0x3d
    177a:	9e ad       	ldd	r25, Y+62	; 0x3e
    177c:	00 97       	sbiw	r24, 0x00	; 0
    177e:	69 f7       	brne	.-38     	; 0x175a <LCD_voidInit+0xd0>
    1780:	16 c0       	rjmp	.+44     	; 0x17ae <LCD_voidInit+0x124>
			__ticks --;
		}
		return;
	}
	else
		__ticks = (uint16_t)__tmp;
    1782:	fe 01       	movw	r30, r28
    1784:	ff 96       	adiw	r30, 0x3f	; 63
    1786:	60 81       	ld	r22, Z
    1788:	71 81       	ldd	r23, Z+1	; 0x01
    178a:	82 81       	ldd	r24, Z+2	; 0x02
    178c:	93 81       	ldd	r25, Z+3	; 0x03
    178e:	0e 94 41 00 	call	0x82	; 0x82 <__fixunssfsi>
    1792:	dc 01       	movw	r26, r24
    1794:	cb 01       	movw	r24, r22
    1796:	9e af       	std	Y+62, r25	; 0x3e
    1798:	8d af       	std	Y+61, r24	; 0x3d
    179a:	8d ad       	ldd	r24, Y+61	; 0x3d
    179c:	9e ad       	ldd	r25, Y+62	; 0x3e
    179e:	9a af       	std	Y+58, r25	; 0x3a
    17a0:	89 af       	std	Y+57, r24	; 0x39
    17a2:	89 ad       	ldd	r24, Y+57	; 0x39
    17a4:	9a ad       	ldd	r25, Y+58	; 0x3a
    17a6:	01 97       	sbiw	r24, 0x01	; 1
    17a8:	f1 f7       	brne	.-4      	; 0x17a6 <LCD_voidInit+0x11c>
    17aa:	9a af       	std	Y+58, r25	; 0x3a
    17ac:	89 af       	std	Y+57, r24	; 0x39
	_delay_ms(40);
	LCD_voidSendCommand(0b00111000);
    17ae:	88 e3       	ldi	r24, 0x38	; 56
    17b0:	0e 94 a7 0a 	call	0x154e	; 0x154e <LCD_voidSendCommand>
    17b4:	80 e0       	ldi	r24, 0x00	; 0
    17b6:	90 e0       	ldi	r25, 0x00	; 0
    17b8:	a0 e8       	ldi	r26, 0x80	; 128
    17ba:	bf e3       	ldi	r27, 0x3F	; 63
    17bc:	8d ab       	std	Y+53, r24	; 0x35
    17be:	9e ab       	std	Y+54, r25	; 0x36
    17c0:	af ab       	std	Y+55, r26	; 0x37
    17c2:	b8 af       	std	Y+56, r27	; 0x38
 */
void
_delay_ms(double __ms)
{
	uint16_t __ticks;
	double __tmp = ((F_CPU) / 4e3) * __ms;
    17c4:	6d a9       	ldd	r22, Y+53	; 0x35
    17c6:	7e a9       	ldd	r23, Y+54	; 0x36
    17c8:	8f a9       	ldd	r24, Y+55	; 0x37
    17ca:	98 ad       	ldd	r25, Y+56	; 0x38
    17cc:	20 e0       	ldi	r18, 0x00	; 0
    17ce:	30 e0       	ldi	r19, 0x00	; 0
    17d0:	4a ef       	ldi	r20, 0xFA	; 250
    17d2:	54 e4       	ldi	r21, 0x44	; 68
    17d4:	0e 94 17 02 	call	0x42e	; 0x42e <__mulsf3>
    17d8:	dc 01       	movw	r26, r24
    17da:	cb 01       	movw	r24, r22
    17dc:	89 ab       	std	Y+49, r24	; 0x31
    17de:	9a ab       	std	Y+50, r25	; 0x32
    17e0:	ab ab       	std	Y+51, r26	; 0x33
    17e2:	bc ab       	std	Y+52, r27	; 0x34
	if (__tmp < 1.0)
    17e4:	69 a9       	ldd	r22, Y+49	; 0x31
    17e6:	7a a9       	ldd	r23, Y+50	; 0x32
    17e8:	8b a9       	ldd	r24, Y+51	; 0x33
    17ea:	9c a9       	ldd	r25, Y+52	; 0x34
    17ec:	20 e0       	ldi	r18, 0x00	; 0
    17ee:	30 e0       	ldi	r19, 0x00	; 0
    17f0:	40 e8       	ldi	r20, 0x80	; 128
    17f2:	5f e3       	ldi	r21, 0x3F	; 63
    17f4:	0e 94 71 03 	call	0x6e2	; 0x6e2 <__ltsf2>
    17f8:	88 23       	and	r24, r24
    17fa:	2c f4       	brge	.+10     	; 0x1806 <LCD_voidInit+0x17c>
		__ticks = 1;
    17fc:	81 e0       	ldi	r24, 0x01	; 1
    17fe:	90 e0       	ldi	r25, 0x00	; 0
    1800:	98 ab       	std	Y+48, r25	; 0x30
    1802:	8f a7       	std	Y+47, r24	; 0x2f
    1804:	3f c0       	rjmp	.+126    	; 0x1884 <LCD_voidInit+0x1fa>
	else if (__tmp > 65535)
    1806:	69 a9       	ldd	r22, Y+49	; 0x31
    1808:	7a a9       	ldd	r23, Y+50	; 0x32
    180a:	8b a9       	ldd	r24, Y+51	; 0x33
    180c:	9c a9       	ldd	r25, Y+52	; 0x34
    180e:	20 e0       	ldi	r18, 0x00	; 0
    1810:	3f ef       	ldi	r19, 0xFF	; 255
    1812:	4f e7       	ldi	r20, 0x7F	; 127
    1814:	57 e4       	ldi	r21, 0x47	; 71
    1816:	0e 94 11 03 	call	0x622	; 0x622 <__gtsf2>
    181a:	18 16       	cp	r1, r24
    181c:	4c f5       	brge	.+82     	; 0x1870 <LCD_voidInit+0x1e6>
	{
		//	__ticks = requested delay in 1/10 ms
		__ticks = (uint16_t) (__ms * 10.0);
    181e:	6d a9       	ldd	r22, Y+53	; 0x35
    1820:	7e a9       	ldd	r23, Y+54	; 0x36
    1822:	8f a9       	ldd	r24, Y+55	; 0x37
    1824:	98 ad       	ldd	r25, Y+56	; 0x38
    1826:	20 e0       	ldi	r18, 0x00	; 0
    1828:	30 e0       	ldi	r19, 0x00	; 0
    182a:	40 e2       	ldi	r20, 0x20	; 32
    182c:	51 e4       	ldi	r21, 0x41	; 65
    182e:	0e 94 17 02 	call	0x42e	; 0x42e <__mulsf3>
    1832:	dc 01       	movw	r26, r24
    1834:	cb 01       	movw	r24, r22
    1836:	bc 01       	movw	r22, r24
    1838:	cd 01       	movw	r24, r26
    183a:	0e 94 41 00 	call	0x82	; 0x82 <__fixunssfsi>
    183e:	dc 01       	movw	r26, r24
    1840:	cb 01       	movw	r24, r22
    1842:	98 ab       	std	Y+48, r25	; 0x30
    1844:	8f a7       	std	Y+47, r24	; 0x2f
    1846:	0f c0       	rjmp	.+30     	; 0x1866 <LCD_voidInit+0x1dc>
    1848:	88 ec       	ldi	r24, 0xC8	; 200
    184a:	90 e0       	ldi	r25, 0x00	; 0
    184c:	9e a7       	std	Y+46, r25	; 0x2e
    184e:	8d a7       	std	Y+45, r24	; 0x2d
    1850:	8d a5       	ldd	r24, Y+45	; 0x2d
    1852:	9e a5       	ldd	r25, Y+46	; 0x2e
    1854:	01 97       	sbiw	r24, 0x01	; 1
    1856:	f1 f7       	brne	.-4      	; 0x1854 <LCD_voidInit+0x1ca>
    1858:	9e a7       	std	Y+46, r25	; 0x2e
    185a:	8d a7       	std	Y+45, r24	; 0x2d
		while(__ticks)
		{
			// wait 1/10 ms
			_delay_loop_2(((F_CPU) / 4e3) / 10);
			__ticks --;
    185c:	8f a5       	ldd	r24, Y+47	; 0x2f
    185e:	98 a9       	ldd	r25, Y+48	; 0x30
    1860:	01 97       	sbiw	r24, 0x01	; 1
    1862:	98 ab       	std	Y+48, r25	; 0x30
    1864:	8f a7       	std	Y+47, r24	; 0x2f
		__ticks = 1;
	else if (__tmp > 65535)
	{
		//	__ticks = requested delay in 1/10 ms
		__ticks = (uint16_t) (__ms * 10.0);
		while(__ticks)
    1866:	8f a5       	ldd	r24, Y+47	; 0x2f
    1868:	98 a9       	ldd	r25, Y+48	; 0x30
    186a:	00 97       	sbiw	r24, 0x00	; 0
    186c:	69 f7       	brne	.-38     	; 0x1848 <LCD_voidInit+0x1be>
    186e:	14 c0       	rjmp	.+40     	; 0x1898 <LCD_voidInit+0x20e>
			__ticks --;
		}
		return;
	}
	else
		__ticks = (uint16_t)__tmp;
    1870:	69 a9       	ldd	r22, Y+49	; 0x31
    1872:	7a a9       	ldd	r23, Y+50	; 0x32
    1874:	8b a9       	ldd	r24, Y+51	; 0x33
    1876:	9c a9       	ldd	r25, Y+52	; 0x34
    1878:	0e 94 41 00 	call	0x82	; 0x82 <__fixunssfsi>
    187c:	dc 01       	movw	r26, r24
    187e:	cb 01       	movw	r24, r22
    1880:	98 ab       	std	Y+48, r25	; 0x30
    1882:	8f a7       	std	Y+47, r24	; 0x2f
    1884:	8f a5       	ldd	r24, Y+47	; 0x2f
    1886:	98 a9       	ldd	r25, Y+48	; 0x30
    1888:	9c a7       	std	Y+44, r25	; 0x2c
    188a:	8b a7       	std	Y+43, r24	; 0x2b
    188c:	8b a5       	ldd	r24, Y+43	; 0x2b
    188e:	9c a5       	ldd	r25, Y+44	; 0x2c
    1890:	01 97       	sbiw	r24, 0x01	; 1
    1892:	f1 f7       	brne	.-4      	; 0x1890 <LCD_voidInit+0x206>
    1894:	9c a7       	std	Y+44, r25	; 0x2c
    1896:	8b a7       	std	Y+43, r24	; 0x2b
	_delay_ms(1);
	LCD_voidSendCommand(0b00001100);
    1898:	8c e0       	ldi	r24, 0x0C	; 12
    189a:	0e 94 a7 0a 	call	0x154e	; 0x154e <LCD_voidSendCommand>
    189e:	80 e0       	ldi	r24, 0x00	; 0
    18a0:	90 e0       	ldi	r25, 0x00	; 0
    18a2:	a0 e8       	ldi	r26, 0x80	; 128
    18a4:	bf e3       	ldi	r27, 0x3F	; 63
    18a6:	8f a3       	std	Y+39, r24	; 0x27
    18a8:	98 a7       	std	Y+40, r25	; 0x28
    18aa:	a9 a7       	std	Y+41, r26	; 0x29
    18ac:	ba a7       	std	Y+42, r27	; 0x2a
 */
void
_delay_ms(double __ms)
{
	uint16_t __ticks;
	double __tmp = ((F_CPU) / 4e3) * __ms;
    18ae:	6f a1       	ldd	r22, Y+39	; 0x27
    18b0:	78 a5       	ldd	r23, Y+40	; 0x28
    18b2:	89 a5       	ldd	r24, Y+41	; 0x29
    18b4:	9a a5       	ldd	r25, Y+42	; 0x2a
    18b6:	20 e0       	ldi	r18, 0x00	; 0
    18b8:	30 e0       	ldi	r19, 0x00	; 0
    18ba:	4a ef       	ldi	r20, 0xFA	; 250
    18bc:	54 e4       	ldi	r21, 0x44	; 68
    18be:	0e 94 17 02 	call	0x42e	; 0x42e <__mulsf3>
    18c2:	dc 01       	movw	r26, r24
    18c4:	cb 01       	movw	r24, r22
    18c6:	8b a3       	std	Y+35, r24	; 0x23
    18c8:	9c a3       	std	Y+36, r25	; 0x24
    18ca:	ad a3       	std	Y+37, r26	; 0x25
    18cc:	be a3       	std	Y+38, r27	; 0x26
	if (__tmp < 1.0)
    18ce:	6b a1       	ldd	r22, Y+35	; 0x23
    18d0:	7c a1       	ldd	r23, Y+36	; 0x24
    18d2:	8d a1       	ldd	r24, Y+37	; 0x25
    18d4:	9e a1       	ldd	r25, Y+38	; 0x26
    18d6:	20 e0       	ldi	r18, 0x00	; 0
    18d8:	30 e0       	ldi	r19, 0x00	; 0
    18da:	40 e8       	ldi	r20, 0x80	; 128
    18dc:	5f e3       	ldi	r21, 0x3F	; 63
    18de:	0e 94 71 03 	call	0x6e2	; 0x6e2 <__ltsf2>
    18e2:	88 23       	and	r24, r24
    18e4:	2c f4       	brge	.+10     	; 0x18f0 <LCD_voidInit+0x266>
		__ticks = 1;
    18e6:	81 e0       	ldi	r24, 0x01	; 1
    18e8:	90 e0       	ldi	r25, 0x00	; 0
    18ea:	9a a3       	std	Y+34, r25	; 0x22
    18ec:	89 a3       	std	Y+33, r24	; 0x21
    18ee:	3f c0       	rjmp	.+126    	; 0x196e <LCD_voidInit+0x2e4>
	else if (__tmp > 65535)
    18f0:	6b a1       	ldd	r22, Y+35	; 0x23
    18f2:	7c a1       	ldd	r23, Y+36	; 0x24
    18f4:	8d a1       	ldd	r24, Y+37	; 0x25
    18f6:	9e a1       	ldd	r25, Y+38	; 0x26
    18f8:	20 e0       	ldi	r18, 0x00	; 0
    18fa:	3f ef       	ldi	r19, 0xFF	; 255
    18fc:	4f e7       	ldi	r20, 0x7F	; 127
    18fe:	57 e4       	ldi	r21, 0x47	; 71
    1900:	0e 94 11 03 	call	0x622	; 0x622 <__gtsf2>
    1904:	18 16       	cp	r1, r24
    1906:	4c f5       	brge	.+82     	; 0x195a <LCD_voidInit+0x2d0>
	{
		//	__ticks = requested delay in 1/10 ms
		__ticks = (uint16_t) (__ms * 10.0);
    1908:	6f a1       	ldd	r22, Y+39	; 0x27
    190a:	78 a5       	ldd	r23, Y+40	; 0x28
    190c:	89 a5       	ldd	r24, Y+41	; 0x29
    190e:	9a a5       	ldd	r25, Y+42	; 0x2a
    1910:	20 e0       	ldi	r18, 0x00	; 0
    1912:	30 e0       	ldi	r19, 0x00	; 0
    1914:	40 e2       	ldi	r20, 0x20	; 32
    1916:	51 e4       	ldi	r21, 0x41	; 65
    1918:	0e 94 17 02 	call	0x42e	; 0x42e <__mulsf3>
    191c:	dc 01       	movw	r26, r24
    191e:	cb 01       	movw	r24, r22
    1920:	bc 01       	movw	r22, r24
    1922:	cd 01       	movw	r24, r26
    1924:	0e 94 41 00 	call	0x82	; 0x82 <__fixunssfsi>
    1928:	dc 01       	movw	r26, r24
    192a:	cb 01       	movw	r24, r22
    192c:	9a a3       	std	Y+34, r25	; 0x22
    192e:	89 a3       	std	Y+33, r24	; 0x21
    1930:	0f c0       	rjmp	.+30     	; 0x1950 <LCD_voidInit+0x2c6>
    1932:	88 ec       	ldi	r24, 0xC8	; 200
    1934:	90 e0       	ldi	r25, 0x00	; 0
    1936:	98 a3       	std	Y+32, r25	; 0x20
    1938:	8f 8f       	std	Y+31, r24	; 0x1f
    193a:	8f 8d       	ldd	r24, Y+31	; 0x1f
    193c:	98 a1       	ldd	r25, Y+32	; 0x20
    193e:	01 97       	sbiw	r24, 0x01	; 1
    1940:	f1 f7       	brne	.-4      	; 0x193e <LCD_voidInit+0x2b4>
    1942:	98 a3       	std	Y+32, r25	; 0x20
    1944:	8f 8f       	std	Y+31, r24	; 0x1f
		while(__ticks)
		{
			// wait 1/10 ms
			_delay_loop_2(((F_CPU) / 4e3) / 10);
			__ticks --;
    1946:	89 a1       	ldd	r24, Y+33	; 0x21
    1948:	9a a1       	ldd	r25, Y+34	; 0x22
    194a:	01 97       	sbiw	r24, 0x01	; 1
    194c:	9a a3       	std	Y+34, r25	; 0x22
    194e:	89 a3       	std	Y+33, r24	; 0x21
		__ticks = 1;
	else if (__tmp > 65535)
	{
		//	__ticks = requested delay in 1/10 ms
		__ticks = (uint16_t) (__ms * 10.0);
		while(__ticks)
    1950:	89 a1       	ldd	r24, Y+33	; 0x21
    1952:	9a a1       	ldd	r25, Y+34	; 0x22
    1954:	00 97       	sbiw	r24, 0x00	; 0
    1956:	69 f7       	brne	.-38     	; 0x1932 <LCD_voidInit+0x2a8>
    1958:	14 c0       	rjmp	.+40     	; 0x1982 <LCD_voidInit+0x2f8>
			__ticks --;
		}
		return;
	}
	else
		__ticks = (uint16_t)__tmp;
    195a:	6b a1       	ldd	r22, Y+35	; 0x23
    195c:	7c a1       	ldd	r23, Y+36	; 0x24
    195e:	8d a1       	ldd	r24, Y+37	; 0x25
    1960:	9e a1       	ldd	r25, Y+38	; 0x26
    1962:	0e 94 41 00 	call	0x82	; 0x82 <__fixunssfsi>
    1966:	dc 01       	movw	r26, r24
    1968:	cb 01       	movw	r24, r22
    196a:	9a a3       	std	Y+34, r25	; 0x22
    196c:	89 a3       	std	Y+33, r24	; 0x21
    196e:	89 a1       	ldd	r24, Y+33	; 0x21
    1970:	9a a1       	ldd	r25, Y+34	; 0x22
    1972:	9e 8f       	std	Y+30, r25	; 0x1e
    1974:	8d 8f       	std	Y+29, r24	; 0x1d
    1976:	8d 8d       	ldd	r24, Y+29	; 0x1d
    1978:	9e 8d       	ldd	r25, Y+30	; 0x1e
    197a:	01 97       	sbiw	r24, 0x01	; 1
    197c:	f1 f7       	brne	.-4      	; 0x197a <LCD_voidInit+0x2f0>
    197e:	9e 8f       	std	Y+30, r25	; 0x1e
    1980:	8d 8f       	std	Y+29, r24	; 0x1d
	_delay_ms(1);
	LCD_voidSendCommand(0b0000001110);
    1982:	8e e0       	ldi	r24, 0x0E	; 14
    1984:	0e 94 a7 0a 	call	0x154e	; 0x154e <LCD_voidSendCommand>
    1988:	80 e0       	ldi	r24, 0x00	; 0
    198a:	90 e0       	ldi	r25, 0x00	; 0
    198c:	a0 e8       	ldi	r26, 0x80	; 128
    198e:	bf e3       	ldi	r27, 0x3F	; 63
    1990:	89 8f       	std	Y+25, r24	; 0x19
    1992:	9a 8f       	std	Y+26, r25	; 0x1a
    1994:	ab 8f       	std	Y+27, r26	; 0x1b
    1996:	bc 8f       	std	Y+28, r27	; 0x1c
 */
void
_delay_ms(double __ms)
{
	uint16_t __ticks;
	double __tmp = ((F_CPU) / 4e3) * __ms;
    1998:	69 8d       	ldd	r22, Y+25	; 0x19
    199a:	7a 8d       	ldd	r23, Y+26	; 0x1a
    199c:	8b 8d       	ldd	r24, Y+27	; 0x1b
    199e:	9c 8d       	ldd	r25, Y+28	; 0x1c
    19a0:	20 e0       	ldi	r18, 0x00	; 0
    19a2:	30 e0       	ldi	r19, 0x00	; 0
    19a4:	4a ef       	ldi	r20, 0xFA	; 250
    19a6:	54 e4       	ldi	r21, 0x44	; 68
    19a8:	0e 94 17 02 	call	0x42e	; 0x42e <__mulsf3>
    19ac:	dc 01       	movw	r26, r24
    19ae:	cb 01       	movw	r24, r22
    19b0:	8d 8b       	std	Y+21, r24	; 0x15
    19b2:	9e 8b       	std	Y+22, r25	; 0x16
    19b4:	af 8b       	std	Y+23, r26	; 0x17
    19b6:	b8 8f       	std	Y+24, r27	; 0x18
	if (__tmp < 1.0)
    19b8:	6d 89       	ldd	r22, Y+21	; 0x15
    19ba:	7e 89       	ldd	r23, Y+22	; 0x16
    19bc:	8f 89       	ldd	r24, Y+23	; 0x17
    19be:	98 8d       	ldd	r25, Y+24	; 0x18
    19c0:	20 e0       	ldi	r18, 0x00	; 0
    19c2:	30 e0       	ldi	r19, 0x00	; 0
    19c4:	40 e8       	ldi	r20, 0x80	; 128
    19c6:	5f e3       	ldi	r21, 0x3F	; 63
    19c8:	0e 94 71 03 	call	0x6e2	; 0x6e2 <__ltsf2>
    19cc:	88 23       	and	r24, r24
    19ce:	2c f4       	brge	.+10     	; 0x19da <LCD_voidInit+0x350>
		__ticks = 1;
    19d0:	81 e0       	ldi	r24, 0x01	; 1
    19d2:	90 e0       	ldi	r25, 0x00	; 0
    19d4:	9c 8b       	std	Y+20, r25	; 0x14
    19d6:	8b 8b       	std	Y+19, r24	; 0x13
    19d8:	3f c0       	rjmp	.+126    	; 0x1a58 <LCD_voidInit+0x3ce>
	else if (__tmp > 65535)
    19da:	6d 89       	ldd	r22, Y+21	; 0x15
    19dc:	7e 89       	ldd	r23, Y+22	; 0x16
    19de:	8f 89       	ldd	r24, Y+23	; 0x17
    19e0:	98 8d       	ldd	r25, Y+24	; 0x18
    19e2:	20 e0       	ldi	r18, 0x00	; 0
    19e4:	3f ef       	ldi	r19, 0xFF	; 255
    19e6:	4f e7       	ldi	r20, 0x7F	; 127
    19e8:	57 e4       	ldi	r21, 0x47	; 71
    19ea:	0e 94 11 03 	call	0x622	; 0x622 <__gtsf2>
    19ee:	18 16       	cp	r1, r24
    19f0:	4c f5       	brge	.+82     	; 0x1a44 <LCD_voidInit+0x3ba>
	{
		//	__ticks = requested delay in 1/10 ms
		__ticks = (uint16_t) (__ms * 10.0);
    19f2:	69 8d       	ldd	r22, Y+25	; 0x19
    19f4:	7a 8d       	ldd	r23, Y+26	; 0x1a
    19f6:	8b 8d       	ldd	r24, Y+27	; 0x1b
    19f8:	9c 8d       	ldd	r25, Y+28	; 0x1c
    19fa:	20 e0       	ldi	r18, 0x00	; 0
    19fc:	30 e0       	ldi	r19, 0x00	; 0
    19fe:	40 e2       	ldi	r20, 0x20	; 32
    1a00:	51 e4       	ldi	r21, 0x41	; 65
    1a02:	0e 94 17 02 	call	0x42e	; 0x42e <__mulsf3>
    1a06:	dc 01       	movw	r26, r24
    1a08:	cb 01       	movw	r24, r22
    1a0a:	bc 01       	movw	r22, r24
    1a0c:	cd 01       	movw	r24, r26
    1a0e:	0e 94 41 00 	call	0x82	; 0x82 <__fixunssfsi>
    1a12:	dc 01       	movw	r26, r24
    1a14:	cb 01       	movw	r24, r22
    1a16:	9c 8b       	std	Y+20, r25	; 0x14
    1a18:	8b 8b       	std	Y+19, r24	; 0x13
    1a1a:	0f c0       	rjmp	.+30     	; 0x1a3a <LCD_voidInit+0x3b0>
    1a1c:	88 ec       	ldi	r24, 0xC8	; 200
    1a1e:	90 e0       	ldi	r25, 0x00	; 0
    1a20:	9a 8b       	std	Y+18, r25	; 0x12
    1a22:	89 8b       	std	Y+17, r24	; 0x11
    1a24:	89 89       	ldd	r24, Y+17	; 0x11
    1a26:	9a 89       	ldd	r25, Y+18	; 0x12
    1a28:	01 97       	sbiw	r24, 0x01	; 1
    1a2a:	f1 f7       	brne	.-4      	; 0x1a28 <LCD_voidInit+0x39e>
    1a2c:	9a 8b       	std	Y+18, r25	; 0x12
    1a2e:	89 8b       	std	Y+17, r24	; 0x11
		while(__ticks)
		{
			// wait 1/10 ms
			_delay_loop_2(((F_CPU) / 4e3) / 10);
			__ticks --;
    1a30:	8b 89       	ldd	r24, Y+19	; 0x13
    1a32:	9c 89       	ldd	r25, Y+20	; 0x14
    1a34:	01 97       	sbiw	r24, 0x01	; 1
    1a36:	9c 8b       	std	Y+20, r25	; 0x14
    1a38:	8b 8b       	std	Y+19, r24	; 0x13
		__ticks = 1;
	else if (__tmp > 65535)
	{
		//	__ticks = requested delay in 1/10 ms
		__ticks = (uint16_t) (__ms * 10.0);
		while(__ticks)
    1a3a:	8b 89       	ldd	r24, Y+19	; 0x13
    1a3c:	9c 89       	ldd	r25, Y+20	; 0x14
    1a3e:	00 97       	sbiw	r24, 0x00	; 0
    1a40:	69 f7       	brne	.-38     	; 0x1a1c <LCD_voidInit+0x392>
    1a42:	14 c0       	rjmp	.+40     	; 0x1a6c <LCD_voidInit+0x3e2>
			__ticks --;
		}
		return;
	}
	else
		__ticks = (uint16_t)__tmp;
    1a44:	6d 89       	ldd	r22, Y+21	; 0x15
    1a46:	7e 89       	ldd	r23, Y+22	; 0x16
    1a48:	8f 89       	ldd	r24, Y+23	; 0x17
    1a4a:	98 8d       	ldd	r25, Y+24	; 0x18
    1a4c:	0e 94 41 00 	call	0x82	; 0x82 <__fixunssfsi>
    1a50:	dc 01       	movw	r26, r24
    1a52:	cb 01       	movw	r24, r22
    1a54:	9c 8b       	std	Y+20, r25	; 0x14
    1a56:	8b 8b       	std	Y+19, r24	; 0x13
    1a58:	8b 89       	ldd	r24, Y+19	; 0x13
    1a5a:	9c 89       	ldd	r25, Y+20	; 0x14
    1a5c:	98 8b       	std	Y+16, r25	; 0x10
    1a5e:	8f 87       	std	Y+15, r24	; 0x0f
    1a60:	8f 85       	ldd	r24, Y+15	; 0x0f
    1a62:	98 89       	ldd	r25, Y+16	; 0x10
    1a64:	01 97       	sbiw	r24, 0x01	; 1
    1a66:	f1 f7       	brne	.-4      	; 0x1a64 <LCD_voidInit+0x3da>
    1a68:	98 8b       	std	Y+16, r25	; 0x10
    1a6a:	8f 87       	std	Y+15, r24	; 0x0f
	_delay_ms(1);
	LCD_voidSendCommand(1);
    1a6c:	81 e0       	ldi	r24, 0x01	; 1
    1a6e:	0e 94 a7 0a 	call	0x154e	; 0x154e <LCD_voidSendCommand>
    1a72:	80 e0       	ldi	r24, 0x00	; 0
    1a74:	90 e0       	ldi	r25, 0x00	; 0
    1a76:	a0 e0       	ldi	r26, 0x00	; 0
    1a78:	b0 e4       	ldi	r27, 0x40	; 64
    1a7a:	8b 87       	std	Y+11, r24	; 0x0b
    1a7c:	9c 87       	std	Y+12, r25	; 0x0c
    1a7e:	ad 87       	std	Y+13, r26	; 0x0d
    1a80:	be 87       	std	Y+14, r27	; 0x0e
 */
void
_delay_ms(double __ms)
{
	uint16_t __ticks;
	double __tmp = ((F_CPU) / 4e3) * __ms;
    1a82:	6b 85       	ldd	r22, Y+11	; 0x0b
    1a84:	7c 85       	ldd	r23, Y+12	; 0x0c
    1a86:	8d 85       	ldd	r24, Y+13	; 0x0d
    1a88:	9e 85       	ldd	r25, Y+14	; 0x0e
    1a8a:	20 e0       	ldi	r18, 0x00	; 0
    1a8c:	30 e0       	ldi	r19, 0x00	; 0
    1a8e:	4a ef       	ldi	r20, 0xFA	; 250
    1a90:	54 e4       	ldi	r21, 0x44	; 68
    1a92:	0e 94 17 02 	call	0x42e	; 0x42e <__mulsf3>
    1a96:	dc 01       	movw	r26, r24
    1a98:	cb 01       	movw	r24, r22
    1a9a:	8f 83       	std	Y+7, r24	; 0x07
    1a9c:	98 87       	std	Y+8, r25	; 0x08
    1a9e:	a9 87       	std	Y+9, r26	; 0x09
    1aa0:	ba 87       	std	Y+10, r27	; 0x0a
	if (__tmp < 1.0)
    1aa2:	6f 81       	ldd	r22, Y+7	; 0x07
    1aa4:	78 85       	ldd	r23, Y+8	; 0x08
    1aa6:	89 85       	ldd	r24, Y+9	; 0x09
    1aa8:	9a 85       	ldd	r25, Y+10	; 0x0a
    1aaa:	20 e0       	ldi	r18, 0x00	; 0
    1aac:	30 e0       	ldi	r19, 0x00	; 0
    1aae:	40 e8       	ldi	r20, 0x80	; 128
    1ab0:	5f e3       	ldi	r21, 0x3F	; 63
    1ab2:	0e 94 71 03 	call	0x6e2	; 0x6e2 <__ltsf2>
    1ab6:	88 23       	and	r24, r24
    1ab8:	2c f4       	brge	.+10     	; 0x1ac4 <LCD_voidInit+0x43a>
		__ticks = 1;
    1aba:	81 e0       	ldi	r24, 0x01	; 1
    1abc:	90 e0       	ldi	r25, 0x00	; 0
    1abe:	9e 83       	std	Y+6, r25	; 0x06
    1ac0:	8d 83       	std	Y+5, r24	; 0x05
    1ac2:	3f c0       	rjmp	.+126    	; 0x1b42 <LCD_voidInit+0x4b8>
	else if (__tmp > 65535)
    1ac4:	6f 81       	ldd	r22, Y+7	; 0x07
    1ac6:	78 85       	ldd	r23, Y+8	; 0x08
    1ac8:	89 85       	ldd	r24, Y+9	; 0x09
    1aca:	9a 85       	ldd	r25, Y+10	; 0x0a
    1acc:	20 e0       	ldi	r18, 0x00	; 0
    1ace:	3f ef       	ldi	r19, 0xFF	; 255
    1ad0:	4f e7       	ldi	r20, 0x7F	; 127
    1ad2:	57 e4       	ldi	r21, 0x47	; 71
    1ad4:	0e 94 11 03 	call	0x622	; 0x622 <__gtsf2>
    1ad8:	18 16       	cp	r1, r24
    1ada:	4c f5       	brge	.+82     	; 0x1b2e <LCD_voidInit+0x4a4>
	{
		//	__ticks = requested delay in 1/10 ms
		__ticks = (uint16_t) (__ms * 10.0);
    1adc:	6b 85       	ldd	r22, Y+11	; 0x0b
    1ade:	7c 85       	ldd	r23, Y+12	; 0x0c
    1ae0:	8d 85       	ldd	r24, Y+13	; 0x0d
    1ae2:	9e 85       	ldd	r25, Y+14	; 0x0e
    1ae4:	20 e0       	ldi	r18, 0x00	; 0
    1ae6:	30 e0       	ldi	r19, 0x00	; 0
    1ae8:	40 e2       	ldi	r20, 0x20	; 32
    1aea:	51 e4       	ldi	r21, 0x41	; 65
    1aec:	0e 94 17 02 	call	0x42e	; 0x42e <__mulsf3>
    1af0:	dc 01       	movw	r26, r24
    1af2:	cb 01       	movw	r24, r22
    1af4:	bc 01       	movw	r22, r24
    1af6:	cd 01       	movw	r24, r26
    1af8:	0e 94 41 00 	call	0x82	; 0x82 <__fixunssfsi>
    1afc:	dc 01       	movw	r26, r24
    1afe:	cb 01       	movw	r24, r22
    1b00:	9e 83       	std	Y+6, r25	; 0x06
    1b02:	8d 83       	std	Y+5, r24	; 0x05
    1b04:	0f c0       	rjmp	.+30     	; 0x1b24 <LCD_voidInit+0x49a>
    1b06:	88 ec       	ldi	r24, 0xC8	; 200
    1b08:	90 e0       	ldi	r25, 0x00	; 0
    1b0a:	9c 83       	std	Y+4, r25	; 0x04
    1b0c:	8b 83       	std	Y+3, r24	; 0x03
    1b0e:	8b 81       	ldd	r24, Y+3	; 0x03
    1b10:	9c 81       	ldd	r25, Y+4	; 0x04
    1b12:	01 97       	sbiw	r24, 0x01	; 1
    1b14:	f1 f7       	brne	.-4      	; 0x1b12 <LCD_voidInit+0x488>
    1b16:	9c 83       	std	Y+4, r25	; 0x04
    1b18:	8b 83       	std	Y+3, r24	; 0x03
		while(__ticks)
		{
			// wait 1/10 ms
			_delay_loop_2(((F_CPU) / 4e3) / 10);
			__ticks --;
    1b1a:	8d 81       	ldd	r24, Y+5	; 0x05
    1b1c:	9e 81       	ldd	r25, Y+6	; 0x06
    1b1e:	01 97       	sbiw	r24, 0x01	; 1
    1b20:	9e 83       	std	Y+6, r25	; 0x06
    1b22:	8d 83       	std	Y+5, r24	; 0x05
		__ticks = 1;
	else if (__tmp > 65535)
	{
		//	__ticks = requested delay in 1/10 ms
		__ticks = (uint16_t) (__ms * 10.0);
		while(__ticks)
    1b24:	8d 81       	ldd	r24, Y+5	; 0x05
    1b26:	9e 81       	ldd	r25, Y+6	; 0x06
    1b28:	00 97       	sbiw	r24, 0x00	; 0
    1b2a:	69 f7       	brne	.-38     	; 0x1b06 <LCD_voidInit+0x47c>
    1b2c:	14 c0       	rjmp	.+40     	; 0x1b56 <LCD_voidInit+0x4cc>
			__ticks --;
		}
		return;
	}
	else
		__ticks = (uint16_t)__tmp;
    1b2e:	6f 81       	ldd	r22, Y+7	; 0x07
    1b30:	78 85       	ldd	r23, Y+8	; 0x08
    1b32:	89 85       	ldd	r24, Y+9	; 0x09
    1b34:	9a 85       	ldd	r25, Y+10	; 0x0a
    1b36:	0e 94 41 00 	call	0x82	; 0x82 <__fixunssfsi>
    1b3a:	dc 01       	movw	r26, r24
    1b3c:	cb 01       	movw	r24, r22
    1b3e:	9e 83       	std	Y+6, r25	; 0x06
    1b40:	8d 83       	std	Y+5, r24	; 0x05
    1b42:	8d 81       	ldd	r24, Y+5	; 0x05
    1b44:	9e 81       	ldd	r25, Y+6	; 0x06
    1b46:	9a 83       	std	Y+2, r25	; 0x02
    1b48:	89 83       	std	Y+1, r24	; 0x01
    1b4a:	89 81       	ldd	r24, Y+1	; 0x01
    1b4c:	9a 81       	ldd	r25, Y+2	; 0x02
    1b4e:	01 97       	sbiw	r24, 0x01	; 1
    1b50:	f1 f7       	brne	.-4      	; 0x1b4e <LCD_voidInit+0x4c4>
    1b52:	9a 83       	std	Y+2, r25	; 0x02
    1b54:	89 83       	std	Y+1, r24	; 0x01
	_delay_ms(2);
}
    1b56:	ca 5b       	subi	r28, 0xBA	; 186
    1b58:	df 4f       	sbci	r29, 0xFF	; 255
    1b5a:	0f b6       	in	r0, 0x3f	; 63
    1b5c:	f8 94       	cli
    1b5e:	de bf       	out	0x3e, r29	; 62
    1b60:	0f be       	out	0x3f, r0	; 63
    1b62:	cd bf       	out	0x3d, r28	; 61
    1b64:	cf 91       	pop	r28
    1b66:	df 91       	pop	r29
    1b68:	1f 91       	pop	r17
    1b6a:	0f 91       	pop	r16
    1b6c:	08 95       	ret

00001b6e <LCD_voidSendString>:

void LCD_voidSendString(char *PcCopy_String)
{
    1b6e:	df 93       	push	r29
    1b70:	cf 93       	push	r28
    1b72:	00 d0       	rcall	.+0      	; 0x1b74 <LCD_voidSendString+0x6>
    1b74:	0f 92       	push	r0
    1b76:	cd b7       	in	r28, 0x3d	; 61
    1b78:	de b7       	in	r29, 0x3e	; 62
    1b7a:	9b 83       	std	Y+3, r25	; 0x03
    1b7c:	8a 83       	std	Y+2, r24	; 0x02
	u8 Local_u8Iterator=0;
    1b7e:	19 82       	std	Y+1, r1	; 0x01
    1b80:	0e c0       	rjmp	.+28     	; 0x1b9e <LCD_voidSendString+0x30>
	while(PcCopy_String[Local_u8Iterator]!='\0')
	{
		LCD_voidSendData(PcCopy_String[Local_u8Iterator]);
    1b82:	89 81       	ldd	r24, Y+1	; 0x01
    1b84:	28 2f       	mov	r18, r24
    1b86:	30 e0       	ldi	r19, 0x00	; 0
    1b88:	8a 81       	ldd	r24, Y+2	; 0x02
    1b8a:	9b 81       	ldd	r25, Y+3	; 0x03
    1b8c:	fc 01       	movw	r30, r24
    1b8e:	e2 0f       	add	r30, r18
    1b90:	f3 1f       	adc	r31, r19
    1b92:	80 81       	ld	r24, Z
    1b94:	0e 94 09 0a 	call	0x1412	; 0x1412 <LCD_voidSendData>
		Local_u8Iterator++;
    1b98:	89 81       	ldd	r24, Y+1	; 0x01
    1b9a:	8f 5f       	subi	r24, 0xFF	; 255
    1b9c:	89 83       	std	Y+1, r24	; 0x01
}

void LCD_voidSendString(char *PcCopy_String)
{
	u8 Local_u8Iterator=0;
	while(PcCopy_String[Local_u8Iterator]!='\0')
    1b9e:	89 81       	ldd	r24, Y+1	; 0x01
    1ba0:	28 2f       	mov	r18, r24
    1ba2:	30 e0       	ldi	r19, 0x00	; 0
    1ba4:	8a 81       	ldd	r24, Y+2	; 0x02
    1ba6:	9b 81       	ldd	r25, Y+3	; 0x03
    1ba8:	fc 01       	movw	r30, r24
    1baa:	e2 0f       	add	r30, r18
    1bac:	f3 1f       	adc	r31, r19
    1bae:	80 81       	ld	r24, Z
    1bb0:	88 23       	and	r24, r24
    1bb2:	39 f7       	brne	.-50     	; 0x1b82 <LCD_voidSendString+0x14>
	{
		LCD_voidSendData(PcCopy_String[Local_u8Iterator]);
		Local_u8Iterator++;
	}
}
    1bb4:	0f 90       	pop	r0
    1bb6:	0f 90       	pop	r0
    1bb8:	0f 90       	pop	r0
    1bba:	cf 91       	pop	r28
    1bbc:	df 91       	pop	r29
    1bbe:	08 95       	ret

00001bc0 <LCD_voidSetPosition>:

void LCD_voidSetPosition(u8 Copy_u8X,u8 Copy_u8Y)
{
    1bc0:	df 93       	push	r29
    1bc2:	cf 93       	push	r28
    1bc4:	00 d0       	rcall	.+0      	; 0x1bc6 <LCD_voidSetPosition+0x6>
    1bc6:	00 d0       	rcall	.+0      	; 0x1bc8 <LCD_voidSetPosition+0x8>
    1bc8:	0f 92       	push	r0
    1bca:	cd b7       	in	r28, 0x3d	; 61
    1bcc:	de b7       	in	r29, 0x3e	; 62
    1bce:	8a 83       	std	Y+2, r24	; 0x02
    1bd0:	6b 83       	std	Y+3, r22	; 0x03
	u8 Local_u8Position=0;
    1bd2:	19 82       	std	Y+1, r1	; 0x01
	switch(Copy_u8Y)
    1bd4:	8b 81       	ldd	r24, Y+3	; 0x03
    1bd6:	28 2f       	mov	r18, r24
    1bd8:	30 e0       	ldi	r19, 0x00	; 0
    1bda:	3d 83       	std	Y+5, r19	; 0x05
    1bdc:	2c 83       	std	Y+4, r18	; 0x04
    1bde:	8c 81       	ldd	r24, Y+4	; 0x04
    1be0:	9d 81       	ldd	r25, Y+5	; 0x05
    1be2:	00 97       	sbiw	r24, 0x00	; 0
    1be4:	31 f0       	breq	.+12     	; 0x1bf2 <LCD_voidSetPosition+0x32>
    1be6:	2c 81       	ldd	r18, Y+4	; 0x04
    1be8:	3d 81       	ldd	r19, Y+5	; 0x05
    1bea:	21 30       	cpi	r18, 0x01	; 1
    1bec:	31 05       	cpc	r19, r1
    1bee:	21 f0       	breq	.+8      	; 0x1bf8 <LCD_voidSetPosition+0x38>
    1bf0:	06 c0       	rjmp	.+12     	; 0x1bfe <LCD_voidSetPosition+0x3e>
	{
	case 0:Local_u8Position=Copy_u8X;break;
    1bf2:	8a 81       	ldd	r24, Y+2	; 0x02
    1bf4:	89 83       	std	Y+1, r24	; 0x01
    1bf6:	03 c0       	rjmp	.+6      	; 0x1bfe <LCD_voidSetPosition+0x3e>
	case 1:Local_u8Position=Copy_u8X+LINE1_BASE;break;
    1bf8:	8a 81       	ldd	r24, Y+2	; 0x02
    1bfa:	80 5c       	subi	r24, 0xC0	; 192
    1bfc:	89 83       	std	Y+1, r24	; 0x01
	}
	LCD_voidSendCommand(Local_u8Position+DDRAM_MSB);
    1bfe:	89 81       	ldd	r24, Y+1	; 0x01
    1c00:	80 58       	subi	r24, 0x80	; 128
    1c02:	0e 94 a7 0a 	call	0x154e	; 0x154e <LCD_voidSendCommand>
}
    1c06:	0f 90       	pop	r0
    1c08:	0f 90       	pop	r0
    1c0a:	0f 90       	pop	r0
    1c0c:	0f 90       	pop	r0
    1c0e:	0f 90       	pop	r0
    1c10:	cf 91       	pop	r28
    1c12:	df 91       	pop	r29
    1c14:	08 95       	ret

00001c16 <LCD_voidClearDisplay>:

void LCD_voidClearDisplay(void)
{
    1c16:	df 93       	push	r29
    1c18:	cf 93       	push	r28
    1c1a:	cd b7       	in	r28, 0x3d	; 61
    1c1c:	de b7       	in	r29, 0x3e	; 62
	LCD_voidSendCommand(1);
    1c1e:	81 e0       	ldi	r24, 0x01	; 1
    1c20:	0e 94 a7 0a 	call	0x154e	; 0x154e <LCD_voidSendCommand>
}
    1c24:	cf 91       	pop	r28
    1c26:	df 91       	pop	r29
    1c28:	08 95       	ret

00001c2a <LCD_voidSendSpecialCharecter>:

void LCD_voidSendSpecialCharecter(u8 Copy_u8BlockNum,
		u8 *Pu8ArrayPattern,
		u8 Copy_u8X,
		u8 Copy_u8Y)
{
    1c2a:	df 93       	push	r29
    1c2c:	cf 93       	push	r28
    1c2e:	cd b7       	in	r28, 0x3d	; 61
    1c30:	de b7       	in	r29, 0x3e	; 62
    1c32:	27 97       	sbiw	r28, 0x07	; 7
    1c34:	0f b6       	in	r0, 0x3f	; 63
    1c36:	f8 94       	cli
    1c38:	de bf       	out	0x3e, r29	; 62
    1c3a:	0f be       	out	0x3f, r0	; 63
    1c3c:	cd bf       	out	0x3d, r28	; 61
    1c3e:	8b 83       	std	Y+3, r24	; 0x03
    1c40:	7d 83       	std	Y+5, r23	; 0x05
    1c42:	6c 83       	std	Y+4, r22	; 0x04
    1c44:	4e 83       	std	Y+6, r20	; 0x06
    1c46:	2f 83       	std	Y+7, r18	; 0x07
	//go to CGRAM -> CMD SETT_CGRAM_ADD
	u8 Local_u8Position=Copy_u8BlockNum*8;
    1c48:	8b 81       	ldd	r24, Y+3	; 0x03
    1c4a:	88 2f       	mov	r24, r24
    1c4c:	90 e0       	ldi	r25, 0x00	; 0
    1c4e:	88 0f       	add	r24, r24
    1c50:	99 1f       	adc	r25, r25
    1c52:	88 0f       	add	r24, r24
    1c54:	99 1f       	adc	r25, r25
    1c56:	88 0f       	add	r24, r24
    1c58:	99 1f       	adc	r25, r25
    1c5a:	8a 83       	std	Y+2, r24	; 0x02
	LCD_voidSendCommand(Local_u8Position+CGRAM_MSB);
    1c5c:	8a 81       	ldd	r24, Y+2	; 0x02
    1c5e:	80 5c       	subi	r24, 0xC0	; 192
    1c60:	0e 94 a7 0a 	call	0x154e	; 0x154e <LCD_voidSendCommand>
	//Start Drawing Pattern
	for(u8 i=0;i<8;i++)
    1c64:	19 82       	std	Y+1, r1	; 0x01
    1c66:	0e c0       	rjmp	.+28     	; 0x1c84 <LCD_voidSendSpecialCharecter+0x5a>
	{
		LCD_voidSendData(Pu8ArrayPattern[i]);
    1c68:	89 81       	ldd	r24, Y+1	; 0x01
    1c6a:	28 2f       	mov	r18, r24
    1c6c:	30 e0       	ldi	r19, 0x00	; 0
    1c6e:	8c 81       	ldd	r24, Y+4	; 0x04
    1c70:	9d 81       	ldd	r25, Y+5	; 0x05
    1c72:	fc 01       	movw	r30, r24
    1c74:	e2 0f       	add	r30, r18
    1c76:	f3 1f       	adc	r31, r19
    1c78:	80 81       	ld	r24, Z
    1c7a:	0e 94 09 0a 	call	0x1412	; 0x1412 <LCD_voidSendData>
{
	//go to CGRAM -> CMD SETT_CGRAM_ADD
	u8 Local_u8Position=Copy_u8BlockNum*8;
	LCD_voidSendCommand(Local_u8Position+CGRAM_MSB);
	//Start Drawing Pattern
	for(u8 i=0;i<8;i++)
    1c7e:	89 81       	ldd	r24, Y+1	; 0x01
    1c80:	8f 5f       	subi	r24, 0xFF	; 255
    1c82:	89 83       	std	Y+1, r24	; 0x01
    1c84:	89 81       	ldd	r24, Y+1	; 0x01
    1c86:	88 30       	cpi	r24, 0x08	; 8
    1c88:	78 f3       	brcs	.-34     	; 0x1c68 <LCD_voidSendSpecialCharecter+0x3e>
	{
		LCD_voidSendData(Pu8ArrayPattern[i]);
	}
	//Display Pattern
	LCD_voidSetPosition(Copy_u8X,Copy_u8Y);
    1c8a:	8e 81       	ldd	r24, Y+6	; 0x06
    1c8c:	6f 81       	ldd	r22, Y+7	; 0x07
    1c8e:	0e 94 e0 0d 	call	0x1bc0	; 0x1bc0 <LCD_voidSetPosition>
	LCD_voidSendData(Copy_u8BlockNum);
    1c92:	8b 81       	ldd	r24, Y+3	; 0x03
    1c94:	0e 94 09 0a 	call	0x1412	; 0x1412 <LCD_voidSendData>
}
    1c98:	27 96       	adiw	r28, 0x07	; 7
    1c9a:	0f b6       	in	r0, 0x3f	; 63
    1c9c:	f8 94       	cli
    1c9e:	de bf       	out	0x3e, r29	; 62
    1ca0:	0f be       	out	0x3f, r0	; 63
    1ca2:	cd bf       	out	0x3d, r28	; 61
    1ca4:	cf 91       	pop	r28
    1ca6:	df 91       	pop	r29
    1ca8:	08 95       	ret

00001caa <KPD_voidInit>:
#include "HAL/KPD/KPD_private.h"
#include"MCAL/DIO/DIO_private.h"
#include <util/delay.h>

void KPD_voidInit()
{
    1caa:	df 93       	push	r29
    1cac:	cf 93       	push	r28
    1cae:	cd b7       	in	r28, 0x3d	; 61
    1cb0:	de b7       	in	r29, 0x3e	; 62
	//COLUMSNS OUTPUT HIGH
	DIO_u8SetPinDirection(KPD_PORT,C0,DIO_u8_OUTPUT);
    1cb2:	83 e0       	ldi	r24, 0x03	; 3
    1cb4:	64 e0       	ldi	r22, 0x04	; 4
    1cb6:	41 e0       	ldi	r20, 0x01	; 1
    1cb8:	0e 94 c2 05 	call	0xb84	; 0xb84 <DIO_u8SetPinDirection>
	DIO_u8SetPinDirection(KPD_PORT,C1,DIO_u8_OUTPUT);
    1cbc:	83 e0       	ldi	r24, 0x03	; 3
    1cbe:	65 e0       	ldi	r22, 0x05	; 5
    1cc0:	41 e0       	ldi	r20, 0x01	; 1
    1cc2:	0e 94 c2 05 	call	0xb84	; 0xb84 <DIO_u8SetPinDirection>
	DIO_u8SetPinDirection(KPD_PORT,C2,DIO_u8_OUTPUT);
    1cc6:	83 e0       	ldi	r24, 0x03	; 3
    1cc8:	66 e0       	ldi	r22, 0x06	; 6
    1cca:	41 e0       	ldi	r20, 0x01	; 1
    1ccc:	0e 94 c2 05 	call	0xb84	; 0xb84 <DIO_u8SetPinDirection>

	DIO_u8SetPinValue(KPD_PORT,C0,DIO_u8_HIGH);
    1cd0:	83 e0       	ldi	r24, 0x03	; 3
    1cd2:	64 e0       	ldi	r22, 0x04	; 4
    1cd4:	41 e0       	ldi	r20, 0x01	; 1
    1cd6:	0e 94 ec 06 	call	0xdd8	; 0xdd8 <DIO_u8SetPinValue>
	DIO_u8SetPinValue(KPD_PORT,C1,DIO_u8_HIGH);
    1cda:	83 e0       	ldi	r24, 0x03	; 3
    1cdc:	65 e0       	ldi	r22, 0x05	; 5
    1cde:	41 e0       	ldi	r20, 0x01	; 1
    1ce0:	0e 94 ec 06 	call	0xdd8	; 0xdd8 <DIO_u8SetPinValue>
	DIO_u8SetPinValue(KPD_PORT,C2,DIO_u8_HIGH);
    1ce4:	83 e0       	ldi	r24, 0x03	; 3
    1ce6:	66 e0       	ldi	r22, 0x06	; 6
    1ce8:	41 e0       	ldi	r20, 0x01	; 1
    1cea:	0e 94 ec 06 	call	0xdd8	; 0xdd8 <DIO_u8SetPinValue>

	//Rows input pulled up
	DIO_u8SetPinDirection(KPD_PORT,R0,DIO_u8_INPUT);
    1cee:	83 e0       	ldi	r24, 0x03	; 3
    1cf0:	60 e0       	ldi	r22, 0x00	; 0
    1cf2:	40 e0       	ldi	r20, 0x00	; 0
    1cf4:	0e 94 c2 05 	call	0xb84	; 0xb84 <DIO_u8SetPinDirection>
	DIO_u8SetPinDirection(KPD_PORT,R1,DIO_u8_INPUT);
    1cf8:	83 e0       	ldi	r24, 0x03	; 3
    1cfa:	61 e0       	ldi	r22, 0x01	; 1
    1cfc:	40 e0       	ldi	r20, 0x00	; 0
    1cfe:	0e 94 c2 05 	call	0xb84	; 0xb84 <DIO_u8SetPinDirection>
	DIO_u8SetPinDirection(KPD_PORT,R2,DIO_u8_INPUT);
    1d02:	83 e0       	ldi	r24, 0x03	; 3
    1d04:	62 e0       	ldi	r22, 0x02	; 2
    1d06:	40 e0       	ldi	r20, 0x00	; 0
    1d08:	0e 94 c2 05 	call	0xb84	; 0xb84 <DIO_u8SetPinDirection>
	DIO_u8SetPinDirection(KPD_PORT,R3,DIO_u8_INPUT);
    1d0c:	83 e0       	ldi	r24, 0x03	; 3
    1d0e:	63 e0       	ldi	r22, 0x03	; 3
    1d10:	40 e0       	ldi	r20, 0x00	; 0
    1d12:	0e 94 c2 05 	call	0xb84	; 0xb84 <DIO_u8SetPinDirection>

	DIO_u8SetPinValue(KPD_PORT,R0,DIO_u8_HIGH);
    1d16:	83 e0       	ldi	r24, 0x03	; 3
    1d18:	60 e0       	ldi	r22, 0x00	; 0
    1d1a:	41 e0       	ldi	r20, 0x01	; 1
    1d1c:	0e 94 ec 06 	call	0xdd8	; 0xdd8 <DIO_u8SetPinValue>
	DIO_u8SetPinValue(KPD_PORT,R1,DIO_u8_HIGH);
    1d20:	83 e0       	ldi	r24, 0x03	; 3
    1d22:	61 e0       	ldi	r22, 0x01	; 1
    1d24:	41 e0       	ldi	r20, 0x01	; 1
    1d26:	0e 94 ec 06 	call	0xdd8	; 0xdd8 <DIO_u8SetPinValue>
	DIO_u8SetPinValue(KPD_PORT,R2,DIO_u8_HIGH);
    1d2a:	83 e0       	ldi	r24, 0x03	; 3
    1d2c:	62 e0       	ldi	r22, 0x02	; 2
    1d2e:	41 e0       	ldi	r20, 0x01	; 1
    1d30:	0e 94 ec 06 	call	0xdd8	; 0xdd8 <DIO_u8SetPinValue>
	DIO_u8SetPinValue(KPD_PORT,R3,DIO_u8_HIGH);
    1d34:	83 e0       	ldi	r24, 0x03	; 3
    1d36:	63 e0       	ldi	r22, 0x03	; 3
    1d38:	41 e0       	ldi	r20, 0x01	; 1
    1d3a:	0e 94 ec 06 	call	0xdd8	; 0xdd8 <DIO_u8SetPinValue>

}
    1d3e:	cf 91       	pop	r28
    1d40:	df 91       	pop	r29
    1d42:	08 95       	ret

00001d44 <KPD_u8GetPressedKey>:

u8 KPD_u8GetPressedKey()
{
    1d44:	df 93       	push	r29
    1d46:	cf 93       	push	r28
    1d48:	cd b7       	in	r28, 0x3d	; 61
    1d4a:	de b7       	in	r29, 0x3e	; 62
    1d4c:	62 97       	sbiw	r28, 0x12	; 18
    1d4e:	0f b6       	in	r0, 0x3f	; 63
    1d50:	f8 94       	cli
    1d52:	de bf       	out	0x3e, r29	; 62
    1d54:	0f be       	out	0x3f, r0	; 63
    1d56:	cd bf       	out	0x3d, r28	; 61
	u8 Local_u8Button=NO_PRESSED_KEY;
    1d58:	8f ef       	ldi	r24, 0xFF	; 255
    1d5a:	89 8b       	std	Y+17, r24	; 0x11
	static u8 KPD_ARR[MAX_ROW_NUM][MAX_COL_NUM]=KPD_VALUES;
	u8 Local_u8PinState;
	static u8 Local_u8ColArr[MAX_COL_NUM]={C0,C1,C2};
	static u8 Local_u8RowArr[MAX_ROW_NUM]={R0,R1,R2,R3};
	//OUTER for loop to columns
	for(u8 Local_u8ColIter=0;Local_u8ColIter<MAX_COL_NUM;Local_u8ColIter++)
    1d5c:	18 8a       	std	Y+16, r1	; 0x10
    1d5e:	e9 c0       	rjmp	.+466    	; 0x1f32 <KPD_u8GetPressedKey+0x1ee>
	{
		//Activate col
		DIO_u8SetPinValue(KPD_PORT,Local_u8ColArr[Local_u8ColIter],DIO_u8_LOW);
    1d60:	88 89       	ldd	r24, Y+16	; 0x10
    1d62:	88 2f       	mov	r24, r24
    1d64:	90 e0       	ldi	r25, 0x00	; 0
    1d66:	fc 01       	movw	r30, r24
    1d68:	ee 55       	subi	r30, 0x5E	; 94
    1d6a:	ff 4f       	sbci	r31, 0xFF	; 255
    1d6c:	90 81       	ld	r25, Z
    1d6e:	83 e0       	ldi	r24, 0x03	; 3
    1d70:	69 2f       	mov	r22, r25
    1d72:	40 e0       	ldi	r20, 0x00	; 0
    1d74:	0e 94 ec 06 	call	0xdd8	; 0xdd8 <DIO_u8SetPinValue>
		for(u8 Local_u8RowIter=0;Local_u8RowIter<MAX_ROW_NUM;Local_u8RowIter++)
    1d78:	1f 86       	std	Y+15, r1	; 0x0f
    1d7a:	c8 c0       	rjmp	.+400    	; 0x1f0c <KPD_u8GetPressedKey+0x1c8>
		{
			DIO_u8GetPinValue(DIO_u8_PIND_REG,Local_u8RowArr[Local_u8RowIter],&Local_u8PinState);
    1d7c:	e0 e3       	ldi	r30, 0x30	; 48
    1d7e:	f0 e0       	ldi	r31, 0x00	; 0
    1d80:	40 81       	ld	r20, Z
    1d82:	8f 85       	ldd	r24, Y+15	; 0x0f
    1d84:	88 2f       	mov	r24, r24
    1d86:	90 e0       	ldi	r25, 0x00	; 0
    1d88:	fc 01       	movw	r30, r24
    1d8a:	e2 56       	subi	r30, 0x62	; 98
    1d8c:	ff 4f       	sbci	r31, 0xFF	; 255
    1d8e:	90 81       	ld	r25, Z
    1d90:	9e 01       	movw	r18, r28
    1d92:	2e 5e       	subi	r18, 0xEE	; 238
    1d94:	3f 4f       	sbci	r19, 0xFF	; 255
    1d96:	84 2f       	mov	r24, r20
    1d98:	69 2f       	mov	r22, r25
    1d9a:	a9 01       	movw	r20, r18
    1d9c:	0e 94 12 08 	call	0x1024	; 0x1024 <DIO_u8GetPinValue>
			if(Local_u8PinState==DIO_u8_LOW)
    1da0:	8a 89       	ldd	r24, Y+18	; 0x12
    1da2:	88 23       	and	r24, r24
    1da4:	09 f0       	breq	.+2      	; 0x1da8 <KPD_u8GetPressedKey+0x64>
    1da6:	af c0       	rjmp	.+350    	; 0x1f06 <KPD_u8GetPressedKey+0x1c2>
			{
				DIO_u8GetPinValue(DIO_u8_PIND_REG,Local_u8RowArr[Local_u8RowIter],&Local_u8PinState);
    1da8:	e0 e3       	ldi	r30, 0x30	; 48
    1daa:	f0 e0       	ldi	r31, 0x00	; 0
    1dac:	40 81       	ld	r20, Z
    1dae:	8f 85       	ldd	r24, Y+15	; 0x0f
    1db0:	88 2f       	mov	r24, r24
    1db2:	90 e0       	ldi	r25, 0x00	; 0
    1db4:	fc 01       	movw	r30, r24
    1db6:	e2 56       	subi	r30, 0x62	; 98
    1db8:	ff 4f       	sbci	r31, 0xFF	; 255
    1dba:	90 81       	ld	r25, Z
    1dbc:	9e 01       	movw	r18, r28
    1dbe:	2e 5e       	subi	r18, 0xEE	; 238
    1dc0:	3f 4f       	sbci	r19, 0xFF	; 255
    1dc2:	84 2f       	mov	r24, r20
    1dc4:	69 2f       	mov	r22, r25
    1dc6:	a9 01       	movw	r20, r18
    1dc8:	0e 94 12 08 	call	0x1024	; 0x1024 <DIO_u8GetPinValue>
    1dcc:	80 e0       	ldi	r24, 0x00	; 0
    1dce:	90 e0       	ldi	r25, 0x00	; 0
    1dd0:	a8 e4       	ldi	r26, 0x48	; 72
    1dd2:	b2 e4       	ldi	r27, 0x42	; 66
    1dd4:	8b 87       	std	Y+11, r24	; 0x0b
    1dd6:	9c 87       	std	Y+12, r25	; 0x0c
    1dd8:	ad 87       	std	Y+13, r26	; 0x0d
    1dda:	be 87       	std	Y+14, r27	; 0x0e
 */
void
_delay_ms(double __ms)
{
	uint16_t __ticks;
	double __tmp = ((F_CPU) / 4e3) * __ms;
    1ddc:	6b 85       	ldd	r22, Y+11	; 0x0b
    1dde:	7c 85       	ldd	r23, Y+12	; 0x0c
    1de0:	8d 85       	ldd	r24, Y+13	; 0x0d
    1de2:	9e 85       	ldd	r25, Y+14	; 0x0e
    1de4:	20 e0       	ldi	r18, 0x00	; 0
    1de6:	30 e0       	ldi	r19, 0x00	; 0
    1de8:	4a ef       	ldi	r20, 0xFA	; 250
    1dea:	54 e4       	ldi	r21, 0x44	; 68
    1dec:	0e 94 17 02 	call	0x42e	; 0x42e <__mulsf3>
    1df0:	dc 01       	movw	r26, r24
    1df2:	cb 01       	movw	r24, r22
    1df4:	8f 83       	std	Y+7, r24	; 0x07
    1df6:	98 87       	std	Y+8, r25	; 0x08
    1df8:	a9 87       	std	Y+9, r26	; 0x09
    1dfa:	ba 87       	std	Y+10, r27	; 0x0a
	if (__tmp < 1.0)
    1dfc:	6f 81       	ldd	r22, Y+7	; 0x07
    1dfe:	78 85       	ldd	r23, Y+8	; 0x08
    1e00:	89 85       	ldd	r24, Y+9	; 0x09
    1e02:	9a 85       	ldd	r25, Y+10	; 0x0a
    1e04:	20 e0       	ldi	r18, 0x00	; 0
    1e06:	30 e0       	ldi	r19, 0x00	; 0
    1e08:	40 e8       	ldi	r20, 0x80	; 128
    1e0a:	5f e3       	ldi	r21, 0x3F	; 63
    1e0c:	0e 94 71 03 	call	0x6e2	; 0x6e2 <__ltsf2>
    1e10:	88 23       	and	r24, r24
    1e12:	2c f4       	brge	.+10     	; 0x1e1e <KPD_u8GetPressedKey+0xda>
		__ticks = 1;
    1e14:	81 e0       	ldi	r24, 0x01	; 1
    1e16:	90 e0       	ldi	r25, 0x00	; 0
    1e18:	9e 83       	std	Y+6, r25	; 0x06
    1e1a:	8d 83       	std	Y+5, r24	; 0x05
    1e1c:	3f c0       	rjmp	.+126    	; 0x1e9c <KPD_u8GetPressedKey+0x158>
	else if (__tmp > 65535)
    1e1e:	6f 81       	ldd	r22, Y+7	; 0x07
    1e20:	78 85       	ldd	r23, Y+8	; 0x08
    1e22:	89 85       	ldd	r24, Y+9	; 0x09
    1e24:	9a 85       	ldd	r25, Y+10	; 0x0a
    1e26:	20 e0       	ldi	r18, 0x00	; 0
    1e28:	3f ef       	ldi	r19, 0xFF	; 255
    1e2a:	4f e7       	ldi	r20, 0x7F	; 127
    1e2c:	57 e4       	ldi	r21, 0x47	; 71
    1e2e:	0e 94 11 03 	call	0x622	; 0x622 <__gtsf2>
    1e32:	18 16       	cp	r1, r24
    1e34:	4c f5       	brge	.+82     	; 0x1e88 <KPD_u8GetPressedKey+0x144>
	{
		//	__ticks = requested delay in 1/10 ms
		__ticks = (uint16_t) (__ms * 10.0);
    1e36:	6b 85       	ldd	r22, Y+11	; 0x0b
    1e38:	7c 85       	ldd	r23, Y+12	; 0x0c
    1e3a:	8d 85       	ldd	r24, Y+13	; 0x0d
    1e3c:	9e 85       	ldd	r25, Y+14	; 0x0e
    1e3e:	20 e0       	ldi	r18, 0x00	; 0
    1e40:	30 e0       	ldi	r19, 0x00	; 0
    1e42:	40 e2       	ldi	r20, 0x20	; 32
    1e44:	51 e4       	ldi	r21, 0x41	; 65
    1e46:	0e 94 17 02 	call	0x42e	; 0x42e <__mulsf3>
    1e4a:	dc 01       	movw	r26, r24
    1e4c:	cb 01       	movw	r24, r22
    1e4e:	bc 01       	movw	r22, r24
    1e50:	cd 01       	movw	r24, r26
    1e52:	0e 94 41 00 	call	0x82	; 0x82 <__fixunssfsi>
    1e56:	dc 01       	movw	r26, r24
    1e58:	cb 01       	movw	r24, r22
    1e5a:	9e 83       	std	Y+6, r25	; 0x06
    1e5c:	8d 83       	std	Y+5, r24	; 0x05
    1e5e:	0f c0       	rjmp	.+30     	; 0x1e7e <KPD_u8GetPressedKey+0x13a>
    1e60:	88 ec       	ldi	r24, 0xC8	; 200
    1e62:	90 e0       	ldi	r25, 0x00	; 0
    1e64:	9c 83       	std	Y+4, r25	; 0x04
    1e66:	8b 83       	std	Y+3, r24	; 0x03
    1e68:	8b 81       	ldd	r24, Y+3	; 0x03
    1e6a:	9c 81       	ldd	r25, Y+4	; 0x04
    1e6c:	01 97       	sbiw	r24, 0x01	; 1
    1e6e:	f1 f7       	brne	.-4      	; 0x1e6c <KPD_u8GetPressedKey+0x128>
    1e70:	9c 83       	std	Y+4, r25	; 0x04
    1e72:	8b 83       	std	Y+3, r24	; 0x03
		while(__ticks)
		{
			// wait 1/10 ms
			_delay_loop_2(((F_CPU) / 4e3) / 10);
			__ticks --;
    1e74:	8d 81       	ldd	r24, Y+5	; 0x05
    1e76:	9e 81       	ldd	r25, Y+6	; 0x06
    1e78:	01 97       	sbiw	r24, 0x01	; 1
    1e7a:	9e 83       	std	Y+6, r25	; 0x06
    1e7c:	8d 83       	std	Y+5, r24	; 0x05
		__ticks = 1;
	else if (__tmp > 65535)
	{
		//	__ticks = requested delay in 1/10 ms
		__ticks = (uint16_t) (__ms * 10.0);
		while(__ticks)
    1e7e:	8d 81       	ldd	r24, Y+5	; 0x05
    1e80:	9e 81       	ldd	r25, Y+6	; 0x06
    1e82:	00 97       	sbiw	r24, 0x00	; 0
    1e84:	69 f7       	brne	.-38     	; 0x1e60 <KPD_u8GetPressedKey+0x11c>
    1e86:	14 c0       	rjmp	.+40     	; 0x1eb0 <KPD_u8GetPressedKey+0x16c>
			__ticks --;
		}
		return;
	}
	else
		__ticks = (uint16_t)__tmp;
    1e88:	6f 81       	ldd	r22, Y+7	; 0x07
    1e8a:	78 85       	ldd	r23, Y+8	; 0x08
    1e8c:	89 85       	ldd	r24, Y+9	; 0x09
    1e8e:	9a 85       	ldd	r25, Y+10	; 0x0a
    1e90:	0e 94 41 00 	call	0x82	; 0x82 <__fixunssfsi>
    1e94:	dc 01       	movw	r26, r24
    1e96:	cb 01       	movw	r24, r22
    1e98:	9e 83       	std	Y+6, r25	; 0x06
    1e9a:	8d 83       	std	Y+5, r24	; 0x05
    1e9c:	8d 81       	ldd	r24, Y+5	; 0x05
    1e9e:	9e 81       	ldd	r25, Y+6	; 0x06
    1ea0:	9a 83       	std	Y+2, r25	; 0x02
    1ea2:	89 83       	std	Y+1, r24	; 0x01
    1ea4:	89 81       	ldd	r24, Y+1	; 0x01
    1ea6:	9a 81       	ldd	r25, Y+2	; 0x02
    1ea8:	01 97       	sbiw	r24, 0x01	; 1
    1eaa:	f1 f7       	brne	.-4      	; 0x1ea8 <KPD_u8GetPressedKey+0x164>
    1eac:	9a 83       	std	Y+2, r25	; 0x02
    1eae:	89 83       	std	Y+1, r24	; 0x01
				_delay_ms(50);
				if(Local_u8PinState==DIO_u8_LOW)
    1eb0:	8a 89       	ldd	r24, Y+18	; 0x12
    1eb2:	88 23       	and	r24, r24
    1eb4:	41 f5       	brne	.+80     	; 0x1f06 <KPD_u8GetPressedKey+0x1c2>
				{
					Local_u8Button=KPD_ARR[Local_u8RowIter][Local_u8ColIter];
    1eb6:	8f 85       	ldd	r24, Y+15	; 0x0f
    1eb8:	28 2f       	mov	r18, r24
    1eba:	30 e0       	ldi	r19, 0x00	; 0
    1ebc:	88 89       	ldd	r24, Y+16	; 0x10
    1ebe:	48 2f       	mov	r20, r24
    1ec0:	50 e0       	ldi	r21, 0x00	; 0
    1ec2:	c9 01       	movw	r24, r18
    1ec4:	88 0f       	add	r24, r24
    1ec6:	99 1f       	adc	r25, r25
    1ec8:	82 0f       	add	r24, r18
    1eca:	93 1f       	adc	r25, r19
    1ecc:	84 0f       	add	r24, r20
    1ece:	95 1f       	adc	r25, r21
    1ed0:	fc 01       	movw	r30, r24
    1ed2:	eb 55       	subi	r30, 0x5B	; 91
    1ed4:	ff 4f       	sbci	r31, 0xFF	; 255
    1ed6:	80 81       	ld	r24, Z
    1ed8:	89 8b       	std	Y+17, r24	; 0x11
    1eda:	12 c0       	rjmp	.+36     	; 0x1f00 <KPD_u8GetPressedKey+0x1bc>
					//Polling
					while(Local_u8PinState==DIO_u8_LOW)
					{
						DIO_u8GetPinValue(DIO_u8_PIND_REG,Local_u8RowArr[Local_u8RowIter],&Local_u8PinState);
    1edc:	e0 e3       	ldi	r30, 0x30	; 48
    1ede:	f0 e0       	ldi	r31, 0x00	; 0
    1ee0:	40 81       	ld	r20, Z
    1ee2:	8f 85       	ldd	r24, Y+15	; 0x0f
    1ee4:	88 2f       	mov	r24, r24
    1ee6:	90 e0       	ldi	r25, 0x00	; 0
    1ee8:	fc 01       	movw	r30, r24
    1eea:	e2 56       	subi	r30, 0x62	; 98
    1eec:	ff 4f       	sbci	r31, 0xFF	; 255
    1eee:	90 81       	ld	r25, Z
    1ef0:	9e 01       	movw	r18, r28
    1ef2:	2e 5e       	subi	r18, 0xEE	; 238
    1ef4:	3f 4f       	sbci	r19, 0xFF	; 255
    1ef6:	84 2f       	mov	r24, r20
    1ef8:	69 2f       	mov	r22, r25
    1efa:	a9 01       	movw	r20, r18
    1efc:	0e 94 12 08 	call	0x1024	; 0x1024 <DIO_u8GetPinValue>
				_delay_ms(50);
				if(Local_u8PinState==DIO_u8_LOW)
				{
					Local_u8Button=KPD_ARR[Local_u8RowIter][Local_u8ColIter];
					//Polling
					while(Local_u8PinState==DIO_u8_LOW)
    1f00:	8a 89       	ldd	r24, Y+18	; 0x12
    1f02:	88 23       	and	r24, r24
    1f04:	59 f3       	breq	.-42     	; 0x1edc <KPD_u8GetPressedKey+0x198>
	//OUTER for loop to columns
	for(u8 Local_u8ColIter=0;Local_u8ColIter<MAX_COL_NUM;Local_u8ColIter++)
	{
		//Activate col
		DIO_u8SetPinValue(KPD_PORT,Local_u8ColArr[Local_u8ColIter],DIO_u8_LOW);
		for(u8 Local_u8RowIter=0;Local_u8RowIter<MAX_ROW_NUM;Local_u8RowIter++)
    1f06:	8f 85       	ldd	r24, Y+15	; 0x0f
    1f08:	8f 5f       	subi	r24, 0xFF	; 255
    1f0a:	8f 87       	std	Y+15, r24	; 0x0f
    1f0c:	8f 85       	ldd	r24, Y+15	; 0x0f
    1f0e:	84 30       	cpi	r24, 0x04	; 4
    1f10:	08 f4       	brcc	.+2      	; 0x1f14 <KPD_u8GetPressedKey+0x1d0>
    1f12:	34 cf       	rjmp	.-408    	; 0x1d7c <KPD_u8GetPressedKey+0x38>
			}

		}

		//Deactivate col
		DIO_u8SetPinValue(KPD_PORT,Local_u8ColArr[Local_u8ColIter],DIO_u8_HIGH);
    1f14:	88 89       	ldd	r24, Y+16	; 0x10
    1f16:	88 2f       	mov	r24, r24
    1f18:	90 e0       	ldi	r25, 0x00	; 0
    1f1a:	fc 01       	movw	r30, r24
    1f1c:	ee 55       	subi	r30, 0x5E	; 94
    1f1e:	ff 4f       	sbci	r31, 0xFF	; 255
    1f20:	90 81       	ld	r25, Z
    1f22:	83 e0       	ldi	r24, 0x03	; 3
    1f24:	69 2f       	mov	r22, r25
    1f26:	41 e0       	ldi	r20, 0x01	; 1
    1f28:	0e 94 ec 06 	call	0xdd8	; 0xdd8 <DIO_u8SetPinValue>
	static u8 KPD_ARR[MAX_ROW_NUM][MAX_COL_NUM]=KPD_VALUES;
	u8 Local_u8PinState;
	static u8 Local_u8ColArr[MAX_COL_NUM]={C0,C1,C2};
	static u8 Local_u8RowArr[MAX_ROW_NUM]={R0,R1,R2,R3};
	//OUTER for loop to columns
	for(u8 Local_u8ColIter=0;Local_u8ColIter<MAX_COL_NUM;Local_u8ColIter++)
    1f2c:	88 89       	ldd	r24, Y+16	; 0x10
    1f2e:	8f 5f       	subi	r24, 0xFF	; 255
    1f30:	88 8b       	std	Y+16, r24	; 0x10
    1f32:	88 89       	ldd	r24, Y+16	; 0x10
    1f34:	83 30       	cpi	r24, 0x03	; 3
    1f36:	08 f4       	brcc	.+2      	; 0x1f3a <KPD_u8GetPressedKey+0x1f6>
    1f38:	13 cf       	rjmp	.-474    	; 0x1d60 <KPD_u8GetPressedKey+0x1c>
		}

		//Deactivate col
		DIO_u8SetPinValue(KPD_PORT,Local_u8ColArr[Local_u8ColIter],DIO_u8_HIGH);
	}
	return Local_u8Button;
    1f3a:	89 89       	ldd	r24, Y+17	; 0x11
}
    1f3c:	62 96       	adiw	r28, 0x12	; 18
    1f3e:	0f b6       	in	r0, 0x3f	; 63
    1f40:	f8 94       	cli
    1f42:	de bf       	out	0x3e, r29	; 62
    1f44:	0f be       	out	0x3f, r0	; 63
    1f46:	cd bf       	out	0x3d, r28	; 61
    1f48:	cf 91       	pop	r28
    1f4a:	df 91       	pop	r29
    1f4c:	08 95       	ret

00001f4e <DCMOTOR_Toggle>:
#include "LIB/STD_TYPES.h"
#include "LIB/BIT_MATH.h"
#include "MCAL/DIO/DIO_interface.h"
#include <util/delay.h>
void DCMOTOR_Toggle(void)
{
    1f4e:	df 93       	push	r29
    1f50:	cf 93       	push	r28
    1f52:	cd b7       	in	r28, 0x3d	; 61
    1f54:	de b7       	in	r29, 0x3e	; 62

	TOG_BIT(DC_MOTOR_PORT,DC_MOTOR_PIN);
    1f56:	ab e3       	ldi	r26, 0x3B	; 59
    1f58:	b0 e0       	ldi	r27, 0x00	; 0
    1f5a:	eb e3       	ldi	r30, 0x3B	; 59
    1f5c:	f0 e0       	ldi	r31, 0x00	; 0
    1f5e:	90 81       	ld	r25, Z
    1f60:	81 e0       	ldi	r24, 0x01	; 1
    1f62:	89 27       	eor	r24, r25
    1f64:	8c 93       	st	X, r24

}
    1f66:	cf 91       	pop	r28
    1f68:	df 91       	pop	r29
    1f6a:	08 95       	ret

00001f6c <DCMOTOR_OperateCW>:

void DCMOTOR_OperateCW(u32 steps)
{
    1f6c:	df 93       	push	r29
    1f6e:	cf 93       	push	r28
    1f70:	cd b7       	in	r28, 0x3d	; 61
    1f72:	de b7       	in	r29, 0x3e	; 62
    1f74:	ec 97       	sbiw	r28, 0x3c	; 60
    1f76:	0f b6       	in	r0, 0x3f	; 63
    1f78:	f8 94       	cli
    1f7a:	de bf       	out	0x3e, r29	; 62
    1f7c:	0f be       	out	0x3f, r0	; 63
    1f7e:	cd bf       	out	0x3d, r28	; 61
    1f80:	9c af       	std	Y+60, r25	; 0x3c
    1f82:	8b af       	std	Y+59, r24	; 0x3b
	for(u32 i=0;i<steps;i++)
    1f84:	1a ae       	std	Y+58, r1	; 0x3a
    1f86:	19 ae       	std	Y+57, r1	; 0x39
    1f88:	1d c2       	rjmp	.+1082   	; 0x23c4 <DCMOTOR_OperateCW+0x458>
	{
		DIO_u8SetPinValue(DIO_u8_PORTA,DIO_u8_PIN0,DIO_u8_HIGH);
    1f8a:	80 e0       	ldi	r24, 0x00	; 0
    1f8c:	60 e0       	ldi	r22, 0x00	; 0
    1f8e:	41 e0       	ldi	r20, 0x01	; 1
    1f90:	0e 94 ec 06 	call	0xdd8	; 0xdd8 <DIO_u8SetPinValue>
		DIO_u8SetPinValue(DIO_u8_PORTA,DIO_u8_PIN1,DIO_u8_LOW);
    1f94:	80 e0       	ldi	r24, 0x00	; 0
    1f96:	61 e0       	ldi	r22, 0x01	; 1
    1f98:	40 e0       	ldi	r20, 0x00	; 0
    1f9a:	0e 94 ec 06 	call	0xdd8	; 0xdd8 <DIO_u8SetPinValue>
		DIO_u8SetPinValue(DIO_u8_PORTA,DIO_u8_PIN2,DIO_u8_LOW);
    1f9e:	80 e0       	ldi	r24, 0x00	; 0
    1fa0:	62 e0       	ldi	r22, 0x02	; 2
    1fa2:	40 e0       	ldi	r20, 0x00	; 0
    1fa4:	0e 94 ec 06 	call	0xdd8	; 0xdd8 <DIO_u8SetPinValue>
		DIO_u8SetPinValue(DIO_u8_PORTA,DIO_u8_PIN3,DIO_u8_LOW);
    1fa8:	80 e0       	ldi	r24, 0x00	; 0
    1faa:	63 e0       	ldi	r22, 0x03	; 3
    1fac:	40 e0       	ldi	r20, 0x00	; 0
    1fae:	0e 94 ec 06 	call	0xdd8	; 0xdd8 <DIO_u8SetPinValue>
    1fb2:	80 e0       	ldi	r24, 0x00	; 0
    1fb4:	90 e0       	ldi	r25, 0x00	; 0
    1fb6:	a0 e2       	ldi	r26, 0x20	; 32
    1fb8:	b1 e4       	ldi	r27, 0x41	; 65
    1fba:	8d ab       	std	Y+53, r24	; 0x35
    1fbc:	9e ab       	std	Y+54, r25	; 0x36
    1fbe:	af ab       	std	Y+55, r26	; 0x37
    1fc0:	b8 af       	std	Y+56, r27	; 0x38
 */
void
_delay_ms(double __ms)
{
	uint16_t __ticks;
	double __tmp = ((F_CPU) / 4e3) * __ms;
    1fc2:	6d a9       	ldd	r22, Y+53	; 0x35
    1fc4:	7e a9       	ldd	r23, Y+54	; 0x36
    1fc6:	8f a9       	ldd	r24, Y+55	; 0x37
    1fc8:	98 ad       	ldd	r25, Y+56	; 0x38
    1fca:	20 e0       	ldi	r18, 0x00	; 0
    1fcc:	30 e0       	ldi	r19, 0x00	; 0
    1fce:	4a ef       	ldi	r20, 0xFA	; 250
    1fd0:	54 e4       	ldi	r21, 0x44	; 68
    1fd2:	0e 94 17 02 	call	0x42e	; 0x42e <__mulsf3>
    1fd6:	dc 01       	movw	r26, r24
    1fd8:	cb 01       	movw	r24, r22
    1fda:	89 ab       	std	Y+49, r24	; 0x31
    1fdc:	9a ab       	std	Y+50, r25	; 0x32
    1fde:	ab ab       	std	Y+51, r26	; 0x33
    1fe0:	bc ab       	std	Y+52, r27	; 0x34
	if (__tmp < 1.0)
    1fe2:	69 a9       	ldd	r22, Y+49	; 0x31
    1fe4:	7a a9       	ldd	r23, Y+50	; 0x32
    1fe6:	8b a9       	ldd	r24, Y+51	; 0x33
    1fe8:	9c a9       	ldd	r25, Y+52	; 0x34
    1fea:	20 e0       	ldi	r18, 0x00	; 0
    1fec:	30 e0       	ldi	r19, 0x00	; 0
    1fee:	40 e8       	ldi	r20, 0x80	; 128
    1ff0:	5f e3       	ldi	r21, 0x3F	; 63
    1ff2:	0e 94 71 03 	call	0x6e2	; 0x6e2 <__ltsf2>
    1ff6:	88 23       	and	r24, r24
    1ff8:	2c f4       	brge	.+10     	; 0x2004 <DCMOTOR_OperateCW+0x98>
		__ticks = 1;
    1ffa:	81 e0       	ldi	r24, 0x01	; 1
    1ffc:	90 e0       	ldi	r25, 0x00	; 0
    1ffe:	98 ab       	std	Y+48, r25	; 0x30
    2000:	8f a7       	std	Y+47, r24	; 0x2f
    2002:	3f c0       	rjmp	.+126    	; 0x2082 <DCMOTOR_OperateCW+0x116>
	else if (__tmp > 65535)
    2004:	69 a9       	ldd	r22, Y+49	; 0x31
    2006:	7a a9       	ldd	r23, Y+50	; 0x32
    2008:	8b a9       	ldd	r24, Y+51	; 0x33
    200a:	9c a9       	ldd	r25, Y+52	; 0x34
    200c:	20 e0       	ldi	r18, 0x00	; 0
    200e:	3f ef       	ldi	r19, 0xFF	; 255
    2010:	4f e7       	ldi	r20, 0x7F	; 127
    2012:	57 e4       	ldi	r21, 0x47	; 71
    2014:	0e 94 11 03 	call	0x622	; 0x622 <__gtsf2>
    2018:	18 16       	cp	r1, r24
    201a:	4c f5       	brge	.+82     	; 0x206e <DCMOTOR_OperateCW+0x102>
	{
		//	__ticks = requested delay in 1/10 ms
		__ticks = (uint16_t) (__ms * 10.0);
    201c:	6d a9       	ldd	r22, Y+53	; 0x35
    201e:	7e a9       	ldd	r23, Y+54	; 0x36
    2020:	8f a9       	ldd	r24, Y+55	; 0x37
    2022:	98 ad       	ldd	r25, Y+56	; 0x38
    2024:	20 e0       	ldi	r18, 0x00	; 0
    2026:	30 e0       	ldi	r19, 0x00	; 0
    2028:	40 e2       	ldi	r20, 0x20	; 32
    202a:	51 e4       	ldi	r21, 0x41	; 65
    202c:	0e 94 17 02 	call	0x42e	; 0x42e <__mulsf3>
    2030:	dc 01       	movw	r26, r24
    2032:	cb 01       	movw	r24, r22
    2034:	bc 01       	movw	r22, r24
    2036:	cd 01       	movw	r24, r26
    2038:	0e 94 41 00 	call	0x82	; 0x82 <__fixunssfsi>
    203c:	dc 01       	movw	r26, r24
    203e:	cb 01       	movw	r24, r22
    2040:	98 ab       	std	Y+48, r25	; 0x30
    2042:	8f a7       	std	Y+47, r24	; 0x2f
    2044:	0f c0       	rjmp	.+30     	; 0x2064 <DCMOTOR_OperateCW+0xf8>
    2046:	88 ec       	ldi	r24, 0xC8	; 200
    2048:	90 e0       	ldi	r25, 0x00	; 0
    204a:	9e a7       	std	Y+46, r25	; 0x2e
    204c:	8d a7       	std	Y+45, r24	; 0x2d
    204e:	8d a5       	ldd	r24, Y+45	; 0x2d
    2050:	9e a5       	ldd	r25, Y+46	; 0x2e
    2052:	01 97       	sbiw	r24, 0x01	; 1
    2054:	f1 f7       	brne	.-4      	; 0x2052 <DCMOTOR_OperateCW+0xe6>
    2056:	9e a7       	std	Y+46, r25	; 0x2e
    2058:	8d a7       	std	Y+45, r24	; 0x2d
		while(__ticks)
		{
			// wait 1/10 ms
			_delay_loop_2(((F_CPU) / 4e3) / 10);
			__ticks --;
    205a:	8f a5       	ldd	r24, Y+47	; 0x2f
    205c:	98 a9       	ldd	r25, Y+48	; 0x30
    205e:	01 97       	sbiw	r24, 0x01	; 1
    2060:	98 ab       	std	Y+48, r25	; 0x30
    2062:	8f a7       	std	Y+47, r24	; 0x2f
		__ticks = 1;
	else if (__tmp > 65535)
	{
		//	__ticks = requested delay in 1/10 ms
		__ticks = (uint16_t) (__ms * 10.0);
		while(__ticks)
    2064:	8f a5       	ldd	r24, Y+47	; 0x2f
    2066:	98 a9       	ldd	r25, Y+48	; 0x30
    2068:	00 97       	sbiw	r24, 0x00	; 0
    206a:	69 f7       	brne	.-38     	; 0x2046 <DCMOTOR_OperateCW+0xda>
    206c:	14 c0       	rjmp	.+40     	; 0x2096 <DCMOTOR_OperateCW+0x12a>
			__ticks --;
		}
		return;
	}
	else
		__ticks = (uint16_t)__tmp;
    206e:	69 a9       	ldd	r22, Y+49	; 0x31
    2070:	7a a9       	ldd	r23, Y+50	; 0x32
    2072:	8b a9       	ldd	r24, Y+51	; 0x33
    2074:	9c a9       	ldd	r25, Y+52	; 0x34
    2076:	0e 94 41 00 	call	0x82	; 0x82 <__fixunssfsi>
    207a:	dc 01       	movw	r26, r24
    207c:	cb 01       	movw	r24, r22
    207e:	98 ab       	std	Y+48, r25	; 0x30
    2080:	8f a7       	std	Y+47, r24	; 0x2f
    2082:	8f a5       	ldd	r24, Y+47	; 0x2f
    2084:	98 a9       	ldd	r25, Y+48	; 0x30
    2086:	9c a7       	std	Y+44, r25	; 0x2c
    2088:	8b a7       	std	Y+43, r24	; 0x2b
    208a:	8b a5       	ldd	r24, Y+43	; 0x2b
    208c:	9c a5       	ldd	r25, Y+44	; 0x2c
    208e:	01 97       	sbiw	r24, 0x01	; 1
    2090:	f1 f7       	brne	.-4      	; 0x208e <DCMOTOR_OperateCW+0x122>
    2092:	9c a7       	std	Y+44, r25	; 0x2c
    2094:	8b a7       	std	Y+43, r24	; 0x2b
		_delay_ms(10);
		DIO_u8SetPinValue(DIO_u8_PORTA,DIO_u8_PIN0,DIO_u8_LOW);
    2096:	80 e0       	ldi	r24, 0x00	; 0
    2098:	60 e0       	ldi	r22, 0x00	; 0
    209a:	40 e0       	ldi	r20, 0x00	; 0
    209c:	0e 94 ec 06 	call	0xdd8	; 0xdd8 <DIO_u8SetPinValue>
				DIO_u8SetPinValue(DIO_u8_PORTA,DIO_u8_PIN1,DIO_u8_HIGH);
    20a0:	80 e0       	ldi	r24, 0x00	; 0
    20a2:	61 e0       	ldi	r22, 0x01	; 1
    20a4:	41 e0       	ldi	r20, 0x01	; 1
    20a6:	0e 94 ec 06 	call	0xdd8	; 0xdd8 <DIO_u8SetPinValue>
				DIO_u8SetPinValue(DIO_u8_PORTA,DIO_u8_PIN2,DIO_u8_LOW);
    20aa:	80 e0       	ldi	r24, 0x00	; 0
    20ac:	62 e0       	ldi	r22, 0x02	; 2
    20ae:	40 e0       	ldi	r20, 0x00	; 0
    20b0:	0e 94 ec 06 	call	0xdd8	; 0xdd8 <DIO_u8SetPinValue>
				DIO_u8SetPinValue(DIO_u8_PORTA,DIO_u8_PIN3,DIO_u8_LOW);
    20b4:	80 e0       	ldi	r24, 0x00	; 0
    20b6:	63 e0       	ldi	r22, 0x03	; 3
    20b8:	40 e0       	ldi	r20, 0x00	; 0
    20ba:	0e 94 ec 06 	call	0xdd8	; 0xdd8 <DIO_u8SetPinValue>
    20be:	80 e0       	ldi	r24, 0x00	; 0
    20c0:	90 e0       	ldi	r25, 0x00	; 0
    20c2:	a0 e2       	ldi	r26, 0x20	; 32
    20c4:	b1 e4       	ldi	r27, 0x41	; 65
    20c6:	8f a3       	std	Y+39, r24	; 0x27
    20c8:	98 a7       	std	Y+40, r25	; 0x28
    20ca:	a9 a7       	std	Y+41, r26	; 0x29
    20cc:	ba a7       	std	Y+42, r27	; 0x2a
 */
void
_delay_ms(double __ms)
{
	uint16_t __ticks;
	double __tmp = ((F_CPU) / 4e3) * __ms;
    20ce:	6f a1       	ldd	r22, Y+39	; 0x27
    20d0:	78 a5       	ldd	r23, Y+40	; 0x28
    20d2:	89 a5       	ldd	r24, Y+41	; 0x29
    20d4:	9a a5       	ldd	r25, Y+42	; 0x2a
    20d6:	20 e0       	ldi	r18, 0x00	; 0
    20d8:	30 e0       	ldi	r19, 0x00	; 0
    20da:	4a ef       	ldi	r20, 0xFA	; 250
    20dc:	54 e4       	ldi	r21, 0x44	; 68
    20de:	0e 94 17 02 	call	0x42e	; 0x42e <__mulsf3>
    20e2:	dc 01       	movw	r26, r24
    20e4:	cb 01       	movw	r24, r22
    20e6:	8b a3       	std	Y+35, r24	; 0x23
    20e8:	9c a3       	std	Y+36, r25	; 0x24
    20ea:	ad a3       	std	Y+37, r26	; 0x25
    20ec:	be a3       	std	Y+38, r27	; 0x26
	if (__tmp < 1.0)
    20ee:	6b a1       	ldd	r22, Y+35	; 0x23
    20f0:	7c a1       	ldd	r23, Y+36	; 0x24
    20f2:	8d a1       	ldd	r24, Y+37	; 0x25
    20f4:	9e a1       	ldd	r25, Y+38	; 0x26
    20f6:	20 e0       	ldi	r18, 0x00	; 0
    20f8:	30 e0       	ldi	r19, 0x00	; 0
    20fa:	40 e8       	ldi	r20, 0x80	; 128
    20fc:	5f e3       	ldi	r21, 0x3F	; 63
    20fe:	0e 94 71 03 	call	0x6e2	; 0x6e2 <__ltsf2>
    2102:	88 23       	and	r24, r24
    2104:	2c f4       	brge	.+10     	; 0x2110 <DCMOTOR_OperateCW+0x1a4>
		__ticks = 1;
    2106:	81 e0       	ldi	r24, 0x01	; 1
    2108:	90 e0       	ldi	r25, 0x00	; 0
    210a:	9a a3       	std	Y+34, r25	; 0x22
    210c:	89 a3       	std	Y+33, r24	; 0x21
    210e:	3f c0       	rjmp	.+126    	; 0x218e <DCMOTOR_OperateCW+0x222>
	else if (__tmp > 65535)
    2110:	6b a1       	ldd	r22, Y+35	; 0x23
    2112:	7c a1       	ldd	r23, Y+36	; 0x24
    2114:	8d a1       	ldd	r24, Y+37	; 0x25
    2116:	9e a1       	ldd	r25, Y+38	; 0x26
    2118:	20 e0       	ldi	r18, 0x00	; 0
    211a:	3f ef       	ldi	r19, 0xFF	; 255
    211c:	4f e7       	ldi	r20, 0x7F	; 127
    211e:	57 e4       	ldi	r21, 0x47	; 71
    2120:	0e 94 11 03 	call	0x622	; 0x622 <__gtsf2>
    2124:	18 16       	cp	r1, r24
    2126:	4c f5       	brge	.+82     	; 0x217a <DCMOTOR_OperateCW+0x20e>
	{
		//	__ticks = requested delay in 1/10 ms
		__ticks = (uint16_t) (__ms * 10.0);
    2128:	6f a1       	ldd	r22, Y+39	; 0x27
    212a:	78 a5       	ldd	r23, Y+40	; 0x28
    212c:	89 a5       	ldd	r24, Y+41	; 0x29
    212e:	9a a5       	ldd	r25, Y+42	; 0x2a
    2130:	20 e0       	ldi	r18, 0x00	; 0
    2132:	30 e0       	ldi	r19, 0x00	; 0
    2134:	40 e2       	ldi	r20, 0x20	; 32
    2136:	51 e4       	ldi	r21, 0x41	; 65
    2138:	0e 94 17 02 	call	0x42e	; 0x42e <__mulsf3>
    213c:	dc 01       	movw	r26, r24
    213e:	cb 01       	movw	r24, r22
    2140:	bc 01       	movw	r22, r24
    2142:	cd 01       	movw	r24, r26
    2144:	0e 94 41 00 	call	0x82	; 0x82 <__fixunssfsi>
    2148:	dc 01       	movw	r26, r24
    214a:	cb 01       	movw	r24, r22
    214c:	9a a3       	std	Y+34, r25	; 0x22
    214e:	89 a3       	std	Y+33, r24	; 0x21
    2150:	0f c0       	rjmp	.+30     	; 0x2170 <DCMOTOR_OperateCW+0x204>
    2152:	88 ec       	ldi	r24, 0xC8	; 200
    2154:	90 e0       	ldi	r25, 0x00	; 0
    2156:	98 a3       	std	Y+32, r25	; 0x20
    2158:	8f 8f       	std	Y+31, r24	; 0x1f
    215a:	8f 8d       	ldd	r24, Y+31	; 0x1f
    215c:	98 a1       	ldd	r25, Y+32	; 0x20
    215e:	01 97       	sbiw	r24, 0x01	; 1
    2160:	f1 f7       	brne	.-4      	; 0x215e <DCMOTOR_OperateCW+0x1f2>
    2162:	98 a3       	std	Y+32, r25	; 0x20
    2164:	8f 8f       	std	Y+31, r24	; 0x1f
		while(__ticks)
		{
			// wait 1/10 ms
			_delay_loop_2(((F_CPU) / 4e3) / 10);
			__ticks --;
    2166:	89 a1       	ldd	r24, Y+33	; 0x21
    2168:	9a a1       	ldd	r25, Y+34	; 0x22
    216a:	01 97       	sbiw	r24, 0x01	; 1
    216c:	9a a3       	std	Y+34, r25	; 0x22
    216e:	89 a3       	std	Y+33, r24	; 0x21
		__ticks = 1;
	else if (__tmp > 65535)
	{
		//	__ticks = requested delay in 1/10 ms
		__ticks = (uint16_t) (__ms * 10.0);
		while(__ticks)
    2170:	89 a1       	ldd	r24, Y+33	; 0x21
    2172:	9a a1       	ldd	r25, Y+34	; 0x22
    2174:	00 97       	sbiw	r24, 0x00	; 0
    2176:	69 f7       	brne	.-38     	; 0x2152 <DCMOTOR_OperateCW+0x1e6>
    2178:	14 c0       	rjmp	.+40     	; 0x21a2 <DCMOTOR_OperateCW+0x236>
			__ticks --;
		}
		return;
	}
	else
		__ticks = (uint16_t)__tmp;
    217a:	6b a1       	ldd	r22, Y+35	; 0x23
    217c:	7c a1       	ldd	r23, Y+36	; 0x24
    217e:	8d a1       	ldd	r24, Y+37	; 0x25
    2180:	9e a1       	ldd	r25, Y+38	; 0x26
    2182:	0e 94 41 00 	call	0x82	; 0x82 <__fixunssfsi>
    2186:	dc 01       	movw	r26, r24
    2188:	cb 01       	movw	r24, r22
    218a:	9a a3       	std	Y+34, r25	; 0x22
    218c:	89 a3       	std	Y+33, r24	; 0x21
    218e:	89 a1       	ldd	r24, Y+33	; 0x21
    2190:	9a a1       	ldd	r25, Y+34	; 0x22
    2192:	9e 8f       	std	Y+30, r25	; 0x1e
    2194:	8d 8f       	std	Y+29, r24	; 0x1d
    2196:	8d 8d       	ldd	r24, Y+29	; 0x1d
    2198:	9e 8d       	ldd	r25, Y+30	; 0x1e
    219a:	01 97       	sbiw	r24, 0x01	; 1
    219c:	f1 f7       	brne	.-4      	; 0x219a <DCMOTOR_OperateCW+0x22e>
    219e:	9e 8f       	std	Y+30, r25	; 0x1e
    21a0:	8d 8f       	std	Y+29, r24	; 0x1d
				_delay_ms(10);
				DIO_u8SetPinValue(DIO_u8_PORTA,DIO_u8_PIN0,DIO_u8_LOW);
    21a2:	80 e0       	ldi	r24, 0x00	; 0
    21a4:	60 e0       	ldi	r22, 0x00	; 0
    21a6:	40 e0       	ldi	r20, 0x00	; 0
    21a8:	0e 94 ec 06 	call	0xdd8	; 0xdd8 <DIO_u8SetPinValue>
						DIO_u8SetPinValue(DIO_u8_PORTA,DIO_u8_PIN1,DIO_u8_LOW);
    21ac:	80 e0       	ldi	r24, 0x00	; 0
    21ae:	61 e0       	ldi	r22, 0x01	; 1
    21b0:	40 e0       	ldi	r20, 0x00	; 0
    21b2:	0e 94 ec 06 	call	0xdd8	; 0xdd8 <DIO_u8SetPinValue>
						DIO_u8SetPinValue(DIO_u8_PORTA,DIO_u8_PIN2,DIO_u8_HIGH);
    21b6:	80 e0       	ldi	r24, 0x00	; 0
    21b8:	62 e0       	ldi	r22, 0x02	; 2
    21ba:	41 e0       	ldi	r20, 0x01	; 1
    21bc:	0e 94 ec 06 	call	0xdd8	; 0xdd8 <DIO_u8SetPinValue>
						DIO_u8SetPinValue(DIO_u8_PORTA,DIO_u8_PIN3,DIO_u8_LOW);
    21c0:	80 e0       	ldi	r24, 0x00	; 0
    21c2:	63 e0       	ldi	r22, 0x03	; 3
    21c4:	40 e0       	ldi	r20, 0x00	; 0
    21c6:	0e 94 ec 06 	call	0xdd8	; 0xdd8 <DIO_u8SetPinValue>
    21ca:	80 e0       	ldi	r24, 0x00	; 0
    21cc:	90 e0       	ldi	r25, 0x00	; 0
    21ce:	a0 e2       	ldi	r26, 0x20	; 32
    21d0:	b1 e4       	ldi	r27, 0x41	; 65
    21d2:	89 8f       	std	Y+25, r24	; 0x19
    21d4:	9a 8f       	std	Y+26, r25	; 0x1a
    21d6:	ab 8f       	std	Y+27, r26	; 0x1b
    21d8:	bc 8f       	std	Y+28, r27	; 0x1c
 */
void
_delay_ms(double __ms)
{
	uint16_t __ticks;
	double __tmp = ((F_CPU) / 4e3) * __ms;
    21da:	69 8d       	ldd	r22, Y+25	; 0x19
    21dc:	7a 8d       	ldd	r23, Y+26	; 0x1a
    21de:	8b 8d       	ldd	r24, Y+27	; 0x1b
    21e0:	9c 8d       	ldd	r25, Y+28	; 0x1c
    21e2:	20 e0       	ldi	r18, 0x00	; 0
    21e4:	30 e0       	ldi	r19, 0x00	; 0
    21e6:	4a ef       	ldi	r20, 0xFA	; 250
    21e8:	54 e4       	ldi	r21, 0x44	; 68
    21ea:	0e 94 17 02 	call	0x42e	; 0x42e <__mulsf3>
    21ee:	dc 01       	movw	r26, r24
    21f0:	cb 01       	movw	r24, r22
    21f2:	8d 8b       	std	Y+21, r24	; 0x15
    21f4:	9e 8b       	std	Y+22, r25	; 0x16
    21f6:	af 8b       	std	Y+23, r26	; 0x17
    21f8:	b8 8f       	std	Y+24, r27	; 0x18
	if (__tmp < 1.0)
    21fa:	6d 89       	ldd	r22, Y+21	; 0x15
    21fc:	7e 89       	ldd	r23, Y+22	; 0x16
    21fe:	8f 89       	ldd	r24, Y+23	; 0x17
    2200:	98 8d       	ldd	r25, Y+24	; 0x18
    2202:	20 e0       	ldi	r18, 0x00	; 0
    2204:	30 e0       	ldi	r19, 0x00	; 0
    2206:	40 e8       	ldi	r20, 0x80	; 128
    2208:	5f e3       	ldi	r21, 0x3F	; 63
    220a:	0e 94 71 03 	call	0x6e2	; 0x6e2 <__ltsf2>
    220e:	88 23       	and	r24, r24
    2210:	2c f4       	brge	.+10     	; 0x221c <DCMOTOR_OperateCW+0x2b0>
		__ticks = 1;
    2212:	81 e0       	ldi	r24, 0x01	; 1
    2214:	90 e0       	ldi	r25, 0x00	; 0
    2216:	9c 8b       	std	Y+20, r25	; 0x14
    2218:	8b 8b       	std	Y+19, r24	; 0x13
    221a:	3f c0       	rjmp	.+126    	; 0x229a <DCMOTOR_OperateCW+0x32e>
	else if (__tmp > 65535)
    221c:	6d 89       	ldd	r22, Y+21	; 0x15
    221e:	7e 89       	ldd	r23, Y+22	; 0x16
    2220:	8f 89       	ldd	r24, Y+23	; 0x17
    2222:	98 8d       	ldd	r25, Y+24	; 0x18
    2224:	20 e0       	ldi	r18, 0x00	; 0
    2226:	3f ef       	ldi	r19, 0xFF	; 255
    2228:	4f e7       	ldi	r20, 0x7F	; 127
    222a:	57 e4       	ldi	r21, 0x47	; 71
    222c:	0e 94 11 03 	call	0x622	; 0x622 <__gtsf2>
    2230:	18 16       	cp	r1, r24
    2232:	4c f5       	brge	.+82     	; 0x2286 <DCMOTOR_OperateCW+0x31a>
	{
		//	__ticks = requested delay in 1/10 ms
		__ticks = (uint16_t) (__ms * 10.0);
    2234:	69 8d       	ldd	r22, Y+25	; 0x19
    2236:	7a 8d       	ldd	r23, Y+26	; 0x1a
    2238:	8b 8d       	ldd	r24, Y+27	; 0x1b
    223a:	9c 8d       	ldd	r25, Y+28	; 0x1c
    223c:	20 e0       	ldi	r18, 0x00	; 0
    223e:	30 e0       	ldi	r19, 0x00	; 0
    2240:	40 e2       	ldi	r20, 0x20	; 32
    2242:	51 e4       	ldi	r21, 0x41	; 65
    2244:	0e 94 17 02 	call	0x42e	; 0x42e <__mulsf3>
    2248:	dc 01       	movw	r26, r24
    224a:	cb 01       	movw	r24, r22
    224c:	bc 01       	movw	r22, r24
    224e:	cd 01       	movw	r24, r26
    2250:	0e 94 41 00 	call	0x82	; 0x82 <__fixunssfsi>
    2254:	dc 01       	movw	r26, r24
    2256:	cb 01       	movw	r24, r22
    2258:	9c 8b       	std	Y+20, r25	; 0x14
    225a:	8b 8b       	std	Y+19, r24	; 0x13
    225c:	0f c0       	rjmp	.+30     	; 0x227c <DCMOTOR_OperateCW+0x310>
    225e:	88 ec       	ldi	r24, 0xC8	; 200
    2260:	90 e0       	ldi	r25, 0x00	; 0
    2262:	9a 8b       	std	Y+18, r25	; 0x12
    2264:	89 8b       	std	Y+17, r24	; 0x11
    2266:	89 89       	ldd	r24, Y+17	; 0x11
    2268:	9a 89       	ldd	r25, Y+18	; 0x12
    226a:	01 97       	sbiw	r24, 0x01	; 1
    226c:	f1 f7       	brne	.-4      	; 0x226a <DCMOTOR_OperateCW+0x2fe>
    226e:	9a 8b       	std	Y+18, r25	; 0x12
    2270:	89 8b       	std	Y+17, r24	; 0x11
		while(__ticks)
		{
			// wait 1/10 ms
			_delay_loop_2(((F_CPU) / 4e3) / 10);
			__ticks --;
    2272:	8b 89       	ldd	r24, Y+19	; 0x13
    2274:	9c 89       	ldd	r25, Y+20	; 0x14
    2276:	01 97       	sbiw	r24, 0x01	; 1
    2278:	9c 8b       	std	Y+20, r25	; 0x14
    227a:	8b 8b       	std	Y+19, r24	; 0x13
		__ticks = 1;
	else if (__tmp > 65535)
	{
		//	__ticks = requested delay in 1/10 ms
		__ticks = (uint16_t) (__ms * 10.0);
		while(__ticks)
    227c:	8b 89       	ldd	r24, Y+19	; 0x13
    227e:	9c 89       	ldd	r25, Y+20	; 0x14
    2280:	00 97       	sbiw	r24, 0x00	; 0
    2282:	69 f7       	brne	.-38     	; 0x225e <DCMOTOR_OperateCW+0x2f2>
    2284:	14 c0       	rjmp	.+40     	; 0x22ae <DCMOTOR_OperateCW+0x342>
			__ticks --;
		}
		return;
	}
	else
		__ticks = (uint16_t)__tmp;
    2286:	6d 89       	ldd	r22, Y+21	; 0x15
    2288:	7e 89       	ldd	r23, Y+22	; 0x16
    228a:	8f 89       	ldd	r24, Y+23	; 0x17
    228c:	98 8d       	ldd	r25, Y+24	; 0x18
    228e:	0e 94 41 00 	call	0x82	; 0x82 <__fixunssfsi>
    2292:	dc 01       	movw	r26, r24
    2294:	cb 01       	movw	r24, r22
    2296:	9c 8b       	std	Y+20, r25	; 0x14
    2298:	8b 8b       	std	Y+19, r24	; 0x13
    229a:	8b 89       	ldd	r24, Y+19	; 0x13
    229c:	9c 89       	ldd	r25, Y+20	; 0x14
    229e:	98 8b       	std	Y+16, r25	; 0x10
    22a0:	8f 87       	std	Y+15, r24	; 0x0f
    22a2:	8f 85       	ldd	r24, Y+15	; 0x0f
    22a4:	98 89       	ldd	r25, Y+16	; 0x10
    22a6:	01 97       	sbiw	r24, 0x01	; 1
    22a8:	f1 f7       	brne	.-4      	; 0x22a6 <DCMOTOR_OperateCW+0x33a>
    22aa:	98 8b       	std	Y+16, r25	; 0x10
    22ac:	8f 87       	std	Y+15, r24	; 0x0f
						_delay_ms(10);
						DIO_u8SetPinValue(DIO_u8_PORTA,DIO_u8_PIN0,DIO_u8_LOW);
    22ae:	80 e0       	ldi	r24, 0x00	; 0
    22b0:	60 e0       	ldi	r22, 0x00	; 0
    22b2:	40 e0       	ldi	r20, 0x00	; 0
    22b4:	0e 94 ec 06 	call	0xdd8	; 0xdd8 <DIO_u8SetPinValue>
								DIO_u8SetPinValue(DIO_u8_PORTA,DIO_u8_PIN1,DIO_u8_LOW);
    22b8:	80 e0       	ldi	r24, 0x00	; 0
    22ba:	61 e0       	ldi	r22, 0x01	; 1
    22bc:	40 e0       	ldi	r20, 0x00	; 0
    22be:	0e 94 ec 06 	call	0xdd8	; 0xdd8 <DIO_u8SetPinValue>
								DIO_u8SetPinValue(DIO_u8_PORTA,DIO_u8_PIN2,DIO_u8_LOW);
    22c2:	80 e0       	ldi	r24, 0x00	; 0
    22c4:	62 e0       	ldi	r22, 0x02	; 2
    22c6:	40 e0       	ldi	r20, 0x00	; 0
    22c8:	0e 94 ec 06 	call	0xdd8	; 0xdd8 <DIO_u8SetPinValue>
								DIO_u8SetPinValue(DIO_u8_PORTA,DIO_u8_PIN3,DIO_u8_HIGH);
    22cc:	80 e0       	ldi	r24, 0x00	; 0
    22ce:	63 e0       	ldi	r22, 0x03	; 3
    22d0:	41 e0       	ldi	r20, 0x01	; 1
    22d2:	0e 94 ec 06 	call	0xdd8	; 0xdd8 <DIO_u8SetPinValue>
    22d6:	80 e0       	ldi	r24, 0x00	; 0
    22d8:	90 e0       	ldi	r25, 0x00	; 0
    22da:	a0 e2       	ldi	r26, 0x20	; 32
    22dc:	b1 e4       	ldi	r27, 0x41	; 65
    22de:	8b 87       	std	Y+11, r24	; 0x0b
    22e0:	9c 87       	std	Y+12, r25	; 0x0c
    22e2:	ad 87       	std	Y+13, r26	; 0x0d
    22e4:	be 87       	std	Y+14, r27	; 0x0e
 */
void
_delay_ms(double __ms)
{
	uint16_t __ticks;
	double __tmp = ((F_CPU) / 4e3) * __ms;
    22e6:	6b 85       	ldd	r22, Y+11	; 0x0b
    22e8:	7c 85       	ldd	r23, Y+12	; 0x0c
    22ea:	8d 85       	ldd	r24, Y+13	; 0x0d
    22ec:	9e 85       	ldd	r25, Y+14	; 0x0e
    22ee:	20 e0       	ldi	r18, 0x00	; 0
    22f0:	30 e0       	ldi	r19, 0x00	; 0
    22f2:	4a ef       	ldi	r20, 0xFA	; 250
    22f4:	54 e4       	ldi	r21, 0x44	; 68
    22f6:	0e 94 17 02 	call	0x42e	; 0x42e <__mulsf3>
    22fa:	dc 01       	movw	r26, r24
    22fc:	cb 01       	movw	r24, r22
    22fe:	8f 83       	std	Y+7, r24	; 0x07
    2300:	98 87       	std	Y+8, r25	; 0x08
    2302:	a9 87       	std	Y+9, r26	; 0x09
    2304:	ba 87       	std	Y+10, r27	; 0x0a
	if (__tmp < 1.0)
    2306:	6f 81       	ldd	r22, Y+7	; 0x07
    2308:	78 85       	ldd	r23, Y+8	; 0x08
    230a:	89 85       	ldd	r24, Y+9	; 0x09
    230c:	9a 85       	ldd	r25, Y+10	; 0x0a
    230e:	20 e0       	ldi	r18, 0x00	; 0
    2310:	30 e0       	ldi	r19, 0x00	; 0
    2312:	40 e8       	ldi	r20, 0x80	; 128
    2314:	5f e3       	ldi	r21, 0x3F	; 63
    2316:	0e 94 71 03 	call	0x6e2	; 0x6e2 <__ltsf2>
    231a:	88 23       	and	r24, r24
    231c:	2c f4       	brge	.+10     	; 0x2328 <DCMOTOR_OperateCW+0x3bc>
		__ticks = 1;
    231e:	81 e0       	ldi	r24, 0x01	; 1
    2320:	90 e0       	ldi	r25, 0x00	; 0
    2322:	9e 83       	std	Y+6, r25	; 0x06
    2324:	8d 83       	std	Y+5, r24	; 0x05
    2326:	3f c0       	rjmp	.+126    	; 0x23a6 <DCMOTOR_OperateCW+0x43a>
	else if (__tmp > 65535)
    2328:	6f 81       	ldd	r22, Y+7	; 0x07
    232a:	78 85       	ldd	r23, Y+8	; 0x08
    232c:	89 85       	ldd	r24, Y+9	; 0x09
    232e:	9a 85       	ldd	r25, Y+10	; 0x0a
    2330:	20 e0       	ldi	r18, 0x00	; 0
    2332:	3f ef       	ldi	r19, 0xFF	; 255
    2334:	4f e7       	ldi	r20, 0x7F	; 127
    2336:	57 e4       	ldi	r21, 0x47	; 71
    2338:	0e 94 11 03 	call	0x622	; 0x622 <__gtsf2>
    233c:	18 16       	cp	r1, r24
    233e:	4c f5       	brge	.+82     	; 0x2392 <DCMOTOR_OperateCW+0x426>
	{
		//	__ticks = requested delay in 1/10 ms
		__ticks = (uint16_t) (__ms * 10.0);
    2340:	6b 85       	ldd	r22, Y+11	; 0x0b
    2342:	7c 85       	ldd	r23, Y+12	; 0x0c
    2344:	8d 85       	ldd	r24, Y+13	; 0x0d
    2346:	9e 85       	ldd	r25, Y+14	; 0x0e
    2348:	20 e0       	ldi	r18, 0x00	; 0
    234a:	30 e0       	ldi	r19, 0x00	; 0
    234c:	40 e2       	ldi	r20, 0x20	; 32
    234e:	51 e4       	ldi	r21, 0x41	; 65
    2350:	0e 94 17 02 	call	0x42e	; 0x42e <__mulsf3>
    2354:	dc 01       	movw	r26, r24
    2356:	cb 01       	movw	r24, r22
    2358:	bc 01       	movw	r22, r24
    235a:	cd 01       	movw	r24, r26
    235c:	0e 94 41 00 	call	0x82	; 0x82 <__fixunssfsi>
    2360:	dc 01       	movw	r26, r24
    2362:	cb 01       	movw	r24, r22
    2364:	9e 83       	std	Y+6, r25	; 0x06
    2366:	8d 83       	std	Y+5, r24	; 0x05
    2368:	0f c0       	rjmp	.+30     	; 0x2388 <DCMOTOR_OperateCW+0x41c>
    236a:	88 ec       	ldi	r24, 0xC8	; 200
    236c:	90 e0       	ldi	r25, 0x00	; 0
    236e:	9c 83       	std	Y+4, r25	; 0x04
    2370:	8b 83       	std	Y+3, r24	; 0x03
    2372:	8b 81       	ldd	r24, Y+3	; 0x03
    2374:	9c 81       	ldd	r25, Y+4	; 0x04
    2376:	01 97       	sbiw	r24, 0x01	; 1
    2378:	f1 f7       	brne	.-4      	; 0x2376 <DCMOTOR_OperateCW+0x40a>
    237a:	9c 83       	std	Y+4, r25	; 0x04
    237c:	8b 83       	std	Y+3, r24	; 0x03
		while(__ticks)
		{
			// wait 1/10 ms
			_delay_loop_2(((F_CPU) / 4e3) / 10);
			__ticks --;
    237e:	8d 81       	ldd	r24, Y+5	; 0x05
    2380:	9e 81       	ldd	r25, Y+6	; 0x06
    2382:	01 97       	sbiw	r24, 0x01	; 1
    2384:	9e 83       	std	Y+6, r25	; 0x06
    2386:	8d 83       	std	Y+5, r24	; 0x05
		__ticks = 1;
	else if (__tmp > 65535)
	{
		//	__ticks = requested delay in 1/10 ms
		__ticks = (uint16_t) (__ms * 10.0);
		while(__ticks)
    2388:	8d 81       	ldd	r24, Y+5	; 0x05
    238a:	9e 81       	ldd	r25, Y+6	; 0x06
    238c:	00 97       	sbiw	r24, 0x00	; 0
    238e:	69 f7       	brne	.-38     	; 0x236a <DCMOTOR_OperateCW+0x3fe>
    2390:	14 c0       	rjmp	.+40     	; 0x23ba <DCMOTOR_OperateCW+0x44e>
			__ticks --;
		}
		return;
	}
	else
		__ticks = (uint16_t)__tmp;
    2392:	6f 81       	ldd	r22, Y+7	; 0x07
    2394:	78 85       	ldd	r23, Y+8	; 0x08
    2396:	89 85       	ldd	r24, Y+9	; 0x09
    2398:	9a 85       	ldd	r25, Y+10	; 0x0a
    239a:	0e 94 41 00 	call	0x82	; 0x82 <__fixunssfsi>
    239e:	dc 01       	movw	r26, r24
    23a0:	cb 01       	movw	r24, r22
    23a2:	9e 83       	std	Y+6, r25	; 0x06
    23a4:	8d 83       	std	Y+5, r24	; 0x05
    23a6:	8d 81       	ldd	r24, Y+5	; 0x05
    23a8:	9e 81       	ldd	r25, Y+6	; 0x06
    23aa:	9a 83       	std	Y+2, r25	; 0x02
    23ac:	89 83       	std	Y+1, r24	; 0x01
    23ae:	89 81       	ldd	r24, Y+1	; 0x01
    23b0:	9a 81       	ldd	r25, Y+2	; 0x02
    23b2:	01 97       	sbiw	r24, 0x01	; 1
    23b4:	f1 f7       	brne	.-4      	; 0x23b2 <DCMOTOR_OperateCW+0x446>
    23b6:	9a 83       	std	Y+2, r25	; 0x02
    23b8:	89 83       	std	Y+1, r24	; 0x01

}

void DCMOTOR_OperateCW(u32 steps)
{
	for(u32 i=0;i<steps;i++)
    23ba:	89 ad       	ldd	r24, Y+57	; 0x39
    23bc:	9a ad       	ldd	r25, Y+58	; 0x3a
    23be:	01 96       	adiw	r24, 0x01	; 1
    23c0:	9a af       	std	Y+58, r25	; 0x3a
    23c2:	89 af       	std	Y+57, r24	; 0x39
    23c4:	29 ad       	ldd	r18, Y+57	; 0x39
    23c6:	3a ad       	ldd	r19, Y+58	; 0x3a
    23c8:	8b ad       	ldd	r24, Y+59	; 0x3b
    23ca:	9c ad       	ldd	r25, Y+60	; 0x3c
    23cc:	28 17       	cp	r18, r24
    23ce:	39 07       	cpc	r19, r25
    23d0:	08 f4       	brcc	.+2      	; 0x23d4 <DCMOTOR_OperateCW+0x468>
    23d2:	db cd       	rjmp	.-1098   	; 0x1f8a <DCMOTOR_OperateCW+0x1e>
								DIO_u8SetPinValue(DIO_u8_PORTA,DIO_u8_PIN1,DIO_u8_LOW);
								DIO_u8SetPinValue(DIO_u8_PORTA,DIO_u8_PIN2,DIO_u8_LOW);
								DIO_u8SetPinValue(DIO_u8_PORTA,DIO_u8_PIN3,DIO_u8_HIGH);
								_delay_ms(10);
	}
}
    23d4:	ec 96       	adiw	r28, 0x3c	; 60
    23d6:	0f b6       	in	r0, 0x3f	; 63
    23d8:	f8 94       	cli
    23da:	de bf       	out	0x3e, r29	; 62
    23dc:	0f be       	out	0x3f, r0	; 63
    23de:	cd bf       	out	0x3d, r28	; 61
    23e0:	cf 91       	pop	r28
    23e2:	df 91       	pop	r29
    23e4:	08 95       	ret

000023e6 <DCMOTOR_OperateCCW>:
void DCMOTOR_OperateCCW(u32 steps)
{
    23e6:	df 93       	push	r29
    23e8:	cf 93       	push	r28
    23ea:	cd b7       	in	r28, 0x3d	; 61
    23ec:	de b7       	in	r29, 0x3e	; 62
    23ee:	ec 97       	sbiw	r28, 0x3c	; 60
    23f0:	0f b6       	in	r0, 0x3f	; 63
    23f2:	f8 94       	cli
    23f4:	de bf       	out	0x3e, r29	; 62
    23f6:	0f be       	out	0x3f, r0	; 63
    23f8:	cd bf       	out	0x3d, r28	; 61
    23fa:	9c af       	std	Y+60, r25	; 0x3c
    23fc:	8b af       	std	Y+59, r24	; 0x3b
	for(u32 i=0;i<steps;i++)
    23fe:	1a ae       	std	Y+58, r1	; 0x3a
    2400:	19 ae       	std	Y+57, r1	; 0x39
    2402:	1d c2       	rjmp	.+1082   	; 0x283e <DCMOTOR_OperateCCW+0x458>
		{
	DIO_u8SetPinValue(DIO_u8_PORTA,DIO_u8_PIN0,DIO_u8_LOW);
    2404:	80 e0       	ldi	r24, 0x00	; 0
    2406:	60 e0       	ldi	r22, 0x00	; 0
    2408:	40 e0       	ldi	r20, 0x00	; 0
    240a:	0e 94 ec 06 	call	0xdd8	; 0xdd8 <DIO_u8SetPinValue>
									DIO_u8SetPinValue(DIO_u8_PORTA,DIO_u8_PIN1,DIO_u8_LOW);
    240e:	80 e0       	ldi	r24, 0x00	; 0
    2410:	61 e0       	ldi	r22, 0x01	; 1
    2412:	40 e0       	ldi	r20, 0x00	; 0
    2414:	0e 94 ec 06 	call	0xdd8	; 0xdd8 <DIO_u8SetPinValue>
									DIO_u8SetPinValue(DIO_u8_PORTA,DIO_u8_PIN2,DIO_u8_LOW);
    2418:	80 e0       	ldi	r24, 0x00	; 0
    241a:	62 e0       	ldi	r22, 0x02	; 2
    241c:	40 e0       	ldi	r20, 0x00	; 0
    241e:	0e 94 ec 06 	call	0xdd8	; 0xdd8 <DIO_u8SetPinValue>
									DIO_u8SetPinValue(DIO_u8_PORTA,DIO_u8_PIN3,DIO_u8_HIGH);
    2422:	80 e0       	ldi	r24, 0x00	; 0
    2424:	63 e0       	ldi	r22, 0x03	; 3
    2426:	41 e0       	ldi	r20, 0x01	; 1
    2428:	0e 94 ec 06 	call	0xdd8	; 0xdd8 <DIO_u8SetPinValue>
    242c:	80 e0       	ldi	r24, 0x00	; 0
    242e:	90 e0       	ldi	r25, 0x00	; 0
    2430:	a0 e2       	ldi	r26, 0x20	; 32
    2432:	b1 e4       	ldi	r27, 0x41	; 65
    2434:	8d ab       	std	Y+53, r24	; 0x35
    2436:	9e ab       	std	Y+54, r25	; 0x36
    2438:	af ab       	std	Y+55, r26	; 0x37
    243a:	b8 af       	std	Y+56, r27	; 0x38
 */
void
_delay_ms(double __ms)
{
	uint16_t __ticks;
	double __tmp = ((F_CPU) / 4e3) * __ms;
    243c:	6d a9       	ldd	r22, Y+53	; 0x35
    243e:	7e a9       	ldd	r23, Y+54	; 0x36
    2440:	8f a9       	ldd	r24, Y+55	; 0x37
    2442:	98 ad       	ldd	r25, Y+56	; 0x38
    2444:	20 e0       	ldi	r18, 0x00	; 0
    2446:	30 e0       	ldi	r19, 0x00	; 0
    2448:	4a ef       	ldi	r20, 0xFA	; 250
    244a:	54 e4       	ldi	r21, 0x44	; 68
    244c:	0e 94 17 02 	call	0x42e	; 0x42e <__mulsf3>
    2450:	dc 01       	movw	r26, r24
    2452:	cb 01       	movw	r24, r22
    2454:	89 ab       	std	Y+49, r24	; 0x31
    2456:	9a ab       	std	Y+50, r25	; 0x32
    2458:	ab ab       	std	Y+51, r26	; 0x33
    245a:	bc ab       	std	Y+52, r27	; 0x34
	if (__tmp < 1.0)
    245c:	69 a9       	ldd	r22, Y+49	; 0x31
    245e:	7a a9       	ldd	r23, Y+50	; 0x32
    2460:	8b a9       	ldd	r24, Y+51	; 0x33
    2462:	9c a9       	ldd	r25, Y+52	; 0x34
    2464:	20 e0       	ldi	r18, 0x00	; 0
    2466:	30 e0       	ldi	r19, 0x00	; 0
    2468:	40 e8       	ldi	r20, 0x80	; 128
    246a:	5f e3       	ldi	r21, 0x3F	; 63
    246c:	0e 94 71 03 	call	0x6e2	; 0x6e2 <__ltsf2>
    2470:	88 23       	and	r24, r24
    2472:	2c f4       	brge	.+10     	; 0x247e <DCMOTOR_OperateCCW+0x98>
		__ticks = 1;
    2474:	81 e0       	ldi	r24, 0x01	; 1
    2476:	90 e0       	ldi	r25, 0x00	; 0
    2478:	98 ab       	std	Y+48, r25	; 0x30
    247a:	8f a7       	std	Y+47, r24	; 0x2f
    247c:	3f c0       	rjmp	.+126    	; 0x24fc <DCMOTOR_OperateCCW+0x116>
	else if (__tmp > 65535)
    247e:	69 a9       	ldd	r22, Y+49	; 0x31
    2480:	7a a9       	ldd	r23, Y+50	; 0x32
    2482:	8b a9       	ldd	r24, Y+51	; 0x33
    2484:	9c a9       	ldd	r25, Y+52	; 0x34
    2486:	20 e0       	ldi	r18, 0x00	; 0
    2488:	3f ef       	ldi	r19, 0xFF	; 255
    248a:	4f e7       	ldi	r20, 0x7F	; 127
    248c:	57 e4       	ldi	r21, 0x47	; 71
    248e:	0e 94 11 03 	call	0x622	; 0x622 <__gtsf2>
    2492:	18 16       	cp	r1, r24
    2494:	4c f5       	brge	.+82     	; 0x24e8 <DCMOTOR_OperateCCW+0x102>
	{
		//	__ticks = requested delay in 1/10 ms
		__ticks = (uint16_t) (__ms * 10.0);
    2496:	6d a9       	ldd	r22, Y+53	; 0x35
    2498:	7e a9       	ldd	r23, Y+54	; 0x36
    249a:	8f a9       	ldd	r24, Y+55	; 0x37
    249c:	98 ad       	ldd	r25, Y+56	; 0x38
    249e:	20 e0       	ldi	r18, 0x00	; 0
    24a0:	30 e0       	ldi	r19, 0x00	; 0
    24a2:	40 e2       	ldi	r20, 0x20	; 32
    24a4:	51 e4       	ldi	r21, 0x41	; 65
    24a6:	0e 94 17 02 	call	0x42e	; 0x42e <__mulsf3>
    24aa:	dc 01       	movw	r26, r24
    24ac:	cb 01       	movw	r24, r22
    24ae:	bc 01       	movw	r22, r24
    24b0:	cd 01       	movw	r24, r26
    24b2:	0e 94 41 00 	call	0x82	; 0x82 <__fixunssfsi>
    24b6:	dc 01       	movw	r26, r24
    24b8:	cb 01       	movw	r24, r22
    24ba:	98 ab       	std	Y+48, r25	; 0x30
    24bc:	8f a7       	std	Y+47, r24	; 0x2f
    24be:	0f c0       	rjmp	.+30     	; 0x24de <DCMOTOR_OperateCCW+0xf8>
    24c0:	88 ec       	ldi	r24, 0xC8	; 200
    24c2:	90 e0       	ldi	r25, 0x00	; 0
    24c4:	9e a7       	std	Y+46, r25	; 0x2e
    24c6:	8d a7       	std	Y+45, r24	; 0x2d
    24c8:	8d a5       	ldd	r24, Y+45	; 0x2d
    24ca:	9e a5       	ldd	r25, Y+46	; 0x2e
    24cc:	01 97       	sbiw	r24, 0x01	; 1
    24ce:	f1 f7       	brne	.-4      	; 0x24cc <DCMOTOR_OperateCCW+0xe6>
    24d0:	9e a7       	std	Y+46, r25	; 0x2e
    24d2:	8d a7       	std	Y+45, r24	; 0x2d
		while(__ticks)
		{
			// wait 1/10 ms
			_delay_loop_2(((F_CPU) / 4e3) / 10);
			__ticks --;
    24d4:	8f a5       	ldd	r24, Y+47	; 0x2f
    24d6:	98 a9       	ldd	r25, Y+48	; 0x30
    24d8:	01 97       	sbiw	r24, 0x01	; 1
    24da:	98 ab       	std	Y+48, r25	; 0x30
    24dc:	8f a7       	std	Y+47, r24	; 0x2f
		__ticks = 1;
	else if (__tmp > 65535)
	{
		//	__ticks = requested delay in 1/10 ms
		__ticks = (uint16_t) (__ms * 10.0);
		while(__ticks)
    24de:	8f a5       	ldd	r24, Y+47	; 0x2f
    24e0:	98 a9       	ldd	r25, Y+48	; 0x30
    24e2:	00 97       	sbiw	r24, 0x00	; 0
    24e4:	69 f7       	brne	.-38     	; 0x24c0 <DCMOTOR_OperateCCW+0xda>
    24e6:	14 c0       	rjmp	.+40     	; 0x2510 <DCMOTOR_OperateCCW+0x12a>
			__ticks --;
		}
		return;
	}
	else
		__ticks = (uint16_t)__tmp;
    24e8:	69 a9       	ldd	r22, Y+49	; 0x31
    24ea:	7a a9       	ldd	r23, Y+50	; 0x32
    24ec:	8b a9       	ldd	r24, Y+51	; 0x33
    24ee:	9c a9       	ldd	r25, Y+52	; 0x34
    24f0:	0e 94 41 00 	call	0x82	; 0x82 <__fixunssfsi>
    24f4:	dc 01       	movw	r26, r24
    24f6:	cb 01       	movw	r24, r22
    24f8:	98 ab       	std	Y+48, r25	; 0x30
    24fa:	8f a7       	std	Y+47, r24	; 0x2f
    24fc:	8f a5       	ldd	r24, Y+47	; 0x2f
    24fe:	98 a9       	ldd	r25, Y+48	; 0x30
    2500:	9c a7       	std	Y+44, r25	; 0x2c
    2502:	8b a7       	std	Y+43, r24	; 0x2b
    2504:	8b a5       	ldd	r24, Y+43	; 0x2b
    2506:	9c a5       	ldd	r25, Y+44	; 0x2c
    2508:	01 97       	sbiw	r24, 0x01	; 1
    250a:	f1 f7       	brne	.-4      	; 0x2508 <DCMOTOR_OperateCCW+0x122>
    250c:	9c a7       	std	Y+44, r25	; 0x2c
    250e:	8b a7       	std	Y+43, r24	; 0x2b
									_delay_ms(10);
									DIO_u8SetPinValue(DIO_u8_PORTA,DIO_u8_PIN0,DIO_u8_LOW);
    2510:	80 e0       	ldi	r24, 0x00	; 0
    2512:	60 e0       	ldi	r22, 0x00	; 0
    2514:	40 e0       	ldi	r20, 0x00	; 0
    2516:	0e 94 ec 06 	call	0xdd8	; 0xdd8 <DIO_u8SetPinValue>
															DIO_u8SetPinValue(DIO_u8_PORTA,DIO_u8_PIN1,DIO_u8_LOW);
    251a:	80 e0       	ldi	r24, 0x00	; 0
    251c:	61 e0       	ldi	r22, 0x01	; 1
    251e:	40 e0       	ldi	r20, 0x00	; 0
    2520:	0e 94 ec 06 	call	0xdd8	; 0xdd8 <DIO_u8SetPinValue>
															DIO_u8SetPinValue(DIO_u8_PORTA,DIO_u8_PIN2,DIO_u8_HIGH);
    2524:	80 e0       	ldi	r24, 0x00	; 0
    2526:	62 e0       	ldi	r22, 0x02	; 2
    2528:	41 e0       	ldi	r20, 0x01	; 1
    252a:	0e 94 ec 06 	call	0xdd8	; 0xdd8 <DIO_u8SetPinValue>
															DIO_u8SetPinValue(DIO_u8_PORTA,DIO_u8_PIN3,DIO_u8_LOW);
    252e:	80 e0       	ldi	r24, 0x00	; 0
    2530:	63 e0       	ldi	r22, 0x03	; 3
    2532:	40 e0       	ldi	r20, 0x00	; 0
    2534:	0e 94 ec 06 	call	0xdd8	; 0xdd8 <DIO_u8SetPinValue>
    2538:	80 e0       	ldi	r24, 0x00	; 0
    253a:	90 e0       	ldi	r25, 0x00	; 0
    253c:	a0 e2       	ldi	r26, 0x20	; 32
    253e:	b1 e4       	ldi	r27, 0x41	; 65
    2540:	8f a3       	std	Y+39, r24	; 0x27
    2542:	98 a7       	std	Y+40, r25	; 0x28
    2544:	a9 a7       	std	Y+41, r26	; 0x29
    2546:	ba a7       	std	Y+42, r27	; 0x2a
 */
void
_delay_ms(double __ms)
{
	uint16_t __ticks;
	double __tmp = ((F_CPU) / 4e3) * __ms;
    2548:	6f a1       	ldd	r22, Y+39	; 0x27
    254a:	78 a5       	ldd	r23, Y+40	; 0x28
    254c:	89 a5       	ldd	r24, Y+41	; 0x29
    254e:	9a a5       	ldd	r25, Y+42	; 0x2a
    2550:	20 e0       	ldi	r18, 0x00	; 0
    2552:	30 e0       	ldi	r19, 0x00	; 0
    2554:	4a ef       	ldi	r20, 0xFA	; 250
    2556:	54 e4       	ldi	r21, 0x44	; 68
    2558:	0e 94 17 02 	call	0x42e	; 0x42e <__mulsf3>
    255c:	dc 01       	movw	r26, r24
    255e:	cb 01       	movw	r24, r22
    2560:	8b a3       	std	Y+35, r24	; 0x23
    2562:	9c a3       	std	Y+36, r25	; 0x24
    2564:	ad a3       	std	Y+37, r26	; 0x25
    2566:	be a3       	std	Y+38, r27	; 0x26
	if (__tmp < 1.0)
    2568:	6b a1       	ldd	r22, Y+35	; 0x23
    256a:	7c a1       	ldd	r23, Y+36	; 0x24
    256c:	8d a1       	ldd	r24, Y+37	; 0x25
    256e:	9e a1       	ldd	r25, Y+38	; 0x26
    2570:	20 e0       	ldi	r18, 0x00	; 0
    2572:	30 e0       	ldi	r19, 0x00	; 0
    2574:	40 e8       	ldi	r20, 0x80	; 128
    2576:	5f e3       	ldi	r21, 0x3F	; 63
    2578:	0e 94 71 03 	call	0x6e2	; 0x6e2 <__ltsf2>
    257c:	88 23       	and	r24, r24
    257e:	2c f4       	brge	.+10     	; 0x258a <DCMOTOR_OperateCCW+0x1a4>
		__ticks = 1;
    2580:	81 e0       	ldi	r24, 0x01	; 1
    2582:	90 e0       	ldi	r25, 0x00	; 0
    2584:	9a a3       	std	Y+34, r25	; 0x22
    2586:	89 a3       	std	Y+33, r24	; 0x21
    2588:	3f c0       	rjmp	.+126    	; 0x2608 <DCMOTOR_OperateCCW+0x222>
	else if (__tmp > 65535)
    258a:	6b a1       	ldd	r22, Y+35	; 0x23
    258c:	7c a1       	ldd	r23, Y+36	; 0x24
    258e:	8d a1       	ldd	r24, Y+37	; 0x25
    2590:	9e a1       	ldd	r25, Y+38	; 0x26
    2592:	20 e0       	ldi	r18, 0x00	; 0
    2594:	3f ef       	ldi	r19, 0xFF	; 255
    2596:	4f e7       	ldi	r20, 0x7F	; 127
    2598:	57 e4       	ldi	r21, 0x47	; 71
    259a:	0e 94 11 03 	call	0x622	; 0x622 <__gtsf2>
    259e:	18 16       	cp	r1, r24
    25a0:	4c f5       	brge	.+82     	; 0x25f4 <DCMOTOR_OperateCCW+0x20e>
	{
		//	__ticks = requested delay in 1/10 ms
		__ticks = (uint16_t) (__ms * 10.0);
    25a2:	6f a1       	ldd	r22, Y+39	; 0x27
    25a4:	78 a5       	ldd	r23, Y+40	; 0x28
    25a6:	89 a5       	ldd	r24, Y+41	; 0x29
    25a8:	9a a5       	ldd	r25, Y+42	; 0x2a
    25aa:	20 e0       	ldi	r18, 0x00	; 0
    25ac:	30 e0       	ldi	r19, 0x00	; 0
    25ae:	40 e2       	ldi	r20, 0x20	; 32
    25b0:	51 e4       	ldi	r21, 0x41	; 65
    25b2:	0e 94 17 02 	call	0x42e	; 0x42e <__mulsf3>
    25b6:	dc 01       	movw	r26, r24
    25b8:	cb 01       	movw	r24, r22
    25ba:	bc 01       	movw	r22, r24
    25bc:	cd 01       	movw	r24, r26
    25be:	0e 94 41 00 	call	0x82	; 0x82 <__fixunssfsi>
    25c2:	dc 01       	movw	r26, r24
    25c4:	cb 01       	movw	r24, r22
    25c6:	9a a3       	std	Y+34, r25	; 0x22
    25c8:	89 a3       	std	Y+33, r24	; 0x21
    25ca:	0f c0       	rjmp	.+30     	; 0x25ea <DCMOTOR_OperateCCW+0x204>
    25cc:	88 ec       	ldi	r24, 0xC8	; 200
    25ce:	90 e0       	ldi	r25, 0x00	; 0
    25d0:	98 a3       	std	Y+32, r25	; 0x20
    25d2:	8f 8f       	std	Y+31, r24	; 0x1f
    25d4:	8f 8d       	ldd	r24, Y+31	; 0x1f
    25d6:	98 a1       	ldd	r25, Y+32	; 0x20
    25d8:	01 97       	sbiw	r24, 0x01	; 1
    25da:	f1 f7       	brne	.-4      	; 0x25d8 <DCMOTOR_OperateCCW+0x1f2>
    25dc:	98 a3       	std	Y+32, r25	; 0x20
    25de:	8f 8f       	std	Y+31, r24	; 0x1f
		while(__ticks)
		{
			// wait 1/10 ms
			_delay_loop_2(((F_CPU) / 4e3) / 10);
			__ticks --;
    25e0:	89 a1       	ldd	r24, Y+33	; 0x21
    25e2:	9a a1       	ldd	r25, Y+34	; 0x22
    25e4:	01 97       	sbiw	r24, 0x01	; 1
    25e6:	9a a3       	std	Y+34, r25	; 0x22
    25e8:	89 a3       	std	Y+33, r24	; 0x21
		__ticks = 1;
	else if (__tmp > 65535)
	{
		//	__ticks = requested delay in 1/10 ms
		__ticks = (uint16_t) (__ms * 10.0);
		while(__ticks)
    25ea:	89 a1       	ldd	r24, Y+33	; 0x21
    25ec:	9a a1       	ldd	r25, Y+34	; 0x22
    25ee:	00 97       	sbiw	r24, 0x00	; 0
    25f0:	69 f7       	brne	.-38     	; 0x25cc <DCMOTOR_OperateCCW+0x1e6>
    25f2:	14 c0       	rjmp	.+40     	; 0x261c <DCMOTOR_OperateCCW+0x236>
			__ticks --;
		}
		return;
	}
	else
		__ticks = (uint16_t)__tmp;
    25f4:	6b a1       	ldd	r22, Y+35	; 0x23
    25f6:	7c a1       	ldd	r23, Y+36	; 0x24
    25f8:	8d a1       	ldd	r24, Y+37	; 0x25
    25fa:	9e a1       	ldd	r25, Y+38	; 0x26
    25fc:	0e 94 41 00 	call	0x82	; 0x82 <__fixunssfsi>
    2600:	dc 01       	movw	r26, r24
    2602:	cb 01       	movw	r24, r22
    2604:	9a a3       	std	Y+34, r25	; 0x22
    2606:	89 a3       	std	Y+33, r24	; 0x21
    2608:	89 a1       	ldd	r24, Y+33	; 0x21
    260a:	9a a1       	ldd	r25, Y+34	; 0x22
    260c:	9e 8f       	std	Y+30, r25	; 0x1e
    260e:	8d 8f       	std	Y+29, r24	; 0x1d
    2610:	8d 8d       	ldd	r24, Y+29	; 0x1d
    2612:	9e 8d       	ldd	r25, Y+30	; 0x1e
    2614:	01 97       	sbiw	r24, 0x01	; 1
    2616:	f1 f7       	brne	.-4      	; 0x2614 <DCMOTOR_OperateCCW+0x22e>
    2618:	9e 8f       	std	Y+30, r25	; 0x1e
    261a:	8d 8f       	std	Y+29, r24	; 0x1d
															_delay_ms(10);
															DIO_u8SetPinValue(DIO_u8_PORTA,DIO_u8_PIN0,DIO_u8_LOW);
    261c:	80 e0       	ldi	r24, 0x00	; 0
    261e:	60 e0       	ldi	r22, 0x00	; 0
    2620:	40 e0       	ldi	r20, 0x00	; 0
    2622:	0e 94 ec 06 	call	0xdd8	; 0xdd8 <DIO_u8SetPinValue>
																			DIO_u8SetPinValue(DIO_u8_PORTA,DIO_u8_PIN1,DIO_u8_HIGH);
    2626:	80 e0       	ldi	r24, 0x00	; 0
    2628:	61 e0       	ldi	r22, 0x01	; 1
    262a:	41 e0       	ldi	r20, 0x01	; 1
    262c:	0e 94 ec 06 	call	0xdd8	; 0xdd8 <DIO_u8SetPinValue>
																			DIO_u8SetPinValue(DIO_u8_PORTA,DIO_u8_PIN2,DIO_u8_LOW);
    2630:	80 e0       	ldi	r24, 0x00	; 0
    2632:	62 e0       	ldi	r22, 0x02	; 2
    2634:	40 e0       	ldi	r20, 0x00	; 0
    2636:	0e 94 ec 06 	call	0xdd8	; 0xdd8 <DIO_u8SetPinValue>
																			DIO_u8SetPinValue(DIO_u8_PORTA,DIO_u8_PIN3,DIO_u8_LOW);
    263a:	80 e0       	ldi	r24, 0x00	; 0
    263c:	63 e0       	ldi	r22, 0x03	; 3
    263e:	40 e0       	ldi	r20, 0x00	; 0
    2640:	0e 94 ec 06 	call	0xdd8	; 0xdd8 <DIO_u8SetPinValue>
    2644:	80 e0       	ldi	r24, 0x00	; 0
    2646:	90 e0       	ldi	r25, 0x00	; 0
    2648:	a0 e2       	ldi	r26, 0x20	; 32
    264a:	b1 e4       	ldi	r27, 0x41	; 65
    264c:	89 8f       	std	Y+25, r24	; 0x19
    264e:	9a 8f       	std	Y+26, r25	; 0x1a
    2650:	ab 8f       	std	Y+27, r26	; 0x1b
    2652:	bc 8f       	std	Y+28, r27	; 0x1c
 */
void
_delay_ms(double __ms)
{
	uint16_t __ticks;
	double __tmp = ((F_CPU) / 4e3) * __ms;
    2654:	69 8d       	ldd	r22, Y+25	; 0x19
    2656:	7a 8d       	ldd	r23, Y+26	; 0x1a
    2658:	8b 8d       	ldd	r24, Y+27	; 0x1b
    265a:	9c 8d       	ldd	r25, Y+28	; 0x1c
    265c:	20 e0       	ldi	r18, 0x00	; 0
    265e:	30 e0       	ldi	r19, 0x00	; 0
    2660:	4a ef       	ldi	r20, 0xFA	; 250
    2662:	54 e4       	ldi	r21, 0x44	; 68
    2664:	0e 94 17 02 	call	0x42e	; 0x42e <__mulsf3>
    2668:	dc 01       	movw	r26, r24
    266a:	cb 01       	movw	r24, r22
    266c:	8d 8b       	std	Y+21, r24	; 0x15
    266e:	9e 8b       	std	Y+22, r25	; 0x16
    2670:	af 8b       	std	Y+23, r26	; 0x17
    2672:	b8 8f       	std	Y+24, r27	; 0x18
	if (__tmp < 1.0)
    2674:	6d 89       	ldd	r22, Y+21	; 0x15
    2676:	7e 89       	ldd	r23, Y+22	; 0x16
    2678:	8f 89       	ldd	r24, Y+23	; 0x17
    267a:	98 8d       	ldd	r25, Y+24	; 0x18
    267c:	20 e0       	ldi	r18, 0x00	; 0
    267e:	30 e0       	ldi	r19, 0x00	; 0
    2680:	40 e8       	ldi	r20, 0x80	; 128
    2682:	5f e3       	ldi	r21, 0x3F	; 63
    2684:	0e 94 71 03 	call	0x6e2	; 0x6e2 <__ltsf2>
    2688:	88 23       	and	r24, r24
    268a:	2c f4       	brge	.+10     	; 0x2696 <DCMOTOR_OperateCCW+0x2b0>
		__ticks = 1;
    268c:	81 e0       	ldi	r24, 0x01	; 1
    268e:	90 e0       	ldi	r25, 0x00	; 0
    2690:	9c 8b       	std	Y+20, r25	; 0x14
    2692:	8b 8b       	std	Y+19, r24	; 0x13
    2694:	3f c0       	rjmp	.+126    	; 0x2714 <DCMOTOR_OperateCCW+0x32e>
	else if (__tmp > 65535)
    2696:	6d 89       	ldd	r22, Y+21	; 0x15
    2698:	7e 89       	ldd	r23, Y+22	; 0x16
    269a:	8f 89       	ldd	r24, Y+23	; 0x17
    269c:	98 8d       	ldd	r25, Y+24	; 0x18
    269e:	20 e0       	ldi	r18, 0x00	; 0
    26a0:	3f ef       	ldi	r19, 0xFF	; 255
    26a2:	4f e7       	ldi	r20, 0x7F	; 127
    26a4:	57 e4       	ldi	r21, 0x47	; 71
    26a6:	0e 94 11 03 	call	0x622	; 0x622 <__gtsf2>
    26aa:	18 16       	cp	r1, r24
    26ac:	4c f5       	brge	.+82     	; 0x2700 <DCMOTOR_OperateCCW+0x31a>
	{
		//	__ticks = requested delay in 1/10 ms
		__ticks = (uint16_t) (__ms * 10.0);
    26ae:	69 8d       	ldd	r22, Y+25	; 0x19
    26b0:	7a 8d       	ldd	r23, Y+26	; 0x1a
    26b2:	8b 8d       	ldd	r24, Y+27	; 0x1b
    26b4:	9c 8d       	ldd	r25, Y+28	; 0x1c
    26b6:	20 e0       	ldi	r18, 0x00	; 0
    26b8:	30 e0       	ldi	r19, 0x00	; 0
    26ba:	40 e2       	ldi	r20, 0x20	; 32
    26bc:	51 e4       	ldi	r21, 0x41	; 65
    26be:	0e 94 17 02 	call	0x42e	; 0x42e <__mulsf3>
    26c2:	dc 01       	movw	r26, r24
    26c4:	cb 01       	movw	r24, r22
    26c6:	bc 01       	movw	r22, r24
    26c8:	cd 01       	movw	r24, r26
    26ca:	0e 94 41 00 	call	0x82	; 0x82 <__fixunssfsi>
    26ce:	dc 01       	movw	r26, r24
    26d0:	cb 01       	movw	r24, r22
    26d2:	9c 8b       	std	Y+20, r25	; 0x14
    26d4:	8b 8b       	std	Y+19, r24	; 0x13
    26d6:	0f c0       	rjmp	.+30     	; 0x26f6 <DCMOTOR_OperateCCW+0x310>
    26d8:	88 ec       	ldi	r24, 0xC8	; 200
    26da:	90 e0       	ldi	r25, 0x00	; 0
    26dc:	9a 8b       	std	Y+18, r25	; 0x12
    26de:	89 8b       	std	Y+17, r24	; 0x11
    26e0:	89 89       	ldd	r24, Y+17	; 0x11
    26e2:	9a 89       	ldd	r25, Y+18	; 0x12
    26e4:	01 97       	sbiw	r24, 0x01	; 1
    26e6:	f1 f7       	brne	.-4      	; 0x26e4 <DCMOTOR_OperateCCW+0x2fe>
    26e8:	9a 8b       	std	Y+18, r25	; 0x12
    26ea:	89 8b       	std	Y+17, r24	; 0x11
		while(__ticks)
		{
			// wait 1/10 ms
			_delay_loop_2(((F_CPU) / 4e3) / 10);
			__ticks --;
    26ec:	8b 89       	ldd	r24, Y+19	; 0x13
    26ee:	9c 89       	ldd	r25, Y+20	; 0x14
    26f0:	01 97       	sbiw	r24, 0x01	; 1
    26f2:	9c 8b       	std	Y+20, r25	; 0x14
    26f4:	8b 8b       	std	Y+19, r24	; 0x13
		__ticks = 1;
	else if (__tmp > 65535)
	{
		//	__ticks = requested delay in 1/10 ms
		__ticks = (uint16_t) (__ms * 10.0);
		while(__ticks)
    26f6:	8b 89       	ldd	r24, Y+19	; 0x13
    26f8:	9c 89       	ldd	r25, Y+20	; 0x14
    26fa:	00 97       	sbiw	r24, 0x00	; 0
    26fc:	69 f7       	brne	.-38     	; 0x26d8 <DCMOTOR_OperateCCW+0x2f2>
    26fe:	14 c0       	rjmp	.+40     	; 0x2728 <DCMOTOR_OperateCCW+0x342>
			__ticks --;
		}
		return;
	}
	else
		__ticks = (uint16_t)__tmp;
    2700:	6d 89       	ldd	r22, Y+21	; 0x15
    2702:	7e 89       	ldd	r23, Y+22	; 0x16
    2704:	8f 89       	ldd	r24, Y+23	; 0x17
    2706:	98 8d       	ldd	r25, Y+24	; 0x18
    2708:	0e 94 41 00 	call	0x82	; 0x82 <__fixunssfsi>
    270c:	dc 01       	movw	r26, r24
    270e:	cb 01       	movw	r24, r22
    2710:	9c 8b       	std	Y+20, r25	; 0x14
    2712:	8b 8b       	std	Y+19, r24	; 0x13
    2714:	8b 89       	ldd	r24, Y+19	; 0x13
    2716:	9c 89       	ldd	r25, Y+20	; 0x14
    2718:	98 8b       	std	Y+16, r25	; 0x10
    271a:	8f 87       	std	Y+15, r24	; 0x0f
    271c:	8f 85       	ldd	r24, Y+15	; 0x0f
    271e:	98 89       	ldd	r25, Y+16	; 0x10
    2720:	01 97       	sbiw	r24, 0x01	; 1
    2722:	f1 f7       	brne	.-4      	; 0x2720 <DCMOTOR_OperateCCW+0x33a>
    2724:	98 8b       	std	Y+16, r25	; 0x10
    2726:	8f 87       	std	Y+15, r24	; 0x0f
																			_delay_ms(10);
																			DIO_u8SetPinValue(DIO_u8_PORTA,DIO_u8_PIN0,DIO_u8_HIGH);
    2728:	80 e0       	ldi	r24, 0x00	; 0
    272a:	60 e0       	ldi	r22, 0x00	; 0
    272c:	41 e0       	ldi	r20, 0x01	; 1
    272e:	0e 94 ec 06 	call	0xdd8	; 0xdd8 <DIO_u8SetPinValue>
																					DIO_u8SetPinValue(DIO_u8_PORTA,DIO_u8_PIN1,DIO_u8_LOW);
    2732:	80 e0       	ldi	r24, 0x00	; 0
    2734:	61 e0       	ldi	r22, 0x01	; 1
    2736:	40 e0       	ldi	r20, 0x00	; 0
    2738:	0e 94 ec 06 	call	0xdd8	; 0xdd8 <DIO_u8SetPinValue>
																					DIO_u8SetPinValue(DIO_u8_PORTA,DIO_u8_PIN2,DIO_u8_LOW);
    273c:	80 e0       	ldi	r24, 0x00	; 0
    273e:	62 e0       	ldi	r22, 0x02	; 2
    2740:	40 e0       	ldi	r20, 0x00	; 0
    2742:	0e 94 ec 06 	call	0xdd8	; 0xdd8 <DIO_u8SetPinValue>
																					DIO_u8SetPinValue(DIO_u8_PORTA,DIO_u8_PIN3,DIO_u8_LOW);
    2746:	80 e0       	ldi	r24, 0x00	; 0
    2748:	63 e0       	ldi	r22, 0x03	; 3
    274a:	40 e0       	ldi	r20, 0x00	; 0
    274c:	0e 94 ec 06 	call	0xdd8	; 0xdd8 <DIO_u8SetPinValue>
    2750:	80 e0       	ldi	r24, 0x00	; 0
    2752:	90 e0       	ldi	r25, 0x00	; 0
    2754:	a0 e2       	ldi	r26, 0x20	; 32
    2756:	b1 e4       	ldi	r27, 0x41	; 65
    2758:	8b 87       	std	Y+11, r24	; 0x0b
    275a:	9c 87       	std	Y+12, r25	; 0x0c
    275c:	ad 87       	std	Y+13, r26	; 0x0d
    275e:	be 87       	std	Y+14, r27	; 0x0e
 */
void
_delay_ms(double __ms)
{
	uint16_t __ticks;
	double __tmp = ((F_CPU) / 4e3) * __ms;
    2760:	6b 85       	ldd	r22, Y+11	; 0x0b
    2762:	7c 85       	ldd	r23, Y+12	; 0x0c
    2764:	8d 85       	ldd	r24, Y+13	; 0x0d
    2766:	9e 85       	ldd	r25, Y+14	; 0x0e
    2768:	20 e0       	ldi	r18, 0x00	; 0
    276a:	30 e0       	ldi	r19, 0x00	; 0
    276c:	4a ef       	ldi	r20, 0xFA	; 250
    276e:	54 e4       	ldi	r21, 0x44	; 68
    2770:	0e 94 17 02 	call	0x42e	; 0x42e <__mulsf3>
    2774:	dc 01       	movw	r26, r24
    2776:	cb 01       	movw	r24, r22
    2778:	8f 83       	std	Y+7, r24	; 0x07
    277a:	98 87       	std	Y+8, r25	; 0x08
    277c:	a9 87       	std	Y+9, r26	; 0x09
    277e:	ba 87       	std	Y+10, r27	; 0x0a
	if (__tmp < 1.0)
    2780:	6f 81       	ldd	r22, Y+7	; 0x07
    2782:	78 85       	ldd	r23, Y+8	; 0x08
    2784:	89 85       	ldd	r24, Y+9	; 0x09
    2786:	9a 85       	ldd	r25, Y+10	; 0x0a
    2788:	20 e0       	ldi	r18, 0x00	; 0
    278a:	30 e0       	ldi	r19, 0x00	; 0
    278c:	40 e8       	ldi	r20, 0x80	; 128
    278e:	5f e3       	ldi	r21, 0x3F	; 63
    2790:	0e 94 71 03 	call	0x6e2	; 0x6e2 <__ltsf2>
    2794:	88 23       	and	r24, r24
    2796:	2c f4       	brge	.+10     	; 0x27a2 <DCMOTOR_OperateCCW+0x3bc>
		__ticks = 1;
    2798:	81 e0       	ldi	r24, 0x01	; 1
    279a:	90 e0       	ldi	r25, 0x00	; 0
    279c:	9e 83       	std	Y+6, r25	; 0x06
    279e:	8d 83       	std	Y+5, r24	; 0x05
    27a0:	3f c0       	rjmp	.+126    	; 0x2820 <DCMOTOR_OperateCCW+0x43a>
	else if (__tmp > 65535)
    27a2:	6f 81       	ldd	r22, Y+7	; 0x07
    27a4:	78 85       	ldd	r23, Y+8	; 0x08
    27a6:	89 85       	ldd	r24, Y+9	; 0x09
    27a8:	9a 85       	ldd	r25, Y+10	; 0x0a
    27aa:	20 e0       	ldi	r18, 0x00	; 0
    27ac:	3f ef       	ldi	r19, 0xFF	; 255
    27ae:	4f e7       	ldi	r20, 0x7F	; 127
    27b0:	57 e4       	ldi	r21, 0x47	; 71
    27b2:	0e 94 11 03 	call	0x622	; 0x622 <__gtsf2>
    27b6:	18 16       	cp	r1, r24
    27b8:	4c f5       	brge	.+82     	; 0x280c <DCMOTOR_OperateCCW+0x426>
	{
		//	__ticks = requested delay in 1/10 ms
		__ticks = (uint16_t) (__ms * 10.0);
    27ba:	6b 85       	ldd	r22, Y+11	; 0x0b
    27bc:	7c 85       	ldd	r23, Y+12	; 0x0c
    27be:	8d 85       	ldd	r24, Y+13	; 0x0d
    27c0:	9e 85       	ldd	r25, Y+14	; 0x0e
    27c2:	20 e0       	ldi	r18, 0x00	; 0
    27c4:	30 e0       	ldi	r19, 0x00	; 0
    27c6:	40 e2       	ldi	r20, 0x20	; 32
    27c8:	51 e4       	ldi	r21, 0x41	; 65
    27ca:	0e 94 17 02 	call	0x42e	; 0x42e <__mulsf3>
    27ce:	dc 01       	movw	r26, r24
    27d0:	cb 01       	movw	r24, r22
    27d2:	bc 01       	movw	r22, r24
    27d4:	cd 01       	movw	r24, r26
    27d6:	0e 94 41 00 	call	0x82	; 0x82 <__fixunssfsi>
    27da:	dc 01       	movw	r26, r24
    27dc:	cb 01       	movw	r24, r22
    27de:	9e 83       	std	Y+6, r25	; 0x06
    27e0:	8d 83       	std	Y+5, r24	; 0x05
    27e2:	0f c0       	rjmp	.+30     	; 0x2802 <DCMOTOR_OperateCCW+0x41c>
    27e4:	88 ec       	ldi	r24, 0xC8	; 200
    27e6:	90 e0       	ldi	r25, 0x00	; 0
    27e8:	9c 83       	std	Y+4, r25	; 0x04
    27ea:	8b 83       	std	Y+3, r24	; 0x03
    27ec:	8b 81       	ldd	r24, Y+3	; 0x03
    27ee:	9c 81       	ldd	r25, Y+4	; 0x04
    27f0:	01 97       	sbiw	r24, 0x01	; 1
    27f2:	f1 f7       	brne	.-4      	; 0x27f0 <DCMOTOR_OperateCCW+0x40a>
    27f4:	9c 83       	std	Y+4, r25	; 0x04
    27f6:	8b 83       	std	Y+3, r24	; 0x03
		while(__ticks)
		{
			// wait 1/10 ms
			_delay_loop_2(((F_CPU) / 4e3) / 10);
			__ticks --;
    27f8:	8d 81       	ldd	r24, Y+5	; 0x05
    27fa:	9e 81       	ldd	r25, Y+6	; 0x06
    27fc:	01 97       	sbiw	r24, 0x01	; 1
    27fe:	9e 83       	std	Y+6, r25	; 0x06
    2800:	8d 83       	std	Y+5, r24	; 0x05
		__ticks = 1;
	else if (__tmp > 65535)
	{
		//	__ticks = requested delay in 1/10 ms
		__ticks = (uint16_t) (__ms * 10.0);
		while(__ticks)
    2802:	8d 81       	ldd	r24, Y+5	; 0x05
    2804:	9e 81       	ldd	r25, Y+6	; 0x06
    2806:	00 97       	sbiw	r24, 0x00	; 0
    2808:	69 f7       	brne	.-38     	; 0x27e4 <DCMOTOR_OperateCCW+0x3fe>
    280a:	14 c0       	rjmp	.+40     	; 0x2834 <DCMOTOR_OperateCCW+0x44e>
			__ticks --;
		}
		return;
	}
	else
		__ticks = (uint16_t)__tmp;
    280c:	6f 81       	ldd	r22, Y+7	; 0x07
    280e:	78 85       	ldd	r23, Y+8	; 0x08
    2810:	89 85       	ldd	r24, Y+9	; 0x09
    2812:	9a 85       	ldd	r25, Y+10	; 0x0a
    2814:	0e 94 41 00 	call	0x82	; 0x82 <__fixunssfsi>
    2818:	dc 01       	movw	r26, r24
    281a:	cb 01       	movw	r24, r22
    281c:	9e 83       	std	Y+6, r25	; 0x06
    281e:	8d 83       	std	Y+5, r24	; 0x05
    2820:	8d 81       	ldd	r24, Y+5	; 0x05
    2822:	9e 81       	ldd	r25, Y+6	; 0x06
    2824:	9a 83       	std	Y+2, r25	; 0x02
    2826:	89 83       	std	Y+1, r24	; 0x01
    2828:	89 81       	ldd	r24, Y+1	; 0x01
    282a:	9a 81       	ldd	r25, Y+2	; 0x02
    282c:	01 97       	sbiw	r24, 0x01	; 1
    282e:	f1 f7       	brne	.-4      	; 0x282c <DCMOTOR_OperateCCW+0x446>
    2830:	9a 83       	std	Y+2, r25	; 0x02
    2832:	89 83       	std	Y+1, r24	; 0x01
								_delay_ms(10);
	}
}
void DCMOTOR_OperateCCW(u32 steps)
{
	for(u32 i=0;i<steps;i++)
    2834:	89 ad       	ldd	r24, Y+57	; 0x39
    2836:	9a ad       	ldd	r25, Y+58	; 0x3a
    2838:	01 96       	adiw	r24, 0x01	; 1
    283a:	9a af       	std	Y+58, r25	; 0x3a
    283c:	89 af       	std	Y+57, r24	; 0x39
    283e:	29 ad       	ldd	r18, Y+57	; 0x39
    2840:	3a ad       	ldd	r19, Y+58	; 0x3a
    2842:	8b ad       	ldd	r24, Y+59	; 0x3b
    2844:	9c ad       	ldd	r25, Y+60	; 0x3c
    2846:	28 17       	cp	r18, r24
    2848:	39 07       	cpc	r19, r25
    284a:	08 f4       	brcc	.+2      	; 0x284e <DCMOTOR_OperateCCW+0x468>
    284c:	db cd       	rjmp	.-1098   	; 0x2404 <DCMOTOR_OperateCCW+0x1e>
																					DIO_u8SetPinValue(DIO_u8_PORTA,DIO_u8_PIN1,DIO_u8_LOW);
																					DIO_u8SetPinValue(DIO_u8_PORTA,DIO_u8_PIN2,DIO_u8_LOW);
																					DIO_u8SetPinValue(DIO_u8_PORTA,DIO_u8_PIN3,DIO_u8_LOW);
																					_delay_ms(10);
		}
}
    284e:	ec 96       	adiw	r28, 0x3c	; 60
    2850:	0f b6       	in	r0, 0x3f	; 63
    2852:	f8 94       	cli
    2854:	de bf       	out	0x3e, r29	; 62
    2856:	0f be       	out	0x3f, r0	; 63
    2858:	cd bf       	out	0x3d, r28	; 61
    285a:	cf 91       	pop	r28
    285c:	df 91       	pop	r29
    285e:	08 95       	ret

00002860 <main>:
#include "HAL/KPD/KPD_interface.h"
#include "HAL/DCMOTOR/DCMOTOR_interface.h"
#include <util/delay.h>

int main()
{
    2860:	df 93       	push	r29
    2862:	cf 93       	push	r28
    2864:	cd b7       	in	r28, 0x3d	; 61
    2866:	de b7       	in	r29, 0x3e	; 62
    2868:	ef 97       	sbiw	r28, 0x3f	; 63
    286a:	0f b6       	in	r0, 0x3f	; 63
    286c:	f8 94       	cli
    286e:	de bf       	out	0x3e, r29	; 62
    2870:	0f be       	out	0x3f, r0	; 63
    2872:	cd bf       	out	0x3d, r28	; 61

	DIO_voidInit();
    2874:	0e 94 9b 05 	call	0xb36	; 0xb36 <DIO_voidInit>
	KPD_voidInit();
    2878:	0e 94 55 0e 	call	0x1caa	; 0x1caa <KPD_voidInit>
	LCD_voidInit();
    287c:	0e 94 45 0b 	call	0x168a	; 0x168a <LCD_voidInit>



while(1)
{
		u8 value=255,value1=255,value2=255,value3=255;
    2880:	8f ef       	ldi	r24, 0xFF	; 255
    2882:	8f af       	std	Y+63, r24	; 0x3f
    2884:	8f ef       	ldi	r24, 0xFF	; 255
    2886:	8e af       	std	Y+62, r24	; 0x3e
    2888:	8f ef       	ldi	r24, 0xFF	; 255
    288a:	8d af       	std	Y+61, r24	; 0x3d
    288c:	8f ef       	ldi	r24, 0xFF	; 255
    288e:	8c af       	std	Y+60, r24	; 0x3c
		LCD_voidSendString("1DCmo2Stepper");
    2890:	80 e6       	ldi	r24, 0x60	; 96
    2892:	90 e0       	ldi	r25, 0x00	; 0
    2894:	0e 94 b7 0d 	call	0x1b6e	; 0x1b6e <LCD_voidSendString>
    2898:	03 c0       	rjmp	.+6      	; 0x28a0 <main+0x40>

		while(value==255)
			{value=KPD_u8GetPressedKey();}
    289a:	0e 94 a2 0e 	call	0x1d44	; 0x1d44 <KPD_u8GetPressedKey>
    289e:	8f af       	std	Y+63, r24	; 0x3f
while(1)
{
		u8 value=255,value1=255,value2=255,value3=255;
		LCD_voidSendString("1DCmo2Stepper");

		while(value==255)
    28a0:	8f ad       	ldd	r24, Y+63	; 0x3f
    28a2:	8f 3f       	cpi	r24, 0xFF	; 255
    28a4:	d1 f3       	breq	.-12     	; 0x289a <main+0x3a>
			{value=KPD_u8GetPressedKey();}
		LCD_voidClearDisplay();
    28a6:	0e 94 0b 0e 	call	0x1c16	; 0x1c16 <LCD_voidClearDisplay>
    28aa:	80 e0       	ldi	r24, 0x00	; 0
    28ac:	90 e0       	ldi	r25, 0x00	; 0
    28ae:	a8 e4       	ldi	r26, 0x48	; 72
    28b0:	b2 e4       	ldi	r27, 0x42	; 66
    28b2:	8d ab       	std	Y+53, r24	; 0x35
    28b4:	9e ab       	std	Y+54, r25	; 0x36
    28b6:	af ab       	std	Y+55, r26	; 0x37
    28b8:	b8 af       	std	Y+56, r27	; 0x38
 */
void
_delay_ms(double __ms)
{
	uint16_t __ticks;
	double __tmp = ((F_CPU) / 4e3) * __ms;
    28ba:	6d a9       	ldd	r22, Y+53	; 0x35
    28bc:	7e a9       	ldd	r23, Y+54	; 0x36
    28be:	8f a9       	ldd	r24, Y+55	; 0x37
    28c0:	98 ad       	ldd	r25, Y+56	; 0x38
    28c2:	20 e0       	ldi	r18, 0x00	; 0
    28c4:	30 e0       	ldi	r19, 0x00	; 0
    28c6:	4a ef       	ldi	r20, 0xFA	; 250
    28c8:	54 e4       	ldi	r21, 0x44	; 68
    28ca:	0e 94 17 02 	call	0x42e	; 0x42e <__mulsf3>
    28ce:	dc 01       	movw	r26, r24
    28d0:	cb 01       	movw	r24, r22
    28d2:	89 ab       	std	Y+49, r24	; 0x31
    28d4:	9a ab       	std	Y+50, r25	; 0x32
    28d6:	ab ab       	std	Y+51, r26	; 0x33
    28d8:	bc ab       	std	Y+52, r27	; 0x34
	if (__tmp < 1.0)
    28da:	69 a9       	ldd	r22, Y+49	; 0x31
    28dc:	7a a9       	ldd	r23, Y+50	; 0x32
    28de:	8b a9       	ldd	r24, Y+51	; 0x33
    28e0:	9c a9       	ldd	r25, Y+52	; 0x34
    28e2:	20 e0       	ldi	r18, 0x00	; 0
    28e4:	30 e0       	ldi	r19, 0x00	; 0
    28e6:	40 e8       	ldi	r20, 0x80	; 128
    28e8:	5f e3       	ldi	r21, 0x3F	; 63
    28ea:	0e 94 71 03 	call	0x6e2	; 0x6e2 <__ltsf2>
    28ee:	88 23       	and	r24, r24
    28f0:	2c f4       	brge	.+10     	; 0x28fc <main+0x9c>
		__ticks = 1;
    28f2:	81 e0       	ldi	r24, 0x01	; 1
    28f4:	90 e0       	ldi	r25, 0x00	; 0
    28f6:	98 ab       	std	Y+48, r25	; 0x30
    28f8:	8f a7       	std	Y+47, r24	; 0x2f
    28fa:	3f c0       	rjmp	.+126    	; 0x297a <main+0x11a>
	else if (__tmp > 65535)
    28fc:	69 a9       	ldd	r22, Y+49	; 0x31
    28fe:	7a a9       	ldd	r23, Y+50	; 0x32
    2900:	8b a9       	ldd	r24, Y+51	; 0x33
    2902:	9c a9       	ldd	r25, Y+52	; 0x34
    2904:	20 e0       	ldi	r18, 0x00	; 0
    2906:	3f ef       	ldi	r19, 0xFF	; 255
    2908:	4f e7       	ldi	r20, 0x7F	; 127
    290a:	57 e4       	ldi	r21, 0x47	; 71
    290c:	0e 94 11 03 	call	0x622	; 0x622 <__gtsf2>
    2910:	18 16       	cp	r1, r24
    2912:	4c f5       	brge	.+82     	; 0x2966 <main+0x106>
	{
		//	__ticks = requested delay in 1/10 ms
		__ticks = (uint16_t) (__ms * 10.0);
    2914:	6d a9       	ldd	r22, Y+53	; 0x35
    2916:	7e a9       	ldd	r23, Y+54	; 0x36
    2918:	8f a9       	ldd	r24, Y+55	; 0x37
    291a:	98 ad       	ldd	r25, Y+56	; 0x38
    291c:	20 e0       	ldi	r18, 0x00	; 0
    291e:	30 e0       	ldi	r19, 0x00	; 0
    2920:	40 e2       	ldi	r20, 0x20	; 32
    2922:	51 e4       	ldi	r21, 0x41	; 65
    2924:	0e 94 17 02 	call	0x42e	; 0x42e <__mulsf3>
    2928:	dc 01       	movw	r26, r24
    292a:	cb 01       	movw	r24, r22
    292c:	bc 01       	movw	r22, r24
    292e:	cd 01       	movw	r24, r26
    2930:	0e 94 41 00 	call	0x82	; 0x82 <__fixunssfsi>
    2934:	dc 01       	movw	r26, r24
    2936:	cb 01       	movw	r24, r22
    2938:	98 ab       	std	Y+48, r25	; 0x30
    293a:	8f a7       	std	Y+47, r24	; 0x2f
    293c:	0f c0       	rjmp	.+30     	; 0x295c <main+0xfc>
    293e:	88 ec       	ldi	r24, 0xC8	; 200
    2940:	90 e0       	ldi	r25, 0x00	; 0
    2942:	9e a7       	std	Y+46, r25	; 0x2e
    2944:	8d a7       	std	Y+45, r24	; 0x2d
    2946:	8d a5       	ldd	r24, Y+45	; 0x2d
    2948:	9e a5       	ldd	r25, Y+46	; 0x2e
    294a:	01 97       	sbiw	r24, 0x01	; 1
    294c:	f1 f7       	brne	.-4      	; 0x294a <main+0xea>
    294e:	9e a7       	std	Y+46, r25	; 0x2e
    2950:	8d a7       	std	Y+45, r24	; 0x2d
		while(__ticks)
		{
			// wait 1/10 ms
			_delay_loop_2(((F_CPU) / 4e3) / 10);
			__ticks --;
    2952:	8f a5       	ldd	r24, Y+47	; 0x2f
    2954:	98 a9       	ldd	r25, Y+48	; 0x30
    2956:	01 97       	sbiw	r24, 0x01	; 1
    2958:	98 ab       	std	Y+48, r25	; 0x30
    295a:	8f a7       	std	Y+47, r24	; 0x2f
		__ticks = 1;
	else if (__tmp > 65535)
	{
		//	__ticks = requested delay in 1/10 ms
		__ticks = (uint16_t) (__ms * 10.0);
		while(__ticks)
    295c:	8f a5       	ldd	r24, Y+47	; 0x2f
    295e:	98 a9       	ldd	r25, Y+48	; 0x30
    2960:	00 97       	sbiw	r24, 0x00	; 0
    2962:	69 f7       	brne	.-38     	; 0x293e <main+0xde>
    2964:	14 c0       	rjmp	.+40     	; 0x298e <main+0x12e>
			__ticks --;
		}
		return;
	}
	else
		__ticks = (uint16_t)__tmp;
    2966:	69 a9       	ldd	r22, Y+49	; 0x31
    2968:	7a a9       	ldd	r23, Y+50	; 0x32
    296a:	8b a9       	ldd	r24, Y+51	; 0x33
    296c:	9c a9       	ldd	r25, Y+52	; 0x34
    296e:	0e 94 41 00 	call	0x82	; 0x82 <__fixunssfsi>
    2972:	dc 01       	movw	r26, r24
    2974:	cb 01       	movw	r24, r22
    2976:	98 ab       	std	Y+48, r25	; 0x30
    2978:	8f a7       	std	Y+47, r24	; 0x2f
    297a:	8f a5       	ldd	r24, Y+47	; 0x2f
    297c:	98 a9       	ldd	r25, Y+48	; 0x30
    297e:	9c a7       	std	Y+44, r25	; 0x2c
    2980:	8b a7       	std	Y+43, r24	; 0x2b
    2982:	8b a5       	ldd	r24, Y+43	; 0x2b
    2984:	9c a5       	ldd	r25, Y+44	; 0x2c
    2986:	01 97       	sbiw	r24, 0x01	; 1
    2988:	f1 f7       	brne	.-4      	; 0x2986 <main+0x126>
    298a:	9c a7       	std	Y+44, r25	; 0x2c
    298c:	8b a7       	std	Y+43, r24	; 0x2b
		_delay_ms(50);
		LCD_voidSendData(value+'0');
    298e:	8f ad       	ldd	r24, Y+63	; 0x3f
    2990:	80 5d       	subi	r24, 0xD0	; 208
    2992:	0e 94 09 0a 	call	0x1412	; 0x1412 <LCD_voidSendData>
		if(value==1)
    2996:	8f ad       	ldd	r24, Y+63	; 0x3f
    2998:	81 30       	cpi	r24, 0x01	; 1
    299a:	09 f4       	brne	.+2      	; 0x299e <main+0x13e>
    299c:	54 c1       	rjmp	.+680    	; 0x2c46 <main+0x3e6>
		{
			//DIO_u8SetPinValue(DIO_u8_PORTB,DIO_u8_PIN0,DIO_u8_HIGH);//DC motor on
		}
		else if(value==2)
    299e:	8f ad       	ldd	r24, Y+63	; 0x3f
    29a0:	82 30       	cpi	r24, 0x02	; 2
    29a2:	09 f0       	breq	.+2      	; 0x29a6 <main+0x146>
    29a4:	4c c1       	rjmp	.+664    	; 0x2c3e <main+0x3de>
		{
			LCD_voidSendString("Enter steps      ");
    29a6:	8e e6       	ldi	r24, 0x6E	; 110
    29a8:	90 e0       	ldi	r25, 0x00	; 0
    29aa:	0e 94 b7 0d 	call	0x1b6e	; 0x1b6e <LCD_voidSendString>
    29ae:	03 c0       	rjmp	.+6      	; 0x29b6 <main+0x156>
			while(value1==255)
						{ value1=KPD_u8GetPressedKey();}
    29b0:	0e 94 a2 0e 	call	0x1d44	; 0x1d44 <KPD_u8GetPressedKey>
    29b4:	8e af       	std	Y+62, r24	; 0x3e
			//DIO_u8SetPinValue(DIO_u8_PORTB,DIO_u8_PIN0,DIO_u8_HIGH);//DC motor on
		}
		else if(value==2)
		{
			LCD_voidSendString("Enter steps      ");
			while(value1==255)
    29b6:	8e ad       	ldd	r24, Y+62	; 0x3e
    29b8:	8f 3f       	cpi	r24, 0xFF	; 255
    29ba:	d1 f3       	breq	.-12     	; 0x29b0 <main+0x150>
						{ value1=KPD_u8GetPressedKey();}
			LCD_voidSendData(value1+'0');
    29bc:	8e ad       	ldd	r24, Y+62	; 0x3e
    29be:	80 5d       	subi	r24, 0xD0	; 208
    29c0:	0e 94 09 0a 	call	0x1412	; 0x1412 <LCD_voidSendData>
    29c4:	03 c0       	rjmp	.+6      	; 0x29cc <main+0x16c>
			while(value2==255)
						{ value2=KPD_u8GetPressedKey();}
    29c6:	0e 94 a2 0e 	call	0x1d44	; 0x1d44 <KPD_u8GetPressedKey>
    29ca:	8d af       	std	Y+61, r24	; 0x3d
		{
			LCD_voidSendString("Enter steps      ");
			while(value1==255)
						{ value1=KPD_u8GetPressedKey();}
			LCD_voidSendData(value1+'0');
			while(value2==255)
    29cc:	8d ad       	ldd	r24, Y+61	; 0x3d
    29ce:	8f 3f       	cpi	r24, 0xFF	; 255
    29d0:	d1 f3       	breq	.-12     	; 0x29c6 <main+0x166>
						{ value2=KPD_u8GetPressedKey();}
			LCD_voidSendData(value2+'0');
    29d2:	8d ad       	ldd	r24, Y+61	; 0x3d
    29d4:	80 5d       	subi	r24, 0xD0	; 208
    29d6:	0e 94 09 0a 	call	0x1412	; 0x1412 <LCD_voidSendData>
    29da:	03 c0       	rjmp	.+6      	; 0x29e2 <main+0x182>
			while(value3==255)
						{ value3=KPD_u8GetPressedKey();}
    29dc:	0e 94 a2 0e 	call	0x1d44	; 0x1d44 <KPD_u8GetPressedKey>
    29e0:	8c af       	std	Y+60, r24	; 0x3c
						{ value1=KPD_u8GetPressedKey();}
			LCD_voidSendData(value1+'0');
			while(value2==255)
						{ value2=KPD_u8GetPressedKey();}
			LCD_voidSendData(value2+'0');
			while(value3==255)
    29e2:	8c ad       	ldd	r24, Y+60	; 0x3c
    29e4:	8f 3f       	cpi	r24, 0xFF	; 255
    29e6:	d1 f3       	breq	.-12     	; 0x29dc <main+0x17c>
						{ value3=KPD_u8GetPressedKey();}
			LCD_voidSendData(value3+'0');
    29e8:	8c ad       	ldd	r24, Y+60	; 0x3c
    29ea:	80 5d       	subi	r24, 0xD0	; 208
    29ec:	0e 94 09 0a 	call	0x1412	; 0x1412 <LCD_voidSendData>
			u32 val=(value1*100+value2*10+value3);
    29f0:	8e ad       	ldd	r24, Y+62	; 0x3e
    29f2:	28 2f       	mov	r18, r24
    29f4:	30 e0       	ldi	r19, 0x00	; 0
    29f6:	84 e6       	ldi	r24, 0x64	; 100
    29f8:	90 e0       	ldi	r25, 0x00	; 0
    29fa:	28 9f       	mul	r18, r24
    29fc:	a0 01       	movw	r20, r0
    29fe:	29 9f       	mul	r18, r25
    2a00:	50 0d       	add	r21, r0
    2a02:	38 9f       	mul	r19, r24
    2a04:	50 0d       	add	r21, r0
    2a06:	11 24       	eor	r1, r1
    2a08:	8d ad       	ldd	r24, Y+61	; 0x3d
    2a0a:	88 2f       	mov	r24, r24
    2a0c:	90 e0       	ldi	r25, 0x00	; 0
    2a0e:	9c 01       	movw	r18, r24
    2a10:	22 0f       	add	r18, r18
    2a12:	33 1f       	adc	r19, r19
    2a14:	c9 01       	movw	r24, r18
    2a16:	88 0f       	add	r24, r24
    2a18:	99 1f       	adc	r25, r25
    2a1a:	88 0f       	add	r24, r24
    2a1c:	99 1f       	adc	r25, r25
    2a1e:	82 0f       	add	r24, r18
    2a20:	93 1f       	adc	r25, r19
    2a22:	9a 01       	movw	r18, r20
    2a24:	28 0f       	add	r18, r24
    2a26:	39 1f       	adc	r19, r25
    2a28:	8c ad       	ldd	r24, Y+60	; 0x3c
    2a2a:	88 2f       	mov	r24, r24
    2a2c:	90 e0       	ldi	r25, 0x00	; 0
    2a2e:	82 0f       	add	r24, r18
    2a30:	93 1f       	adc	r25, r19
    2a32:	9b af       	std	Y+59, r25	; 0x3b
    2a34:	8a af       	std	Y+58, r24	; 0x3a
    2a36:	80 e0       	ldi	r24, 0x00	; 0
    2a38:	90 e0       	ldi	r25, 0x00	; 0
    2a3a:	a8 ec       	ldi	r26, 0xC8	; 200
    2a3c:	b2 e4       	ldi	r27, 0x42	; 66
    2a3e:	8f a3       	std	Y+39, r24	; 0x27
    2a40:	98 a7       	std	Y+40, r25	; 0x28
    2a42:	a9 a7       	std	Y+41, r26	; 0x29
    2a44:	ba a7       	std	Y+42, r27	; 0x2a
 */
void
_delay_ms(double __ms)
{
	uint16_t __ticks;
	double __tmp = ((F_CPU) / 4e3) * __ms;
    2a46:	6f a1       	ldd	r22, Y+39	; 0x27
    2a48:	78 a5       	ldd	r23, Y+40	; 0x28
    2a4a:	89 a5       	ldd	r24, Y+41	; 0x29
    2a4c:	9a a5       	ldd	r25, Y+42	; 0x2a
    2a4e:	20 e0       	ldi	r18, 0x00	; 0
    2a50:	30 e0       	ldi	r19, 0x00	; 0
    2a52:	4a ef       	ldi	r20, 0xFA	; 250
    2a54:	54 e4       	ldi	r21, 0x44	; 68
    2a56:	0e 94 17 02 	call	0x42e	; 0x42e <__mulsf3>
    2a5a:	dc 01       	movw	r26, r24
    2a5c:	cb 01       	movw	r24, r22
    2a5e:	8b a3       	std	Y+35, r24	; 0x23
    2a60:	9c a3       	std	Y+36, r25	; 0x24
    2a62:	ad a3       	std	Y+37, r26	; 0x25
    2a64:	be a3       	std	Y+38, r27	; 0x26
	if (__tmp < 1.0)
    2a66:	6b a1       	ldd	r22, Y+35	; 0x23
    2a68:	7c a1       	ldd	r23, Y+36	; 0x24
    2a6a:	8d a1       	ldd	r24, Y+37	; 0x25
    2a6c:	9e a1       	ldd	r25, Y+38	; 0x26
    2a6e:	20 e0       	ldi	r18, 0x00	; 0
    2a70:	30 e0       	ldi	r19, 0x00	; 0
    2a72:	40 e8       	ldi	r20, 0x80	; 128
    2a74:	5f e3       	ldi	r21, 0x3F	; 63
    2a76:	0e 94 71 03 	call	0x6e2	; 0x6e2 <__ltsf2>
    2a7a:	88 23       	and	r24, r24
    2a7c:	2c f4       	brge	.+10     	; 0x2a88 <main+0x228>
		__ticks = 1;
    2a7e:	81 e0       	ldi	r24, 0x01	; 1
    2a80:	90 e0       	ldi	r25, 0x00	; 0
    2a82:	9a a3       	std	Y+34, r25	; 0x22
    2a84:	89 a3       	std	Y+33, r24	; 0x21
    2a86:	3f c0       	rjmp	.+126    	; 0x2b06 <main+0x2a6>
	else if (__tmp > 65535)
    2a88:	6b a1       	ldd	r22, Y+35	; 0x23
    2a8a:	7c a1       	ldd	r23, Y+36	; 0x24
    2a8c:	8d a1       	ldd	r24, Y+37	; 0x25
    2a8e:	9e a1       	ldd	r25, Y+38	; 0x26
    2a90:	20 e0       	ldi	r18, 0x00	; 0
    2a92:	3f ef       	ldi	r19, 0xFF	; 255
    2a94:	4f e7       	ldi	r20, 0x7F	; 127
    2a96:	57 e4       	ldi	r21, 0x47	; 71
    2a98:	0e 94 11 03 	call	0x622	; 0x622 <__gtsf2>
    2a9c:	18 16       	cp	r1, r24
    2a9e:	4c f5       	brge	.+82     	; 0x2af2 <main+0x292>
	{
		//	__ticks = requested delay in 1/10 ms
		__ticks = (uint16_t) (__ms * 10.0);
    2aa0:	6f a1       	ldd	r22, Y+39	; 0x27
    2aa2:	78 a5       	ldd	r23, Y+40	; 0x28
    2aa4:	89 a5       	ldd	r24, Y+41	; 0x29
    2aa6:	9a a5       	ldd	r25, Y+42	; 0x2a
    2aa8:	20 e0       	ldi	r18, 0x00	; 0
    2aaa:	30 e0       	ldi	r19, 0x00	; 0
    2aac:	40 e2       	ldi	r20, 0x20	; 32
    2aae:	51 e4       	ldi	r21, 0x41	; 65
    2ab0:	0e 94 17 02 	call	0x42e	; 0x42e <__mulsf3>
    2ab4:	dc 01       	movw	r26, r24
    2ab6:	cb 01       	movw	r24, r22
    2ab8:	bc 01       	movw	r22, r24
    2aba:	cd 01       	movw	r24, r26
    2abc:	0e 94 41 00 	call	0x82	; 0x82 <__fixunssfsi>
    2ac0:	dc 01       	movw	r26, r24
    2ac2:	cb 01       	movw	r24, r22
    2ac4:	9a a3       	std	Y+34, r25	; 0x22
    2ac6:	89 a3       	std	Y+33, r24	; 0x21
    2ac8:	0f c0       	rjmp	.+30     	; 0x2ae8 <main+0x288>
    2aca:	88 ec       	ldi	r24, 0xC8	; 200
    2acc:	90 e0       	ldi	r25, 0x00	; 0
    2ace:	98 a3       	std	Y+32, r25	; 0x20
    2ad0:	8f 8f       	std	Y+31, r24	; 0x1f
    2ad2:	8f 8d       	ldd	r24, Y+31	; 0x1f
    2ad4:	98 a1       	ldd	r25, Y+32	; 0x20
    2ad6:	01 97       	sbiw	r24, 0x01	; 1
    2ad8:	f1 f7       	brne	.-4      	; 0x2ad6 <main+0x276>
    2ada:	98 a3       	std	Y+32, r25	; 0x20
    2adc:	8f 8f       	std	Y+31, r24	; 0x1f
		while(__ticks)
		{
			// wait 1/10 ms
			_delay_loop_2(((F_CPU) / 4e3) / 10);
			__ticks --;
    2ade:	89 a1       	ldd	r24, Y+33	; 0x21
    2ae0:	9a a1       	ldd	r25, Y+34	; 0x22
    2ae2:	01 97       	sbiw	r24, 0x01	; 1
    2ae4:	9a a3       	std	Y+34, r25	; 0x22
    2ae6:	89 a3       	std	Y+33, r24	; 0x21
		__ticks = 1;
	else if (__tmp > 65535)
	{
		//	__ticks = requested delay in 1/10 ms
		__ticks = (uint16_t) (__ms * 10.0);
		while(__ticks)
    2ae8:	89 a1       	ldd	r24, Y+33	; 0x21
    2aea:	9a a1       	ldd	r25, Y+34	; 0x22
    2aec:	00 97       	sbiw	r24, 0x00	; 0
    2aee:	69 f7       	brne	.-38     	; 0x2aca <main+0x26a>
    2af0:	14 c0       	rjmp	.+40     	; 0x2b1a <main+0x2ba>
			__ticks --;
		}
		return;
	}
	else
		__ticks = (uint16_t)__tmp;
    2af2:	6b a1       	ldd	r22, Y+35	; 0x23
    2af4:	7c a1       	ldd	r23, Y+36	; 0x24
    2af6:	8d a1       	ldd	r24, Y+37	; 0x25
    2af8:	9e a1       	ldd	r25, Y+38	; 0x26
    2afa:	0e 94 41 00 	call	0x82	; 0x82 <__fixunssfsi>
    2afe:	dc 01       	movw	r26, r24
    2b00:	cb 01       	movw	r24, r22
    2b02:	9a a3       	std	Y+34, r25	; 0x22
    2b04:	89 a3       	std	Y+33, r24	; 0x21
    2b06:	89 a1       	ldd	r24, Y+33	; 0x21
    2b08:	9a a1       	ldd	r25, Y+34	; 0x22
    2b0a:	9e 8f       	std	Y+30, r25	; 0x1e
    2b0c:	8d 8f       	std	Y+29, r24	; 0x1d
    2b0e:	8d 8d       	ldd	r24, Y+29	; 0x1d
    2b10:	9e 8d       	ldd	r25, Y+30	; 0x1e
    2b12:	01 97       	sbiw	r24, 0x01	; 1
    2b14:	f1 f7       	brne	.-4      	; 0x2b12 <main+0x2b2>
    2b16:	9e 8f       	std	Y+30, r25	; 0x1e
    2b18:	8d 8f       	std	Y+29, r24	; 0x1d

			_delay_ms(100);
			LCD_voidClearDisplay();
    2b1a:	0e 94 0b 0e 	call	0x1c16	; 0x1c16 <LCD_voidClearDisplay>
    2b1e:	80 e0       	ldi	r24, 0x00	; 0
    2b20:	90 e0       	ldi	r25, 0x00	; 0
    2b22:	a8 e4       	ldi	r26, 0x48	; 72
    2b24:	b2 e4       	ldi	r27, 0x42	; 66
    2b26:	89 8f       	std	Y+25, r24	; 0x19
    2b28:	9a 8f       	std	Y+26, r25	; 0x1a
    2b2a:	ab 8f       	std	Y+27, r26	; 0x1b
    2b2c:	bc 8f       	std	Y+28, r27	; 0x1c
 */
void
_delay_ms(double __ms)
{
	uint16_t __ticks;
	double __tmp = ((F_CPU) / 4e3) * __ms;
    2b2e:	69 8d       	ldd	r22, Y+25	; 0x19
    2b30:	7a 8d       	ldd	r23, Y+26	; 0x1a
    2b32:	8b 8d       	ldd	r24, Y+27	; 0x1b
    2b34:	9c 8d       	ldd	r25, Y+28	; 0x1c
    2b36:	20 e0       	ldi	r18, 0x00	; 0
    2b38:	30 e0       	ldi	r19, 0x00	; 0
    2b3a:	4a ef       	ldi	r20, 0xFA	; 250
    2b3c:	54 e4       	ldi	r21, 0x44	; 68
    2b3e:	0e 94 17 02 	call	0x42e	; 0x42e <__mulsf3>
    2b42:	dc 01       	movw	r26, r24
    2b44:	cb 01       	movw	r24, r22
    2b46:	8d 8b       	std	Y+21, r24	; 0x15
    2b48:	9e 8b       	std	Y+22, r25	; 0x16
    2b4a:	af 8b       	std	Y+23, r26	; 0x17
    2b4c:	b8 8f       	std	Y+24, r27	; 0x18
	if (__tmp < 1.0)
    2b4e:	6d 89       	ldd	r22, Y+21	; 0x15
    2b50:	7e 89       	ldd	r23, Y+22	; 0x16
    2b52:	8f 89       	ldd	r24, Y+23	; 0x17
    2b54:	98 8d       	ldd	r25, Y+24	; 0x18
    2b56:	20 e0       	ldi	r18, 0x00	; 0
    2b58:	30 e0       	ldi	r19, 0x00	; 0
    2b5a:	40 e8       	ldi	r20, 0x80	; 128
    2b5c:	5f e3       	ldi	r21, 0x3F	; 63
    2b5e:	0e 94 71 03 	call	0x6e2	; 0x6e2 <__ltsf2>
    2b62:	88 23       	and	r24, r24
    2b64:	2c f4       	brge	.+10     	; 0x2b70 <main+0x310>
		__ticks = 1;
    2b66:	81 e0       	ldi	r24, 0x01	; 1
    2b68:	90 e0       	ldi	r25, 0x00	; 0
    2b6a:	9c 8b       	std	Y+20, r25	; 0x14
    2b6c:	8b 8b       	std	Y+19, r24	; 0x13
    2b6e:	3f c0       	rjmp	.+126    	; 0x2bee <main+0x38e>
	else if (__tmp > 65535)
    2b70:	6d 89       	ldd	r22, Y+21	; 0x15
    2b72:	7e 89       	ldd	r23, Y+22	; 0x16
    2b74:	8f 89       	ldd	r24, Y+23	; 0x17
    2b76:	98 8d       	ldd	r25, Y+24	; 0x18
    2b78:	20 e0       	ldi	r18, 0x00	; 0
    2b7a:	3f ef       	ldi	r19, 0xFF	; 255
    2b7c:	4f e7       	ldi	r20, 0x7F	; 127
    2b7e:	57 e4       	ldi	r21, 0x47	; 71
    2b80:	0e 94 11 03 	call	0x622	; 0x622 <__gtsf2>
    2b84:	18 16       	cp	r1, r24
    2b86:	4c f5       	brge	.+82     	; 0x2bda <main+0x37a>
	{
		//	__ticks = requested delay in 1/10 ms
		__ticks = (uint16_t) (__ms * 10.0);
    2b88:	69 8d       	ldd	r22, Y+25	; 0x19
    2b8a:	7a 8d       	ldd	r23, Y+26	; 0x1a
    2b8c:	8b 8d       	ldd	r24, Y+27	; 0x1b
    2b8e:	9c 8d       	ldd	r25, Y+28	; 0x1c
    2b90:	20 e0       	ldi	r18, 0x00	; 0
    2b92:	30 e0       	ldi	r19, 0x00	; 0
    2b94:	40 e2       	ldi	r20, 0x20	; 32
    2b96:	51 e4       	ldi	r21, 0x41	; 65
    2b98:	0e 94 17 02 	call	0x42e	; 0x42e <__mulsf3>
    2b9c:	dc 01       	movw	r26, r24
    2b9e:	cb 01       	movw	r24, r22
    2ba0:	bc 01       	movw	r22, r24
    2ba2:	cd 01       	movw	r24, r26
    2ba4:	0e 94 41 00 	call	0x82	; 0x82 <__fixunssfsi>
    2ba8:	dc 01       	movw	r26, r24
    2baa:	cb 01       	movw	r24, r22
    2bac:	9c 8b       	std	Y+20, r25	; 0x14
    2bae:	8b 8b       	std	Y+19, r24	; 0x13
    2bb0:	0f c0       	rjmp	.+30     	; 0x2bd0 <main+0x370>
    2bb2:	88 ec       	ldi	r24, 0xC8	; 200
    2bb4:	90 e0       	ldi	r25, 0x00	; 0
    2bb6:	9a 8b       	std	Y+18, r25	; 0x12
    2bb8:	89 8b       	std	Y+17, r24	; 0x11
    2bba:	89 89       	ldd	r24, Y+17	; 0x11
    2bbc:	9a 89       	ldd	r25, Y+18	; 0x12
    2bbe:	01 97       	sbiw	r24, 0x01	; 1
    2bc0:	f1 f7       	brne	.-4      	; 0x2bbe <main+0x35e>
    2bc2:	9a 8b       	std	Y+18, r25	; 0x12
    2bc4:	89 8b       	std	Y+17, r24	; 0x11
		while(__ticks)
		{
			// wait 1/10 ms
			_delay_loop_2(((F_CPU) / 4e3) / 10);
			__ticks --;
    2bc6:	8b 89       	ldd	r24, Y+19	; 0x13
    2bc8:	9c 89       	ldd	r25, Y+20	; 0x14
    2bca:	01 97       	sbiw	r24, 0x01	; 1
    2bcc:	9c 8b       	std	Y+20, r25	; 0x14
    2bce:	8b 8b       	std	Y+19, r24	; 0x13
		__ticks = 1;
	else if (__tmp > 65535)
	{
		//	__ticks = requested delay in 1/10 ms
		__ticks = (uint16_t) (__ms * 10.0);
		while(__ticks)
    2bd0:	8b 89       	ldd	r24, Y+19	; 0x13
    2bd2:	9c 89       	ldd	r25, Y+20	; 0x14
    2bd4:	00 97       	sbiw	r24, 0x00	; 0
    2bd6:	69 f7       	brne	.-38     	; 0x2bb2 <main+0x352>
    2bd8:	14 c0       	rjmp	.+40     	; 0x2c02 <main+0x3a2>
			__ticks --;
		}
		return;
	}
	else
		__ticks = (uint16_t)__tmp;
    2bda:	6d 89       	ldd	r22, Y+21	; 0x15
    2bdc:	7e 89       	ldd	r23, Y+22	; 0x16
    2bde:	8f 89       	ldd	r24, Y+23	; 0x17
    2be0:	98 8d       	ldd	r25, Y+24	; 0x18
    2be2:	0e 94 41 00 	call	0x82	; 0x82 <__fixunssfsi>
    2be6:	dc 01       	movw	r26, r24
    2be8:	cb 01       	movw	r24, r22
    2bea:	9c 8b       	std	Y+20, r25	; 0x14
    2bec:	8b 8b       	std	Y+19, r24	; 0x13
    2bee:	8b 89       	ldd	r24, Y+19	; 0x13
    2bf0:	9c 89       	ldd	r25, Y+20	; 0x14
    2bf2:	98 8b       	std	Y+16, r25	; 0x10
    2bf4:	8f 87       	std	Y+15, r24	; 0x0f
    2bf6:	8f 85       	ldd	r24, Y+15	; 0x0f
    2bf8:	98 89       	ldd	r25, Y+16	; 0x10
    2bfa:	01 97       	sbiw	r24, 0x01	; 1
    2bfc:	f1 f7       	brne	.-4      	; 0x2bfa <main+0x39a>
    2bfe:	98 8b       	std	Y+16, r25	; 0x10
    2c00:	8f 87       	std	Y+15, r24	; 0x0f
			_delay_ms(50);
			LCD_voidSendString("Enterdir");
    2c02:	80 e8       	ldi	r24, 0x80	; 128
    2c04:	90 e0       	ldi	r25, 0x00	; 0
    2c06:	0e 94 b7 0d 	call	0x1b6e	; 0x1b6e <LCD_voidSendString>

			u8 dir=255;
    2c0a:	8f ef       	ldi	r24, 0xFF	; 255
    2c0c:	89 af       	std	Y+57, r24	; 0x39
    2c0e:	03 c0       	rjmp	.+6      	; 0x2c16 <main+0x3b6>
			while(dir==255)
			{
			dir=KPD_u8GetPressedKey();}
    2c10:	0e 94 a2 0e 	call	0x1d44	; 0x1d44 <KPD_u8GetPressedKey>
    2c14:	89 af       	std	Y+57, r24	; 0x39
			LCD_voidClearDisplay();
			_delay_ms(50);
			LCD_voidSendString("Enterdir");

			u8 dir=255;
			while(dir==255)
    2c16:	89 ad       	ldd	r24, Y+57	; 0x39
    2c18:	8f 3f       	cpi	r24, 0xFF	; 255
    2c1a:	d1 f3       	breq	.-12     	; 0x2c10 <main+0x3b0>
			{
			dir=KPD_u8GetPressedKey();}
			LCD_voidSendData(dir+'0');
    2c1c:	89 ad       	ldd	r24, Y+57	; 0x39
    2c1e:	80 5d       	subi	r24, 0xD0	; 208
    2c20:	0e 94 09 0a 	call	0x1412	; 0x1412 <LCD_voidSendData>

			if(dir==1)
    2c24:	89 ad       	ldd	r24, Y+57	; 0x39
    2c26:	81 30       	cpi	r24, 0x01	; 1
    2c28:	29 f4       	brne	.+10     	; 0x2c34 <main+0x3d4>
			DCMOTOR_OperateCW(val);
    2c2a:	8a ad       	ldd	r24, Y+58	; 0x3a
    2c2c:	9b ad       	ldd	r25, Y+59	; 0x3b
    2c2e:	0e 94 b6 0f 	call	0x1f6c	; 0x1f6c <DCMOTOR_OperateCW>
    2c32:	09 c0       	rjmp	.+18     	; 0x2c46 <main+0x3e6>
			else
			DCMOTOR_OperateCCW(val);
    2c34:	8a ad       	ldd	r24, Y+58	; 0x3a
    2c36:	9b ad       	ldd	r25, Y+59	; 0x3b
    2c38:	0e 94 f3 11 	call	0x23e6	; 0x23e6 <DCMOTOR_OperateCCW>
    2c3c:	04 c0       	rjmp	.+8      	; 0x2c46 <main+0x3e6>


	    }
		else
		{
			LCD_voidSendString("wrong entry!");
    2c3e:	89 e8       	ldi	r24, 0x89	; 137
    2c40:	90 e0       	ldi	r25, 0x00	; 0
    2c42:	0e 94 b7 0d 	call	0x1b6e	; 0x1b6e <LCD_voidSendString>
    2c46:	80 e0       	ldi	r24, 0x00	; 0
    2c48:	90 e0       	ldi	r25, 0x00	; 0
    2c4a:	aa ef       	ldi	r26, 0xFA	; 250
    2c4c:	b4 e4       	ldi	r27, 0x44	; 68
    2c4e:	8b 87       	std	Y+11, r24	; 0x0b
    2c50:	9c 87       	std	Y+12, r25	; 0x0c
    2c52:	ad 87       	std	Y+13, r26	; 0x0d
    2c54:	be 87       	std	Y+14, r27	; 0x0e
 */
void
_delay_ms(double __ms)
{
	uint16_t __ticks;
	double __tmp = ((F_CPU) / 4e3) * __ms;
    2c56:	6b 85       	ldd	r22, Y+11	; 0x0b
    2c58:	7c 85       	ldd	r23, Y+12	; 0x0c
    2c5a:	8d 85       	ldd	r24, Y+13	; 0x0d
    2c5c:	9e 85       	ldd	r25, Y+14	; 0x0e
    2c5e:	20 e0       	ldi	r18, 0x00	; 0
    2c60:	30 e0       	ldi	r19, 0x00	; 0
    2c62:	4a ef       	ldi	r20, 0xFA	; 250
    2c64:	54 e4       	ldi	r21, 0x44	; 68
    2c66:	0e 94 17 02 	call	0x42e	; 0x42e <__mulsf3>
    2c6a:	dc 01       	movw	r26, r24
    2c6c:	cb 01       	movw	r24, r22
    2c6e:	8f 83       	std	Y+7, r24	; 0x07
    2c70:	98 87       	std	Y+8, r25	; 0x08
    2c72:	a9 87       	std	Y+9, r26	; 0x09
    2c74:	ba 87       	std	Y+10, r27	; 0x0a
	if (__tmp < 1.0)
    2c76:	6f 81       	ldd	r22, Y+7	; 0x07
    2c78:	78 85       	ldd	r23, Y+8	; 0x08
    2c7a:	89 85       	ldd	r24, Y+9	; 0x09
    2c7c:	9a 85       	ldd	r25, Y+10	; 0x0a
    2c7e:	20 e0       	ldi	r18, 0x00	; 0
    2c80:	30 e0       	ldi	r19, 0x00	; 0
    2c82:	40 e8       	ldi	r20, 0x80	; 128
    2c84:	5f e3       	ldi	r21, 0x3F	; 63
    2c86:	0e 94 71 03 	call	0x6e2	; 0x6e2 <__ltsf2>
    2c8a:	88 23       	and	r24, r24
    2c8c:	2c f4       	brge	.+10     	; 0x2c98 <main+0x438>
		__ticks = 1;
    2c8e:	81 e0       	ldi	r24, 0x01	; 1
    2c90:	90 e0       	ldi	r25, 0x00	; 0
    2c92:	9e 83       	std	Y+6, r25	; 0x06
    2c94:	8d 83       	std	Y+5, r24	; 0x05
    2c96:	3f c0       	rjmp	.+126    	; 0x2d16 <main+0x4b6>
	else if (__tmp > 65535)
    2c98:	6f 81       	ldd	r22, Y+7	; 0x07
    2c9a:	78 85       	ldd	r23, Y+8	; 0x08
    2c9c:	89 85       	ldd	r24, Y+9	; 0x09
    2c9e:	9a 85       	ldd	r25, Y+10	; 0x0a
    2ca0:	20 e0       	ldi	r18, 0x00	; 0
    2ca2:	3f ef       	ldi	r19, 0xFF	; 255
    2ca4:	4f e7       	ldi	r20, 0x7F	; 127
    2ca6:	57 e4       	ldi	r21, 0x47	; 71
    2ca8:	0e 94 11 03 	call	0x622	; 0x622 <__gtsf2>
    2cac:	18 16       	cp	r1, r24
    2cae:	4c f5       	brge	.+82     	; 0x2d02 <main+0x4a2>
	{
		//	__ticks = requested delay in 1/10 ms
		__ticks = (uint16_t) (__ms * 10.0);
    2cb0:	6b 85       	ldd	r22, Y+11	; 0x0b
    2cb2:	7c 85       	ldd	r23, Y+12	; 0x0c
    2cb4:	8d 85       	ldd	r24, Y+13	; 0x0d
    2cb6:	9e 85       	ldd	r25, Y+14	; 0x0e
    2cb8:	20 e0       	ldi	r18, 0x00	; 0
    2cba:	30 e0       	ldi	r19, 0x00	; 0
    2cbc:	40 e2       	ldi	r20, 0x20	; 32
    2cbe:	51 e4       	ldi	r21, 0x41	; 65
    2cc0:	0e 94 17 02 	call	0x42e	; 0x42e <__mulsf3>
    2cc4:	dc 01       	movw	r26, r24
    2cc6:	cb 01       	movw	r24, r22
    2cc8:	bc 01       	movw	r22, r24
    2cca:	cd 01       	movw	r24, r26
    2ccc:	0e 94 41 00 	call	0x82	; 0x82 <__fixunssfsi>
    2cd0:	dc 01       	movw	r26, r24
    2cd2:	cb 01       	movw	r24, r22
    2cd4:	9e 83       	std	Y+6, r25	; 0x06
    2cd6:	8d 83       	std	Y+5, r24	; 0x05
    2cd8:	0f c0       	rjmp	.+30     	; 0x2cf8 <main+0x498>
    2cda:	88 ec       	ldi	r24, 0xC8	; 200
    2cdc:	90 e0       	ldi	r25, 0x00	; 0
    2cde:	9c 83       	std	Y+4, r25	; 0x04
    2ce0:	8b 83       	std	Y+3, r24	; 0x03
    2ce2:	8b 81       	ldd	r24, Y+3	; 0x03
    2ce4:	9c 81       	ldd	r25, Y+4	; 0x04
    2ce6:	01 97       	sbiw	r24, 0x01	; 1
    2ce8:	f1 f7       	brne	.-4      	; 0x2ce6 <main+0x486>
    2cea:	9c 83       	std	Y+4, r25	; 0x04
    2cec:	8b 83       	std	Y+3, r24	; 0x03
		while(__ticks)
		{
			// wait 1/10 ms
			_delay_loop_2(((F_CPU) / 4e3) / 10);
			__ticks --;
    2cee:	8d 81       	ldd	r24, Y+5	; 0x05
    2cf0:	9e 81       	ldd	r25, Y+6	; 0x06
    2cf2:	01 97       	sbiw	r24, 0x01	; 1
    2cf4:	9e 83       	std	Y+6, r25	; 0x06
    2cf6:	8d 83       	std	Y+5, r24	; 0x05
		__ticks = 1;
	else if (__tmp > 65535)
	{
		//	__ticks = requested delay in 1/10 ms
		__ticks = (uint16_t) (__ms * 10.0);
		while(__ticks)
    2cf8:	8d 81       	ldd	r24, Y+5	; 0x05
    2cfa:	9e 81       	ldd	r25, Y+6	; 0x06
    2cfc:	00 97       	sbiw	r24, 0x00	; 0
    2cfe:	69 f7       	brne	.-38     	; 0x2cda <main+0x47a>
    2d00:	14 c0       	rjmp	.+40     	; 0x2d2a <main+0x4ca>
			__ticks --;
		}
		return;
	}
	else
		__ticks = (uint16_t)__tmp;
    2d02:	6f 81       	ldd	r22, Y+7	; 0x07
    2d04:	78 85       	ldd	r23, Y+8	; 0x08
    2d06:	89 85       	ldd	r24, Y+9	; 0x09
    2d08:	9a 85       	ldd	r25, Y+10	; 0x0a
    2d0a:	0e 94 41 00 	call	0x82	; 0x82 <__fixunssfsi>
    2d0e:	dc 01       	movw	r26, r24
    2d10:	cb 01       	movw	r24, r22
    2d12:	9e 83       	std	Y+6, r25	; 0x06
    2d14:	8d 83       	std	Y+5, r24	; 0x05
    2d16:	8d 81       	ldd	r24, Y+5	; 0x05
    2d18:	9e 81       	ldd	r25, Y+6	; 0x06
    2d1a:	9a 83       	std	Y+2, r25	; 0x02
    2d1c:	89 83       	std	Y+1, r24	; 0x01
    2d1e:	89 81       	ldd	r24, Y+1	; 0x01
    2d20:	9a 81       	ldd	r25, Y+2	; 0x02
    2d22:	01 97       	sbiw	r24, 0x01	; 1
    2d24:	f1 f7       	brne	.-4      	; 0x2d22 <main+0x4c2>
    2d26:	9a 83       	std	Y+2, r25	; 0x02
    2d28:	89 83       	std	Y+1, r24	; 0x01
		}

		_delay_ms(2000);
		LCD_voidClearDisplay();
    2d2a:	0e 94 0b 0e 	call	0x1c16	; 0x1c16 <LCD_voidClearDisplay>
    2d2e:	a8 cd       	rjmp	.-1200   	; 0x2880 <main+0x20>

00002d30 <__prologue_saves__>:
    2d30:	2f 92       	push	r2
    2d32:	3f 92       	push	r3
    2d34:	4f 92       	push	r4
    2d36:	5f 92       	push	r5
    2d38:	6f 92       	push	r6
    2d3a:	7f 92       	push	r7
    2d3c:	8f 92       	push	r8
    2d3e:	9f 92       	push	r9
    2d40:	af 92       	push	r10
    2d42:	bf 92       	push	r11
    2d44:	cf 92       	push	r12
    2d46:	df 92       	push	r13
    2d48:	ef 92       	push	r14
    2d4a:	ff 92       	push	r15
    2d4c:	0f 93       	push	r16
    2d4e:	1f 93       	push	r17
    2d50:	cf 93       	push	r28
    2d52:	df 93       	push	r29
    2d54:	cd b7       	in	r28, 0x3d	; 61
    2d56:	de b7       	in	r29, 0x3e	; 62
    2d58:	ca 1b       	sub	r28, r26
    2d5a:	db 0b       	sbc	r29, r27
    2d5c:	0f b6       	in	r0, 0x3f	; 63
    2d5e:	f8 94       	cli
    2d60:	de bf       	out	0x3e, r29	; 62
    2d62:	0f be       	out	0x3f, r0	; 63
    2d64:	cd bf       	out	0x3d, r28	; 61
    2d66:	09 94       	ijmp

00002d68 <__epilogue_restores__>:
    2d68:	2a 88       	ldd	r2, Y+18	; 0x12
    2d6a:	39 88       	ldd	r3, Y+17	; 0x11
    2d6c:	48 88       	ldd	r4, Y+16	; 0x10
    2d6e:	5f 84       	ldd	r5, Y+15	; 0x0f
    2d70:	6e 84       	ldd	r6, Y+14	; 0x0e
    2d72:	7d 84       	ldd	r7, Y+13	; 0x0d
    2d74:	8c 84       	ldd	r8, Y+12	; 0x0c
    2d76:	9b 84       	ldd	r9, Y+11	; 0x0b
    2d78:	aa 84       	ldd	r10, Y+10	; 0x0a
    2d7a:	b9 84       	ldd	r11, Y+9	; 0x09
    2d7c:	c8 84       	ldd	r12, Y+8	; 0x08
    2d7e:	df 80       	ldd	r13, Y+7	; 0x07
    2d80:	ee 80       	ldd	r14, Y+6	; 0x06
    2d82:	fd 80       	ldd	r15, Y+5	; 0x05
    2d84:	0c 81       	ldd	r16, Y+4	; 0x04
    2d86:	1b 81       	ldd	r17, Y+3	; 0x03
    2d88:	aa 81       	ldd	r26, Y+2	; 0x02
    2d8a:	b9 81       	ldd	r27, Y+1	; 0x01
    2d8c:	ce 0f       	add	r28, r30
    2d8e:	d1 1d       	adc	r29, r1
    2d90:	0f b6       	in	r0, 0x3f	; 63
    2d92:	f8 94       	cli
    2d94:	de bf       	out	0x3e, r29	; 62
    2d96:	0f be       	out	0x3f, r0	; 63
    2d98:	cd bf       	out	0x3d, r28	; 61
    2d9a:	ed 01       	movw	r28, r26
    2d9c:	08 95       	ret

00002d9e <_exit>:
    2d9e:	f8 94       	cli

00002da0 <__stop_program>:
    2da0:	ff cf       	rjmp	.-2      	; 0x2da0 <__stop_program>
