
Ctc.elf:     file format elf32-avr

Sections:
Idx Name          Size      VMA       LMA       File off  Algn
  0 .text         00002ac8  00000000  00000000  00000094  2**1
                  CONTENTS, ALLOC, LOAD, READONLY, CODE
  1 .data         00000162  00800060  00002ac8  00002b5c  2**0
                  CONTENTS, ALLOC, LOAD, DATA
  2 .bss          00000017  008001c2  008001c2  00002cbe  2**0
                  ALLOC
  3 .stab         00005bd4  00000000  00000000  00002cc0  2**2
                  CONTENTS, READONLY, DEBUGGING
  4 .stabstr      00002a7c  00000000  00000000  00008894  2**0
                  CONTENTS, READONLY, DEBUGGING
  5 .debug_aranges 000001c0  00000000  00000000  0000b310  2**0
                  CONTENTS, READONLY, DEBUGGING
  6 .debug_pubnames 00000214  00000000  00000000  0000b4d0  2**0
                  CONTENTS, READONLY, DEBUGGING
  7 .debug_info   00002612  00000000  00000000  0000b6e4  2**0
                  CONTENTS, READONLY, DEBUGGING
  8 .debug_abbrev 000014ce  00000000  00000000  0000dcf6  2**0
                  CONTENTS, READONLY, DEBUGGING
  9 .debug_line   0000130b  00000000  00000000  0000f1c4  2**0
                  CONTENTS, READONLY, DEBUGGING
 10 .debug_frame  000001e0  00000000  00000000  000104d0  2**2
                  CONTENTS, READONLY, DEBUGGING
 11 .debug_str    00000307  00000000  00000000  000106b0  2**0
                  CONTENTS, READONLY, DEBUGGING
 12 .debug_loc    00000a1a  00000000  00000000  000109b7  2**0
                  CONTENTS, READONLY, DEBUGGING
 13 .debug_ranges 00000050  00000000  00000000  000113d1  2**0
                  CONTENTS, READONLY, DEBUGGING

Disassembly of section .text:

00000000 <__vectors>:
       0:	0c 94 2a 00 	jmp	0x54	; 0x54 <__ctors_end>
       4:	0c 94 3d 0a 	jmp	0x147a	; 0x147a <__vector_1>
       8:	0c 94 64 0a 	jmp	0x14c8	; 0x14c8 <__vector_2>
       c:	0c 94 8b 0a 	jmp	0x1516	; 0x1516 <__vector_3>
      10:	0c 94 47 00 	jmp	0x8e	; 0x8e <__bad_interrupt>
      14:	0c 94 47 00 	jmp	0x8e	; 0x8e <__bad_interrupt>
      18:	0c 94 47 00 	jmp	0x8e	; 0x8e <__bad_interrupt>
      1c:	0c 94 47 00 	jmp	0x8e	; 0x8e <__bad_interrupt>
      20:	0c 94 47 00 	jmp	0x8e	; 0x8e <__bad_interrupt>
      24:	0c 94 d0 08 	jmp	0x11a0	; 0x11a0 <__vector_9>
      28:	0c 94 56 09 	jmp	0x12ac	; 0x12ac <__vector_10>
      2c:	0c 94 2f 09 	jmp	0x125e	; 0x125e <__vector_11>
      30:	0c 94 47 00 	jmp	0x8e	; 0x8e <__bad_interrupt>
      34:	0c 94 97 07 	jmp	0xf2e	; 0xf2e <__vector_13>
      38:	0c 94 47 00 	jmp	0x8e	; 0x8e <__bad_interrupt>
      3c:	0c 94 8b 07 	jmp	0xf16	; 0xf16 <__vector_15>
      40:	0c 94 c8 0c 	jmp	0x1990	; 0x1990 <__vector_16>
      44:	0c 94 47 00 	jmp	0x8e	; 0x8e <__bad_interrupt>
      48:	0c 94 47 00 	jmp	0x8e	; 0x8e <__bad_interrupt>
      4c:	0c 94 47 00 	jmp	0x8e	; 0x8e <__bad_interrupt>
      50:	0c 94 47 00 	jmp	0x8e	; 0x8e <__bad_interrupt>

00000054 <__ctors_end>:
      54:	11 24       	eor	r1, r1
      56:	1f be       	out	0x3f, r1	; 63
      58:	cf e5       	ldi	r28, 0x5F	; 95
      5a:	d8 e0       	ldi	r29, 0x08	; 8
      5c:	de bf       	out	0x3e, r29	; 62
      5e:	cd bf       	out	0x3d, r28	; 61

00000060 <__do_copy_data>:
      60:	11 e0       	ldi	r17, 0x01	; 1
      62:	a0 e6       	ldi	r26, 0x60	; 96
      64:	b0 e0       	ldi	r27, 0x00	; 0
      66:	e8 ec       	ldi	r30, 0xC8	; 200
      68:	fa e2       	ldi	r31, 0x2A	; 42
      6a:	02 c0       	rjmp	.+4      	; 0x70 <.do_copy_data_start>

0000006c <.do_copy_data_loop>:
      6c:	05 90       	lpm	r0, Z+
      6e:	0d 92       	st	X+, r0

00000070 <.do_copy_data_start>:
      70:	a2 3c       	cpi	r26, 0xC2	; 194
      72:	b1 07       	cpc	r27, r17
      74:	d9 f7       	brne	.-10     	; 0x6c <.do_copy_data_loop>

00000076 <__do_clear_bss>:
      76:	11 e0       	ldi	r17, 0x01	; 1
      78:	a2 ec       	ldi	r26, 0xC2	; 194
      7a:	b1 e0       	ldi	r27, 0x01	; 1
      7c:	01 c0       	rjmp	.+2      	; 0x80 <.do_clear_bss_start>

0000007e <.do_clear_bss_loop>:
      7e:	1d 92       	st	X+, r1

00000080 <.do_clear_bss_start>:
      80:	a9 3d       	cpi	r26, 0xD9	; 217
      82:	b1 07       	cpc	r27, r17
      84:	e1 f7       	brne	.-8      	; 0x7e <.do_clear_bss_loop>
      86:	0e 94 80 14 	call	0x2900	; 0x2900 <main>
      8a:	0c 94 62 15 	jmp	0x2ac4	; 0x2ac4 <_exit>

0000008e <__bad_interrupt>:
      8e:	0c 94 00 00 	jmp	0	; 0x0 <__vectors>

00000092 <__fixunssfsi>:
      92:	ef 92       	push	r14
      94:	ff 92       	push	r15
      96:	0f 93       	push	r16
      98:	1f 93       	push	r17
      9a:	7b 01       	movw	r14, r22
      9c:	8c 01       	movw	r16, r24
      9e:	20 e0       	ldi	r18, 0x00	; 0
      a0:	30 e0       	ldi	r19, 0x00	; 0
      a2:	40 e0       	ldi	r20, 0x00	; 0
      a4:	5f e4       	ldi	r21, 0x4F	; 79
      a6:	0e 94 f5 03 	call	0x7ea	; 0x7ea <__gesf2>
      aa:	88 23       	and	r24, r24
      ac:	8c f0       	brlt	.+34     	; 0xd0 <__fixunssfsi+0x3e>
      ae:	c8 01       	movw	r24, r16
      b0:	b7 01       	movw	r22, r14
      b2:	20 e0       	ldi	r18, 0x00	; 0
      b4:	30 e0       	ldi	r19, 0x00	; 0
      b6:	40 e0       	ldi	r20, 0x00	; 0
      b8:	5f e4       	ldi	r21, 0x4F	; 79
      ba:	0e 94 c1 01 	call	0x382	; 0x382 <__subsf3>
      be:	0e 94 b3 04 	call	0x966	; 0x966 <__fixsfsi>
      c2:	9b 01       	movw	r18, r22
      c4:	ac 01       	movw	r20, r24
      c6:	20 50       	subi	r18, 0x00	; 0
      c8:	30 40       	sbci	r19, 0x00	; 0
      ca:	40 40       	sbci	r20, 0x00	; 0
      cc:	50 48       	sbci	r21, 0x80	; 128
      ce:	06 c0       	rjmp	.+12     	; 0xdc <__fixunssfsi+0x4a>
      d0:	c8 01       	movw	r24, r16
      d2:	b7 01       	movw	r22, r14
      d4:	0e 94 b3 04 	call	0x966	; 0x966 <__fixsfsi>
      d8:	9b 01       	movw	r18, r22
      da:	ac 01       	movw	r20, r24
      dc:	b9 01       	movw	r22, r18
      de:	ca 01       	movw	r24, r20
      e0:	1f 91       	pop	r17
      e2:	0f 91       	pop	r16
      e4:	ff 90       	pop	r15
      e6:	ef 90       	pop	r14
      e8:	08 95       	ret

000000ea <_fpadd_parts>:
      ea:	a0 e0       	ldi	r26, 0x00	; 0
      ec:	b0 e0       	ldi	r27, 0x00	; 0
      ee:	eb e7       	ldi	r30, 0x7B	; 123
      f0:	f0 e0       	ldi	r31, 0x00	; 0
      f2:	0c 94 2b 15 	jmp	0x2a56	; 0x2a56 <__prologue_saves__>
      f6:	dc 01       	movw	r26, r24
      f8:	2b 01       	movw	r4, r22
      fa:	fa 01       	movw	r30, r20
      fc:	9c 91       	ld	r25, X
      fe:	92 30       	cpi	r25, 0x02	; 2
     100:	08 f4       	brcc	.+2      	; 0x104 <_fpadd_parts+0x1a>
     102:	39 c1       	rjmp	.+626    	; 0x376 <_fpadd_parts+0x28c>
     104:	eb 01       	movw	r28, r22
     106:	88 81       	ld	r24, Y
     108:	82 30       	cpi	r24, 0x02	; 2
     10a:	08 f4       	brcc	.+2      	; 0x10e <_fpadd_parts+0x24>
     10c:	33 c1       	rjmp	.+614    	; 0x374 <_fpadd_parts+0x28a>
     10e:	94 30       	cpi	r25, 0x04	; 4
     110:	69 f4       	brne	.+26     	; 0x12c <_fpadd_parts+0x42>
     112:	84 30       	cpi	r24, 0x04	; 4
     114:	09 f0       	breq	.+2      	; 0x118 <_fpadd_parts+0x2e>
     116:	2f c1       	rjmp	.+606    	; 0x376 <_fpadd_parts+0x28c>
     118:	11 96       	adiw	r26, 0x01	; 1
     11a:	9c 91       	ld	r25, X
     11c:	11 97       	sbiw	r26, 0x01	; 1
     11e:	89 81       	ldd	r24, Y+1	; 0x01
     120:	98 17       	cp	r25, r24
     122:	09 f4       	brne	.+2      	; 0x126 <_fpadd_parts+0x3c>
     124:	28 c1       	rjmp	.+592    	; 0x376 <_fpadd_parts+0x28c>
     126:	af e9       	ldi	r26, 0x9F	; 159
     128:	b0 e0       	ldi	r27, 0x00	; 0
     12a:	25 c1       	rjmp	.+586    	; 0x376 <_fpadd_parts+0x28c>
     12c:	84 30       	cpi	r24, 0x04	; 4
     12e:	09 f4       	brne	.+2      	; 0x132 <_fpadd_parts+0x48>
     130:	21 c1       	rjmp	.+578    	; 0x374 <_fpadd_parts+0x28a>
     132:	82 30       	cpi	r24, 0x02	; 2
     134:	a9 f4       	brne	.+42     	; 0x160 <_fpadd_parts+0x76>
     136:	92 30       	cpi	r25, 0x02	; 2
     138:	09 f0       	breq	.+2      	; 0x13c <_fpadd_parts+0x52>
     13a:	1d c1       	rjmp	.+570    	; 0x376 <_fpadd_parts+0x28c>
     13c:	9a 01       	movw	r18, r20
     13e:	ad 01       	movw	r20, r26
     140:	88 e0       	ldi	r24, 0x08	; 8
     142:	ea 01       	movw	r28, r20
     144:	09 90       	ld	r0, Y+
     146:	ae 01       	movw	r20, r28
     148:	e9 01       	movw	r28, r18
     14a:	09 92       	st	Y+, r0
     14c:	9e 01       	movw	r18, r28
     14e:	81 50       	subi	r24, 0x01	; 1
     150:	c1 f7       	brne	.-16     	; 0x142 <_fpadd_parts+0x58>
     152:	e2 01       	movw	r28, r4
     154:	89 81       	ldd	r24, Y+1	; 0x01
     156:	11 96       	adiw	r26, 0x01	; 1
     158:	9c 91       	ld	r25, X
     15a:	89 23       	and	r24, r25
     15c:	81 83       	std	Z+1, r24	; 0x01
     15e:	08 c1       	rjmp	.+528    	; 0x370 <_fpadd_parts+0x286>
     160:	92 30       	cpi	r25, 0x02	; 2
     162:	09 f4       	brne	.+2      	; 0x166 <_fpadd_parts+0x7c>
     164:	07 c1       	rjmp	.+526    	; 0x374 <_fpadd_parts+0x28a>
     166:	12 96       	adiw	r26, 0x02	; 2
     168:	2d 90       	ld	r2, X+
     16a:	3c 90       	ld	r3, X
     16c:	13 97       	sbiw	r26, 0x03	; 3
     16e:	eb 01       	movw	r28, r22
     170:	8a 81       	ldd	r24, Y+2	; 0x02
     172:	9b 81       	ldd	r25, Y+3	; 0x03
     174:	14 96       	adiw	r26, 0x04	; 4
     176:	ad 90       	ld	r10, X+
     178:	bd 90       	ld	r11, X+
     17a:	cd 90       	ld	r12, X+
     17c:	dc 90       	ld	r13, X
     17e:	17 97       	sbiw	r26, 0x07	; 7
     180:	ec 80       	ldd	r14, Y+4	; 0x04
     182:	fd 80       	ldd	r15, Y+5	; 0x05
     184:	0e 81       	ldd	r16, Y+6	; 0x06
     186:	1f 81       	ldd	r17, Y+7	; 0x07
     188:	91 01       	movw	r18, r2
     18a:	28 1b       	sub	r18, r24
     18c:	39 0b       	sbc	r19, r25
     18e:	b9 01       	movw	r22, r18
     190:	37 ff       	sbrs	r19, 7
     192:	04 c0       	rjmp	.+8      	; 0x19c <_fpadd_parts+0xb2>
     194:	66 27       	eor	r22, r22
     196:	77 27       	eor	r23, r23
     198:	62 1b       	sub	r22, r18
     19a:	73 0b       	sbc	r23, r19
     19c:	60 32       	cpi	r22, 0x20	; 32
     19e:	71 05       	cpc	r23, r1
     1a0:	0c f0       	brlt	.+2      	; 0x1a4 <_fpadd_parts+0xba>
     1a2:	61 c0       	rjmp	.+194    	; 0x266 <_fpadd_parts+0x17c>
     1a4:	12 16       	cp	r1, r18
     1a6:	13 06       	cpc	r1, r19
     1a8:	6c f5       	brge	.+90     	; 0x204 <_fpadd_parts+0x11a>
     1aa:	37 01       	movw	r6, r14
     1ac:	48 01       	movw	r8, r16
     1ae:	06 2e       	mov	r0, r22
     1b0:	04 c0       	rjmp	.+8      	; 0x1ba <_fpadd_parts+0xd0>
     1b2:	96 94       	lsr	r9
     1b4:	87 94       	ror	r8
     1b6:	77 94       	ror	r7
     1b8:	67 94       	ror	r6
     1ba:	0a 94       	dec	r0
     1bc:	d2 f7       	brpl	.-12     	; 0x1b2 <_fpadd_parts+0xc8>
     1be:	21 e0       	ldi	r18, 0x01	; 1
     1c0:	30 e0       	ldi	r19, 0x00	; 0
     1c2:	40 e0       	ldi	r20, 0x00	; 0
     1c4:	50 e0       	ldi	r21, 0x00	; 0
     1c6:	04 c0       	rjmp	.+8      	; 0x1d0 <_fpadd_parts+0xe6>
     1c8:	22 0f       	add	r18, r18
     1ca:	33 1f       	adc	r19, r19
     1cc:	44 1f       	adc	r20, r20
     1ce:	55 1f       	adc	r21, r21
     1d0:	6a 95       	dec	r22
     1d2:	d2 f7       	brpl	.-12     	; 0x1c8 <_fpadd_parts+0xde>
     1d4:	21 50       	subi	r18, 0x01	; 1
     1d6:	30 40       	sbci	r19, 0x00	; 0
     1d8:	40 40       	sbci	r20, 0x00	; 0
     1da:	50 40       	sbci	r21, 0x00	; 0
     1dc:	2e 21       	and	r18, r14
     1de:	3f 21       	and	r19, r15
     1e0:	40 23       	and	r20, r16
     1e2:	51 23       	and	r21, r17
     1e4:	21 15       	cp	r18, r1
     1e6:	31 05       	cpc	r19, r1
     1e8:	41 05       	cpc	r20, r1
     1ea:	51 05       	cpc	r21, r1
     1ec:	21 f0       	breq	.+8      	; 0x1f6 <_fpadd_parts+0x10c>
     1ee:	21 e0       	ldi	r18, 0x01	; 1
     1f0:	30 e0       	ldi	r19, 0x00	; 0
     1f2:	40 e0       	ldi	r20, 0x00	; 0
     1f4:	50 e0       	ldi	r21, 0x00	; 0
     1f6:	79 01       	movw	r14, r18
     1f8:	8a 01       	movw	r16, r20
     1fa:	e6 28       	or	r14, r6
     1fc:	f7 28       	or	r15, r7
     1fe:	08 29       	or	r16, r8
     200:	19 29       	or	r17, r9
     202:	3c c0       	rjmp	.+120    	; 0x27c <_fpadd_parts+0x192>
     204:	23 2b       	or	r18, r19
     206:	d1 f1       	breq	.+116    	; 0x27c <_fpadd_parts+0x192>
     208:	26 0e       	add	r2, r22
     20a:	37 1e       	adc	r3, r23
     20c:	35 01       	movw	r6, r10
     20e:	46 01       	movw	r8, r12
     210:	06 2e       	mov	r0, r22
     212:	04 c0       	rjmp	.+8      	; 0x21c <_fpadd_parts+0x132>
     214:	96 94       	lsr	r9
     216:	87 94       	ror	r8
     218:	77 94       	ror	r7
     21a:	67 94       	ror	r6
     21c:	0a 94       	dec	r0
     21e:	d2 f7       	brpl	.-12     	; 0x214 <_fpadd_parts+0x12a>
     220:	21 e0       	ldi	r18, 0x01	; 1
     222:	30 e0       	ldi	r19, 0x00	; 0
     224:	40 e0       	ldi	r20, 0x00	; 0
     226:	50 e0       	ldi	r21, 0x00	; 0
     228:	04 c0       	rjmp	.+8      	; 0x232 <_fpadd_parts+0x148>
     22a:	22 0f       	add	r18, r18
     22c:	33 1f       	adc	r19, r19
     22e:	44 1f       	adc	r20, r20
     230:	55 1f       	adc	r21, r21
     232:	6a 95       	dec	r22
     234:	d2 f7       	brpl	.-12     	; 0x22a <_fpadd_parts+0x140>
     236:	21 50       	subi	r18, 0x01	; 1
     238:	30 40       	sbci	r19, 0x00	; 0
     23a:	40 40       	sbci	r20, 0x00	; 0
     23c:	50 40       	sbci	r21, 0x00	; 0
     23e:	2a 21       	and	r18, r10
     240:	3b 21       	and	r19, r11
     242:	4c 21       	and	r20, r12
     244:	5d 21       	and	r21, r13
     246:	21 15       	cp	r18, r1
     248:	31 05       	cpc	r19, r1
     24a:	41 05       	cpc	r20, r1
     24c:	51 05       	cpc	r21, r1
     24e:	21 f0       	breq	.+8      	; 0x258 <_fpadd_parts+0x16e>
     250:	21 e0       	ldi	r18, 0x01	; 1
     252:	30 e0       	ldi	r19, 0x00	; 0
     254:	40 e0       	ldi	r20, 0x00	; 0
     256:	50 e0       	ldi	r21, 0x00	; 0
     258:	59 01       	movw	r10, r18
     25a:	6a 01       	movw	r12, r20
     25c:	a6 28       	or	r10, r6
     25e:	b7 28       	or	r11, r7
     260:	c8 28       	or	r12, r8
     262:	d9 28       	or	r13, r9
     264:	0b c0       	rjmp	.+22     	; 0x27c <_fpadd_parts+0x192>
     266:	82 15       	cp	r24, r2
     268:	93 05       	cpc	r25, r3
     26a:	2c f0       	brlt	.+10     	; 0x276 <_fpadd_parts+0x18c>
     26c:	1c 01       	movw	r2, r24
     26e:	aa 24       	eor	r10, r10
     270:	bb 24       	eor	r11, r11
     272:	65 01       	movw	r12, r10
     274:	03 c0       	rjmp	.+6      	; 0x27c <_fpadd_parts+0x192>
     276:	ee 24       	eor	r14, r14
     278:	ff 24       	eor	r15, r15
     27a:	87 01       	movw	r16, r14
     27c:	11 96       	adiw	r26, 0x01	; 1
     27e:	9c 91       	ld	r25, X
     280:	d2 01       	movw	r26, r4
     282:	11 96       	adiw	r26, 0x01	; 1
     284:	8c 91       	ld	r24, X
     286:	98 17       	cp	r25, r24
     288:	09 f4       	brne	.+2      	; 0x28c <_fpadd_parts+0x1a2>
     28a:	45 c0       	rjmp	.+138    	; 0x316 <_fpadd_parts+0x22c>
     28c:	99 23       	and	r25, r25
     28e:	39 f0       	breq	.+14     	; 0x29e <_fpadd_parts+0x1b4>
     290:	a8 01       	movw	r20, r16
     292:	97 01       	movw	r18, r14
     294:	2a 19       	sub	r18, r10
     296:	3b 09       	sbc	r19, r11
     298:	4c 09       	sbc	r20, r12
     29a:	5d 09       	sbc	r21, r13
     29c:	06 c0       	rjmp	.+12     	; 0x2aa <_fpadd_parts+0x1c0>
     29e:	a6 01       	movw	r20, r12
     2a0:	95 01       	movw	r18, r10
     2a2:	2e 19       	sub	r18, r14
     2a4:	3f 09       	sbc	r19, r15
     2a6:	40 0b       	sbc	r20, r16
     2a8:	51 0b       	sbc	r21, r17
     2aa:	57 fd       	sbrc	r21, 7
     2ac:	08 c0       	rjmp	.+16     	; 0x2be <_fpadd_parts+0x1d4>
     2ae:	11 82       	std	Z+1, r1	; 0x01
     2b0:	33 82       	std	Z+3, r3	; 0x03
     2b2:	22 82       	std	Z+2, r2	; 0x02
     2b4:	24 83       	std	Z+4, r18	; 0x04
     2b6:	35 83       	std	Z+5, r19	; 0x05
     2b8:	46 83       	std	Z+6, r20	; 0x06
     2ba:	57 83       	std	Z+7, r21	; 0x07
     2bc:	1d c0       	rjmp	.+58     	; 0x2f8 <_fpadd_parts+0x20e>
     2be:	81 e0       	ldi	r24, 0x01	; 1
     2c0:	81 83       	std	Z+1, r24	; 0x01
     2c2:	33 82       	std	Z+3, r3	; 0x03
     2c4:	22 82       	std	Z+2, r2	; 0x02
     2c6:	88 27       	eor	r24, r24
     2c8:	99 27       	eor	r25, r25
     2ca:	dc 01       	movw	r26, r24
     2cc:	82 1b       	sub	r24, r18
     2ce:	93 0b       	sbc	r25, r19
     2d0:	a4 0b       	sbc	r26, r20
     2d2:	b5 0b       	sbc	r27, r21
     2d4:	84 83       	std	Z+4, r24	; 0x04
     2d6:	95 83       	std	Z+5, r25	; 0x05
     2d8:	a6 83       	std	Z+6, r26	; 0x06
     2da:	b7 83       	std	Z+7, r27	; 0x07
     2dc:	0d c0       	rjmp	.+26     	; 0x2f8 <_fpadd_parts+0x20e>
     2de:	22 0f       	add	r18, r18
     2e0:	33 1f       	adc	r19, r19
     2e2:	44 1f       	adc	r20, r20
     2e4:	55 1f       	adc	r21, r21
     2e6:	24 83       	std	Z+4, r18	; 0x04
     2e8:	35 83       	std	Z+5, r19	; 0x05
     2ea:	46 83       	std	Z+6, r20	; 0x06
     2ec:	57 83       	std	Z+7, r21	; 0x07
     2ee:	82 81       	ldd	r24, Z+2	; 0x02
     2f0:	93 81       	ldd	r25, Z+3	; 0x03
     2f2:	01 97       	sbiw	r24, 0x01	; 1
     2f4:	93 83       	std	Z+3, r25	; 0x03
     2f6:	82 83       	std	Z+2, r24	; 0x02
     2f8:	24 81       	ldd	r18, Z+4	; 0x04
     2fa:	35 81       	ldd	r19, Z+5	; 0x05
     2fc:	46 81       	ldd	r20, Z+6	; 0x06
     2fe:	57 81       	ldd	r21, Z+7	; 0x07
     300:	da 01       	movw	r26, r20
     302:	c9 01       	movw	r24, r18
     304:	01 97       	sbiw	r24, 0x01	; 1
     306:	a1 09       	sbc	r26, r1
     308:	b1 09       	sbc	r27, r1
     30a:	8f 5f       	subi	r24, 0xFF	; 255
     30c:	9f 4f       	sbci	r25, 0xFF	; 255
     30e:	af 4f       	sbci	r26, 0xFF	; 255
     310:	bf 43       	sbci	r27, 0x3F	; 63
     312:	28 f3       	brcs	.-54     	; 0x2de <_fpadd_parts+0x1f4>
     314:	0b c0       	rjmp	.+22     	; 0x32c <_fpadd_parts+0x242>
     316:	91 83       	std	Z+1, r25	; 0x01
     318:	33 82       	std	Z+3, r3	; 0x03
     31a:	22 82       	std	Z+2, r2	; 0x02
     31c:	ea 0c       	add	r14, r10
     31e:	fb 1c       	adc	r15, r11
     320:	0c 1d       	adc	r16, r12
     322:	1d 1d       	adc	r17, r13
     324:	e4 82       	std	Z+4, r14	; 0x04
     326:	f5 82       	std	Z+5, r15	; 0x05
     328:	06 83       	std	Z+6, r16	; 0x06
     32a:	17 83       	std	Z+7, r17	; 0x07
     32c:	83 e0       	ldi	r24, 0x03	; 3
     32e:	80 83       	st	Z, r24
     330:	24 81       	ldd	r18, Z+4	; 0x04
     332:	35 81       	ldd	r19, Z+5	; 0x05
     334:	46 81       	ldd	r20, Z+6	; 0x06
     336:	57 81       	ldd	r21, Z+7	; 0x07
     338:	57 ff       	sbrs	r21, 7
     33a:	1a c0       	rjmp	.+52     	; 0x370 <_fpadd_parts+0x286>
     33c:	c9 01       	movw	r24, r18
     33e:	aa 27       	eor	r26, r26
     340:	97 fd       	sbrc	r25, 7
     342:	a0 95       	com	r26
     344:	ba 2f       	mov	r27, r26
     346:	81 70       	andi	r24, 0x01	; 1
     348:	90 70       	andi	r25, 0x00	; 0
     34a:	a0 70       	andi	r26, 0x00	; 0
     34c:	b0 70       	andi	r27, 0x00	; 0
     34e:	56 95       	lsr	r21
     350:	47 95       	ror	r20
     352:	37 95       	ror	r19
     354:	27 95       	ror	r18
     356:	82 2b       	or	r24, r18
     358:	93 2b       	or	r25, r19
     35a:	a4 2b       	or	r26, r20
     35c:	b5 2b       	or	r27, r21
     35e:	84 83       	std	Z+4, r24	; 0x04
     360:	95 83       	std	Z+5, r25	; 0x05
     362:	a6 83       	std	Z+6, r26	; 0x06
     364:	b7 83       	std	Z+7, r27	; 0x07
     366:	82 81       	ldd	r24, Z+2	; 0x02
     368:	93 81       	ldd	r25, Z+3	; 0x03
     36a:	01 96       	adiw	r24, 0x01	; 1
     36c:	93 83       	std	Z+3, r25	; 0x03
     36e:	82 83       	std	Z+2, r24	; 0x02
     370:	df 01       	movw	r26, r30
     372:	01 c0       	rjmp	.+2      	; 0x376 <_fpadd_parts+0x28c>
     374:	d2 01       	movw	r26, r4
     376:	cd 01       	movw	r24, r26
     378:	cd b7       	in	r28, 0x3d	; 61
     37a:	de b7       	in	r29, 0x3e	; 62
     37c:	e2 e1       	ldi	r30, 0x12	; 18
     37e:	0c 94 47 15 	jmp	0x2a8e	; 0x2a8e <__epilogue_restores__>

00000382 <__subsf3>:
     382:	a0 e2       	ldi	r26, 0x20	; 32
     384:	b0 e0       	ldi	r27, 0x00	; 0
     386:	e7 ec       	ldi	r30, 0xC7	; 199
     388:	f1 e0       	ldi	r31, 0x01	; 1
     38a:	0c 94 37 15 	jmp	0x2a6e	; 0x2a6e <__prologue_saves__+0x18>
     38e:	69 83       	std	Y+1, r22	; 0x01
     390:	7a 83       	std	Y+2, r23	; 0x02
     392:	8b 83       	std	Y+3, r24	; 0x03
     394:	9c 83       	std	Y+4, r25	; 0x04
     396:	2d 83       	std	Y+5, r18	; 0x05
     398:	3e 83       	std	Y+6, r19	; 0x06
     39a:	4f 83       	std	Y+7, r20	; 0x07
     39c:	58 87       	std	Y+8, r21	; 0x08
     39e:	e9 e0       	ldi	r30, 0x09	; 9
     3a0:	ee 2e       	mov	r14, r30
     3a2:	f1 2c       	mov	r15, r1
     3a4:	ec 0e       	add	r14, r28
     3a6:	fd 1e       	adc	r15, r29
     3a8:	ce 01       	movw	r24, r28
     3aa:	01 96       	adiw	r24, 0x01	; 1
     3ac:	b7 01       	movw	r22, r14
     3ae:	0e 94 a4 06 	call	0xd48	; 0xd48 <__unpack_f>
     3b2:	8e 01       	movw	r16, r28
     3b4:	0f 5e       	subi	r16, 0xEF	; 239
     3b6:	1f 4f       	sbci	r17, 0xFF	; 255
     3b8:	ce 01       	movw	r24, r28
     3ba:	05 96       	adiw	r24, 0x05	; 5
     3bc:	b8 01       	movw	r22, r16
     3be:	0e 94 a4 06 	call	0xd48	; 0xd48 <__unpack_f>
     3c2:	8a 89       	ldd	r24, Y+18	; 0x12
     3c4:	91 e0       	ldi	r25, 0x01	; 1
     3c6:	89 27       	eor	r24, r25
     3c8:	8a 8b       	std	Y+18, r24	; 0x12
     3ca:	c7 01       	movw	r24, r14
     3cc:	b8 01       	movw	r22, r16
     3ce:	ae 01       	movw	r20, r28
     3d0:	47 5e       	subi	r20, 0xE7	; 231
     3d2:	5f 4f       	sbci	r21, 0xFF	; 255
     3d4:	0e 94 75 00 	call	0xea	; 0xea <_fpadd_parts>
     3d8:	0e 94 cf 05 	call	0xb9e	; 0xb9e <__pack_f>
     3dc:	a0 96       	adiw	r28, 0x20	; 32
     3de:	e6 e0       	ldi	r30, 0x06	; 6
     3e0:	0c 94 53 15 	jmp	0x2aa6	; 0x2aa6 <__epilogue_restores__+0x18>

000003e4 <__addsf3>:
     3e4:	a0 e2       	ldi	r26, 0x20	; 32
     3e6:	b0 e0       	ldi	r27, 0x00	; 0
     3e8:	e8 ef       	ldi	r30, 0xF8	; 248
     3ea:	f1 e0       	ldi	r31, 0x01	; 1
     3ec:	0c 94 37 15 	jmp	0x2a6e	; 0x2a6e <__prologue_saves__+0x18>
     3f0:	69 83       	std	Y+1, r22	; 0x01
     3f2:	7a 83       	std	Y+2, r23	; 0x02
     3f4:	8b 83       	std	Y+3, r24	; 0x03
     3f6:	9c 83       	std	Y+4, r25	; 0x04
     3f8:	2d 83       	std	Y+5, r18	; 0x05
     3fa:	3e 83       	std	Y+6, r19	; 0x06
     3fc:	4f 83       	std	Y+7, r20	; 0x07
     3fe:	58 87       	std	Y+8, r21	; 0x08
     400:	f9 e0       	ldi	r31, 0x09	; 9
     402:	ef 2e       	mov	r14, r31
     404:	f1 2c       	mov	r15, r1
     406:	ec 0e       	add	r14, r28
     408:	fd 1e       	adc	r15, r29
     40a:	ce 01       	movw	r24, r28
     40c:	01 96       	adiw	r24, 0x01	; 1
     40e:	b7 01       	movw	r22, r14
     410:	0e 94 a4 06 	call	0xd48	; 0xd48 <__unpack_f>
     414:	8e 01       	movw	r16, r28
     416:	0f 5e       	subi	r16, 0xEF	; 239
     418:	1f 4f       	sbci	r17, 0xFF	; 255
     41a:	ce 01       	movw	r24, r28
     41c:	05 96       	adiw	r24, 0x05	; 5
     41e:	b8 01       	movw	r22, r16
     420:	0e 94 a4 06 	call	0xd48	; 0xd48 <__unpack_f>
     424:	c7 01       	movw	r24, r14
     426:	b8 01       	movw	r22, r16
     428:	ae 01       	movw	r20, r28
     42a:	47 5e       	subi	r20, 0xE7	; 231
     42c:	5f 4f       	sbci	r21, 0xFF	; 255
     42e:	0e 94 75 00 	call	0xea	; 0xea <_fpadd_parts>
     432:	0e 94 cf 05 	call	0xb9e	; 0xb9e <__pack_f>
     436:	a0 96       	adiw	r28, 0x20	; 32
     438:	e6 e0       	ldi	r30, 0x06	; 6
     43a:	0c 94 53 15 	jmp	0x2aa6	; 0x2aa6 <__epilogue_restores__+0x18>

0000043e <__mulsf3>:
     43e:	a0 e2       	ldi	r26, 0x20	; 32
     440:	b0 e0       	ldi	r27, 0x00	; 0
     442:	e5 e2       	ldi	r30, 0x25	; 37
     444:	f2 e0       	ldi	r31, 0x02	; 2
     446:	0c 94 2b 15 	jmp	0x2a56	; 0x2a56 <__prologue_saves__>
     44a:	69 83       	std	Y+1, r22	; 0x01
     44c:	7a 83       	std	Y+2, r23	; 0x02
     44e:	8b 83       	std	Y+3, r24	; 0x03
     450:	9c 83       	std	Y+4, r25	; 0x04
     452:	2d 83       	std	Y+5, r18	; 0x05
     454:	3e 83       	std	Y+6, r19	; 0x06
     456:	4f 83       	std	Y+7, r20	; 0x07
     458:	58 87       	std	Y+8, r21	; 0x08
     45a:	ce 01       	movw	r24, r28
     45c:	01 96       	adiw	r24, 0x01	; 1
     45e:	be 01       	movw	r22, r28
     460:	67 5f       	subi	r22, 0xF7	; 247
     462:	7f 4f       	sbci	r23, 0xFF	; 255
     464:	0e 94 a4 06 	call	0xd48	; 0xd48 <__unpack_f>
     468:	ce 01       	movw	r24, r28
     46a:	05 96       	adiw	r24, 0x05	; 5
     46c:	be 01       	movw	r22, r28
     46e:	6f 5e       	subi	r22, 0xEF	; 239
     470:	7f 4f       	sbci	r23, 0xFF	; 255
     472:	0e 94 a4 06 	call	0xd48	; 0xd48 <__unpack_f>
     476:	99 85       	ldd	r25, Y+9	; 0x09
     478:	92 30       	cpi	r25, 0x02	; 2
     47a:	88 f0       	brcs	.+34     	; 0x49e <__mulsf3+0x60>
     47c:	89 89       	ldd	r24, Y+17	; 0x11
     47e:	82 30       	cpi	r24, 0x02	; 2
     480:	c8 f0       	brcs	.+50     	; 0x4b4 <__mulsf3+0x76>
     482:	94 30       	cpi	r25, 0x04	; 4
     484:	19 f4       	brne	.+6      	; 0x48c <__mulsf3+0x4e>
     486:	82 30       	cpi	r24, 0x02	; 2
     488:	51 f4       	brne	.+20     	; 0x49e <__mulsf3+0x60>
     48a:	04 c0       	rjmp	.+8      	; 0x494 <__mulsf3+0x56>
     48c:	84 30       	cpi	r24, 0x04	; 4
     48e:	29 f4       	brne	.+10     	; 0x49a <__mulsf3+0x5c>
     490:	92 30       	cpi	r25, 0x02	; 2
     492:	81 f4       	brne	.+32     	; 0x4b4 <__mulsf3+0x76>
     494:	8f e9       	ldi	r24, 0x9F	; 159
     496:	90 e0       	ldi	r25, 0x00	; 0
     498:	c6 c0       	rjmp	.+396    	; 0x626 <__mulsf3+0x1e8>
     49a:	92 30       	cpi	r25, 0x02	; 2
     49c:	49 f4       	brne	.+18     	; 0x4b0 <__mulsf3+0x72>
     49e:	20 e0       	ldi	r18, 0x00	; 0
     4a0:	9a 85       	ldd	r25, Y+10	; 0x0a
     4a2:	8a 89       	ldd	r24, Y+18	; 0x12
     4a4:	98 13       	cpse	r25, r24
     4a6:	21 e0       	ldi	r18, 0x01	; 1
     4a8:	2a 87       	std	Y+10, r18	; 0x0a
     4aa:	ce 01       	movw	r24, r28
     4ac:	09 96       	adiw	r24, 0x09	; 9
     4ae:	bb c0       	rjmp	.+374    	; 0x626 <__mulsf3+0x1e8>
     4b0:	82 30       	cpi	r24, 0x02	; 2
     4b2:	49 f4       	brne	.+18     	; 0x4c6 <__mulsf3+0x88>
     4b4:	20 e0       	ldi	r18, 0x00	; 0
     4b6:	9a 85       	ldd	r25, Y+10	; 0x0a
     4b8:	8a 89       	ldd	r24, Y+18	; 0x12
     4ba:	98 13       	cpse	r25, r24
     4bc:	21 e0       	ldi	r18, 0x01	; 1
     4be:	2a 8b       	std	Y+18, r18	; 0x12
     4c0:	ce 01       	movw	r24, r28
     4c2:	41 96       	adiw	r24, 0x11	; 17
     4c4:	b0 c0       	rjmp	.+352    	; 0x626 <__mulsf3+0x1e8>
     4c6:	2d 84       	ldd	r2, Y+13	; 0x0d
     4c8:	3e 84       	ldd	r3, Y+14	; 0x0e
     4ca:	4f 84       	ldd	r4, Y+15	; 0x0f
     4cc:	58 88       	ldd	r5, Y+16	; 0x10
     4ce:	6d 88       	ldd	r6, Y+21	; 0x15
     4d0:	7e 88       	ldd	r7, Y+22	; 0x16
     4d2:	8f 88       	ldd	r8, Y+23	; 0x17
     4d4:	98 8c       	ldd	r9, Y+24	; 0x18
     4d6:	ee 24       	eor	r14, r14
     4d8:	ff 24       	eor	r15, r15
     4da:	87 01       	movw	r16, r14
     4dc:	aa 24       	eor	r10, r10
     4de:	bb 24       	eor	r11, r11
     4e0:	65 01       	movw	r12, r10
     4e2:	40 e0       	ldi	r20, 0x00	; 0
     4e4:	50 e0       	ldi	r21, 0x00	; 0
     4e6:	60 e0       	ldi	r22, 0x00	; 0
     4e8:	70 e0       	ldi	r23, 0x00	; 0
     4ea:	e0 e0       	ldi	r30, 0x00	; 0
     4ec:	f0 e0       	ldi	r31, 0x00	; 0
     4ee:	c1 01       	movw	r24, r2
     4f0:	81 70       	andi	r24, 0x01	; 1
     4f2:	90 70       	andi	r25, 0x00	; 0
     4f4:	89 2b       	or	r24, r25
     4f6:	e9 f0       	breq	.+58     	; 0x532 <__mulsf3+0xf4>
     4f8:	e6 0c       	add	r14, r6
     4fa:	f7 1c       	adc	r15, r7
     4fc:	08 1d       	adc	r16, r8
     4fe:	19 1d       	adc	r17, r9
     500:	9a 01       	movw	r18, r20
     502:	ab 01       	movw	r20, r22
     504:	2a 0d       	add	r18, r10
     506:	3b 1d       	adc	r19, r11
     508:	4c 1d       	adc	r20, r12
     50a:	5d 1d       	adc	r21, r13
     50c:	80 e0       	ldi	r24, 0x00	; 0
     50e:	90 e0       	ldi	r25, 0x00	; 0
     510:	a0 e0       	ldi	r26, 0x00	; 0
     512:	b0 e0       	ldi	r27, 0x00	; 0
     514:	e6 14       	cp	r14, r6
     516:	f7 04       	cpc	r15, r7
     518:	08 05       	cpc	r16, r8
     51a:	19 05       	cpc	r17, r9
     51c:	20 f4       	brcc	.+8      	; 0x526 <__mulsf3+0xe8>
     51e:	81 e0       	ldi	r24, 0x01	; 1
     520:	90 e0       	ldi	r25, 0x00	; 0
     522:	a0 e0       	ldi	r26, 0x00	; 0
     524:	b0 e0       	ldi	r27, 0x00	; 0
     526:	ba 01       	movw	r22, r20
     528:	a9 01       	movw	r20, r18
     52a:	48 0f       	add	r20, r24
     52c:	59 1f       	adc	r21, r25
     52e:	6a 1f       	adc	r22, r26
     530:	7b 1f       	adc	r23, r27
     532:	aa 0c       	add	r10, r10
     534:	bb 1c       	adc	r11, r11
     536:	cc 1c       	adc	r12, r12
     538:	dd 1c       	adc	r13, r13
     53a:	97 fe       	sbrs	r9, 7
     53c:	08 c0       	rjmp	.+16     	; 0x54e <__mulsf3+0x110>
     53e:	81 e0       	ldi	r24, 0x01	; 1
     540:	90 e0       	ldi	r25, 0x00	; 0
     542:	a0 e0       	ldi	r26, 0x00	; 0
     544:	b0 e0       	ldi	r27, 0x00	; 0
     546:	a8 2a       	or	r10, r24
     548:	b9 2a       	or	r11, r25
     54a:	ca 2a       	or	r12, r26
     54c:	db 2a       	or	r13, r27
     54e:	31 96       	adiw	r30, 0x01	; 1
     550:	e0 32       	cpi	r30, 0x20	; 32
     552:	f1 05       	cpc	r31, r1
     554:	49 f0       	breq	.+18     	; 0x568 <__mulsf3+0x12a>
     556:	66 0c       	add	r6, r6
     558:	77 1c       	adc	r7, r7
     55a:	88 1c       	adc	r8, r8
     55c:	99 1c       	adc	r9, r9
     55e:	56 94       	lsr	r5
     560:	47 94       	ror	r4
     562:	37 94       	ror	r3
     564:	27 94       	ror	r2
     566:	c3 cf       	rjmp	.-122    	; 0x4ee <__mulsf3+0xb0>
     568:	fa 85       	ldd	r31, Y+10	; 0x0a
     56a:	ea 89       	ldd	r30, Y+18	; 0x12
     56c:	2b 89       	ldd	r18, Y+19	; 0x13
     56e:	3c 89       	ldd	r19, Y+20	; 0x14
     570:	8b 85       	ldd	r24, Y+11	; 0x0b
     572:	9c 85       	ldd	r25, Y+12	; 0x0c
     574:	28 0f       	add	r18, r24
     576:	39 1f       	adc	r19, r25
     578:	2e 5f       	subi	r18, 0xFE	; 254
     57a:	3f 4f       	sbci	r19, 0xFF	; 255
     57c:	17 c0       	rjmp	.+46     	; 0x5ac <__mulsf3+0x16e>
     57e:	ca 01       	movw	r24, r20
     580:	81 70       	andi	r24, 0x01	; 1
     582:	90 70       	andi	r25, 0x00	; 0
     584:	89 2b       	or	r24, r25
     586:	61 f0       	breq	.+24     	; 0x5a0 <__mulsf3+0x162>
     588:	16 95       	lsr	r17
     58a:	07 95       	ror	r16
     58c:	f7 94       	ror	r15
     58e:	e7 94       	ror	r14
     590:	80 e0       	ldi	r24, 0x00	; 0
     592:	90 e0       	ldi	r25, 0x00	; 0
     594:	a0 e0       	ldi	r26, 0x00	; 0
     596:	b0 e8       	ldi	r27, 0x80	; 128
     598:	e8 2a       	or	r14, r24
     59a:	f9 2a       	or	r15, r25
     59c:	0a 2b       	or	r16, r26
     59e:	1b 2b       	or	r17, r27
     5a0:	76 95       	lsr	r23
     5a2:	67 95       	ror	r22
     5a4:	57 95       	ror	r21
     5a6:	47 95       	ror	r20
     5a8:	2f 5f       	subi	r18, 0xFF	; 255
     5aa:	3f 4f       	sbci	r19, 0xFF	; 255
     5ac:	77 fd       	sbrc	r23, 7
     5ae:	e7 cf       	rjmp	.-50     	; 0x57e <__mulsf3+0x140>
     5b0:	0c c0       	rjmp	.+24     	; 0x5ca <__mulsf3+0x18c>
     5b2:	44 0f       	add	r20, r20
     5b4:	55 1f       	adc	r21, r21
     5b6:	66 1f       	adc	r22, r22
     5b8:	77 1f       	adc	r23, r23
     5ba:	17 fd       	sbrc	r17, 7
     5bc:	41 60       	ori	r20, 0x01	; 1
     5be:	ee 0c       	add	r14, r14
     5c0:	ff 1c       	adc	r15, r15
     5c2:	00 1f       	adc	r16, r16
     5c4:	11 1f       	adc	r17, r17
     5c6:	21 50       	subi	r18, 0x01	; 1
     5c8:	30 40       	sbci	r19, 0x00	; 0
     5ca:	40 30       	cpi	r20, 0x00	; 0
     5cc:	90 e0       	ldi	r25, 0x00	; 0
     5ce:	59 07       	cpc	r21, r25
     5d0:	90 e0       	ldi	r25, 0x00	; 0
     5d2:	69 07       	cpc	r22, r25
     5d4:	90 e4       	ldi	r25, 0x40	; 64
     5d6:	79 07       	cpc	r23, r25
     5d8:	60 f3       	brcs	.-40     	; 0x5b2 <__mulsf3+0x174>
     5da:	2b 8f       	std	Y+27, r18	; 0x1b
     5dc:	3c 8f       	std	Y+28, r19	; 0x1c
     5de:	db 01       	movw	r26, r22
     5e0:	ca 01       	movw	r24, r20
     5e2:	8f 77       	andi	r24, 0x7F	; 127
     5e4:	90 70       	andi	r25, 0x00	; 0
     5e6:	a0 70       	andi	r26, 0x00	; 0
     5e8:	b0 70       	andi	r27, 0x00	; 0
     5ea:	80 34       	cpi	r24, 0x40	; 64
     5ec:	91 05       	cpc	r25, r1
     5ee:	a1 05       	cpc	r26, r1
     5f0:	b1 05       	cpc	r27, r1
     5f2:	61 f4       	brne	.+24     	; 0x60c <__mulsf3+0x1ce>
     5f4:	47 fd       	sbrc	r20, 7
     5f6:	0a c0       	rjmp	.+20     	; 0x60c <__mulsf3+0x1ce>
     5f8:	e1 14       	cp	r14, r1
     5fa:	f1 04       	cpc	r15, r1
     5fc:	01 05       	cpc	r16, r1
     5fe:	11 05       	cpc	r17, r1
     600:	29 f0       	breq	.+10     	; 0x60c <__mulsf3+0x1ce>
     602:	40 5c       	subi	r20, 0xC0	; 192
     604:	5f 4f       	sbci	r21, 0xFF	; 255
     606:	6f 4f       	sbci	r22, 0xFF	; 255
     608:	7f 4f       	sbci	r23, 0xFF	; 255
     60a:	40 78       	andi	r20, 0x80	; 128
     60c:	1a 8e       	std	Y+26, r1	; 0x1a
     60e:	fe 17       	cp	r31, r30
     610:	11 f0       	breq	.+4      	; 0x616 <__mulsf3+0x1d8>
     612:	81 e0       	ldi	r24, 0x01	; 1
     614:	8a 8f       	std	Y+26, r24	; 0x1a
     616:	4d 8f       	std	Y+29, r20	; 0x1d
     618:	5e 8f       	std	Y+30, r21	; 0x1e
     61a:	6f 8f       	std	Y+31, r22	; 0x1f
     61c:	78 a3       	std	Y+32, r23	; 0x20
     61e:	83 e0       	ldi	r24, 0x03	; 3
     620:	89 8f       	std	Y+25, r24	; 0x19
     622:	ce 01       	movw	r24, r28
     624:	49 96       	adiw	r24, 0x19	; 25
     626:	0e 94 cf 05 	call	0xb9e	; 0xb9e <__pack_f>
     62a:	a0 96       	adiw	r28, 0x20	; 32
     62c:	e2 e1       	ldi	r30, 0x12	; 18
     62e:	0c 94 47 15 	jmp	0x2a8e	; 0x2a8e <__epilogue_restores__>

00000632 <__divsf3>:
     632:	a8 e1       	ldi	r26, 0x18	; 24
     634:	b0 e0       	ldi	r27, 0x00	; 0
     636:	ef e1       	ldi	r30, 0x1F	; 31
     638:	f3 e0       	ldi	r31, 0x03	; 3
     63a:	0c 94 33 15 	jmp	0x2a66	; 0x2a66 <__prologue_saves__+0x10>
     63e:	69 83       	std	Y+1, r22	; 0x01
     640:	7a 83       	std	Y+2, r23	; 0x02
     642:	8b 83       	std	Y+3, r24	; 0x03
     644:	9c 83       	std	Y+4, r25	; 0x04
     646:	2d 83       	std	Y+5, r18	; 0x05
     648:	3e 83       	std	Y+6, r19	; 0x06
     64a:	4f 83       	std	Y+7, r20	; 0x07
     64c:	58 87       	std	Y+8, r21	; 0x08
     64e:	b9 e0       	ldi	r27, 0x09	; 9
     650:	eb 2e       	mov	r14, r27
     652:	f1 2c       	mov	r15, r1
     654:	ec 0e       	add	r14, r28
     656:	fd 1e       	adc	r15, r29
     658:	ce 01       	movw	r24, r28
     65a:	01 96       	adiw	r24, 0x01	; 1
     65c:	b7 01       	movw	r22, r14
     65e:	0e 94 a4 06 	call	0xd48	; 0xd48 <__unpack_f>
     662:	8e 01       	movw	r16, r28
     664:	0f 5e       	subi	r16, 0xEF	; 239
     666:	1f 4f       	sbci	r17, 0xFF	; 255
     668:	ce 01       	movw	r24, r28
     66a:	05 96       	adiw	r24, 0x05	; 5
     66c:	b8 01       	movw	r22, r16
     66e:	0e 94 a4 06 	call	0xd48	; 0xd48 <__unpack_f>
     672:	29 85       	ldd	r18, Y+9	; 0x09
     674:	22 30       	cpi	r18, 0x02	; 2
     676:	08 f4       	brcc	.+2      	; 0x67a <__divsf3+0x48>
     678:	7e c0       	rjmp	.+252    	; 0x776 <__divsf3+0x144>
     67a:	39 89       	ldd	r19, Y+17	; 0x11
     67c:	32 30       	cpi	r19, 0x02	; 2
     67e:	10 f4       	brcc	.+4      	; 0x684 <__divsf3+0x52>
     680:	b8 01       	movw	r22, r16
     682:	7c c0       	rjmp	.+248    	; 0x77c <__divsf3+0x14a>
     684:	8a 85       	ldd	r24, Y+10	; 0x0a
     686:	9a 89       	ldd	r25, Y+18	; 0x12
     688:	89 27       	eor	r24, r25
     68a:	8a 87       	std	Y+10, r24	; 0x0a
     68c:	24 30       	cpi	r18, 0x04	; 4
     68e:	11 f0       	breq	.+4      	; 0x694 <__divsf3+0x62>
     690:	22 30       	cpi	r18, 0x02	; 2
     692:	31 f4       	brne	.+12     	; 0x6a0 <__divsf3+0x6e>
     694:	23 17       	cp	r18, r19
     696:	09 f0       	breq	.+2      	; 0x69a <__divsf3+0x68>
     698:	6e c0       	rjmp	.+220    	; 0x776 <__divsf3+0x144>
     69a:	6f e9       	ldi	r22, 0x9F	; 159
     69c:	70 e0       	ldi	r23, 0x00	; 0
     69e:	6e c0       	rjmp	.+220    	; 0x77c <__divsf3+0x14a>
     6a0:	34 30       	cpi	r19, 0x04	; 4
     6a2:	39 f4       	brne	.+14     	; 0x6b2 <__divsf3+0x80>
     6a4:	1d 86       	std	Y+13, r1	; 0x0d
     6a6:	1e 86       	std	Y+14, r1	; 0x0e
     6a8:	1f 86       	std	Y+15, r1	; 0x0f
     6aa:	18 8a       	std	Y+16, r1	; 0x10
     6ac:	1c 86       	std	Y+12, r1	; 0x0c
     6ae:	1b 86       	std	Y+11, r1	; 0x0b
     6b0:	04 c0       	rjmp	.+8      	; 0x6ba <__divsf3+0x88>
     6b2:	32 30       	cpi	r19, 0x02	; 2
     6b4:	21 f4       	brne	.+8      	; 0x6be <__divsf3+0x8c>
     6b6:	84 e0       	ldi	r24, 0x04	; 4
     6b8:	89 87       	std	Y+9, r24	; 0x09
     6ba:	b7 01       	movw	r22, r14
     6bc:	5f c0       	rjmp	.+190    	; 0x77c <__divsf3+0x14a>
     6be:	2b 85       	ldd	r18, Y+11	; 0x0b
     6c0:	3c 85       	ldd	r19, Y+12	; 0x0c
     6c2:	8b 89       	ldd	r24, Y+19	; 0x13
     6c4:	9c 89       	ldd	r25, Y+20	; 0x14
     6c6:	28 1b       	sub	r18, r24
     6c8:	39 0b       	sbc	r19, r25
     6ca:	3c 87       	std	Y+12, r19	; 0x0c
     6cc:	2b 87       	std	Y+11, r18	; 0x0b
     6ce:	ed 84       	ldd	r14, Y+13	; 0x0d
     6d0:	fe 84       	ldd	r15, Y+14	; 0x0e
     6d2:	0f 85       	ldd	r16, Y+15	; 0x0f
     6d4:	18 89       	ldd	r17, Y+16	; 0x10
     6d6:	ad 88       	ldd	r10, Y+21	; 0x15
     6d8:	be 88       	ldd	r11, Y+22	; 0x16
     6da:	cf 88       	ldd	r12, Y+23	; 0x17
     6dc:	d8 8c       	ldd	r13, Y+24	; 0x18
     6de:	ea 14       	cp	r14, r10
     6e0:	fb 04       	cpc	r15, r11
     6e2:	0c 05       	cpc	r16, r12
     6e4:	1d 05       	cpc	r17, r13
     6e6:	40 f4       	brcc	.+16     	; 0x6f8 <__divsf3+0xc6>
     6e8:	ee 0c       	add	r14, r14
     6ea:	ff 1c       	adc	r15, r15
     6ec:	00 1f       	adc	r16, r16
     6ee:	11 1f       	adc	r17, r17
     6f0:	21 50       	subi	r18, 0x01	; 1
     6f2:	30 40       	sbci	r19, 0x00	; 0
     6f4:	3c 87       	std	Y+12, r19	; 0x0c
     6f6:	2b 87       	std	Y+11, r18	; 0x0b
     6f8:	20 e0       	ldi	r18, 0x00	; 0
     6fa:	30 e0       	ldi	r19, 0x00	; 0
     6fc:	40 e0       	ldi	r20, 0x00	; 0
     6fe:	50 e0       	ldi	r21, 0x00	; 0
     700:	80 e0       	ldi	r24, 0x00	; 0
     702:	90 e0       	ldi	r25, 0x00	; 0
     704:	a0 e0       	ldi	r26, 0x00	; 0
     706:	b0 e4       	ldi	r27, 0x40	; 64
     708:	60 e0       	ldi	r22, 0x00	; 0
     70a:	70 e0       	ldi	r23, 0x00	; 0
     70c:	ea 14       	cp	r14, r10
     70e:	fb 04       	cpc	r15, r11
     710:	0c 05       	cpc	r16, r12
     712:	1d 05       	cpc	r17, r13
     714:	40 f0       	brcs	.+16     	; 0x726 <__divsf3+0xf4>
     716:	28 2b       	or	r18, r24
     718:	39 2b       	or	r19, r25
     71a:	4a 2b       	or	r20, r26
     71c:	5b 2b       	or	r21, r27
     71e:	ea 18       	sub	r14, r10
     720:	fb 08       	sbc	r15, r11
     722:	0c 09       	sbc	r16, r12
     724:	1d 09       	sbc	r17, r13
     726:	b6 95       	lsr	r27
     728:	a7 95       	ror	r26
     72a:	97 95       	ror	r25
     72c:	87 95       	ror	r24
     72e:	ee 0c       	add	r14, r14
     730:	ff 1c       	adc	r15, r15
     732:	00 1f       	adc	r16, r16
     734:	11 1f       	adc	r17, r17
     736:	6f 5f       	subi	r22, 0xFF	; 255
     738:	7f 4f       	sbci	r23, 0xFF	; 255
     73a:	6f 31       	cpi	r22, 0x1F	; 31
     73c:	71 05       	cpc	r23, r1
     73e:	31 f7       	brne	.-52     	; 0x70c <__divsf3+0xda>
     740:	da 01       	movw	r26, r20
     742:	c9 01       	movw	r24, r18
     744:	8f 77       	andi	r24, 0x7F	; 127
     746:	90 70       	andi	r25, 0x00	; 0
     748:	a0 70       	andi	r26, 0x00	; 0
     74a:	b0 70       	andi	r27, 0x00	; 0
     74c:	80 34       	cpi	r24, 0x40	; 64
     74e:	91 05       	cpc	r25, r1
     750:	a1 05       	cpc	r26, r1
     752:	b1 05       	cpc	r27, r1
     754:	61 f4       	brne	.+24     	; 0x76e <__divsf3+0x13c>
     756:	27 fd       	sbrc	r18, 7
     758:	0a c0       	rjmp	.+20     	; 0x76e <__divsf3+0x13c>
     75a:	e1 14       	cp	r14, r1
     75c:	f1 04       	cpc	r15, r1
     75e:	01 05       	cpc	r16, r1
     760:	11 05       	cpc	r17, r1
     762:	29 f0       	breq	.+10     	; 0x76e <__divsf3+0x13c>
     764:	20 5c       	subi	r18, 0xC0	; 192
     766:	3f 4f       	sbci	r19, 0xFF	; 255
     768:	4f 4f       	sbci	r20, 0xFF	; 255
     76a:	5f 4f       	sbci	r21, 0xFF	; 255
     76c:	20 78       	andi	r18, 0x80	; 128
     76e:	2d 87       	std	Y+13, r18	; 0x0d
     770:	3e 87       	std	Y+14, r19	; 0x0e
     772:	4f 87       	std	Y+15, r20	; 0x0f
     774:	58 8b       	std	Y+16, r21	; 0x10
     776:	be 01       	movw	r22, r28
     778:	67 5f       	subi	r22, 0xF7	; 247
     77a:	7f 4f       	sbci	r23, 0xFF	; 255
     77c:	cb 01       	movw	r24, r22
     77e:	0e 94 cf 05 	call	0xb9e	; 0xb9e <__pack_f>
     782:	68 96       	adiw	r28, 0x18	; 24
     784:	ea e0       	ldi	r30, 0x0A	; 10
     786:	0c 94 4f 15 	jmp	0x2a9e	; 0x2a9e <__epilogue_restores__+0x10>

0000078a <__gtsf2>:
     78a:	a8 e1       	ldi	r26, 0x18	; 24
     78c:	b0 e0       	ldi	r27, 0x00	; 0
     78e:	eb ec       	ldi	r30, 0xCB	; 203
     790:	f3 e0       	ldi	r31, 0x03	; 3
     792:	0c 94 37 15 	jmp	0x2a6e	; 0x2a6e <__prologue_saves__+0x18>
     796:	69 83       	std	Y+1, r22	; 0x01
     798:	7a 83       	std	Y+2, r23	; 0x02
     79a:	8b 83       	std	Y+3, r24	; 0x03
     79c:	9c 83       	std	Y+4, r25	; 0x04
     79e:	2d 83       	std	Y+5, r18	; 0x05
     7a0:	3e 83       	std	Y+6, r19	; 0x06
     7a2:	4f 83       	std	Y+7, r20	; 0x07
     7a4:	58 87       	std	Y+8, r21	; 0x08
     7a6:	89 e0       	ldi	r24, 0x09	; 9
     7a8:	e8 2e       	mov	r14, r24
     7aa:	f1 2c       	mov	r15, r1
     7ac:	ec 0e       	add	r14, r28
     7ae:	fd 1e       	adc	r15, r29
     7b0:	ce 01       	movw	r24, r28
     7b2:	01 96       	adiw	r24, 0x01	; 1
     7b4:	b7 01       	movw	r22, r14
     7b6:	0e 94 a4 06 	call	0xd48	; 0xd48 <__unpack_f>
     7ba:	8e 01       	movw	r16, r28
     7bc:	0f 5e       	subi	r16, 0xEF	; 239
     7be:	1f 4f       	sbci	r17, 0xFF	; 255
     7c0:	ce 01       	movw	r24, r28
     7c2:	05 96       	adiw	r24, 0x05	; 5
     7c4:	b8 01       	movw	r22, r16
     7c6:	0e 94 a4 06 	call	0xd48	; 0xd48 <__unpack_f>
     7ca:	89 85       	ldd	r24, Y+9	; 0x09
     7cc:	82 30       	cpi	r24, 0x02	; 2
     7ce:	40 f0       	brcs	.+16     	; 0x7e0 <__gtsf2+0x56>
     7d0:	89 89       	ldd	r24, Y+17	; 0x11
     7d2:	82 30       	cpi	r24, 0x02	; 2
     7d4:	28 f0       	brcs	.+10     	; 0x7e0 <__gtsf2+0x56>
     7d6:	c7 01       	movw	r24, r14
     7d8:	b8 01       	movw	r22, r16
     7da:	0e 94 1c 07 	call	0xe38	; 0xe38 <__fpcmp_parts_f>
     7de:	01 c0       	rjmp	.+2      	; 0x7e2 <__gtsf2+0x58>
     7e0:	8f ef       	ldi	r24, 0xFF	; 255
     7e2:	68 96       	adiw	r28, 0x18	; 24
     7e4:	e6 e0       	ldi	r30, 0x06	; 6
     7e6:	0c 94 53 15 	jmp	0x2aa6	; 0x2aa6 <__epilogue_restores__+0x18>

000007ea <__gesf2>:
     7ea:	a8 e1       	ldi	r26, 0x18	; 24
     7ec:	b0 e0       	ldi	r27, 0x00	; 0
     7ee:	eb ef       	ldi	r30, 0xFB	; 251
     7f0:	f3 e0       	ldi	r31, 0x03	; 3
     7f2:	0c 94 37 15 	jmp	0x2a6e	; 0x2a6e <__prologue_saves__+0x18>
     7f6:	69 83       	std	Y+1, r22	; 0x01
     7f8:	7a 83       	std	Y+2, r23	; 0x02
     7fa:	8b 83       	std	Y+3, r24	; 0x03
     7fc:	9c 83       	std	Y+4, r25	; 0x04
     7fe:	2d 83       	std	Y+5, r18	; 0x05
     800:	3e 83       	std	Y+6, r19	; 0x06
     802:	4f 83       	std	Y+7, r20	; 0x07
     804:	58 87       	std	Y+8, r21	; 0x08
     806:	89 e0       	ldi	r24, 0x09	; 9
     808:	e8 2e       	mov	r14, r24
     80a:	f1 2c       	mov	r15, r1
     80c:	ec 0e       	add	r14, r28
     80e:	fd 1e       	adc	r15, r29
     810:	ce 01       	movw	r24, r28
     812:	01 96       	adiw	r24, 0x01	; 1
     814:	b7 01       	movw	r22, r14
     816:	0e 94 a4 06 	call	0xd48	; 0xd48 <__unpack_f>
     81a:	8e 01       	movw	r16, r28
     81c:	0f 5e       	subi	r16, 0xEF	; 239
     81e:	1f 4f       	sbci	r17, 0xFF	; 255
     820:	ce 01       	movw	r24, r28
     822:	05 96       	adiw	r24, 0x05	; 5
     824:	b8 01       	movw	r22, r16
     826:	0e 94 a4 06 	call	0xd48	; 0xd48 <__unpack_f>
     82a:	89 85       	ldd	r24, Y+9	; 0x09
     82c:	82 30       	cpi	r24, 0x02	; 2
     82e:	40 f0       	brcs	.+16     	; 0x840 <__gesf2+0x56>
     830:	89 89       	ldd	r24, Y+17	; 0x11
     832:	82 30       	cpi	r24, 0x02	; 2
     834:	28 f0       	brcs	.+10     	; 0x840 <__gesf2+0x56>
     836:	c7 01       	movw	r24, r14
     838:	b8 01       	movw	r22, r16
     83a:	0e 94 1c 07 	call	0xe38	; 0xe38 <__fpcmp_parts_f>
     83e:	01 c0       	rjmp	.+2      	; 0x842 <__gesf2+0x58>
     840:	8f ef       	ldi	r24, 0xFF	; 255
     842:	68 96       	adiw	r28, 0x18	; 24
     844:	e6 e0       	ldi	r30, 0x06	; 6
     846:	0c 94 53 15 	jmp	0x2aa6	; 0x2aa6 <__epilogue_restores__+0x18>

0000084a <__ltsf2>:
     84a:	a8 e1       	ldi	r26, 0x18	; 24
     84c:	b0 e0       	ldi	r27, 0x00	; 0
     84e:	eb e2       	ldi	r30, 0x2B	; 43
     850:	f4 e0       	ldi	r31, 0x04	; 4
     852:	0c 94 37 15 	jmp	0x2a6e	; 0x2a6e <__prologue_saves__+0x18>
     856:	69 83       	std	Y+1, r22	; 0x01
     858:	7a 83       	std	Y+2, r23	; 0x02
     85a:	8b 83       	std	Y+3, r24	; 0x03
     85c:	9c 83       	std	Y+4, r25	; 0x04
     85e:	2d 83       	std	Y+5, r18	; 0x05
     860:	3e 83       	std	Y+6, r19	; 0x06
     862:	4f 83       	std	Y+7, r20	; 0x07
     864:	58 87       	std	Y+8, r21	; 0x08
     866:	89 e0       	ldi	r24, 0x09	; 9
     868:	e8 2e       	mov	r14, r24
     86a:	f1 2c       	mov	r15, r1
     86c:	ec 0e       	add	r14, r28
     86e:	fd 1e       	adc	r15, r29
     870:	ce 01       	movw	r24, r28
     872:	01 96       	adiw	r24, 0x01	; 1
     874:	b7 01       	movw	r22, r14
     876:	0e 94 a4 06 	call	0xd48	; 0xd48 <__unpack_f>
     87a:	8e 01       	movw	r16, r28
     87c:	0f 5e       	subi	r16, 0xEF	; 239
     87e:	1f 4f       	sbci	r17, 0xFF	; 255
     880:	ce 01       	movw	r24, r28
     882:	05 96       	adiw	r24, 0x05	; 5
     884:	b8 01       	movw	r22, r16
     886:	0e 94 a4 06 	call	0xd48	; 0xd48 <__unpack_f>
     88a:	89 85       	ldd	r24, Y+9	; 0x09
     88c:	82 30       	cpi	r24, 0x02	; 2
     88e:	40 f0       	brcs	.+16     	; 0x8a0 <__stack+0x41>
     890:	89 89       	ldd	r24, Y+17	; 0x11
     892:	82 30       	cpi	r24, 0x02	; 2
     894:	28 f0       	brcs	.+10     	; 0x8a0 <__stack+0x41>
     896:	c7 01       	movw	r24, r14
     898:	b8 01       	movw	r22, r16
     89a:	0e 94 1c 07 	call	0xe38	; 0xe38 <__fpcmp_parts_f>
     89e:	01 c0       	rjmp	.+2      	; 0x8a2 <__stack+0x43>
     8a0:	81 e0       	ldi	r24, 0x01	; 1
     8a2:	68 96       	adiw	r28, 0x18	; 24
     8a4:	e6 e0       	ldi	r30, 0x06	; 6
     8a6:	0c 94 53 15 	jmp	0x2aa6	; 0x2aa6 <__epilogue_restores__+0x18>

000008aa <__floatsisf>:
     8aa:	a8 e0       	ldi	r26, 0x08	; 8
     8ac:	b0 e0       	ldi	r27, 0x00	; 0
     8ae:	eb e5       	ldi	r30, 0x5B	; 91
     8b0:	f4 e0       	ldi	r31, 0x04	; 4
     8b2:	0c 94 34 15 	jmp	0x2a68	; 0x2a68 <__prologue_saves__+0x12>
     8b6:	9b 01       	movw	r18, r22
     8b8:	ac 01       	movw	r20, r24
     8ba:	83 e0       	ldi	r24, 0x03	; 3
     8bc:	89 83       	std	Y+1, r24	; 0x01
     8be:	da 01       	movw	r26, r20
     8c0:	c9 01       	movw	r24, r18
     8c2:	88 27       	eor	r24, r24
     8c4:	b7 fd       	sbrc	r27, 7
     8c6:	83 95       	inc	r24
     8c8:	99 27       	eor	r25, r25
     8ca:	aa 27       	eor	r26, r26
     8cc:	bb 27       	eor	r27, r27
     8ce:	b8 2e       	mov	r11, r24
     8d0:	21 15       	cp	r18, r1
     8d2:	31 05       	cpc	r19, r1
     8d4:	41 05       	cpc	r20, r1
     8d6:	51 05       	cpc	r21, r1
     8d8:	19 f4       	brne	.+6      	; 0x8e0 <__floatsisf+0x36>
     8da:	82 e0       	ldi	r24, 0x02	; 2
     8dc:	89 83       	std	Y+1, r24	; 0x01
     8de:	3a c0       	rjmp	.+116    	; 0x954 <__floatsisf+0xaa>
     8e0:	88 23       	and	r24, r24
     8e2:	a9 f0       	breq	.+42     	; 0x90e <__floatsisf+0x64>
     8e4:	20 30       	cpi	r18, 0x00	; 0
     8e6:	80 e0       	ldi	r24, 0x00	; 0
     8e8:	38 07       	cpc	r19, r24
     8ea:	80 e0       	ldi	r24, 0x00	; 0
     8ec:	48 07       	cpc	r20, r24
     8ee:	80 e8       	ldi	r24, 0x80	; 128
     8f0:	58 07       	cpc	r21, r24
     8f2:	29 f4       	brne	.+10     	; 0x8fe <__floatsisf+0x54>
     8f4:	60 e0       	ldi	r22, 0x00	; 0
     8f6:	70 e0       	ldi	r23, 0x00	; 0
     8f8:	80 e0       	ldi	r24, 0x00	; 0
     8fa:	9f ec       	ldi	r25, 0xCF	; 207
     8fc:	30 c0       	rjmp	.+96     	; 0x95e <__floatsisf+0xb4>
     8fe:	ee 24       	eor	r14, r14
     900:	ff 24       	eor	r15, r15
     902:	87 01       	movw	r16, r14
     904:	e2 1a       	sub	r14, r18
     906:	f3 0a       	sbc	r15, r19
     908:	04 0b       	sbc	r16, r20
     90a:	15 0b       	sbc	r17, r21
     90c:	02 c0       	rjmp	.+4      	; 0x912 <__floatsisf+0x68>
     90e:	79 01       	movw	r14, r18
     910:	8a 01       	movw	r16, r20
     912:	8e e1       	ldi	r24, 0x1E	; 30
     914:	c8 2e       	mov	r12, r24
     916:	d1 2c       	mov	r13, r1
     918:	dc 82       	std	Y+4, r13	; 0x04
     91a:	cb 82       	std	Y+3, r12	; 0x03
     91c:	ed 82       	std	Y+5, r14	; 0x05
     91e:	fe 82       	std	Y+6, r15	; 0x06
     920:	0f 83       	std	Y+7, r16	; 0x07
     922:	18 87       	std	Y+8, r17	; 0x08
     924:	c8 01       	movw	r24, r16
     926:	b7 01       	movw	r22, r14
     928:	0e 94 80 05 	call	0xb00	; 0xb00 <__clzsi2>
     92c:	01 97       	sbiw	r24, 0x01	; 1
     92e:	18 16       	cp	r1, r24
     930:	19 06       	cpc	r1, r25
     932:	84 f4       	brge	.+32     	; 0x954 <__floatsisf+0xaa>
     934:	08 2e       	mov	r0, r24
     936:	04 c0       	rjmp	.+8      	; 0x940 <__floatsisf+0x96>
     938:	ee 0c       	add	r14, r14
     93a:	ff 1c       	adc	r15, r15
     93c:	00 1f       	adc	r16, r16
     93e:	11 1f       	adc	r17, r17
     940:	0a 94       	dec	r0
     942:	d2 f7       	brpl	.-12     	; 0x938 <__floatsisf+0x8e>
     944:	ed 82       	std	Y+5, r14	; 0x05
     946:	fe 82       	std	Y+6, r15	; 0x06
     948:	0f 83       	std	Y+7, r16	; 0x07
     94a:	18 87       	std	Y+8, r17	; 0x08
     94c:	c8 1a       	sub	r12, r24
     94e:	d9 0a       	sbc	r13, r25
     950:	dc 82       	std	Y+4, r13	; 0x04
     952:	cb 82       	std	Y+3, r12	; 0x03
     954:	ba 82       	std	Y+2, r11	; 0x02
     956:	ce 01       	movw	r24, r28
     958:	01 96       	adiw	r24, 0x01	; 1
     95a:	0e 94 cf 05 	call	0xb9e	; 0xb9e <__pack_f>
     95e:	28 96       	adiw	r28, 0x08	; 8
     960:	e9 e0       	ldi	r30, 0x09	; 9
     962:	0c 94 50 15 	jmp	0x2aa0	; 0x2aa0 <__epilogue_restores__+0x12>

00000966 <__fixsfsi>:
     966:	ac e0       	ldi	r26, 0x0C	; 12
     968:	b0 e0       	ldi	r27, 0x00	; 0
     96a:	e9 eb       	ldi	r30, 0xB9	; 185
     96c:	f4 e0       	ldi	r31, 0x04	; 4
     96e:	0c 94 3b 15 	jmp	0x2a76	; 0x2a76 <__prologue_saves__+0x20>
     972:	69 83       	std	Y+1, r22	; 0x01
     974:	7a 83       	std	Y+2, r23	; 0x02
     976:	8b 83       	std	Y+3, r24	; 0x03
     978:	9c 83       	std	Y+4, r25	; 0x04
     97a:	ce 01       	movw	r24, r28
     97c:	01 96       	adiw	r24, 0x01	; 1
     97e:	be 01       	movw	r22, r28
     980:	6b 5f       	subi	r22, 0xFB	; 251
     982:	7f 4f       	sbci	r23, 0xFF	; 255
     984:	0e 94 a4 06 	call	0xd48	; 0xd48 <__unpack_f>
     988:	8d 81       	ldd	r24, Y+5	; 0x05
     98a:	82 30       	cpi	r24, 0x02	; 2
     98c:	61 f1       	breq	.+88     	; 0x9e6 <__fixsfsi+0x80>
     98e:	82 30       	cpi	r24, 0x02	; 2
     990:	50 f1       	brcs	.+84     	; 0x9e6 <__fixsfsi+0x80>
     992:	84 30       	cpi	r24, 0x04	; 4
     994:	21 f4       	brne	.+8      	; 0x99e <__fixsfsi+0x38>
     996:	8e 81       	ldd	r24, Y+6	; 0x06
     998:	88 23       	and	r24, r24
     99a:	51 f1       	breq	.+84     	; 0x9f0 <__fixsfsi+0x8a>
     99c:	2e c0       	rjmp	.+92     	; 0x9fa <__fixsfsi+0x94>
     99e:	2f 81       	ldd	r18, Y+7	; 0x07
     9a0:	38 85       	ldd	r19, Y+8	; 0x08
     9a2:	37 fd       	sbrc	r19, 7
     9a4:	20 c0       	rjmp	.+64     	; 0x9e6 <__fixsfsi+0x80>
     9a6:	6e 81       	ldd	r22, Y+6	; 0x06
     9a8:	2f 31       	cpi	r18, 0x1F	; 31
     9aa:	31 05       	cpc	r19, r1
     9ac:	1c f0       	brlt	.+6      	; 0x9b4 <__fixsfsi+0x4e>
     9ae:	66 23       	and	r22, r22
     9b0:	f9 f0       	breq	.+62     	; 0x9f0 <__fixsfsi+0x8a>
     9b2:	23 c0       	rjmp	.+70     	; 0x9fa <__fixsfsi+0x94>
     9b4:	8e e1       	ldi	r24, 0x1E	; 30
     9b6:	90 e0       	ldi	r25, 0x00	; 0
     9b8:	82 1b       	sub	r24, r18
     9ba:	93 0b       	sbc	r25, r19
     9bc:	29 85       	ldd	r18, Y+9	; 0x09
     9be:	3a 85       	ldd	r19, Y+10	; 0x0a
     9c0:	4b 85       	ldd	r20, Y+11	; 0x0b
     9c2:	5c 85       	ldd	r21, Y+12	; 0x0c
     9c4:	04 c0       	rjmp	.+8      	; 0x9ce <__fixsfsi+0x68>
     9c6:	56 95       	lsr	r21
     9c8:	47 95       	ror	r20
     9ca:	37 95       	ror	r19
     9cc:	27 95       	ror	r18
     9ce:	8a 95       	dec	r24
     9d0:	d2 f7       	brpl	.-12     	; 0x9c6 <__fixsfsi+0x60>
     9d2:	66 23       	and	r22, r22
     9d4:	b1 f0       	breq	.+44     	; 0xa02 <__fixsfsi+0x9c>
     9d6:	50 95       	com	r21
     9d8:	40 95       	com	r20
     9da:	30 95       	com	r19
     9dc:	21 95       	neg	r18
     9de:	3f 4f       	sbci	r19, 0xFF	; 255
     9e0:	4f 4f       	sbci	r20, 0xFF	; 255
     9e2:	5f 4f       	sbci	r21, 0xFF	; 255
     9e4:	0e c0       	rjmp	.+28     	; 0xa02 <__fixsfsi+0x9c>
     9e6:	20 e0       	ldi	r18, 0x00	; 0
     9e8:	30 e0       	ldi	r19, 0x00	; 0
     9ea:	40 e0       	ldi	r20, 0x00	; 0
     9ec:	50 e0       	ldi	r21, 0x00	; 0
     9ee:	09 c0       	rjmp	.+18     	; 0xa02 <__fixsfsi+0x9c>
     9f0:	2f ef       	ldi	r18, 0xFF	; 255
     9f2:	3f ef       	ldi	r19, 0xFF	; 255
     9f4:	4f ef       	ldi	r20, 0xFF	; 255
     9f6:	5f e7       	ldi	r21, 0x7F	; 127
     9f8:	04 c0       	rjmp	.+8      	; 0xa02 <__fixsfsi+0x9c>
     9fa:	20 e0       	ldi	r18, 0x00	; 0
     9fc:	30 e0       	ldi	r19, 0x00	; 0
     9fe:	40 e0       	ldi	r20, 0x00	; 0
     a00:	50 e8       	ldi	r21, 0x80	; 128
     a02:	b9 01       	movw	r22, r18
     a04:	ca 01       	movw	r24, r20
     a06:	2c 96       	adiw	r28, 0x0c	; 12
     a08:	e2 e0       	ldi	r30, 0x02	; 2
     a0a:	0c 94 57 15 	jmp	0x2aae	; 0x2aae <__epilogue_restores__+0x20>

00000a0e <__floatunsisf>:
     a0e:	a8 e0       	ldi	r26, 0x08	; 8
     a10:	b0 e0       	ldi	r27, 0x00	; 0
     a12:	ed e0       	ldi	r30, 0x0D	; 13
     a14:	f5 e0       	ldi	r31, 0x05	; 5
     a16:	0c 94 33 15 	jmp	0x2a66	; 0x2a66 <__prologue_saves__+0x10>
     a1a:	7b 01       	movw	r14, r22
     a1c:	8c 01       	movw	r16, r24
     a1e:	61 15       	cp	r22, r1
     a20:	71 05       	cpc	r23, r1
     a22:	81 05       	cpc	r24, r1
     a24:	91 05       	cpc	r25, r1
     a26:	19 f4       	brne	.+6      	; 0xa2e <__floatunsisf+0x20>
     a28:	82 e0       	ldi	r24, 0x02	; 2
     a2a:	89 83       	std	Y+1, r24	; 0x01
     a2c:	60 c0       	rjmp	.+192    	; 0xaee <__floatunsisf+0xe0>
     a2e:	83 e0       	ldi	r24, 0x03	; 3
     a30:	89 83       	std	Y+1, r24	; 0x01
     a32:	8e e1       	ldi	r24, 0x1E	; 30
     a34:	c8 2e       	mov	r12, r24
     a36:	d1 2c       	mov	r13, r1
     a38:	dc 82       	std	Y+4, r13	; 0x04
     a3a:	cb 82       	std	Y+3, r12	; 0x03
     a3c:	ed 82       	std	Y+5, r14	; 0x05
     a3e:	fe 82       	std	Y+6, r15	; 0x06
     a40:	0f 83       	std	Y+7, r16	; 0x07
     a42:	18 87       	std	Y+8, r17	; 0x08
     a44:	c8 01       	movw	r24, r16
     a46:	b7 01       	movw	r22, r14
     a48:	0e 94 80 05 	call	0xb00	; 0xb00 <__clzsi2>
     a4c:	fc 01       	movw	r30, r24
     a4e:	31 97       	sbiw	r30, 0x01	; 1
     a50:	f7 ff       	sbrs	r31, 7
     a52:	3b c0       	rjmp	.+118    	; 0xaca <__floatunsisf+0xbc>
     a54:	22 27       	eor	r18, r18
     a56:	33 27       	eor	r19, r19
     a58:	2e 1b       	sub	r18, r30
     a5a:	3f 0b       	sbc	r19, r31
     a5c:	57 01       	movw	r10, r14
     a5e:	68 01       	movw	r12, r16
     a60:	02 2e       	mov	r0, r18
     a62:	04 c0       	rjmp	.+8      	; 0xa6c <__floatunsisf+0x5e>
     a64:	d6 94       	lsr	r13
     a66:	c7 94       	ror	r12
     a68:	b7 94       	ror	r11
     a6a:	a7 94       	ror	r10
     a6c:	0a 94       	dec	r0
     a6e:	d2 f7       	brpl	.-12     	; 0xa64 <__floatunsisf+0x56>
     a70:	40 e0       	ldi	r20, 0x00	; 0
     a72:	50 e0       	ldi	r21, 0x00	; 0
     a74:	60 e0       	ldi	r22, 0x00	; 0
     a76:	70 e0       	ldi	r23, 0x00	; 0
     a78:	81 e0       	ldi	r24, 0x01	; 1
     a7a:	90 e0       	ldi	r25, 0x00	; 0
     a7c:	a0 e0       	ldi	r26, 0x00	; 0
     a7e:	b0 e0       	ldi	r27, 0x00	; 0
     a80:	04 c0       	rjmp	.+8      	; 0xa8a <__floatunsisf+0x7c>
     a82:	88 0f       	add	r24, r24
     a84:	99 1f       	adc	r25, r25
     a86:	aa 1f       	adc	r26, r26
     a88:	bb 1f       	adc	r27, r27
     a8a:	2a 95       	dec	r18
     a8c:	d2 f7       	brpl	.-12     	; 0xa82 <__floatunsisf+0x74>
     a8e:	01 97       	sbiw	r24, 0x01	; 1
     a90:	a1 09       	sbc	r26, r1
     a92:	b1 09       	sbc	r27, r1
     a94:	8e 21       	and	r24, r14
     a96:	9f 21       	and	r25, r15
     a98:	a0 23       	and	r26, r16
     a9a:	b1 23       	and	r27, r17
     a9c:	00 97       	sbiw	r24, 0x00	; 0
     a9e:	a1 05       	cpc	r26, r1
     aa0:	b1 05       	cpc	r27, r1
     aa2:	21 f0       	breq	.+8      	; 0xaac <__floatunsisf+0x9e>
     aa4:	41 e0       	ldi	r20, 0x01	; 1
     aa6:	50 e0       	ldi	r21, 0x00	; 0
     aa8:	60 e0       	ldi	r22, 0x00	; 0
     aaa:	70 e0       	ldi	r23, 0x00	; 0
     aac:	4a 29       	or	r20, r10
     aae:	5b 29       	or	r21, r11
     ab0:	6c 29       	or	r22, r12
     ab2:	7d 29       	or	r23, r13
     ab4:	4d 83       	std	Y+5, r20	; 0x05
     ab6:	5e 83       	std	Y+6, r21	; 0x06
     ab8:	6f 83       	std	Y+7, r22	; 0x07
     aba:	78 87       	std	Y+8, r23	; 0x08
     abc:	8e e1       	ldi	r24, 0x1E	; 30
     abe:	90 e0       	ldi	r25, 0x00	; 0
     ac0:	8e 1b       	sub	r24, r30
     ac2:	9f 0b       	sbc	r25, r31
     ac4:	9c 83       	std	Y+4, r25	; 0x04
     ac6:	8b 83       	std	Y+3, r24	; 0x03
     ac8:	12 c0       	rjmp	.+36     	; 0xaee <__floatunsisf+0xe0>
     aca:	30 97       	sbiw	r30, 0x00	; 0
     acc:	81 f0       	breq	.+32     	; 0xaee <__floatunsisf+0xe0>
     ace:	0e 2e       	mov	r0, r30
     ad0:	04 c0       	rjmp	.+8      	; 0xada <__floatunsisf+0xcc>
     ad2:	ee 0c       	add	r14, r14
     ad4:	ff 1c       	adc	r15, r15
     ad6:	00 1f       	adc	r16, r16
     ad8:	11 1f       	adc	r17, r17
     ada:	0a 94       	dec	r0
     adc:	d2 f7       	brpl	.-12     	; 0xad2 <__floatunsisf+0xc4>
     ade:	ed 82       	std	Y+5, r14	; 0x05
     ae0:	fe 82       	std	Y+6, r15	; 0x06
     ae2:	0f 83       	std	Y+7, r16	; 0x07
     ae4:	18 87       	std	Y+8, r17	; 0x08
     ae6:	ce 1a       	sub	r12, r30
     ae8:	df 0a       	sbc	r13, r31
     aea:	dc 82       	std	Y+4, r13	; 0x04
     aec:	cb 82       	std	Y+3, r12	; 0x03
     aee:	1a 82       	std	Y+2, r1	; 0x02
     af0:	ce 01       	movw	r24, r28
     af2:	01 96       	adiw	r24, 0x01	; 1
     af4:	0e 94 cf 05 	call	0xb9e	; 0xb9e <__pack_f>
     af8:	28 96       	adiw	r28, 0x08	; 8
     afa:	ea e0       	ldi	r30, 0x0A	; 10
     afc:	0c 94 4f 15 	jmp	0x2a9e	; 0x2a9e <__epilogue_restores__+0x10>

00000b00 <__clzsi2>:
     b00:	ef 92       	push	r14
     b02:	ff 92       	push	r15
     b04:	0f 93       	push	r16
     b06:	1f 93       	push	r17
     b08:	7b 01       	movw	r14, r22
     b0a:	8c 01       	movw	r16, r24
     b0c:	80 e0       	ldi	r24, 0x00	; 0
     b0e:	e8 16       	cp	r14, r24
     b10:	80 e0       	ldi	r24, 0x00	; 0
     b12:	f8 06       	cpc	r15, r24
     b14:	81 e0       	ldi	r24, 0x01	; 1
     b16:	08 07       	cpc	r16, r24
     b18:	80 e0       	ldi	r24, 0x00	; 0
     b1a:	18 07       	cpc	r17, r24
     b1c:	88 f4       	brcc	.+34     	; 0xb40 <__clzsi2+0x40>
     b1e:	8f ef       	ldi	r24, 0xFF	; 255
     b20:	e8 16       	cp	r14, r24
     b22:	f1 04       	cpc	r15, r1
     b24:	01 05       	cpc	r16, r1
     b26:	11 05       	cpc	r17, r1
     b28:	31 f0       	breq	.+12     	; 0xb36 <__clzsi2+0x36>
     b2a:	28 f0       	brcs	.+10     	; 0xb36 <__clzsi2+0x36>
     b2c:	88 e0       	ldi	r24, 0x08	; 8
     b2e:	90 e0       	ldi	r25, 0x00	; 0
     b30:	a0 e0       	ldi	r26, 0x00	; 0
     b32:	b0 e0       	ldi	r27, 0x00	; 0
     b34:	17 c0       	rjmp	.+46     	; 0xb64 <__clzsi2+0x64>
     b36:	80 e0       	ldi	r24, 0x00	; 0
     b38:	90 e0       	ldi	r25, 0x00	; 0
     b3a:	a0 e0       	ldi	r26, 0x00	; 0
     b3c:	b0 e0       	ldi	r27, 0x00	; 0
     b3e:	12 c0       	rjmp	.+36     	; 0xb64 <__clzsi2+0x64>
     b40:	80 e0       	ldi	r24, 0x00	; 0
     b42:	e8 16       	cp	r14, r24
     b44:	80 e0       	ldi	r24, 0x00	; 0
     b46:	f8 06       	cpc	r15, r24
     b48:	80 e0       	ldi	r24, 0x00	; 0
     b4a:	08 07       	cpc	r16, r24
     b4c:	81 e0       	ldi	r24, 0x01	; 1
     b4e:	18 07       	cpc	r17, r24
     b50:	28 f0       	brcs	.+10     	; 0xb5c <__clzsi2+0x5c>
     b52:	88 e1       	ldi	r24, 0x18	; 24
     b54:	90 e0       	ldi	r25, 0x00	; 0
     b56:	a0 e0       	ldi	r26, 0x00	; 0
     b58:	b0 e0       	ldi	r27, 0x00	; 0
     b5a:	04 c0       	rjmp	.+8      	; 0xb64 <__clzsi2+0x64>
     b5c:	80 e1       	ldi	r24, 0x10	; 16
     b5e:	90 e0       	ldi	r25, 0x00	; 0
     b60:	a0 e0       	ldi	r26, 0x00	; 0
     b62:	b0 e0       	ldi	r27, 0x00	; 0
     b64:	20 e2       	ldi	r18, 0x20	; 32
     b66:	30 e0       	ldi	r19, 0x00	; 0
     b68:	40 e0       	ldi	r20, 0x00	; 0
     b6a:	50 e0       	ldi	r21, 0x00	; 0
     b6c:	28 1b       	sub	r18, r24
     b6e:	39 0b       	sbc	r19, r25
     b70:	4a 0b       	sbc	r20, r26
     b72:	5b 0b       	sbc	r21, r27
     b74:	04 c0       	rjmp	.+8      	; 0xb7e <__clzsi2+0x7e>
     b76:	16 95       	lsr	r17
     b78:	07 95       	ror	r16
     b7a:	f7 94       	ror	r15
     b7c:	e7 94       	ror	r14
     b7e:	8a 95       	dec	r24
     b80:	d2 f7       	brpl	.-12     	; 0xb76 <__clzsi2+0x76>
     b82:	f7 01       	movw	r30, r14
     b84:	e9 55       	subi	r30, 0x59	; 89
     b86:	ff 4f       	sbci	r31, 0xFF	; 255
     b88:	80 81       	ld	r24, Z
     b8a:	28 1b       	sub	r18, r24
     b8c:	31 09       	sbc	r19, r1
     b8e:	41 09       	sbc	r20, r1
     b90:	51 09       	sbc	r21, r1
     b92:	c9 01       	movw	r24, r18
     b94:	1f 91       	pop	r17
     b96:	0f 91       	pop	r16
     b98:	ff 90       	pop	r15
     b9a:	ef 90       	pop	r14
     b9c:	08 95       	ret

00000b9e <__pack_f>:
     b9e:	df 92       	push	r13
     ba0:	ef 92       	push	r14
     ba2:	ff 92       	push	r15
     ba4:	0f 93       	push	r16
     ba6:	1f 93       	push	r17
     ba8:	fc 01       	movw	r30, r24
     baa:	e4 80       	ldd	r14, Z+4	; 0x04
     bac:	f5 80       	ldd	r15, Z+5	; 0x05
     bae:	06 81       	ldd	r16, Z+6	; 0x06
     bb0:	17 81       	ldd	r17, Z+7	; 0x07
     bb2:	d1 80       	ldd	r13, Z+1	; 0x01
     bb4:	80 81       	ld	r24, Z
     bb6:	82 30       	cpi	r24, 0x02	; 2
     bb8:	48 f4       	brcc	.+18     	; 0xbcc <__pack_f+0x2e>
     bba:	80 e0       	ldi	r24, 0x00	; 0
     bbc:	90 e0       	ldi	r25, 0x00	; 0
     bbe:	a0 e1       	ldi	r26, 0x10	; 16
     bc0:	b0 e0       	ldi	r27, 0x00	; 0
     bc2:	e8 2a       	or	r14, r24
     bc4:	f9 2a       	or	r15, r25
     bc6:	0a 2b       	or	r16, r26
     bc8:	1b 2b       	or	r17, r27
     bca:	a5 c0       	rjmp	.+330    	; 0xd16 <__pack_f+0x178>
     bcc:	84 30       	cpi	r24, 0x04	; 4
     bce:	09 f4       	brne	.+2      	; 0xbd2 <__pack_f+0x34>
     bd0:	9f c0       	rjmp	.+318    	; 0xd10 <__pack_f+0x172>
     bd2:	82 30       	cpi	r24, 0x02	; 2
     bd4:	21 f4       	brne	.+8      	; 0xbde <__pack_f+0x40>
     bd6:	ee 24       	eor	r14, r14
     bd8:	ff 24       	eor	r15, r15
     bda:	87 01       	movw	r16, r14
     bdc:	05 c0       	rjmp	.+10     	; 0xbe8 <__pack_f+0x4a>
     bde:	e1 14       	cp	r14, r1
     be0:	f1 04       	cpc	r15, r1
     be2:	01 05       	cpc	r16, r1
     be4:	11 05       	cpc	r17, r1
     be6:	19 f4       	brne	.+6      	; 0xbee <__pack_f+0x50>
     be8:	e0 e0       	ldi	r30, 0x00	; 0
     bea:	f0 e0       	ldi	r31, 0x00	; 0
     bec:	96 c0       	rjmp	.+300    	; 0xd1a <__pack_f+0x17c>
     bee:	62 81       	ldd	r22, Z+2	; 0x02
     bf0:	73 81       	ldd	r23, Z+3	; 0x03
     bf2:	9f ef       	ldi	r25, 0xFF	; 255
     bf4:	62 38       	cpi	r22, 0x82	; 130
     bf6:	79 07       	cpc	r23, r25
     bf8:	0c f0       	brlt	.+2      	; 0xbfc <__pack_f+0x5e>
     bfa:	5b c0       	rjmp	.+182    	; 0xcb2 <__pack_f+0x114>
     bfc:	22 e8       	ldi	r18, 0x82	; 130
     bfe:	3f ef       	ldi	r19, 0xFF	; 255
     c00:	26 1b       	sub	r18, r22
     c02:	37 0b       	sbc	r19, r23
     c04:	2a 31       	cpi	r18, 0x1A	; 26
     c06:	31 05       	cpc	r19, r1
     c08:	2c f0       	brlt	.+10     	; 0xc14 <__pack_f+0x76>
     c0a:	20 e0       	ldi	r18, 0x00	; 0
     c0c:	30 e0       	ldi	r19, 0x00	; 0
     c0e:	40 e0       	ldi	r20, 0x00	; 0
     c10:	50 e0       	ldi	r21, 0x00	; 0
     c12:	2a c0       	rjmp	.+84     	; 0xc68 <__pack_f+0xca>
     c14:	b8 01       	movw	r22, r16
     c16:	a7 01       	movw	r20, r14
     c18:	02 2e       	mov	r0, r18
     c1a:	04 c0       	rjmp	.+8      	; 0xc24 <__pack_f+0x86>
     c1c:	76 95       	lsr	r23
     c1e:	67 95       	ror	r22
     c20:	57 95       	ror	r21
     c22:	47 95       	ror	r20
     c24:	0a 94       	dec	r0
     c26:	d2 f7       	brpl	.-12     	; 0xc1c <__pack_f+0x7e>
     c28:	81 e0       	ldi	r24, 0x01	; 1
     c2a:	90 e0       	ldi	r25, 0x00	; 0
     c2c:	a0 e0       	ldi	r26, 0x00	; 0
     c2e:	b0 e0       	ldi	r27, 0x00	; 0
     c30:	04 c0       	rjmp	.+8      	; 0xc3a <__pack_f+0x9c>
     c32:	88 0f       	add	r24, r24
     c34:	99 1f       	adc	r25, r25
     c36:	aa 1f       	adc	r26, r26
     c38:	bb 1f       	adc	r27, r27
     c3a:	2a 95       	dec	r18
     c3c:	d2 f7       	brpl	.-12     	; 0xc32 <__pack_f+0x94>
     c3e:	01 97       	sbiw	r24, 0x01	; 1
     c40:	a1 09       	sbc	r26, r1
     c42:	b1 09       	sbc	r27, r1
     c44:	8e 21       	and	r24, r14
     c46:	9f 21       	and	r25, r15
     c48:	a0 23       	and	r26, r16
     c4a:	b1 23       	and	r27, r17
     c4c:	00 97       	sbiw	r24, 0x00	; 0
     c4e:	a1 05       	cpc	r26, r1
     c50:	b1 05       	cpc	r27, r1
     c52:	21 f0       	breq	.+8      	; 0xc5c <__pack_f+0xbe>
     c54:	81 e0       	ldi	r24, 0x01	; 1
     c56:	90 e0       	ldi	r25, 0x00	; 0
     c58:	a0 e0       	ldi	r26, 0x00	; 0
     c5a:	b0 e0       	ldi	r27, 0x00	; 0
     c5c:	9a 01       	movw	r18, r20
     c5e:	ab 01       	movw	r20, r22
     c60:	28 2b       	or	r18, r24
     c62:	39 2b       	or	r19, r25
     c64:	4a 2b       	or	r20, r26
     c66:	5b 2b       	or	r21, r27
     c68:	da 01       	movw	r26, r20
     c6a:	c9 01       	movw	r24, r18
     c6c:	8f 77       	andi	r24, 0x7F	; 127
     c6e:	90 70       	andi	r25, 0x00	; 0
     c70:	a0 70       	andi	r26, 0x00	; 0
     c72:	b0 70       	andi	r27, 0x00	; 0
     c74:	80 34       	cpi	r24, 0x40	; 64
     c76:	91 05       	cpc	r25, r1
     c78:	a1 05       	cpc	r26, r1
     c7a:	b1 05       	cpc	r27, r1
     c7c:	39 f4       	brne	.+14     	; 0xc8c <__pack_f+0xee>
     c7e:	27 ff       	sbrs	r18, 7
     c80:	09 c0       	rjmp	.+18     	; 0xc94 <__pack_f+0xf6>
     c82:	20 5c       	subi	r18, 0xC0	; 192
     c84:	3f 4f       	sbci	r19, 0xFF	; 255
     c86:	4f 4f       	sbci	r20, 0xFF	; 255
     c88:	5f 4f       	sbci	r21, 0xFF	; 255
     c8a:	04 c0       	rjmp	.+8      	; 0xc94 <__pack_f+0xf6>
     c8c:	21 5c       	subi	r18, 0xC1	; 193
     c8e:	3f 4f       	sbci	r19, 0xFF	; 255
     c90:	4f 4f       	sbci	r20, 0xFF	; 255
     c92:	5f 4f       	sbci	r21, 0xFF	; 255
     c94:	e0 e0       	ldi	r30, 0x00	; 0
     c96:	f0 e0       	ldi	r31, 0x00	; 0
     c98:	20 30       	cpi	r18, 0x00	; 0
     c9a:	a0 e0       	ldi	r26, 0x00	; 0
     c9c:	3a 07       	cpc	r19, r26
     c9e:	a0 e0       	ldi	r26, 0x00	; 0
     ca0:	4a 07       	cpc	r20, r26
     ca2:	a0 e4       	ldi	r26, 0x40	; 64
     ca4:	5a 07       	cpc	r21, r26
     ca6:	10 f0       	brcs	.+4      	; 0xcac <__pack_f+0x10e>
     ca8:	e1 e0       	ldi	r30, 0x01	; 1
     caa:	f0 e0       	ldi	r31, 0x00	; 0
     cac:	79 01       	movw	r14, r18
     cae:	8a 01       	movw	r16, r20
     cb0:	27 c0       	rjmp	.+78     	; 0xd00 <__pack_f+0x162>
     cb2:	60 38       	cpi	r22, 0x80	; 128
     cb4:	71 05       	cpc	r23, r1
     cb6:	64 f5       	brge	.+88     	; 0xd10 <__pack_f+0x172>
     cb8:	fb 01       	movw	r30, r22
     cba:	e1 58       	subi	r30, 0x81	; 129
     cbc:	ff 4f       	sbci	r31, 0xFF	; 255
     cbe:	d8 01       	movw	r26, r16
     cc0:	c7 01       	movw	r24, r14
     cc2:	8f 77       	andi	r24, 0x7F	; 127
     cc4:	90 70       	andi	r25, 0x00	; 0
     cc6:	a0 70       	andi	r26, 0x00	; 0
     cc8:	b0 70       	andi	r27, 0x00	; 0
     cca:	80 34       	cpi	r24, 0x40	; 64
     ccc:	91 05       	cpc	r25, r1
     cce:	a1 05       	cpc	r26, r1
     cd0:	b1 05       	cpc	r27, r1
     cd2:	39 f4       	brne	.+14     	; 0xce2 <__pack_f+0x144>
     cd4:	e7 fe       	sbrs	r14, 7
     cd6:	0d c0       	rjmp	.+26     	; 0xcf2 <__pack_f+0x154>
     cd8:	80 e4       	ldi	r24, 0x40	; 64
     cda:	90 e0       	ldi	r25, 0x00	; 0
     cdc:	a0 e0       	ldi	r26, 0x00	; 0
     cde:	b0 e0       	ldi	r27, 0x00	; 0
     ce0:	04 c0       	rjmp	.+8      	; 0xcea <__pack_f+0x14c>
     ce2:	8f e3       	ldi	r24, 0x3F	; 63
     ce4:	90 e0       	ldi	r25, 0x00	; 0
     ce6:	a0 e0       	ldi	r26, 0x00	; 0
     ce8:	b0 e0       	ldi	r27, 0x00	; 0
     cea:	e8 0e       	add	r14, r24
     cec:	f9 1e       	adc	r15, r25
     cee:	0a 1f       	adc	r16, r26
     cf0:	1b 1f       	adc	r17, r27
     cf2:	17 ff       	sbrs	r17, 7
     cf4:	05 c0       	rjmp	.+10     	; 0xd00 <__pack_f+0x162>
     cf6:	16 95       	lsr	r17
     cf8:	07 95       	ror	r16
     cfa:	f7 94       	ror	r15
     cfc:	e7 94       	ror	r14
     cfe:	31 96       	adiw	r30, 0x01	; 1
     d00:	87 e0       	ldi	r24, 0x07	; 7
     d02:	16 95       	lsr	r17
     d04:	07 95       	ror	r16
     d06:	f7 94       	ror	r15
     d08:	e7 94       	ror	r14
     d0a:	8a 95       	dec	r24
     d0c:	d1 f7       	brne	.-12     	; 0xd02 <__pack_f+0x164>
     d0e:	05 c0       	rjmp	.+10     	; 0xd1a <__pack_f+0x17c>
     d10:	ee 24       	eor	r14, r14
     d12:	ff 24       	eor	r15, r15
     d14:	87 01       	movw	r16, r14
     d16:	ef ef       	ldi	r30, 0xFF	; 255
     d18:	f0 e0       	ldi	r31, 0x00	; 0
     d1a:	6e 2f       	mov	r22, r30
     d1c:	67 95       	ror	r22
     d1e:	66 27       	eor	r22, r22
     d20:	67 95       	ror	r22
     d22:	90 2f       	mov	r25, r16
     d24:	9f 77       	andi	r25, 0x7F	; 127
     d26:	d7 94       	ror	r13
     d28:	dd 24       	eor	r13, r13
     d2a:	d7 94       	ror	r13
     d2c:	8e 2f       	mov	r24, r30
     d2e:	86 95       	lsr	r24
     d30:	49 2f       	mov	r20, r25
     d32:	46 2b       	or	r20, r22
     d34:	58 2f       	mov	r21, r24
     d36:	5d 29       	or	r21, r13
     d38:	b7 01       	movw	r22, r14
     d3a:	ca 01       	movw	r24, r20
     d3c:	1f 91       	pop	r17
     d3e:	0f 91       	pop	r16
     d40:	ff 90       	pop	r15
     d42:	ef 90       	pop	r14
     d44:	df 90       	pop	r13
     d46:	08 95       	ret

00000d48 <__unpack_f>:
     d48:	fc 01       	movw	r30, r24
     d4a:	db 01       	movw	r26, r22
     d4c:	40 81       	ld	r20, Z
     d4e:	51 81       	ldd	r21, Z+1	; 0x01
     d50:	22 81       	ldd	r18, Z+2	; 0x02
     d52:	62 2f       	mov	r22, r18
     d54:	6f 77       	andi	r22, 0x7F	; 127
     d56:	70 e0       	ldi	r23, 0x00	; 0
     d58:	22 1f       	adc	r18, r18
     d5a:	22 27       	eor	r18, r18
     d5c:	22 1f       	adc	r18, r18
     d5e:	93 81       	ldd	r25, Z+3	; 0x03
     d60:	89 2f       	mov	r24, r25
     d62:	88 0f       	add	r24, r24
     d64:	82 2b       	or	r24, r18
     d66:	28 2f       	mov	r18, r24
     d68:	30 e0       	ldi	r19, 0x00	; 0
     d6a:	99 1f       	adc	r25, r25
     d6c:	99 27       	eor	r25, r25
     d6e:	99 1f       	adc	r25, r25
     d70:	11 96       	adiw	r26, 0x01	; 1
     d72:	9c 93       	st	X, r25
     d74:	11 97       	sbiw	r26, 0x01	; 1
     d76:	21 15       	cp	r18, r1
     d78:	31 05       	cpc	r19, r1
     d7a:	a9 f5       	brne	.+106    	; 0xde6 <__unpack_f+0x9e>
     d7c:	41 15       	cp	r20, r1
     d7e:	51 05       	cpc	r21, r1
     d80:	61 05       	cpc	r22, r1
     d82:	71 05       	cpc	r23, r1
     d84:	11 f4       	brne	.+4      	; 0xd8a <__unpack_f+0x42>
     d86:	82 e0       	ldi	r24, 0x02	; 2
     d88:	37 c0       	rjmp	.+110    	; 0xdf8 <__unpack_f+0xb0>
     d8a:	82 e8       	ldi	r24, 0x82	; 130
     d8c:	9f ef       	ldi	r25, 0xFF	; 255
     d8e:	13 96       	adiw	r26, 0x03	; 3
     d90:	9c 93       	st	X, r25
     d92:	8e 93       	st	-X, r24
     d94:	12 97       	sbiw	r26, 0x02	; 2
     d96:	9a 01       	movw	r18, r20
     d98:	ab 01       	movw	r20, r22
     d9a:	67 e0       	ldi	r22, 0x07	; 7
     d9c:	22 0f       	add	r18, r18
     d9e:	33 1f       	adc	r19, r19
     da0:	44 1f       	adc	r20, r20
     da2:	55 1f       	adc	r21, r21
     da4:	6a 95       	dec	r22
     da6:	d1 f7       	brne	.-12     	; 0xd9c <__unpack_f+0x54>
     da8:	83 e0       	ldi	r24, 0x03	; 3
     daa:	8c 93       	st	X, r24
     dac:	0d c0       	rjmp	.+26     	; 0xdc8 <__unpack_f+0x80>
     dae:	22 0f       	add	r18, r18
     db0:	33 1f       	adc	r19, r19
     db2:	44 1f       	adc	r20, r20
     db4:	55 1f       	adc	r21, r21
     db6:	12 96       	adiw	r26, 0x02	; 2
     db8:	8d 91       	ld	r24, X+
     dba:	9c 91       	ld	r25, X
     dbc:	13 97       	sbiw	r26, 0x03	; 3
     dbe:	01 97       	sbiw	r24, 0x01	; 1
     dc0:	13 96       	adiw	r26, 0x03	; 3
     dc2:	9c 93       	st	X, r25
     dc4:	8e 93       	st	-X, r24
     dc6:	12 97       	sbiw	r26, 0x02	; 2
     dc8:	20 30       	cpi	r18, 0x00	; 0
     dca:	80 e0       	ldi	r24, 0x00	; 0
     dcc:	38 07       	cpc	r19, r24
     dce:	80 e0       	ldi	r24, 0x00	; 0
     dd0:	48 07       	cpc	r20, r24
     dd2:	80 e4       	ldi	r24, 0x40	; 64
     dd4:	58 07       	cpc	r21, r24
     dd6:	58 f3       	brcs	.-42     	; 0xdae <__unpack_f+0x66>
     dd8:	14 96       	adiw	r26, 0x04	; 4
     dda:	2d 93       	st	X+, r18
     ddc:	3d 93       	st	X+, r19
     dde:	4d 93       	st	X+, r20
     de0:	5c 93       	st	X, r21
     de2:	17 97       	sbiw	r26, 0x07	; 7
     de4:	08 95       	ret
     de6:	2f 3f       	cpi	r18, 0xFF	; 255
     de8:	31 05       	cpc	r19, r1
     dea:	79 f4       	brne	.+30     	; 0xe0a <__unpack_f+0xc2>
     dec:	41 15       	cp	r20, r1
     dee:	51 05       	cpc	r21, r1
     df0:	61 05       	cpc	r22, r1
     df2:	71 05       	cpc	r23, r1
     df4:	19 f4       	brne	.+6      	; 0xdfc <__unpack_f+0xb4>
     df6:	84 e0       	ldi	r24, 0x04	; 4
     df8:	8c 93       	st	X, r24
     dfa:	08 95       	ret
     dfc:	64 ff       	sbrs	r22, 4
     dfe:	03 c0       	rjmp	.+6      	; 0xe06 <__unpack_f+0xbe>
     e00:	81 e0       	ldi	r24, 0x01	; 1
     e02:	8c 93       	st	X, r24
     e04:	12 c0       	rjmp	.+36     	; 0xe2a <__unpack_f+0xe2>
     e06:	1c 92       	st	X, r1
     e08:	10 c0       	rjmp	.+32     	; 0xe2a <__unpack_f+0xe2>
     e0a:	2f 57       	subi	r18, 0x7F	; 127
     e0c:	30 40       	sbci	r19, 0x00	; 0
     e0e:	13 96       	adiw	r26, 0x03	; 3
     e10:	3c 93       	st	X, r19
     e12:	2e 93       	st	-X, r18
     e14:	12 97       	sbiw	r26, 0x02	; 2
     e16:	83 e0       	ldi	r24, 0x03	; 3
     e18:	8c 93       	st	X, r24
     e1a:	87 e0       	ldi	r24, 0x07	; 7
     e1c:	44 0f       	add	r20, r20
     e1e:	55 1f       	adc	r21, r21
     e20:	66 1f       	adc	r22, r22
     e22:	77 1f       	adc	r23, r23
     e24:	8a 95       	dec	r24
     e26:	d1 f7       	brne	.-12     	; 0xe1c <__unpack_f+0xd4>
     e28:	70 64       	ori	r23, 0x40	; 64
     e2a:	14 96       	adiw	r26, 0x04	; 4
     e2c:	4d 93       	st	X+, r20
     e2e:	5d 93       	st	X+, r21
     e30:	6d 93       	st	X+, r22
     e32:	7c 93       	st	X, r23
     e34:	17 97       	sbiw	r26, 0x07	; 7
     e36:	08 95       	ret

00000e38 <__fpcmp_parts_f>:
     e38:	1f 93       	push	r17
     e3a:	dc 01       	movw	r26, r24
     e3c:	fb 01       	movw	r30, r22
     e3e:	9c 91       	ld	r25, X
     e40:	92 30       	cpi	r25, 0x02	; 2
     e42:	08 f4       	brcc	.+2      	; 0xe46 <__fpcmp_parts_f+0xe>
     e44:	47 c0       	rjmp	.+142    	; 0xed4 <__fpcmp_parts_f+0x9c>
     e46:	80 81       	ld	r24, Z
     e48:	82 30       	cpi	r24, 0x02	; 2
     e4a:	08 f4       	brcc	.+2      	; 0xe4e <__fpcmp_parts_f+0x16>
     e4c:	43 c0       	rjmp	.+134    	; 0xed4 <__fpcmp_parts_f+0x9c>
     e4e:	94 30       	cpi	r25, 0x04	; 4
     e50:	51 f4       	brne	.+20     	; 0xe66 <__fpcmp_parts_f+0x2e>
     e52:	11 96       	adiw	r26, 0x01	; 1
     e54:	1c 91       	ld	r17, X
     e56:	84 30       	cpi	r24, 0x04	; 4
     e58:	99 f5       	brne	.+102    	; 0xec0 <__fpcmp_parts_f+0x88>
     e5a:	81 81       	ldd	r24, Z+1	; 0x01
     e5c:	68 2f       	mov	r22, r24
     e5e:	70 e0       	ldi	r23, 0x00	; 0
     e60:	61 1b       	sub	r22, r17
     e62:	71 09       	sbc	r23, r1
     e64:	3f c0       	rjmp	.+126    	; 0xee4 <__fpcmp_parts_f+0xac>
     e66:	84 30       	cpi	r24, 0x04	; 4
     e68:	21 f0       	breq	.+8      	; 0xe72 <__fpcmp_parts_f+0x3a>
     e6a:	92 30       	cpi	r25, 0x02	; 2
     e6c:	31 f4       	brne	.+12     	; 0xe7a <__fpcmp_parts_f+0x42>
     e6e:	82 30       	cpi	r24, 0x02	; 2
     e70:	b9 f1       	breq	.+110    	; 0xee0 <__fpcmp_parts_f+0xa8>
     e72:	81 81       	ldd	r24, Z+1	; 0x01
     e74:	88 23       	and	r24, r24
     e76:	89 f1       	breq	.+98     	; 0xeda <__fpcmp_parts_f+0xa2>
     e78:	2d c0       	rjmp	.+90     	; 0xed4 <__fpcmp_parts_f+0x9c>
     e7a:	11 96       	adiw	r26, 0x01	; 1
     e7c:	1c 91       	ld	r17, X
     e7e:	11 97       	sbiw	r26, 0x01	; 1
     e80:	82 30       	cpi	r24, 0x02	; 2
     e82:	f1 f0       	breq	.+60     	; 0xec0 <__fpcmp_parts_f+0x88>
     e84:	81 81       	ldd	r24, Z+1	; 0x01
     e86:	18 17       	cp	r17, r24
     e88:	d9 f4       	brne	.+54     	; 0xec0 <__fpcmp_parts_f+0x88>
     e8a:	12 96       	adiw	r26, 0x02	; 2
     e8c:	2d 91       	ld	r18, X+
     e8e:	3c 91       	ld	r19, X
     e90:	13 97       	sbiw	r26, 0x03	; 3
     e92:	82 81       	ldd	r24, Z+2	; 0x02
     e94:	93 81       	ldd	r25, Z+3	; 0x03
     e96:	82 17       	cp	r24, r18
     e98:	93 07       	cpc	r25, r19
     e9a:	94 f0       	brlt	.+36     	; 0xec0 <__fpcmp_parts_f+0x88>
     e9c:	28 17       	cp	r18, r24
     e9e:	39 07       	cpc	r19, r25
     ea0:	bc f0       	brlt	.+46     	; 0xed0 <__fpcmp_parts_f+0x98>
     ea2:	14 96       	adiw	r26, 0x04	; 4
     ea4:	8d 91       	ld	r24, X+
     ea6:	9d 91       	ld	r25, X+
     ea8:	0d 90       	ld	r0, X+
     eaa:	bc 91       	ld	r27, X
     eac:	a0 2d       	mov	r26, r0
     eae:	24 81       	ldd	r18, Z+4	; 0x04
     eb0:	35 81       	ldd	r19, Z+5	; 0x05
     eb2:	46 81       	ldd	r20, Z+6	; 0x06
     eb4:	57 81       	ldd	r21, Z+7	; 0x07
     eb6:	28 17       	cp	r18, r24
     eb8:	39 07       	cpc	r19, r25
     eba:	4a 07       	cpc	r20, r26
     ebc:	5b 07       	cpc	r21, r27
     ebe:	18 f4       	brcc	.+6      	; 0xec6 <__fpcmp_parts_f+0x8e>
     ec0:	11 23       	and	r17, r17
     ec2:	41 f0       	breq	.+16     	; 0xed4 <__fpcmp_parts_f+0x9c>
     ec4:	0a c0       	rjmp	.+20     	; 0xeda <__fpcmp_parts_f+0xa2>
     ec6:	82 17       	cp	r24, r18
     ec8:	93 07       	cpc	r25, r19
     eca:	a4 07       	cpc	r26, r20
     ecc:	b5 07       	cpc	r27, r21
     ece:	40 f4       	brcc	.+16     	; 0xee0 <__fpcmp_parts_f+0xa8>
     ed0:	11 23       	and	r17, r17
     ed2:	19 f0       	breq	.+6      	; 0xeda <__fpcmp_parts_f+0xa2>
     ed4:	61 e0       	ldi	r22, 0x01	; 1
     ed6:	70 e0       	ldi	r23, 0x00	; 0
     ed8:	05 c0       	rjmp	.+10     	; 0xee4 <__fpcmp_parts_f+0xac>
     eda:	6f ef       	ldi	r22, 0xFF	; 255
     edc:	7f ef       	ldi	r23, 0xFF	; 255
     ede:	02 c0       	rjmp	.+4      	; 0xee4 <__fpcmp_parts_f+0xac>
     ee0:	60 e0       	ldi	r22, 0x00	; 0
     ee2:	70 e0       	ldi	r23, 0x00	; 0
     ee4:	cb 01       	movw	r24, r22
     ee6:	1f 91       	pop	r17
     ee8:	08 95       	ret

00000eea <UART_voidSendData>:
    sei();
}

void UART_voidSendData(u8 Copy_u8Data)
{
    Global_u8TransmitData = Copy_u8Data;
     eea:	80 93 c5 01 	sts	0x01C5, r24
    Global_u8TransmitFlag = 1;
     eee:	81 e0       	ldi	r24, 0x01	; 1
     ef0:	80 93 c2 01 	sts	0x01C2, r24

    // Put data into buffer to start transmission
    UDR = Global_u8TransmitData;
     ef4:	80 91 c5 01 	lds	r24, 0x01C5
     ef8:	8c b9       	out	0x0c, r24	; 12

    // Wait until transmission complete (interrupt will clear flag)
    while (Global_u8TransmitFlag == 1);
     efa:	80 91 c2 01 	lds	r24, 0x01C2
     efe:	81 30       	cpi	r24, 0x01	; 1
     f00:	e1 f3       	breq	.-8      	; 0xefa <UART_voidSendData+0x10>

}
     f02:	08 95       	ret

00000f04 <UART_u8Receive>:

u8 UART_u8Receive()
{
    while (Global_u8ReceivedFlag == 0);
     f04:	80 91 c4 01 	lds	r24, 0x01C4
     f08:	88 23       	and	r24, r24
     f0a:	e1 f3       	breq	.-8      	; 0xf04 <UART_u8Receive>
    Global_u8ReceivedFlag = 0;
     f0c:	10 92 c4 01 	sts	0x01C4, r1
    return Global_u8ReceivedData;
     f10:	80 91 c3 01 	lds	r24, 0x01C3
}
     f14:	08 95       	ret

00000f16 <__vector_15>:
 }
}

// ISR for Transmit Complete
ISR(USART_TXC_vect)
{
     f16:	1f 92       	push	r1
     f18:	0f 92       	push	r0
     f1a:	0f b6       	in	r0, 0x3f	; 63
     f1c:	0f 92       	push	r0
     f1e:	11 24       	eor	r1, r1
    Global_u8TransmitFlag = 0;
     f20:	10 92 c2 01 	sts	0x01C2, r1
}
     f24:	0f 90       	pop	r0
     f26:	0f be       	out	0x3f, r0	; 63
     f28:	0f 90       	pop	r0
     f2a:	1f 90       	pop	r1
     f2c:	18 95       	reti

00000f2e <__vector_13>:
    return Global_u8ReceivedData;
}

// ISR for Receive Complete
ISR(USART_RXC_vect)
{
     f2e:	1f 92       	push	r1
     f30:	0f 92       	push	r0
     f32:	0f b6       	in	r0, 0x3f	; 63
     f34:	0f 92       	push	r0
     f36:	11 24       	eor	r1, r1
     f38:	2f 93       	push	r18
     f3a:	3f 93       	push	r19
     f3c:	4f 93       	push	r20
     f3e:	5f 93       	push	r21
     f40:	6f 93       	push	r22
     f42:	7f 93       	push	r23
     f44:	8f 93       	push	r24
     f46:	9f 93       	push	r25
     f48:	af 93       	push	r26
     f4a:	bf 93       	push	r27
     f4c:	ef 93       	push	r30
     f4e:	ff 93       	push	r31
 Global_u8ReceivedData = UDR;
     f50:	8c b1       	in	r24, 0x0c	; 12
     f52:	80 93 c3 01 	sts	0x01C3, r24
 Global_u8ReceivedFlag = 1;
     f56:	81 e0       	ldi	r24, 0x01	; 1
     f58:	80 93 c4 01 	sts	0x01C4, r24

}

u8 UART_u8Receive()
{
    while (Global_u8ReceivedFlag == 0);
     f5c:	80 91 c4 01 	lds	r24, 0x01C4
     f60:	88 23       	and	r24, r24
     f62:	e1 f3       	breq	.-8      	; 0xf5c <__vector_13+0x2e>
    Global_u8ReceivedFlag = 0;
     f64:	10 92 c4 01 	sts	0x01C4, r1
    return Global_u8ReceivedData;
     f68:	80 91 c3 01 	lds	r24, 0x01C3
ISR(USART_RXC_vect)
{
 Global_u8ReceivedData = UDR;
 Global_u8ReceivedFlag = 1;

 switch (UART_u8Receive())
     f6c:	84 36       	cpi	r24, 0x64	; 100
     f6e:	f1 f0       	breq	.+60     	; 0xfac <__vector_13+0x7e>
     f70:	85 36       	cpi	r24, 0x65	; 101
     f72:	38 f4       	brcc	.+14     	; 0xf82 <__vector_13+0x54>
     f74:	82 36       	cpi	r24, 0x62	; 98
     f76:	a1 f0       	breq	.+40     	; 0xfa0 <__vector_13+0x72>
     f78:	83 36       	cpi	r24, 0x63	; 99
     f7a:	18 f5       	brcc	.+70     	; 0xfc2 <__vector_13+0x94>
     f7c:	81 36       	cpi	r24, 0x61	; 97
     f7e:	19 f5       	brne	.+70     	; 0xfc6 <__vector_13+0x98>
     f80:	0c c0       	rjmp	.+24     	; 0xf9a <__vector_13+0x6c>
     f82:	8e 36       	cpi	r24, 0x6E	; 110
     f84:	a9 f0       	breq	.+42     	; 0xfb0 <__vector_13+0x82>
     f86:	8f 36       	cpi	r24, 0x6F	; 111
     f88:	18 f4       	brcc	.+6      	; 0xf90 <__vector_13+0x62>
     f8a:	85 36       	cpi	r24, 0x65	; 101
     f8c:	e1 f4       	brne	.+56     	; 0xfc6 <__vector_13+0x98>
     f8e:	0a c0       	rjmp	.+20     	; 0xfa4 <__vector_13+0x76>
     f90:	8f 36       	cpi	r24, 0x6F	; 111
     f92:	a1 f0       	breq	.+40     	; 0xfbc <__vector_13+0x8e>
     f94:	80 37       	cpi	r24, 0x70	; 112
     f96:	b9 f4       	brne	.+46     	; 0xfc6 <__vector_13+0x98>
     f98:	0e c0       	rjmp	.+28     	; 0xfb6 <__vector_13+0x88>
{
 // ---------------- FAN CONTROL ----------------
 case 'a':
	 Fan_u8StopFan();
     f9a:	0e 94 14 11 	call	0x2228	; 0x2228 <Fan_u8StopFan>
     f9e:	13 c0       	rjmp	.+38     	; 0xfc6 <__vector_13+0x98>

 break;

 case 'b':
	 Fan_u8ControlDCmotorSpeed(1);
     fa0:	81 e0       	ldi	r24, 0x01	; 1
     fa2:	01 c0       	rjmp	.+2      	; 0xfa6 <__vector_13+0x78>
 break;

 case 'e':
	 Fan_u8ControlDCmotorSpeed(2);
     fa4:	82 e0       	ldi	r24, 0x02	; 2
     fa6:	0e 94 f6 10 	call	0x21ec	; 0x21ec <Fan_u8ControlDCmotorSpeed>
     faa:	0d c0       	rjmp	.+26     	; 0xfc6 <__vector_13+0x98>
 break;

 case 'd':
	 Fan_u8ControlDCmotorSpeed(3);
     fac:	83 e0       	ldi	r24, 0x03	; 3
     fae:	fb cf       	rjmp	.-10     	; 0xfa6 <__vector_13+0x78>
 break;

 // ---------------- LED CONTROL ----------------
 case 'n': // Turn ON LED
	 Leds_voidTurnOn();
     fb0:	0e 94 8c 0e 	call	0x1d18	; 0x1d18 <Leds_voidTurnOn>
     fb4:	08 c0       	rjmp	.+16     	; 0xfc6 <__vector_13+0x98>
 break;

case 'p': // Turn OFF LED
	Leds_voidTurnOff();
     fb6:	0e 94 84 0e 	call	0x1d08	; 0x1d08 <Leds_voidTurnOff>
     fba:	05 c0       	rjmp	.+10     	; 0xfc6 <__vector_13+0x98>
 break;

 // --------------- SERVO CONTROL ---------------
case 'o': // Open door
	Open_voidDoor();
     fbc:	0e 94 3d 12 	call	0x247a	; 0x247a <Open_voidDoor>
     fc0:	02 c0       	rjmp	.+4      	; 0xfc6 <__vector_13+0x98>
 break;

 case 'c': // Close door
	 Close_voidDoor();
     fc2:	0e 94 41 12 	call	0x2482	; 0x2482 <Close_voidDoor>

 default:
    /*Do Nothing*/
 break;
 }
}
     fc6:	ff 91       	pop	r31
     fc8:	ef 91       	pop	r30
     fca:	bf 91       	pop	r27
     fcc:	af 91       	pop	r26
     fce:	9f 91       	pop	r25
     fd0:	8f 91       	pop	r24
     fd2:	7f 91       	pop	r23
     fd4:	6f 91       	pop	r22
     fd6:	5f 91       	pop	r21
     fd8:	4f 91       	pop	r20
     fda:	3f 91       	pop	r19
     fdc:	2f 91       	pop	r18
     fde:	0f 90       	pop	r0
     fe0:	0f be       	out	0x3f, r0	; 63
     fe2:	0f 90       	pop	r0
     fe4:	1f 90       	pop	r1
     fe6:	18 95       	reti

00000fe8 <UART_voidInit>:
volatile static u8 Global_u8TransmitFlag = 0;

void UART_voidInit()
{
    // Set RX (PD0) as input, TX (PD1) as output
    DIO_u8SetPinDirection(DIO_u8_PORTD, DIO_u8_PIN0, DIO_u8_INPUT);
     fe8:	83 e0       	ldi	r24, 0x03	; 3
     fea:	60 e0       	ldi	r22, 0x00	; 0
     fec:	40 e0       	ldi	r20, 0x00	; 0
     fee:	0e 94 ba 0a 	call	0x1574	; 0x1574 <DIO_u8SetPinDirection>
    DIO_u8SetPinDirection(DIO_u8_PORTD, DIO_u8_PIN1, DIO_u8_OUTPUT);
     ff2:	83 e0       	ldi	r24, 0x03	; 3
     ff4:	61 e0       	ldi	r22, 0x01	; 1
     ff6:	41 e0       	ldi	r20, 0x01	; 1
     ff8:	0e 94 ba 0a 	call	0x1574	; 0x1574 <DIO_u8SetPinDirection>
    u8 Local_u8RC_config = 0;
    CLR_BIT(Local_u8RC_config, 3);  // Asynchronous mode
    SET_BIT(Local_u8RC_config, 1);  // UCSZ0 = 1
    SET_BIT(Local_u8RC_config, 2);  // UCSZ1 = 1
    SET_BIT(Local_u8RC_config, 7);  // URSEL = 1 (select UCSRC)
    UCSRC = Local_u8RC_config;
     ffc:	86 e8       	ldi	r24, 0x86	; 134
     ffe:	80 bd       	out	0x20, r24	; 32

    // Baud Rate: 9600 @ 16MHz
    UBRRL = 51;
    1000:	83 e3       	ldi	r24, 0x33	; 51
    1002:	89 b9       	out	0x09, r24	; 9

    // Enable TX, RX, and interrupts
    SET_BIT(UCSRB, 3);  // TXEN
    1004:	53 9a       	sbi	0x0a, 3	; 10
    SET_BIT(UCSRB, 4);  // RXEN
    1006:	54 9a       	sbi	0x0a, 4	; 10
    SET_BIT(UCSRB, 7);  // RXCIE (Receive Complete Interrupt Enable)
    1008:	57 9a       	sbi	0x0a, 7	; 10
    SET_BIT(UCSRB, 6);  // TXCIE (Transmit Complete Interrupt Enable)
    100a:	56 9a       	sbi	0x0a, 6	; 10

    // Enable global interrupt
    sei();
    100c:	78 94       	sei
}
    100e:	08 95       	ret

00001010 <TWI_voidInitMaster>:
/* Desc:This Function initialize Two wire interface (I2C) as Master Node		**/
/*********************************************************************************/
/* Copy_u8Address:Assign the address of the Master Node							**/
/*********************************************************************************/
void TWI_voidInitMaster(u8 Copy_u8Address)
{
    1010:	98 2f       	mov	r25, r24
	/*Enable Acknowledge Bit*/
	SET_BIT(TWI_u8_TWCR_REG, TWI_u8_TWCR_TWEA);
    1012:	86 b7       	in	r24, 0x36	; 54
    1014:	80 64       	ori	r24, 0x40	; 64
    1016:	86 bf       	out	0x36, r24	; 54

	/*Set SCL frequency to 100KHz, with 8MHz system frequency*/
	/*1- Set TWI_u8_TWBR = 2*/
	TWI_u8_TWBR_REG = 2;
    1018:	82 e0       	ldi	r24, 0x02	; 2
    101a:	80 b9       	out	0x00, r24	; 0
	/*2- Clear The Prescaler bit (TWPS0 - TWPS1)*/
	SET_BIT(TWI_u8_TWSR_REG, TWI_u8_TWSR_TWPS0);
    101c:	08 9a       	sbi	0x01, 0	; 1
	SET_BIT(TWI_u8_TWSR_REG, TWI_u8_TWSR_TWPS1);
    101e:	09 9a       	sbi	0x01, 1	; 1

	/*Check if the master node will be addressed or not*/
	if(Copy_u8Address == 0)
    1020:	99 23       	and	r25, r25
    1022:	11 f0       	breq	.+4      	; 0x1028 <TWI_voidInitMaster+0x18>
		/*Do Nothing*/
	}
	else
	{
		/*Set The Required Address to The Master*/
		TWI_u8_TWAR_REG = (Copy_u8Address << 1);
    1024:	99 0f       	add	r25, r25
    1026:	92 b9       	out	0x02, r25	; 2
	}

	/*Enable TWI*/
	SET_BIT(TWI_u8_TWCR_REG, TWI_u8_TWCR_TWEN);
    1028:	86 b7       	in	r24, 0x36	; 54
    102a:	84 60       	ori	r24, 0x04	; 4
    102c:	86 bf       	out	0x36, r24	; 54
}
    102e:	08 95       	ret

00001030 <TWI_voidInitSlave>:
/* Copy_u8Address:Assign the address of the Slave Node							**/
/*********************************************************************************/
void TWI_voidInitSlave(u8 Copy_u8Address)
{
	/*Set The Required Address to The Slave*/
	TWI_u8_TWAR_REG = Copy_u8Address << 1;
    1030:	88 0f       	add	r24, r24
    1032:	82 b9       	out	0x02, r24	; 2

	/*Enable Acknowledge Bit*/
	SET_BIT(TWI_u8_TWCR_REG, TWI_u8_TWCR_TWEA);
    1034:	86 b7       	in	r24, 0x36	; 54
    1036:	80 64       	ori	r24, 0x40	; 64
    1038:	86 bf       	out	0x36, r24	; 54

	/*Enable TWI*/
	SET_BIT(TWI_u8_TWCR_REG, TWI_u8_TWCR_TWEN);
    103a:	86 b7       	in	r24, 0x36	; 54
    103c:	84 60       	ori	r24, 0x04	; 4
    103e:	86 bf       	out	0x36, r24	; 54
}
    1040:	08 95       	ret

00001042 <TWI_ErrorStatusSendStartConditionWithACK>:
TWI_ErrorStatus_t TWI_ErrorStatusSendStartConditionWithACK(void)
{
	TWI_ErrorStatus_t Local_ErrorStatus = NoError;
//	TWI_u8_TWCR |= (1 << TWI_u8_TWCR_TWINT) | (1 << TWI_u8_TWCR_TWSTA) | (1 << TWI_u8_TWCR_TWEN);
	/*Send Start Condition Bit*/
		SET_BIT(TWI_u8_TWCR_REG, TWI_u8_TWCR_TWSTA);
    1042:	86 b7       	in	r24, 0x36	; 54
    1044:	80 62       	ori	r24, 0x20	; 32
    1046:	86 bf       	out	0x36, r24	; 54

	/*Clear The TWINT Flag*/
	SET_BIT(TWI_u8_TWCR_REG, TWI_u8_TWCR_TWINT);
    1048:	86 b7       	in	r24, 0x36	; 54
    104a:	80 68       	ori	r24, 0x80	; 128
    104c:	86 bf       	out	0x36, r24	; 54

	/*wait until the operation finishes and the flag is raised again*/
	while(GET_BIT(TWI_u8_TWCR_REG, TWI_u8_TWCR_TWINT) == 0 );
    104e:	06 b6       	in	r0, 0x36	; 54
    1050:	07 fe       	sbrs	r0, 7
    1052:	fd cf       	rjmp	.-6      	; 0x104e <TWI_ErrorStatusSendStartConditionWithACK+0xc>

	if((TWI_u8_TWSR_REG & STATUS_BIT_MASK) != START_ACK)
    1054:	81 b1       	in	r24, 0x01	; 1
    1056:	90 e0       	ldi	r25, 0x00	; 0
    1058:	88 7f       	andi	r24, 0xF8	; 248
    105a:	88 30       	cpi	r24, 0x08	; 8
    105c:	09 f0       	breq	.+2      	; 0x1060 <TWI_ErrorStatusSendStartConditionWithACK+0x1e>
    105e:	91 e0       	ldi	r25, 0x01	; 1
	else
	{
		/*Do Nothing*/
	}
	return Local_ErrorStatus;
}
    1060:	89 2f       	mov	r24, r25
    1062:	08 95       	ret

00001064 <TWI_ErrorStatusSendRepeatedStartConditionWithACK>:
/* Desc:This Function Send repeated Start Condition With ACK					**/
/*********************************************************************************/
TWI_ErrorStatus_t TWI_ErrorStatusSendRepeatedStartConditionWithACK(void)
{
	TWI_ErrorStatus_t Local_ErrorStatus = NoError;
	TWI_u8_TWCR_REG |= (1 << TWI_u8_TWCR_TWINT) | (1 << TWI_u8_TWCR_TWSTA) | (1 << TWI_u8_TWCR_TWEN);
    1064:	86 b7       	in	r24, 0x36	; 54
    1066:	84 6a       	ori	r24, 0xA4	; 164
    1068:	86 bf       	out	0x36, r24	; 54

	/*Clear The TWINT Flag*/
	//	SET_BIT(TWI_u8_TWCR, TWI_u8_TWCR_TWINT);

	/*wait until the operation finishes and the flag is raised again*/
	while(GET_BIT(TWI_u8_TWCR_REG, TWI_u8_TWCR_TWINT) == 0 );
    106a:	06 b6       	in	r0, 0x36	; 54
    106c:	07 fe       	sbrs	r0, 7
    106e:	fd cf       	rjmp	.-6      	; 0x106a <TWI_ErrorStatusSendRepeatedStartConditionWithACK+0x6>

	/*Check For The Condition Status Code*/
	if((TWI_u8_TWSR_REG & STATUS_BIT_MASK) != REP_START_ACK)
    1070:	81 b1       	in	r24, 0x01	; 1
    1072:	88 7f       	andi	r24, 0xF8	; 248
    1074:	80 31       	cpi	r24, 0x10	; 16
    1076:	11 f0       	breq	.+4      	; 0x107c <TWI_ErrorStatusSendRepeatedStartConditionWithACK+0x18>
    1078:	82 e0       	ldi	r24, 0x02	; 2
    107a:	08 95       	ret
    107c:	80 e0       	ldi	r24, 0x00	; 0
	{
		Local_ErrorStatus = RepeatedStartError;
	}
	return Local_ErrorStatus;
}
    107e:	08 95       	ret

00001080 <TWI_ErrorStatusSendSlaveAddressWithWriteACK>:
{
	TWI_ErrorStatus_t Local_ErrorStatus = NoError;
	u8 Local_u8TWI_u8_TWCRValue = 0;

	/*Set 7 bits slave address to the bus*/
	TWI_u8_TWDR_REG = (Copy_u8SlaveAddress << 1);
    1080:	88 0f       	add	r24, r24
    1082:	83 b9       	out	0x03, r24	; 3

	/*Set The Write Request in the LSB in the data Register*/
	CLR_BIT(TWI_u8_TWDR_REG, TWI_u8_TWDR_TWD0);
    1084:	18 98       	cbi	0x03, 0	; 3

	/*Clear The Start Condition Bit*/
	CLR_BIT(TWI_u8_TWCR_REG, TWI_u8_TWCR_TWSTA);
    1086:	86 b7       	in	r24, 0x36	; 54
    1088:	8f 7d       	andi	r24, 0xDF	; 223
    108a:	86 bf       	out	0x36, r24	; 54

	/*Clear The TWINT Flag*/
	SET_BIT(TWI_u8_TWCR_REG, TWI_u8_TWCR_TWINT);
    108c:	86 b7       	in	r24, 0x36	; 54
    108e:	80 68       	ori	r24, 0x80	; 128
    1090:	86 bf       	out	0x36, r24	; 54

	/*wait until the operation finishes and the flag is raised again*/
	while(GET_BIT(TWI_u8_TWCR_REG, TWI_u8_TWCR_TWINT) == 0 );
    1092:	06 b6       	in	r0, 0x36	; 54
    1094:	07 fe       	sbrs	r0, 7
    1096:	fd cf       	rjmp	.-6      	; 0x1092 <TWI_ErrorStatusSendSlaveAddressWithWriteACK+0x12>

	/*Check For The Condition Status Code*/
	if((TWI_u8_TWSR_REG & STATUS_BIT_MASK) != SLAVE_ADD_AND_WR_ACK)
    1098:	81 b1       	in	r24, 0x01	; 1
    109a:	88 7f       	andi	r24, 0xF8	; 248
    109c:	88 31       	cpi	r24, 0x18	; 24
    109e:	11 f0       	breq	.+4      	; 0x10a4 <TWI_ErrorStatusSendSlaveAddressWithWriteACK+0x24>
    10a0:	83 e0       	ldi	r24, 0x03	; 3
    10a2:	08 95       	ret
    10a4:	80 e0       	ldi	r24, 0x00	; 0
	{
		Local_ErrorStatus = SlaveAddressWithWriteError;
	}
	return Local_ErrorStatus;
}
    10a6:	08 95       	ret

000010a8 <TWI_ErrorStatusSendSlaveAddressWithReadACK>:
TWI_ErrorStatus_t TWI_ErrorStatusSendSlaveAddressWithReadACK(u8 Copy_u8SlaveAddress)
{
	TWI_ErrorStatus_t Local_ErrorStatus = NoError;

	/*Set 7 bits slave address to the bus*/
	TWI_u8_TWDR_REG = Copy_u8SlaveAddress << 1;
    10a8:	88 0f       	add	r24, r24
    10aa:	83 b9       	out	0x03, r24	; 3

	/*Set The Read Request in the LSB in the data Register*/
	SET_BIT(TWI_u8_TWDR_REG, TWI_u8_TWDR_TWD0);
    10ac:	18 9a       	sbi	0x03, 0	; 3

	/*Clear The Start Condition Bit*/
	CLR_BIT(TWI_u8_TWCR_REG, TWI_u8_TWCR_TWSTA);
    10ae:	86 b7       	in	r24, 0x36	; 54
    10b0:	8f 7d       	andi	r24, 0xDF	; 223
    10b2:	86 bf       	out	0x36, r24	; 54

	/*Clear The TWINT Flag*/
	SET_BIT(TWI_u8_TWCR_REG, TWI_u8_TWCR_TWINT);
    10b4:	86 b7       	in	r24, 0x36	; 54
    10b6:	80 68       	ori	r24, 0x80	; 128
    10b8:	86 bf       	out	0x36, r24	; 54

	/*wait until the operation finishes and the flag is raised again*/
	while(GET_BIT(TWI_u8_TWCR_REG, TWI_u8_TWCR_TWINT) == 0 );
    10ba:	06 b6       	in	r0, 0x36	; 54
    10bc:	07 fe       	sbrs	r0, 7
    10be:	fd cf       	rjmp	.-6      	; 0x10ba <TWI_ErrorStatusSendSlaveAddressWithReadACK+0x12>

	/*Check For The Condition Status Code*/
	if((TWI_u8_TWSR_REG & STATUS_BIT_MASK) != SLAVE_ADD_AND_RD_ACK)
    10c0:	81 b1       	in	r24, 0x01	; 1
    10c2:	88 7f       	andi	r24, 0xF8	; 248
    10c4:	80 34       	cpi	r24, 0x40	; 64
    10c6:	11 f0       	breq	.+4      	; 0x10cc <TWI_ErrorStatusSendSlaveAddressWithReadACK+0x24>
    10c8:	84 e0       	ldi	r24, 0x04	; 4
    10ca:	08 95       	ret
    10cc:	80 e0       	ldi	r24, 0x00	; 0
	{
		Local_ErrorStatus = SlaveAddressWithReadError;
	}
	return Local_ErrorStatus;
}
    10ce:	08 95       	ret

000010d0 <TWI_ErrorStatusMasterWriteDataByteWithACK>:

	TWI_ErrorStatus_t Local_ErrorStatus = NoError;


	/*Set The Data To The TWI_u8_TWDR Register*/
	TWI_u8_TWDR_REG = Copy_u8DataByte;
    10d0:	83 b9       	out	0x03, r24	; 3



	/*Clear The TWINT Flag*/
	SET_BIT(TWI_u8_TWCR_REG, TWI_u8_TWCR_TWINT);
    10d2:	86 b7       	in	r24, 0x36	; 54
    10d4:	80 68       	ori	r24, 0x80	; 128
    10d6:	86 bf       	out	0x36, r24	; 54


	/*wait until the operation finishes and the flag is raised again*/
	while(GET_BIT(TWI_u8_TWCR_REG, TWI_u8_TWCR_TWINT) == 0 );
    10d8:	06 b6       	in	r0, 0x36	; 54
    10da:	07 fe       	sbrs	r0, 7
    10dc:	fd cf       	rjmp	.-6      	; 0x10d8 <TWI_ErrorStatusMasterWriteDataByteWithACK+0x8>

	/*Check For The Condition Status Code*/
	if((TWI_u8_TWSR_REG & STATUS_BIT_MASK) != MSTR_WR_BYTE_ACK)
    10de:	81 b1       	in	r24, 0x01	; 1
    10e0:	88 7f       	andi	r24, 0xF8	; 248
    10e2:	88 32       	cpi	r24, 0x28	; 40
    10e4:	11 f0       	breq	.+4      	; 0x10ea <TWI_ErrorStatusMasterWriteDataByteWithACK+0x1a>
    10e6:	85 e0       	ldi	r24, 0x05	; 5
    10e8:	08 95       	ret
    10ea:	80 e0       	ldi	r24, 0x00	; 0
	{
		Local_ErrorStatus = MasterWriteByteWithACKError;
	}
	return Local_ErrorStatus;
}
    10ec:	08 95       	ret

000010ee <TWI_ErrorStatusMasterReadDataByteWithACK>:
/* Desc:This Function allows master to recieve byte of data With ACK			**/
/*********************************************************************************/
/* *Copy_pu8ReceivedByte options: Address of variable to store the recieved byte**/
/*********************************************************************************/
TWI_ErrorStatus_t TWI_ErrorStatusMasterReadDataByteWithACK(u8 * Copy_pu8ReceivedByte)
{
    10ee:	fc 01       	movw	r30, r24
	TWI_ErrorStatus_t Local_ErrorStatus = NoError;

	/*Clear The TWINT Flag, To Make The Slave To Send its Data*/
	SET_BIT(TWI_u8_TWCR_REG, TWI_u8_TWCR_TWINT);
    10f0:	86 b7       	in	r24, 0x36	; 54
    10f2:	80 68       	ori	r24, 0x80	; 128
    10f4:	86 bf       	out	0x36, r24	; 54

	/*wait until the operation finishes and the flag is raised again*/
	while(GET_BIT(TWI_u8_TWCR_REG, TWI_u8_TWCR_TWINT) == 0 );
    10f6:	06 b6       	in	r0, 0x36	; 54
    10f8:	07 fe       	sbrs	r0, 7
    10fa:	fd cf       	rjmp	.-6      	; 0x10f6 <TWI_ErrorStatusMasterReadDataByteWithACK+0x8>

	/*Check For The Condition Status Code*/
	if((TWI_u8_TWSR_REG & STATUS_BIT_MASK) != MSTR_RD_BYTE_WITH_ACK)
    10fc:	81 b1       	in	r24, 0x01	; 1
    10fe:	88 7f       	andi	r24, 0xF8	; 248
    1100:	80 35       	cpi	r24, 0x50	; 80
    1102:	11 f0       	breq	.+4      	; 0x1108 <TWI_ErrorStatusMasterReadDataByteWithACK+0x1a>
    1104:	86 e0       	ldi	r24, 0x06	; 6
    1106:	08 95       	ret
		Local_ErrorStatus = MasterReadByteWithACKError;
	}
	else
	{
		/*Read The Received Data*/
		*Copy_pu8ReceivedByte = TWI_u8_TWDR_REG;
    1108:	83 b1       	in	r24, 0x03	; 3
    110a:	80 83       	st	Z, r24
    110c:	80 e0       	ldi	r24, 0x00	; 0
	}

	return Local_ErrorStatus;

}
    110e:	08 95       	ret

00001110 <TWI_ErrorStatusMasterReadDataByteWithNACK>:

TWI_ErrorStatus_t TWI_ErrorStatusMasterReadDataByteWithNACK(u8 * Copy_pu8ReceivedByte)
{
    1110:	fc 01       	movw	r30, r24
	TWI_ErrorStatus_t Local_ErrorStatus = NoError;
	CLR_BIT(TWI_u8_TWCR_REG, TWI_u8_TWCR_TWEA);
    1112:	86 b7       	in	r24, 0x36	; 54
    1114:	8f 7b       	andi	r24, 0xBF	; 191
    1116:	86 bf       	out	0x36, r24	; 54
	/*Clear The TWINT Flag, To Make The Slave To Send its Data*/
	SET_BIT(TWI_u8_TWCR_REG, TWI_u8_TWCR_TWINT);
    1118:	86 b7       	in	r24, 0x36	; 54
    111a:	80 68       	ori	r24, 0x80	; 128
    111c:	86 bf       	out	0x36, r24	; 54

	/*wait until the operation finishes and the flag is raised again*/
	while(GET_BIT(TWI_u8_TWCR_REG, TWI_u8_TWCR_TWINT) == 0 );
    111e:	06 b6       	in	r0, 0x36	; 54
    1120:	07 fe       	sbrs	r0, 7
    1122:	fd cf       	rjmp	.-6      	; 0x111e <TWI_ErrorStatusMasterReadDataByteWithNACK+0xe>
	SET_BIT(TWI_u8_TWCR_REG, TWI_u8_TWCR_TWEA);
    1124:	86 b7       	in	r24, 0x36	; 54
    1126:	80 64       	ori	r24, 0x40	; 64
    1128:	86 bf       	out	0x36, r24	; 54
	/*Check For The Condition Status Code*/
	if((TWI_u8_TWSR_REG & STATUS_BIT_MASK) != MSTR_RD_BYTE_WITH_NACK)
    112a:	81 b1       	in	r24, 0x01	; 1
    112c:	88 7f       	andi	r24, 0xF8	; 248
    112e:	88 35       	cpi	r24, 0x58	; 88
    1130:	11 f0       	breq	.+4      	; 0x1136 <TWI_ErrorStatusMasterReadDataByteWithNACK+0x26>
    1132:	87 e0       	ldi	r24, 0x07	; 7
    1134:	08 95       	ret
		Local_ErrorStatus = MasterReadByteWithNACKError;
	}
	else
	{
		/*Read The Received Data*/
		*Copy_pu8ReceivedByte = TWI_u8_TWDR_REG;
    1136:	83 b1       	in	r24, 0x03	; 3
    1138:	80 83       	st	Z, r24
    113a:	80 e0       	ldi	r24, 0x00	; 0
	}

	return Local_ErrorStatus;
}
    113c:	08 95       	ret

0000113e <TWI_voidSendStopCondition>:
/*********************************************************************************/
void TWI_voidSendStopCondition(void)
{

	/*Send a stop condition on the bus*/
	SET_BIT(TWI_u8_TWCR_REG, TWI_u8_TWCR_TWSTO);
    113e:	86 b7       	in	r24, 0x36	; 54
    1140:	80 61       	ori	r24, 0x10	; 16
    1142:	86 bf       	out	0x36, r24	; 54

	/*Clear The TWINT Flag*/
	SET_BIT(TWI_u8_TWCR_REG, TWI_u8_TWCR_TWINT);
    1144:	86 b7       	in	r24, 0x36	; 54
    1146:	80 68       	ori	r24, 0x80	; 128
    1148:	86 bf       	out	0x36, r24	; 54
}
    114a:	08 95       	ret

0000114c <TIMER1_voidInit>:
static void(*GlobalPtrFuncCompare)(void)=NULL;

void TIMER1_voidInit()
{
	//SELECT REQ MODE->15
	CLR_BIT(TCCR1A,0);
    114c:	8f b5       	in	r24, 0x2f	; 47
    114e:	8e 7f       	andi	r24, 0xFE	; 254
    1150:	8f bd       	out	0x2f, r24	; 47
	SET_BIT(TCCR1A,1);
    1152:	8f b5       	in	r24, 0x2f	; 47
    1154:	82 60       	ori	r24, 0x02	; 2
    1156:	8f bd       	out	0x2f, r24	; 47
	SET_BIT(TCCR1B,3);
    1158:	8e b5       	in	r24, 0x2e	; 46
    115a:	88 60       	ori	r24, 0x08	; 8
    115c:	8e bd       	out	0x2e, r24	; 46
	SET_BIT(TCCR1B,4);
    115e:	8e b5       	in	r24, 0x2e	; 46
    1160:	80 61       	ori	r24, 0x10	; 16
    1162:	8e bd       	out	0x2e, r24	; 46
	//NON-INVERTED MODE
	CLR_BIT(TCCR1A,6);
    1164:	8f b5       	in	r24, 0x2f	; 47
    1166:	8f 7b       	andi	r24, 0xBF	; 191
    1168:	8f bd       	out	0x2f, r24	; 47
	SET_BIT(TCCR1A,7);
    116a:	8f b5       	in	r24, 0x2f	; 47
    116c:	80 68       	ori	r24, 0x80	; 128
    116e:	8f bd       	out	0x2f, r24	; 47
	//ICR =20000
	ICR1=20000;
    1170:	80 e2       	ldi	r24, 0x20	; 32
    1172:	9e e4       	ldi	r25, 0x4E	; 78
    1174:	97 bd       	out	0x27, r25	; 39
    1176:	86 bd       	out	0x26, r24	; 38
	//PRESCALER->8
	CLR_BIT(TCCR1B,0);
    1178:	8e b5       	in	r24, 0x2e	; 46
    117a:	8e 7f       	andi	r24, 0xFE	; 254
    117c:	8e bd       	out	0x2e, r24	; 46
	SET_BIT(TCCR1B,1);
    117e:	8e b5       	in	r24, 0x2e	; 46
    1180:	82 60       	ori	r24, 0x02	; 2
    1182:	8e bd       	out	0x2e, r24	; 46
	CLR_BIT(TCCR1B,2);
    1184:	8e b5       	in	r24, 0x2e	; 46
    1186:	8b 7f       	andi	r24, 0xFB	; 251
    1188:	8e bd       	out	0x2e, r24	; 46
}
    118a:	08 95       	ret

0000118c <TIMER1_eSetCallBackNormal>:

u8 TIMER1_eSetCallBackNormal(void (*Pfunc)(void))
{
	u8 Local_ErrorStatus =OK;
	if(Pfunc!=NULL)
    118c:	00 97       	sbiw	r24, 0x00	; 0
    118e:	11 f4       	brne	.+4      	; 0x1194 <TIMER1_eSetCallBackNormal+0x8>
    1190:	80 e0       	ldi	r24, 0x00	; 0
    1192:	08 95       	ret
	{
		GlobalPtrFuncCompare=Pfunc;
    1194:	90 93 c7 01 	sts	0x01C7, r25
    1198:	80 93 c6 01 	sts	0x01C6, r24
    119c:	81 e0       	ldi	r24, 0x01	; 1
	else
	{
		Local_ErrorStatus=NOK;
	}
	return Local_ErrorStatus;
}
    119e:	08 95       	ret

000011a0 <__vector_9>:

void __vector_9(void) __attribute__((signal)); // Timer1 Compare A Match
void __vector_9(void)
{
    11a0:	1f 92       	push	r1
    11a2:	0f 92       	push	r0
    11a4:	0f b6       	in	r0, 0x3f	; 63
    11a6:	0f 92       	push	r0
    11a8:	11 24       	eor	r1, r1
    11aa:	2f 93       	push	r18
    11ac:	3f 93       	push	r19
    11ae:	4f 93       	push	r20
    11b0:	5f 93       	push	r21
    11b2:	6f 93       	push	r22
    11b4:	7f 93       	push	r23
    11b6:	8f 93       	push	r24
    11b8:	9f 93       	push	r25
    11ba:	af 93       	push	r26
    11bc:	bf 93       	push	r27
    11be:	ef 93       	push	r30
    11c0:	ff 93       	push	r31
	GlobalPtrFuncCompare();
    11c2:	e0 91 c6 01 	lds	r30, 0x01C6
    11c6:	f0 91 c7 01 	lds	r31, 0x01C7
    11ca:	09 95       	icall
}
    11cc:	ff 91       	pop	r31
    11ce:	ef 91       	pop	r30
    11d0:	bf 91       	pop	r27
    11d2:	af 91       	pop	r26
    11d4:	9f 91       	pop	r25
    11d6:	8f 91       	pop	r24
    11d8:	7f 91       	pop	r23
    11da:	6f 91       	pop	r22
    11dc:	5f 91       	pop	r21
    11de:	4f 91       	pop	r20
    11e0:	3f 91       	pop	r19
    11e2:	2f 91       	pop	r18
    11e4:	0f 90       	pop	r0
    11e6:	0f be       	out	0x3f, r0	; 63
    11e8:	0f 90       	pop	r0
    11ea:	1f 90       	pop	r1
    11ec:	18 95       	reti

000011ee <TIMER0_voidInit>:
#elif TIMER_MODE == CTC_MODE
	SET_BIT(TCCR0,3);
	CLR_BIT(TCCR0,6);
	SET_BIT(TIMSK,1);
#elif TIMER_MODE == FAST_PWM
	SET_BIT(TCCR0,3);
    11ee:	83 b7       	in	r24, 0x33	; 51
    11f0:	88 60       	ori	r24, 0x08	; 8
    11f2:	83 bf       	out	0x33, r24	; 51
	SET_BIT(TCCR0,6);
    11f4:	83 b7       	in	r24, 0x33	; 51
    11f6:	80 64       	ori	r24, 0x40	; 64
    11f8:	83 bf       	out	0x33, r24	; 51
	//Configure PreScaler
#if PRE_SCALER == DIV_8
	TCCR0 &= 0b11111000;
	TCCR0 |= DIV_8;
#elif PRE_SCALER==DIV_64
	TCCR0 &=0b11111000;
    11fa:	83 b7       	in	r24, 0x33	; 51
    11fc:	88 7f       	andi	r24, 0xF8	; 248
    11fe:	83 bf       	out	0x33, r24	; 51
	TCCR0 |=DIV_64;
    1200:	83 b7       	in	r24, 0x33	; 51
    1202:	83 60       	ori	r24, 0x03	; 3
    1204:	83 bf       	out	0x33, r24	; 51
#else
#error("Wrong PreScaler Option");
#endif

}
    1206:	08 95       	ret

00001208 <TIMER0_voidSetPreLoadTicks>:
void TIMER0_voidSetPreLoadTicks(u8 Copy_u8Ticks)
{
	TCNT0=Copy_u8Ticks;
    1208:	82 bf       	out	0x32, r24	; 50
}
    120a:	08 95       	ret

0000120c <TIMER0_voidSetOcrTicks>:
void TIMER0_voidSetOcrTicks(u8 Copy_u8Ticks)
{
	OCR0=Copy_u8Ticks;
    120c:	8c bf       	out	0x3c, r24	; 60
}
    120e:	08 95       	ret

00001210 <TIMER0_eSetCallBackNormal>:
u8 TIMER0_eSetCallBackNormal(void (*Pfunc)(void))
{
	u8 Local_ErrorStatus = STD_TYPES_OK;
	if(Pfunc!=NULL)
    1210:	00 97       	sbiw	r24, 0x00	; 0
    1212:	11 f4       	brne	.+4      	; 0x1218 <TIMER0_eSetCallBackNormal+0x8>
    1214:	80 e0       	ldi	r24, 0x00	; 0
    1216:	08 95       	ret
	{
		GlobalPtrFuncNormal = Pfunc;
    1218:	90 93 cb 01 	sts	0x01CB, r25
    121c:	80 93 ca 01 	sts	0x01CA, r24
    1220:	81 e0       	ldi	r24, 0x01	; 1
	else
	{
		Local_ErrorStatus = STD_TYPES_NOK;
	}
	return Local_ErrorStatus;
}
    1222:	08 95       	ret

00001224 <TIMER0_eSetCallBackCompare>:
u8 TIMER0_eSetCallBackCompare(void (*Pfunc)(void))
{
	u8 Local_ErrorStatus = STD_TYPES_OK;
	if(Pfunc!=NULL)
    1224:	00 97       	sbiw	r24, 0x00	; 0
    1226:	11 f4       	brne	.+4      	; 0x122c <TIMER0_eSetCallBackCompare+0x8>
    1228:	80 e0       	ldi	r24, 0x00	; 0
    122a:	08 95       	ret
	{
		GlobalPtrFuncCompare=Pfunc;
    122c:	90 93 c9 01 	sts	0x01C9, r25
    1230:	80 93 c8 01 	sts	0x01C8, r24
    1234:	81 e0       	ldi	r24, 0x01	; 1
	else
	{
		Local_ErrorStatus= STD_TYPES_NOK;
	}
	return Local_ErrorStatus;
}
    1236:	08 95       	ret

00001238 <FASTPWM_voidInvOrNoninv>:

void FASTPWM_voidInvOrNoninv(PWM_mode_e Copy_Mode)
{
	switch(Copy_Mode)
    1238:	88 23       	and	r24, r24
    123a:	19 f0       	breq	.+6      	; 0x1242 <FASTPWM_voidInvOrNoninv+0xa>
    123c:	81 30       	cpi	r24, 0x01	; 1
    123e:	71 f4       	brne	.+28     	; 0x125c <FASTPWM_voidInvOrNoninv+0x24>
    1240:	07 c0       	rjmp	.+14     	; 0x1250 <FASTPWM_voidInvOrNoninv+0x18>
	{
	case NON_INV:
		CLR_BIT(TCCR0,4);
    1242:	83 b7       	in	r24, 0x33	; 51
    1244:	8f 7e       	andi	r24, 0xEF	; 239
    1246:	83 bf       	out	0x33, r24	; 51
		SET_BIT(TCCR0,5);
    1248:	83 b7       	in	r24, 0x33	; 51
    124a:	80 62       	ori	r24, 0x20	; 32
    124c:	83 bf       	out	0x33, r24	; 51
    124e:	08 95       	ret
		break;
	case INV:
		SET_BIT(TCCR0,4);
    1250:	83 b7       	in	r24, 0x33	; 51
    1252:	80 61       	ori	r24, 0x10	; 16
    1254:	83 bf       	out	0x33, r24	; 51
		SET_BIT(TCCR0,5);
    1256:	83 b7       	in	r24, 0x33	; 51
    1258:	80 62       	ori	r24, 0x20	; 32
    125a:	83 bf       	out	0x33, r24	; 51
    125c:	08 95       	ret

0000125e <__vector_11>:
	}
}
//vector of over flow
void __vector_11(void)  __attribute__((signal));
void __vector_11(void)
{
    125e:	1f 92       	push	r1
    1260:	0f 92       	push	r0
    1262:	0f b6       	in	r0, 0x3f	; 63
    1264:	0f 92       	push	r0
    1266:	11 24       	eor	r1, r1
    1268:	2f 93       	push	r18
    126a:	3f 93       	push	r19
    126c:	4f 93       	push	r20
    126e:	5f 93       	push	r21
    1270:	6f 93       	push	r22
    1272:	7f 93       	push	r23
    1274:	8f 93       	push	r24
    1276:	9f 93       	push	r25
    1278:	af 93       	push	r26
    127a:	bf 93       	push	r27
    127c:	ef 93       	push	r30
    127e:	ff 93       	push	r31
	GlobalPtrFuncNormal();
    1280:	e0 91 ca 01 	lds	r30, 0x01CA
    1284:	f0 91 cb 01 	lds	r31, 0x01CB
    1288:	09 95       	icall
}
    128a:	ff 91       	pop	r31
    128c:	ef 91       	pop	r30
    128e:	bf 91       	pop	r27
    1290:	af 91       	pop	r26
    1292:	9f 91       	pop	r25
    1294:	8f 91       	pop	r24
    1296:	7f 91       	pop	r23
    1298:	6f 91       	pop	r22
    129a:	5f 91       	pop	r21
    129c:	4f 91       	pop	r20
    129e:	3f 91       	pop	r19
    12a0:	2f 91       	pop	r18
    12a2:	0f 90       	pop	r0
    12a4:	0f be       	out	0x3f, r0	; 63
    12a6:	0f 90       	pop	r0
    12a8:	1f 90       	pop	r1
    12aa:	18 95       	reti

000012ac <__vector_10>:

//vector of compare match
void __vector_10(void)  __attribute__((signal));
void __vector_10(void)
{
    12ac:	1f 92       	push	r1
    12ae:	0f 92       	push	r0
    12b0:	0f b6       	in	r0, 0x3f	; 63
    12b2:	0f 92       	push	r0
    12b4:	11 24       	eor	r1, r1
    12b6:	2f 93       	push	r18
    12b8:	3f 93       	push	r19
    12ba:	4f 93       	push	r20
    12bc:	5f 93       	push	r21
    12be:	6f 93       	push	r22
    12c0:	7f 93       	push	r23
    12c2:	8f 93       	push	r24
    12c4:	9f 93       	push	r25
    12c6:	af 93       	push	r26
    12c8:	bf 93       	push	r27
    12ca:	ef 93       	push	r30
    12cc:	ff 93       	push	r31
	GlobalPtrFuncCompare();
    12ce:	e0 91 c8 01 	lds	r30, 0x01C8
    12d2:	f0 91 c9 01 	lds	r31, 0x01C9
    12d6:	09 95       	icall
}
    12d8:	ff 91       	pop	r31
    12da:	ef 91       	pop	r30
    12dc:	bf 91       	pop	r27
    12de:	af 91       	pop	r26
    12e0:	9f 91       	pop	r25
    12e2:	8f 91       	pop	r24
    12e4:	7f 91       	pop	r23
    12e6:	6f 91       	pop	r22
    12e8:	5f 91       	pop	r21
    12ea:	4f 91       	pop	r20
    12ec:	3f 91       	pop	r19
    12ee:	2f 91       	pop	r18
    12f0:	0f 90       	pop	r0
    12f2:	0f be       	out	0x3f, r0	; 63
    12f4:	0f 90       	pop	r0
    12f6:	1f 90       	pop	r1
    12f8:	18 95       	reti

000012fa <SPI_u8Tranceive>:
}

u8 SPI_u8Tranceive(u8 Copy_u8Data)
{

	SPDR=Copy_u8Data;
    12fa:	8f b9       	out	0x0f, r24	; 15
	while(!GET_BIT(SPSR,7));
    12fc:	77 9b       	sbis	0x0e, 7	; 14
    12fe:	fe cf       	rjmp	.-4      	; 0x12fc <SPI_u8Tranceive+0x2>

	return SPDR;
    1300:	8f b1       	in	r24, 0x0f	; 15
}
    1302:	08 95       	ret

00001304 <SPI_voidInit>:

void SPI_voidInit(u8 Copy_eMode)
{


	SET_BIT(SPCR,5);
    1304:	6d 9a       	sbi	0x0d, 5	; 13
	SET_BIT(SPSR,1);
    1306:	71 9a       	sbi	0x0e, 1	; 14
	if(Copy_eMode==MASTER)
    1308:	88 23       	and	r24, r24
    130a:	69 f4       	brne	.+26     	; 0x1326 <SPI_voidInit+0x22>
		{
		SET_BIT(SPCR,4);
    130c:	6c 9a       	sbi	0x0d, 4	; 13
		DIO_u8SetPinDirection(SPI_PORT,SCK,DIO_u8_OUTPUT);
    130e:	67 e0       	ldi	r22, 0x07	; 7
    1310:	41 e0       	ldi	r20, 0x01	; 1
    1312:	0e 94 ba 0a 	call	0x1574	; 0x1574 <DIO_u8SetPinDirection>
		DIO_u8SetPinDirection(SPI_PORT,MOSI,DIO_u8_OUTPUT);
    1316:	80 e0       	ldi	r24, 0x00	; 0
    1318:	65 e0       	ldi	r22, 0x05	; 5
    131a:	41 e0       	ldi	r20, 0x01	; 1
    131c:	0e 94 ba 0a 	call	0x1574	; 0x1574 <DIO_u8SetPinDirection>
		DIO_u8SetPinDirection(SPI_PORT,MISO,DIO_u8_INPUT);
    1320:	80 e0       	ldi	r24, 0x00	; 0
    1322:	66 e0       	ldi	r22, 0x06	; 6
    1324:	12 c0       	rjmp	.+36     	; 0x134a <SPI_voidInit+0x46>
		}

	else
	{
		CLR_BIT(SPCR,4);
    1326:	6c 98       	cbi	0x0d, 4	; 13
		DIO_u8SetPinDirection(SPI_PORT,SCK,DIO_u8_INPUT);
    1328:	80 e0       	ldi	r24, 0x00	; 0
    132a:	67 e0       	ldi	r22, 0x07	; 7
    132c:	40 e0       	ldi	r20, 0x00	; 0
    132e:	0e 94 ba 0a 	call	0x1574	; 0x1574 <DIO_u8SetPinDirection>
		DIO_u8SetPinDirection(SPI_PORT,MOSI,DIO_u8_INPUT);
    1332:	80 e0       	ldi	r24, 0x00	; 0
    1334:	65 e0       	ldi	r22, 0x05	; 5
    1336:	40 e0       	ldi	r20, 0x00	; 0
    1338:	0e 94 ba 0a 	call	0x1574	; 0x1574 <DIO_u8SetPinDirection>
		DIO_u8SetPinDirection(SPI_PORT,MISO,DIO_u8_OUTPUT);
    133c:	80 e0       	ldi	r24, 0x00	; 0
    133e:	66 e0       	ldi	r22, 0x06	; 6
    1340:	41 e0       	ldi	r20, 0x01	; 1
    1342:	0e 94 ba 0a 	call	0x1574	; 0x1574 <DIO_u8SetPinDirection>
		DIO_u8SetPinDirection(SPI_PORT,SS,DIO_u8_INPUT);
    1346:	80 e0       	ldi	r24, 0x00	; 0
    1348:	64 e0       	ldi	r22, 0x04	; 4
    134a:	40 e0       	ldi	r20, 0x00	; 0
    134c:	0e 94 ba 0a 	call	0x1574	; 0x1574 <DIO_u8SetPinDirection>


	}

	SET_BIT(SPCR,6);
    1350:	6e 9a       	sbi	0x0d, 6	; 13

}
    1352:	08 95       	ret

00001354 <EXTI_voidEnableDisable>:


void EXTI_voidEnableDisable(INTNUM_e Copy_eIntNum,
		MODE_e Copy_eMode)
{
	switch(Copy_eIntNum)
    1354:	81 30       	cpi	r24, 0x01	; 1
    1356:	81 f0       	breq	.+32     	; 0x1378 <EXTI_voidEnableDisable+0x24>
    1358:	81 30       	cpi	r24, 0x01	; 1
    135a:	18 f0       	brcs	.+6      	; 0x1362 <EXTI_voidEnableDisable+0xe>
    135c:	82 30       	cpi	r24, 0x02	; 2
    135e:	19 f5       	brne	.+70     	; 0x13a6 <EXTI_voidEnableDisable+0x52>
    1360:	16 c0       	rjmp	.+44     	; 0x138e <EXTI_voidEnableDisable+0x3a>
	{
	case EXT_INT0:
		switch(Copy_eMode)
    1362:	66 23       	and	r22, r22
    1364:	19 f0       	breq	.+6      	; 0x136c <EXTI_voidEnableDisable+0x18>
    1366:	61 30       	cpi	r22, 0x01	; 1
    1368:	f1 f4       	brne	.+60     	; 0x13a6 <EXTI_voidEnableDisable+0x52>
    136a:	03 c0       	rjmp	.+6      	; 0x1372 <EXTI_voidEnableDisable+0x1e>
		{
		case ENABLED:
			SET_BIT(GICR,GICR_INT0);
    136c:	8b b7       	in	r24, 0x3b	; 59
    136e:	80 64       	ori	r24, 0x40	; 64
    1370:	15 c0       	rjmp	.+42     	; 0x139c <EXTI_voidEnableDisable+0x48>
			break;
		case DISABLED:
			CLR_BIT(GICR,GICR_INT0);
    1372:	8b b7       	in	r24, 0x3b	; 59
    1374:	8f 7b       	andi	r24, 0xBF	; 191
    1376:	12 c0       	rjmp	.+36     	; 0x139c <EXTI_voidEnableDisable+0x48>
			break;
		}
		break;
		case EXT_INT1:
			switch(Copy_eMode)
    1378:	66 23       	and	r22, r22
    137a:	19 f0       	breq	.+6      	; 0x1382 <EXTI_voidEnableDisable+0x2e>
    137c:	61 30       	cpi	r22, 0x01	; 1
    137e:	99 f4       	brne	.+38     	; 0x13a6 <EXTI_voidEnableDisable+0x52>
    1380:	03 c0       	rjmp	.+6      	; 0x1388 <EXTI_voidEnableDisable+0x34>
			{
			case ENABLED:
				SET_BIT(GICR,GICR_INT1);
    1382:	8b b7       	in	r24, 0x3b	; 59
    1384:	80 68       	ori	r24, 0x80	; 128
    1386:	0a c0       	rjmp	.+20     	; 0x139c <EXTI_voidEnableDisable+0x48>
				break;
			case DISABLED:
				CLR_BIT(GICR,GICR_INT1);
    1388:	8b b7       	in	r24, 0x3b	; 59
    138a:	8f 77       	andi	r24, 0x7F	; 127
    138c:	07 c0       	rjmp	.+14     	; 0x139c <EXTI_voidEnableDisable+0x48>
				break;
			}
			break;
			case EXT_INT2:
				switch(Copy_eMode)
    138e:	66 23       	and	r22, r22
    1390:	19 f0       	breq	.+6      	; 0x1398 <EXTI_voidEnableDisable+0x44>
    1392:	61 30       	cpi	r22, 0x01	; 1
    1394:	41 f4       	brne	.+16     	; 0x13a6 <EXTI_voidEnableDisable+0x52>
    1396:	04 c0       	rjmp	.+8      	; 0x13a0 <EXTI_voidEnableDisable+0x4c>
				{
				case ENABLED:
					SET_BIT(GICR,GICR_INT2);
    1398:	8b b7       	in	r24, 0x3b	; 59
    139a:	80 62       	ori	r24, 0x20	; 32
    139c:	8b bf       	out	0x3b, r24	; 59
    139e:	08 95       	ret
					break;
				case DISABLED:
					CLR_BIT(GICR,GICR_INT2);
    13a0:	8b b7       	in	r24, 0x3b	; 59
    13a2:	8f 7d       	andi	r24, 0xDF	; 223
    13a4:	8b bf       	out	0x3b, r24	; 59
    13a6:	08 95       	ret

000013a8 <EXTI_voidSetSenseCtrl>:
}

void EXTI_voidSetSenseCtrl(INTNUM_e Copy_eIntNum,
		SENSTIVITY_e Copy_eSenseCtrl)
{
	switch(Copy_eIntNum)
    13a8:	81 30       	cpi	r24, 0x01	; 1
    13aa:	09 f1       	breq	.+66     	; 0x13ee <EXTI_voidSetSenseCtrl+0x46>
    13ac:	81 30       	cpi	r24, 0x01	; 1
    13ae:	20 f0       	brcs	.+8      	; 0x13b8 <EXTI_voidSetSenseCtrl+0x10>
    13b0:	82 30       	cpi	r24, 0x02	; 2
    13b2:	09 f0       	breq	.+2      	; 0x13b6 <EXTI_voidSetSenseCtrl+0xe>
    13b4:	44 c0       	rjmp	.+136    	; 0x143e <EXTI_voidSetSenseCtrl+0x96>
    13b6:	37 c0       	rjmp	.+110    	; 0x1426 <EXTI_voidSetSenseCtrl+0x7e>
	{
	case EXT_INT0:
		switch(Copy_eSenseCtrl)
    13b8:	61 30       	cpi	r22, 0x01	; 1
    13ba:	51 f0       	breq	.+20     	; 0x13d0 <EXTI_voidSetSenseCtrl+0x28>
    13bc:	61 30       	cpi	r22, 0x01	; 1
    13be:	28 f0       	brcs	.+10     	; 0x13ca <EXTI_voidSetSenseCtrl+0x22>
    13c0:	62 30       	cpi	r22, 0x02	; 2
    13c2:	61 f0       	breq	.+24     	; 0x13dc <EXTI_voidSetSenseCtrl+0x34>
    13c4:	63 30       	cpi	r22, 0x03	; 3
    13c6:	d9 f5       	brne	.+118    	; 0x143e <EXTI_voidSetSenseCtrl+0x96>
    13c8:	0c c0       	rjmp	.+24     	; 0x13e2 <EXTI_voidSetSenseCtrl+0x3a>
		{
		case LOW_LEVEL:
			CLR_BIT(MCUCR,MCUCR_ISC00);
    13ca:	85 b7       	in	r24, 0x35	; 53
    13cc:	8e 7f       	andi	r24, 0xFE	; 254
    13ce:	02 c0       	rjmp	.+4      	; 0x13d4 <EXTI_voidSetSenseCtrl+0x2c>
			CLR_BIT(MCUCR,MCUCR_ISC01);
			break;
		case ON_CHANGE:
			SET_BIT(MCUCR,MCUCR_ISC00);
    13d0:	85 b7       	in	r24, 0x35	; 53
    13d2:	81 60       	ori	r24, 0x01	; 1
    13d4:	85 bf       	out	0x35, r24	; 53
			CLR_BIT(MCUCR,MCUCR_ISC01);
    13d6:	85 b7       	in	r24, 0x35	; 53
    13d8:	8d 7f       	andi	r24, 0xFD	; 253
    13da:	23 c0       	rjmp	.+70     	; 0x1422 <EXTI_voidSetSenseCtrl+0x7a>
			break;
		case FALLING_EDGE:
			CLR_BIT(MCUCR,MCUCR_ISC00);
    13dc:	85 b7       	in	r24, 0x35	; 53
    13de:	8e 7f       	andi	r24, 0xFE	; 254
    13e0:	02 c0       	rjmp	.+4      	; 0x13e6 <EXTI_voidSetSenseCtrl+0x3e>
			SET_BIT(MCUCR,MCUCR_ISC01);
			break;
		case RISING_EDGE:
			SET_BIT(MCUCR,MCUCR_ISC00);
    13e2:	85 b7       	in	r24, 0x35	; 53
    13e4:	81 60       	ori	r24, 0x01	; 1
    13e6:	85 bf       	out	0x35, r24	; 53
			SET_BIT(MCUCR,MCUCR_ISC01);
    13e8:	85 b7       	in	r24, 0x35	; 53
    13ea:	82 60       	ori	r24, 0x02	; 2
    13ec:	1a c0       	rjmp	.+52     	; 0x1422 <EXTI_voidSetSenseCtrl+0x7a>
			break;
		}
		break;
		case EXT_INT1:
			switch(Copy_eSenseCtrl)
    13ee:	61 30       	cpi	r22, 0x01	; 1
    13f0:	51 f0       	breq	.+20     	; 0x1406 <EXTI_voidSetSenseCtrl+0x5e>
    13f2:	61 30       	cpi	r22, 0x01	; 1
    13f4:	28 f0       	brcs	.+10     	; 0x1400 <EXTI_voidSetSenseCtrl+0x58>
    13f6:	62 30       	cpi	r22, 0x02	; 2
    13f8:	61 f0       	breq	.+24     	; 0x1412 <EXTI_voidSetSenseCtrl+0x6a>
    13fa:	63 30       	cpi	r22, 0x03	; 3
    13fc:	01 f5       	brne	.+64     	; 0x143e <EXTI_voidSetSenseCtrl+0x96>
    13fe:	0c c0       	rjmp	.+24     	; 0x1418 <EXTI_voidSetSenseCtrl+0x70>
			{
			case LOW_LEVEL:
				CLR_BIT(MCUCR,MCUCR_ISC10);
    1400:	85 b7       	in	r24, 0x35	; 53
    1402:	8b 7f       	andi	r24, 0xFB	; 251
    1404:	02 c0       	rjmp	.+4      	; 0x140a <EXTI_voidSetSenseCtrl+0x62>
				CLR_BIT(MCUCR,MCUCR_ISC11);
				break;
			case ON_CHANGE:
				SET_BIT(MCUCR,MCUCR_ISC10);
    1406:	85 b7       	in	r24, 0x35	; 53
    1408:	84 60       	ori	r24, 0x04	; 4
    140a:	85 bf       	out	0x35, r24	; 53
				CLR_BIT(MCUCR,MCUCR_ISC11);
    140c:	85 b7       	in	r24, 0x35	; 53
    140e:	87 7f       	andi	r24, 0xF7	; 247
    1410:	08 c0       	rjmp	.+16     	; 0x1422 <EXTI_voidSetSenseCtrl+0x7a>
				break;
			case FALLING_EDGE:
				CLR_BIT(MCUCR,MCUCR_ISC10);
    1412:	85 b7       	in	r24, 0x35	; 53
    1414:	8b 7f       	andi	r24, 0xFB	; 251
    1416:	02 c0       	rjmp	.+4      	; 0x141c <EXTI_voidSetSenseCtrl+0x74>
				SET_BIT(MCUCR,MCUCR_ISC11);
				break;
			case RISING_EDGE:
				SET_BIT(MCUCR,MCUCR_ISC10);
    1418:	85 b7       	in	r24, 0x35	; 53
    141a:	84 60       	ori	r24, 0x04	; 4
    141c:	85 bf       	out	0x35, r24	; 53
				SET_BIT(MCUCR,MCUCR_ISC11);
    141e:	85 b7       	in	r24, 0x35	; 53
    1420:	88 60       	ori	r24, 0x08	; 8
    1422:	85 bf       	out	0x35, r24	; 53
    1424:	08 95       	ret
				break;
			}
			break;
			case EXT_INT2:
				switch(Copy_eSenseCtrl)
    1426:	62 30       	cpi	r22, 0x02	; 2
    1428:	19 f0       	breq	.+6      	; 0x1430 <EXTI_voidSetSenseCtrl+0x88>
    142a:	63 30       	cpi	r22, 0x03	; 3
    142c:	41 f4       	brne	.+16     	; 0x143e <EXTI_voidSetSenseCtrl+0x96>
    142e:	04 c0       	rjmp	.+8      	; 0x1438 <EXTI_voidSetSenseCtrl+0x90>
				{

				case FALLING_EDGE:
					CLR_BIT(MCUCSR,MCUCSR_ISC2);
    1430:	84 b7       	in	r24, 0x34	; 52
    1432:	8f 7b       	andi	r24, 0xBF	; 191
    1434:	84 bf       	out	0x34, r24	; 52
    1436:	08 95       	ret
					break;
				case RISING_EDGE:
					SET_BIT(MCUCSR,MCUCSR_ISC2);
    1438:	84 b7       	in	r24, 0x34	; 52
    143a:	80 64       	ori	r24, 0x40	; 64
    143c:	84 bf       	out	0x34, r24	; 52
    143e:	08 95       	ret

00001440 <EXTI_voidSetCallBack>:

u8 EXTI_voidSetCallBack(INTNUM_e Copy_eIntNum,
		void (*LocalPtrFunc)(void))
{
	u8  Local_errState=OK;
	if(LocalPtrFunc!=NULL)
    1440:	61 15       	cp	r22, r1
    1442:	71 05       	cpc	r23, r1
    1444:	11 f4       	brne	.+4      	; 0x144a <EXTI_voidSetCallBack+0xa>
    1446:	80 e0       	ldi	r24, 0x00	; 0
    1448:	08 95       	ret
	{
		switch(Copy_eIntNum)
    144a:	81 30       	cpi	r24, 0x01	; 1
    144c:	51 f0       	breq	.+20     	; 0x1462 <EXTI_voidSetCallBack+0x22>
    144e:	81 30       	cpi	r24, 0x01	; 1
    1450:	18 f0       	brcs	.+6      	; 0x1458 <EXTI_voidSetCallBack+0x18>
    1452:	82 30       	cpi	r24, 0x02	; 2
    1454:	51 f4       	brne	.+20     	; 0x146a <EXTI_voidSetCallBack+0x2a>
    1456:	0b c0       	rjmp	.+22     	; 0x146e <EXTI_voidSetCallBack+0x2e>
		{
		case EXT_INT0:
			GlobalPtrFunc[0]=LocalPtrFunc;
    1458:	70 93 cd 01 	sts	0x01CD, r23
    145c:	60 93 cc 01 	sts	0x01CC, r22
    1460:	04 c0       	rjmp	.+8      	; 0x146a <EXTI_voidSetCallBack+0x2a>
			break;
		case EXT_INT1:
			GlobalPtrFunc[1]=LocalPtrFunc;
    1462:	70 93 cf 01 	sts	0x01CF, r23
    1466:	60 93 ce 01 	sts	0x01CE, r22
    146a:	81 e0       	ldi	r24, 0x01	; 1
    146c:	08 95       	ret
			break;
		case EXT_INT2:
			GlobalPtrFunc[2]=LocalPtrFunc;
    146e:	70 93 d1 01 	sts	0x01D1, r23
    1472:	60 93 d0 01 	sts	0x01D0, r22
    1476:	81 e0       	ldi	r24, 0x01	; 1
	else
	{
		Local_errState=NOK;
	}
	return Local_errState;
}
    1478:	08 95       	ret

0000147a <__vector_1>:
//ISR To handle INT0
void __vector_1(void)  __attribute__((signal));
void __vector_1(void)
{
    147a:	1f 92       	push	r1
    147c:	0f 92       	push	r0
    147e:	0f b6       	in	r0, 0x3f	; 63
    1480:	0f 92       	push	r0
    1482:	11 24       	eor	r1, r1
    1484:	2f 93       	push	r18
    1486:	3f 93       	push	r19
    1488:	4f 93       	push	r20
    148a:	5f 93       	push	r21
    148c:	6f 93       	push	r22
    148e:	7f 93       	push	r23
    1490:	8f 93       	push	r24
    1492:	9f 93       	push	r25
    1494:	af 93       	push	r26
    1496:	bf 93       	push	r27
    1498:	ef 93       	push	r30
    149a:	ff 93       	push	r31
	GlobalPtrFunc[0]();
    149c:	e0 91 cc 01 	lds	r30, 0x01CC
    14a0:	f0 91 cd 01 	lds	r31, 0x01CD
    14a4:	09 95       	icall
}
    14a6:	ff 91       	pop	r31
    14a8:	ef 91       	pop	r30
    14aa:	bf 91       	pop	r27
    14ac:	af 91       	pop	r26
    14ae:	9f 91       	pop	r25
    14b0:	8f 91       	pop	r24
    14b2:	7f 91       	pop	r23
    14b4:	6f 91       	pop	r22
    14b6:	5f 91       	pop	r21
    14b8:	4f 91       	pop	r20
    14ba:	3f 91       	pop	r19
    14bc:	2f 91       	pop	r18
    14be:	0f 90       	pop	r0
    14c0:	0f be       	out	0x3f, r0	; 63
    14c2:	0f 90       	pop	r0
    14c4:	1f 90       	pop	r1
    14c6:	18 95       	reti

000014c8 <__vector_2>:

//ISR To handle INT1
void __vector_2(void)  __attribute__((signal));
void __vector_2(void)
{
    14c8:	1f 92       	push	r1
    14ca:	0f 92       	push	r0
    14cc:	0f b6       	in	r0, 0x3f	; 63
    14ce:	0f 92       	push	r0
    14d0:	11 24       	eor	r1, r1
    14d2:	2f 93       	push	r18
    14d4:	3f 93       	push	r19
    14d6:	4f 93       	push	r20
    14d8:	5f 93       	push	r21
    14da:	6f 93       	push	r22
    14dc:	7f 93       	push	r23
    14de:	8f 93       	push	r24
    14e0:	9f 93       	push	r25
    14e2:	af 93       	push	r26
    14e4:	bf 93       	push	r27
    14e6:	ef 93       	push	r30
    14e8:	ff 93       	push	r31
	GlobalPtrFunc[1]();
    14ea:	e0 91 ce 01 	lds	r30, 0x01CE
    14ee:	f0 91 cf 01 	lds	r31, 0x01CF
    14f2:	09 95       	icall
}
    14f4:	ff 91       	pop	r31
    14f6:	ef 91       	pop	r30
    14f8:	bf 91       	pop	r27
    14fa:	af 91       	pop	r26
    14fc:	9f 91       	pop	r25
    14fe:	8f 91       	pop	r24
    1500:	7f 91       	pop	r23
    1502:	6f 91       	pop	r22
    1504:	5f 91       	pop	r21
    1506:	4f 91       	pop	r20
    1508:	3f 91       	pop	r19
    150a:	2f 91       	pop	r18
    150c:	0f 90       	pop	r0
    150e:	0f be       	out	0x3f, r0	; 63
    1510:	0f 90       	pop	r0
    1512:	1f 90       	pop	r1
    1514:	18 95       	reti

00001516 <__vector_3>:

//ISR To handle INT2
void __vector_3(void)  __attribute__((signal));
void __vector_3(void)
{
    1516:	1f 92       	push	r1
    1518:	0f 92       	push	r0
    151a:	0f b6       	in	r0, 0x3f	; 63
    151c:	0f 92       	push	r0
    151e:	11 24       	eor	r1, r1
    1520:	2f 93       	push	r18
    1522:	3f 93       	push	r19
    1524:	4f 93       	push	r20
    1526:	5f 93       	push	r21
    1528:	6f 93       	push	r22
    152a:	7f 93       	push	r23
    152c:	8f 93       	push	r24
    152e:	9f 93       	push	r25
    1530:	af 93       	push	r26
    1532:	bf 93       	push	r27
    1534:	ef 93       	push	r30
    1536:	ff 93       	push	r31
	GlobalPtrFunc[2]();
    1538:	e0 91 d0 01 	lds	r30, 0x01D0
    153c:	f0 91 d1 01 	lds	r31, 0x01D1
    1540:	09 95       	icall
}
    1542:	ff 91       	pop	r31
    1544:	ef 91       	pop	r30
    1546:	bf 91       	pop	r27
    1548:	af 91       	pop	r26
    154a:	9f 91       	pop	r25
    154c:	8f 91       	pop	r24
    154e:	7f 91       	pop	r23
    1550:	6f 91       	pop	r22
    1552:	5f 91       	pop	r21
    1554:	4f 91       	pop	r20
    1556:	3f 91       	pop	r19
    1558:	2f 91       	pop	r18
    155a:	0f 90       	pop	r0
    155c:	0f be       	out	0x3f, r0	; 63
    155e:	0f 90       	pop	r0
    1560:	1f 90       	pop	r1
    1562:	18 95       	reti

00001564 <GI_voidEnable>:
#include "GI_private.h"


void GI_voidEnable(void)
{
	SET_BIT(SREG,SREG_I);
    1564:	8f b7       	in	r24, 0x3f	; 63
    1566:	80 68       	ori	r24, 0x80	; 128
    1568:	8f bf       	out	0x3f, r24	; 63
}
    156a:	08 95       	ret

0000156c <GI_voidDisable>:
void GI_voidDisable(void)
{
	CLR_BIT(SREG,SREG_I);
    156c:	8f b7       	in	r24, 0x3f	; 63
    156e:	8f 77       	andi	r24, 0x7F	; 127
    1570:	8f bf       	out	0x3f, r24	; 63
}
    1572:	08 95       	ret

00001574 <DIO_u8SetPinDirection>:


u8  DIO_u8SetPinDirection (u8 Copy_u8PortId, u8 Copy_u8PinId ,u8 Copy_u8PinDirection)
{
	u8 Local_u8ErrorState = STD_TYPES_OK;
	if((Copy_u8PortId <= DIO_u8_PORTD) && (Copy_u8PinId <= DIO_u8_PIN7) && ((Copy_u8PinDirection == DIO_u8_OUTPUT) || (Copy_u8PinDirection == DIO_u8_INPUT)))		
    1574:	84 30       	cpi	r24, 0x04	; 4
    1576:	08 f0       	brcs	.+2      	; 0x157a <DIO_u8SetPinDirection+0x6>
    1578:	80 c0       	rjmp	.+256    	; 0x167a <DIO_u8SetPinDirection+0x106>
    157a:	68 30       	cpi	r22, 0x08	; 8
    157c:	08 f0       	brcs	.+2      	; 0x1580 <DIO_u8SetPinDirection+0xc>
    157e:	7d c0       	rjmp	.+250    	; 0x167a <DIO_u8SetPinDirection+0x106>
    1580:	42 30       	cpi	r20, 0x02	; 2
    1582:	08 f0       	brcs	.+2      	; 0x1586 <DIO_u8SetPinDirection+0x12>
    1584:	7a c0       	rjmp	.+244    	; 0x167a <DIO_u8SetPinDirection+0x106>
	{
		switch (Copy_u8PortId)
    1586:	81 30       	cpi	r24, 0x01	; 1
    1588:	29 f1       	breq	.+74     	; 0x15d4 <DIO_u8SetPinDirection+0x60>
    158a:	81 30       	cpi	r24, 0x01	; 1
    158c:	38 f0       	brcs	.+14     	; 0x159c <DIO_u8SetPinDirection+0x28>
    158e:	82 30       	cpi	r24, 0x02	; 2
    1590:	09 f4       	brne	.+2      	; 0x1594 <DIO_u8SetPinDirection+0x20>
    1592:	3c c0       	rjmp	.+120    	; 0x160c <DIO_u8SetPinDirection+0x98>
    1594:	83 30       	cpi	r24, 0x03	; 3
    1596:	09 f0       	breq	.+2      	; 0x159a <DIO_u8SetPinDirection+0x26>
    1598:	72 c0       	rjmp	.+228    	; 0x167e <DIO_u8SetPinDirection+0x10a>
    159a:	53 c0       	rjmp	.+166    	; 0x1642 <DIO_u8SetPinDirection+0xce>
		{
			case DIO_u8_PORTA:
				switch (Copy_u8PinDirection)
    159c:	44 23       	and	r20, r20
    159e:	71 f0       	breq	.+28     	; 0x15bc <DIO_u8SetPinDirection+0x48>
    15a0:	41 30       	cpi	r20, 0x01	; 1
    15a2:	09 f0       	breq	.+2      	; 0x15a6 <DIO_u8SetPinDirection+0x32>
    15a4:	6c c0       	rjmp	.+216    	; 0x167e <DIO_u8SetPinDirection+0x10a>
				{
					case DIO_u8_OUTPUT:SET_BIT(DIO_u8_DDRA_REG,Copy_u8PinId);break;
    15a6:	2a b3       	in	r18, 0x1a	; 26
    15a8:	81 e0       	ldi	r24, 0x01	; 1
    15aa:	90 e0       	ldi	r25, 0x00	; 0
    15ac:	02 c0       	rjmp	.+4      	; 0x15b2 <DIO_u8SetPinDirection+0x3e>
    15ae:	88 0f       	add	r24, r24
    15b0:	99 1f       	adc	r25, r25
    15b2:	6a 95       	dec	r22
    15b4:	e2 f7       	brpl	.-8      	; 0x15ae <DIO_u8SetPinDirection+0x3a>
    15b6:	28 2b       	or	r18, r24
    15b8:	2a bb       	out	0x1a, r18	; 26
    15ba:	5d c0       	rjmp	.+186    	; 0x1676 <DIO_u8SetPinDirection+0x102>
					case DIO_u8_INPUT: CLR_BIT(DIO_u8_DDRA_REG,Copy_u8PinId);break;
    15bc:	2a b3       	in	r18, 0x1a	; 26
    15be:	81 e0       	ldi	r24, 0x01	; 1
    15c0:	90 e0       	ldi	r25, 0x00	; 0
    15c2:	02 c0       	rjmp	.+4      	; 0x15c8 <DIO_u8SetPinDirection+0x54>
    15c4:	88 0f       	add	r24, r24
    15c6:	99 1f       	adc	r25, r25
    15c8:	6a 95       	dec	r22
    15ca:	e2 f7       	brpl	.-8      	; 0x15c4 <DIO_u8SetPinDirection+0x50>
    15cc:	80 95       	com	r24
    15ce:	82 23       	and	r24, r18
    15d0:	8a bb       	out	0x1a, r24	; 26
    15d2:	51 c0       	rjmp	.+162    	; 0x1676 <DIO_u8SetPinDirection+0x102>
				}
			break;
			case DIO_u8_PORTB:
				switch (Copy_u8PinDirection)
    15d4:	44 23       	and	r20, r20
    15d6:	71 f0       	breq	.+28     	; 0x15f4 <DIO_u8SetPinDirection+0x80>
    15d8:	41 30       	cpi	r20, 0x01	; 1
    15da:	09 f0       	breq	.+2      	; 0x15de <DIO_u8SetPinDirection+0x6a>
    15dc:	50 c0       	rjmp	.+160    	; 0x167e <DIO_u8SetPinDirection+0x10a>
				{
					case DIO_u8_OUTPUT:SET_BIT(DIO_u8_DDRB_REG,Copy_u8PinId);break;
    15de:	27 b3       	in	r18, 0x17	; 23
    15e0:	81 e0       	ldi	r24, 0x01	; 1
    15e2:	90 e0       	ldi	r25, 0x00	; 0
    15e4:	02 c0       	rjmp	.+4      	; 0x15ea <DIO_u8SetPinDirection+0x76>
    15e6:	88 0f       	add	r24, r24
    15e8:	99 1f       	adc	r25, r25
    15ea:	6a 95       	dec	r22
    15ec:	e2 f7       	brpl	.-8      	; 0x15e6 <DIO_u8SetPinDirection+0x72>
    15ee:	28 2b       	or	r18, r24
    15f0:	27 bb       	out	0x17, r18	; 23
    15f2:	41 c0       	rjmp	.+130    	; 0x1676 <DIO_u8SetPinDirection+0x102>
					case DIO_u8_INPUT: CLR_BIT(DIO_u8_DDRB_REG,Copy_u8PinId);break;
    15f4:	27 b3       	in	r18, 0x17	; 23
    15f6:	81 e0       	ldi	r24, 0x01	; 1
    15f8:	90 e0       	ldi	r25, 0x00	; 0
    15fa:	02 c0       	rjmp	.+4      	; 0x1600 <DIO_u8SetPinDirection+0x8c>
    15fc:	88 0f       	add	r24, r24
    15fe:	99 1f       	adc	r25, r25
    1600:	6a 95       	dec	r22
    1602:	e2 f7       	brpl	.-8      	; 0x15fc <DIO_u8SetPinDirection+0x88>
    1604:	80 95       	com	r24
    1606:	82 23       	and	r24, r18
    1608:	87 bb       	out	0x17, r24	; 23
    160a:	35 c0       	rjmp	.+106    	; 0x1676 <DIO_u8SetPinDirection+0x102>
				}
			break;
			case DIO_u8_PORTC:
				switch (Copy_u8PinDirection)
    160c:	44 23       	and	r20, r20
    160e:	69 f0       	breq	.+26     	; 0x162a <DIO_u8SetPinDirection+0xb6>
    1610:	41 30       	cpi	r20, 0x01	; 1
    1612:	a9 f5       	brne	.+106    	; 0x167e <DIO_u8SetPinDirection+0x10a>
				{
					case DIO_u8_OUTPUT:SET_BIT(DIO_u8_DDRC_REG,Copy_u8PinId);break;
    1614:	24 b3       	in	r18, 0x14	; 20
    1616:	81 e0       	ldi	r24, 0x01	; 1
    1618:	90 e0       	ldi	r25, 0x00	; 0
    161a:	02 c0       	rjmp	.+4      	; 0x1620 <DIO_u8SetPinDirection+0xac>
    161c:	88 0f       	add	r24, r24
    161e:	99 1f       	adc	r25, r25
    1620:	6a 95       	dec	r22
    1622:	e2 f7       	brpl	.-8      	; 0x161c <DIO_u8SetPinDirection+0xa8>
    1624:	28 2b       	or	r18, r24
    1626:	24 bb       	out	0x14, r18	; 20
    1628:	26 c0       	rjmp	.+76     	; 0x1676 <DIO_u8SetPinDirection+0x102>
					case DIO_u8_INPUT: CLR_BIT(DIO_u8_DDRC_REG,Copy_u8PinId);break;
    162a:	24 b3       	in	r18, 0x14	; 20
    162c:	81 e0       	ldi	r24, 0x01	; 1
    162e:	90 e0       	ldi	r25, 0x00	; 0
    1630:	02 c0       	rjmp	.+4      	; 0x1636 <DIO_u8SetPinDirection+0xc2>
    1632:	88 0f       	add	r24, r24
    1634:	99 1f       	adc	r25, r25
    1636:	6a 95       	dec	r22
    1638:	e2 f7       	brpl	.-8      	; 0x1632 <DIO_u8SetPinDirection+0xbe>
    163a:	80 95       	com	r24
    163c:	82 23       	and	r24, r18
    163e:	84 bb       	out	0x14, r24	; 20
    1640:	1a c0       	rjmp	.+52     	; 0x1676 <DIO_u8SetPinDirection+0x102>
				}
			break;
			case DIO_u8_PORTD:
				switch (Copy_u8PinDirection)
    1642:	44 23       	and	r20, r20
    1644:	69 f0       	breq	.+26     	; 0x1660 <DIO_u8SetPinDirection+0xec>
    1646:	41 30       	cpi	r20, 0x01	; 1
    1648:	d1 f4       	brne	.+52     	; 0x167e <DIO_u8SetPinDirection+0x10a>
				{
					case DIO_u8_OUTPUT:SET_BIT(DIO_u8_DDRD_REG,Copy_u8PinId);break;
    164a:	21 b3       	in	r18, 0x11	; 17
    164c:	81 e0       	ldi	r24, 0x01	; 1
    164e:	90 e0       	ldi	r25, 0x00	; 0
    1650:	02 c0       	rjmp	.+4      	; 0x1656 <DIO_u8SetPinDirection+0xe2>
    1652:	88 0f       	add	r24, r24
    1654:	99 1f       	adc	r25, r25
    1656:	6a 95       	dec	r22
    1658:	e2 f7       	brpl	.-8      	; 0x1652 <DIO_u8SetPinDirection+0xde>
    165a:	28 2b       	or	r18, r24
    165c:	21 bb       	out	0x11, r18	; 17
    165e:	0b c0       	rjmp	.+22     	; 0x1676 <DIO_u8SetPinDirection+0x102>
					case DIO_u8_INPUT: CLR_BIT(DIO_u8_DDRD_REG,Copy_u8PinId);break;
    1660:	21 b3       	in	r18, 0x11	; 17
    1662:	81 e0       	ldi	r24, 0x01	; 1
    1664:	90 e0       	ldi	r25, 0x00	; 0
    1666:	02 c0       	rjmp	.+4      	; 0x166c <DIO_u8SetPinDirection+0xf8>
    1668:	88 0f       	add	r24, r24
    166a:	99 1f       	adc	r25, r25
    166c:	6a 95       	dec	r22
    166e:	e2 f7       	brpl	.-8      	; 0x1668 <DIO_u8SetPinDirection+0xf4>
    1670:	80 95       	com	r24
    1672:	82 23       	and	r24, r18
    1674:	81 bb       	out	0x11, r24	; 17
    1676:	81 e0       	ldi	r24, 0x01	; 1
    1678:	08 95       	ret
    167a:	80 e0       	ldi	r24, 0x00	; 0
    167c:	08 95       	ret
    167e:	81 e0       	ldi	r24, 0x01	; 1
	{
		Local_u8ErrorState = STD_TYPES_NOK;
	}
	
	return Local_u8ErrorState;
}
    1680:	08 95       	ret

00001682 <DIO_u8SetPinValue>:

u8  DIO_u8SetPinValue     (u8 Copy_u8PortId, u8 Copy_u8PinId ,u8 Copy_u8PinValue)
{
	u8 Local_u8ErrorState = STD_TYPES_OK;
	if(Copy_u8PinId <= DIO_u8_PIN7)
    1682:	68 30       	cpi	r22, 0x08	; 8
    1684:	08 f0       	brcs	.+2      	; 0x1688 <DIO_u8SetPinValue+0x6>
    1686:	7a c0       	rjmp	.+244    	; 0x177c <DIO_u8SetPinValue+0xfa>
	{
		switch (Copy_u8PortId)
    1688:	81 30       	cpi	r24, 0x01	; 1
    168a:	29 f1       	breq	.+74     	; 0x16d6 <DIO_u8SetPinValue+0x54>
    168c:	81 30       	cpi	r24, 0x01	; 1
    168e:	38 f0       	brcs	.+14     	; 0x169e <DIO_u8SetPinValue+0x1c>
    1690:	82 30       	cpi	r24, 0x02	; 2
    1692:	09 f4       	brne	.+2      	; 0x1696 <DIO_u8SetPinValue+0x14>
    1694:	3c c0       	rjmp	.+120    	; 0x170e <DIO_u8SetPinValue+0x8c>
    1696:	83 30       	cpi	r24, 0x03	; 3
    1698:	09 f0       	breq	.+2      	; 0x169c <DIO_u8SetPinValue+0x1a>
    169a:	70 c0       	rjmp	.+224    	; 0x177c <DIO_u8SetPinValue+0xfa>
    169c:	53 c0       	rjmp	.+166    	; 0x1744 <DIO_u8SetPinValue+0xc2>
		{
			case DIO_u8_PORTA:
				switch (Copy_u8PinValue)
    169e:	44 23       	and	r20, r20
    16a0:	71 f0       	breq	.+28     	; 0x16be <DIO_u8SetPinValue+0x3c>
    16a2:	41 30       	cpi	r20, 0x01	; 1
    16a4:	09 f0       	breq	.+2      	; 0x16a8 <DIO_u8SetPinValue+0x26>
    16a6:	6a c0       	rjmp	.+212    	; 0x177c <DIO_u8SetPinValue+0xfa>
				{
					case DIO_u8_HIGH:SET_BIT(DIO_u8_PORTA_REG,Copy_u8PinId);break;
    16a8:	2b b3       	in	r18, 0x1b	; 27
    16aa:	81 e0       	ldi	r24, 0x01	; 1
    16ac:	90 e0       	ldi	r25, 0x00	; 0
    16ae:	02 c0       	rjmp	.+4      	; 0x16b4 <DIO_u8SetPinValue+0x32>
    16b0:	88 0f       	add	r24, r24
    16b2:	99 1f       	adc	r25, r25
    16b4:	6a 95       	dec	r22
    16b6:	e2 f7       	brpl	.-8      	; 0x16b0 <DIO_u8SetPinValue+0x2e>
    16b8:	28 2b       	or	r18, r24
    16ba:	2b bb       	out	0x1b, r18	; 27
    16bc:	5d c0       	rjmp	.+186    	; 0x1778 <DIO_u8SetPinValue+0xf6>
					case DIO_u8_LOW: CLR_BIT(DIO_u8_PORTA_REG,Copy_u8PinId);break;
    16be:	2b b3       	in	r18, 0x1b	; 27
    16c0:	81 e0       	ldi	r24, 0x01	; 1
    16c2:	90 e0       	ldi	r25, 0x00	; 0
    16c4:	02 c0       	rjmp	.+4      	; 0x16ca <DIO_u8SetPinValue+0x48>
    16c6:	88 0f       	add	r24, r24
    16c8:	99 1f       	adc	r25, r25
    16ca:	6a 95       	dec	r22
    16cc:	e2 f7       	brpl	.-8      	; 0x16c6 <DIO_u8SetPinValue+0x44>
    16ce:	80 95       	com	r24
    16d0:	82 23       	and	r24, r18
    16d2:	8b bb       	out	0x1b, r24	; 27
    16d4:	51 c0       	rjmp	.+162    	; 0x1778 <DIO_u8SetPinValue+0xf6>
					default : Local_u8ErrorState = STD_TYPES_NOK;
				}
			break;
			case DIO_u8_PORTB:
				switch (Copy_u8PinValue)
    16d6:	44 23       	and	r20, r20
    16d8:	71 f0       	breq	.+28     	; 0x16f6 <DIO_u8SetPinValue+0x74>
    16da:	41 30       	cpi	r20, 0x01	; 1
    16dc:	09 f0       	breq	.+2      	; 0x16e0 <DIO_u8SetPinValue+0x5e>
    16de:	4e c0       	rjmp	.+156    	; 0x177c <DIO_u8SetPinValue+0xfa>
				{
					case DIO_u8_HIGH:SET_BIT(DIO_u8_PORTB_REG,Copy_u8PinId);break;
    16e0:	28 b3       	in	r18, 0x18	; 24
    16e2:	81 e0       	ldi	r24, 0x01	; 1
    16e4:	90 e0       	ldi	r25, 0x00	; 0
    16e6:	02 c0       	rjmp	.+4      	; 0x16ec <DIO_u8SetPinValue+0x6a>
    16e8:	88 0f       	add	r24, r24
    16ea:	99 1f       	adc	r25, r25
    16ec:	6a 95       	dec	r22
    16ee:	e2 f7       	brpl	.-8      	; 0x16e8 <DIO_u8SetPinValue+0x66>
    16f0:	28 2b       	or	r18, r24
    16f2:	28 bb       	out	0x18, r18	; 24
    16f4:	41 c0       	rjmp	.+130    	; 0x1778 <DIO_u8SetPinValue+0xf6>
					case DIO_u8_LOW: CLR_BIT(DIO_u8_PORTB_REG,Copy_u8PinId);break;
    16f6:	28 b3       	in	r18, 0x18	; 24
    16f8:	81 e0       	ldi	r24, 0x01	; 1
    16fa:	90 e0       	ldi	r25, 0x00	; 0
    16fc:	02 c0       	rjmp	.+4      	; 0x1702 <DIO_u8SetPinValue+0x80>
    16fe:	88 0f       	add	r24, r24
    1700:	99 1f       	adc	r25, r25
    1702:	6a 95       	dec	r22
    1704:	e2 f7       	brpl	.-8      	; 0x16fe <DIO_u8SetPinValue+0x7c>
    1706:	80 95       	com	r24
    1708:	82 23       	and	r24, r18
    170a:	88 bb       	out	0x18, r24	; 24
    170c:	35 c0       	rjmp	.+106    	; 0x1778 <DIO_u8SetPinValue+0xf6>
					default : Local_u8ErrorState = STD_TYPES_NOK;
				}		
			break;
			case DIO_u8_PORTC:
				switch (Copy_u8PinValue)
    170e:	44 23       	and	r20, r20
    1710:	69 f0       	breq	.+26     	; 0x172c <DIO_u8SetPinValue+0xaa>
    1712:	41 30       	cpi	r20, 0x01	; 1
    1714:	99 f5       	brne	.+102    	; 0x177c <DIO_u8SetPinValue+0xfa>
				{
					case DIO_u8_HIGH:SET_BIT(DIO_u8_PORTC_REG,Copy_u8PinId);break;
    1716:	25 b3       	in	r18, 0x15	; 21
    1718:	81 e0       	ldi	r24, 0x01	; 1
    171a:	90 e0       	ldi	r25, 0x00	; 0
    171c:	02 c0       	rjmp	.+4      	; 0x1722 <DIO_u8SetPinValue+0xa0>
    171e:	88 0f       	add	r24, r24
    1720:	99 1f       	adc	r25, r25
    1722:	6a 95       	dec	r22
    1724:	e2 f7       	brpl	.-8      	; 0x171e <DIO_u8SetPinValue+0x9c>
    1726:	28 2b       	or	r18, r24
    1728:	25 bb       	out	0x15, r18	; 21
    172a:	26 c0       	rjmp	.+76     	; 0x1778 <DIO_u8SetPinValue+0xf6>
					case DIO_u8_LOW: CLR_BIT(DIO_u8_PORTC_REG,Copy_u8PinId);break;
    172c:	25 b3       	in	r18, 0x15	; 21
    172e:	81 e0       	ldi	r24, 0x01	; 1
    1730:	90 e0       	ldi	r25, 0x00	; 0
    1732:	02 c0       	rjmp	.+4      	; 0x1738 <DIO_u8SetPinValue+0xb6>
    1734:	88 0f       	add	r24, r24
    1736:	99 1f       	adc	r25, r25
    1738:	6a 95       	dec	r22
    173a:	e2 f7       	brpl	.-8      	; 0x1734 <DIO_u8SetPinValue+0xb2>
    173c:	80 95       	com	r24
    173e:	82 23       	and	r24, r18
    1740:	85 bb       	out	0x15, r24	; 21
    1742:	1a c0       	rjmp	.+52     	; 0x1778 <DIO_u8SetPinValue+0xf6>
					default : Local_u8ErrorState = STD_TYPES_NOK;
				}		
			break;
			case DIO_u8_PORTD:
				switch (Copy_u8PinValue)
    1744:	44 23       	and	r20, r20
    1746:	69 f0       	breq	.+26     	; 0x1762 <DIO_u8SetPinValue+0xe0>
    1748:	41 30       	cpi	r20, 0x01	; 1
    174a:	c1 f4       	brne	.+48     	; 0x177c <DIO_u8SetPinValue+0xfa>
				{
					case DIO_u8_HIGH:SET_BIT(DIO_u8_PORTD_REG,Copy_u8PinId);break;
    174c:	22 b3       	in	r18, 0x12	; 18
    174e:	81 e0       	ldi	r24, 0x01	; 1
    1750:	90 e0       	ldi	r25, 0x00	; 0
    1752:	02 c0       	rjmp	.+4      	; 0x1758 <DIO_u8SetPinValue+0xd6>
    1754:	88 0f       	add	r24, r24
    1756:	99 1f       	adc	r25, r25
    1758:	6a 95       	dec	r22
    175a:	e2 f7       	brpl	.-8      	; 0x1754 <DIO_u8SetPinValue+0xd2>
    175c:	28 2b       	or	r18, r24
    175e:	22 bb       	out	0x12, r18	; 18
    1760:	0b c0       	rjmp	.+22     	; 0x1778 <DIO_u8SetPinValue+0xf6>
					case DIO_u8_LOW: CLR_BIT(DIO_u8_PORTD_REG,Copy_u8PinId);break;
    1762:	22 b3       	in	r18, 0x12	; 18
    1764:	81 e0       	ldi	r24, 0x01	; 1
    1766:	90 e0       	ldi	r25, 0x00	; 0
    1768:	02 c0       	rjmp	.+4      	; 0x176e <DIO_u8SetPinValue+0xec>
    176a:	88 0f       	add	r24, r24
    176c:	99 1f       	adc	r25, r25
    176e:	6a 95       	dec	r22
    1770:	e2 f7       	brpl	.-8      	; 0x176a <DIO_u8SetPinValue+0xe8>
    1772:	80 95       	com	r24
    1774:	82 23       	and	r24, r18
    1776:	82 bb       	out	0x12, r24	; 18
    1778:	81 e0       	ldi	r24, 0x01	; 1
    177a:	08 95       	ret
    177c:	80 e0       	ldi	r24, 0x00	; 0
	else
	{
		Local_u8ErrorState = STD_TYPES_NOK;
	}
	return Local_u8ErrorState;
}
    177e:	08 95       	ret

00001780 <DIO_u8GetPinValue>:

u8  DIO_u8GetPinValue     (u8 Copy_u8PortId, u8 Copy_u8PinId ,u8 * Copy_pu8ReturnedPinValue)
{
    1780:	fa 01       	movw	r30, r20
	u8 ret = STD_TYPES_OK;
	if(NULL == Copy_pu8ReturnedPinValue)
    1782:	41 15       	cp	r20, r1
    1784:	51 05       	cpc	r21, r1
    1786:	d1 f0       	breq	.+52     	; 0x17bc <DIO_u8GetPinValue+0x3c>
	{
		ret = STD_TYPES_NOK;
	}
	else
	{
		switch(Copy_u8PortId)
    1788:	81 30       	cpi	r24, 0x01	; 1
    178a:	49 f0       	breq	.+18     	; 0x179e <DIO_u8GetPinValue+0x1e>
    178c:	81 30       	cpi	r24, 0x01	; 1
    178e:	28 f0       	brcs	.+10     	; 0x179a <DIO_u8GetPinValue+0x1a>
    1790:	82 30       	cpi	r24, 0x02	; 2
    1792:	39 f0       	breq	.+14     	; 0x17a2 <DIO_u8GetPinValue+0x22>
    1794:	83 30       	cpi	r24, 0x03	; 3
    1796:	91 f4       	brne	.+36     	; 0x17bc <DIO_u8GetPinValue+0x3c>
    1798:	06 c0       	rjmp	.+12     	; 0x17a6 <DIO_u8GetPinValue+0x26>
		{

			case DIO_u8_PORTA : { *Copy_pu8ReturnedPinValue = GET_BIT(DIO_u8_PINA_REG,Copy_u8PinId);}   break;
    179a:	89 b3       	in	r24, 0x19	; 25
    179c:	05 c0       	rjmp	.+10     	; 0x17a8 <DIO_u8GetPinValue+0x28>

			case DIO_u8_PORTB : { *Copy_pu8ReturnedPinValue = GET_BIT(DIO_u8_PINB_REG,Copy_u8PinId);}   break;
    179e:	86 b3       	in	r24, 0x16	; 22
    17a0:	03 c0       	rjmp	.+6      	; 0x17a8 <DIO_u8GetPinValue+0x28>

			case DIO_u8_PORTC : { *Copy_pu8ReturnedPinValue = GET_BIT(DIO_u8_PINC_REG,Copy_u8PinId);}   break;
    17a2:	83 b3       	in	r24, 0x13	; 19
    17a4:	01 c0       	rjmp	.+2      	; 0x17a8 <DIO_u8GetPinValue+0x28>

			case DIO_u8_PORTD : { *Copy_pu8ReturnedPinValue = GET_BIT(DIO_u8_PIND_REG,Copy_u8PinId);}   break;
    17a6:	80 b3       	in	r24, 0x10	; 16
    17a8:	90 e0       	ldi	r25, 0x00	; 0
    17aa:	02 c0       	rjmp	.+4      	; 0x17b0 <DIO_u8GetPinValue+0x30>
    17ac:	95 95       	asr	r25
    17ae:	87 95       	ror	r24
    17b0:	6a 95       	dec	r22
    17b2:	e2 f7       	brpl	.-8      	; 0x17ac <DIO_u8GetPinValue+0x2c>
    17b4:	81 70       	andi	r24, 0x01	; 1
    17b6:	80 83       	st	Z, r24
    17b8:	81 e0       	ldi	r24, 0x01	; 1
    17ba:	08 95       	ret
    17bc:	80 e0       	ldi	r24, 0x00	; 0

		}
	}

	return ret;
}
    17be:	08 95       	ret

000017c0 <DIO_u8SetPortDirection>:

u8  DIO_u8SetPortDirection(u8 Copy_u8PortId, u8 Copy_u8PortDirection)
{
	u8 Local_u8ErrorState = STD_TYPES_OK;
	if((Copy_u8PortDirection == DIO_u8_OUTPUT) || (Copy_u8PortDirection == DIO_u8_INPUT))
    17c0:	62 30       	cpi	r22, 0x02	; 2
    17c2:	70 f5       	brcc	.+92     	; 0x1820 <DIO_u8SetPortDirection+0x60>
	{
		switch (Copy_u8PortId)
    17c4:	81 30       	cpi	r24, 0x01	; 1
    17c6:	81 f0       	breq	.+32     	; 0x17e8 <DIO_u8SetPortDirection+0x28>
    17c8:	81 30       	cpi	r24, 0x01	; 1
    17ca:	28 f0       	brcs	.+10     	; 0x17d6 <DIO_u8SetPortDirection+0x16>
    17cc:	82 30       	cpi	r24, 0x02	; 2
    17ce:	a9 f0       	breq	.+42     	; 0x17fa <DIO_u8SetPortDirection+0x3a>
    17d0:	83 30       	cpi	r24, 0x03	; 3
    17d2:	31 f5       	brne	.+76     	; 0x1820 <DIO_u8SetPortDirection+0x60>
    17d4:	1b c0       	rjmp	.+54     	; 0x180c <DIO_u8SetPortDirection+0x4c>
		{
			case DIO_u8_PORTA:
				switch (Copy_u8PortDirection)
    17d6:	66 23       	and	r22, r22
    17d8:	29 f0       	breq	.+10     	; 0x17e4 <DIO_u8SetPortDirection+0x24>
    17da:	61 30       	cpi	r22, 0x01	; 1
    17dc:	19 f5       	brne	.+70     	; 0x1824 <DIO_u8SetPortDirection+0x64>
				{
					case DIO_u8_OUTPUT:DIO_u8_DDRA_REG = 0xff;break;
    17de:	8f ef       	ldi	r24, 0xFF	; 255
    17e0:	8a bb       	out	0x1a, r24	; 26
    17e2:	1c c0       	rjmp	.+56     	; 0x181c <DIO_u8SetPortDirection+0x5c>
					case DIO_u8_INPUT :DIO_u8_DDRA_REG = 0x00;break;
    17e4:	1a ba       	out	0x1a, r1	; 26
    17e6:	1a c0       	rjmp	.+52     	; 0x181c <DIO_u8SetPortDirection+0x5c>
				}
			break;
			case DIO_u8_PORTB:
				switch (Copy_u8PortDirection)
    17e8:	66 23       	and	r22, r22
    17ea:	29 f0       	breq	.+10     	; 0x17f6 <DIO_u8SetPortDirection+0x36>
    17ec:	61 30       	cpi	r22, 0x01	; 1
    17ee:	d1 f4       	brne	.+52     	; 0x1824 <DIO_u8SetPortDirection+0x64>
				{
					case DIO_u8_OUTPUT:DIO_u8_DDRB_REG = 0xff;break;
    17f0:	8f ef       	ldi	r24, 0xFF	; 255
    17f2:	87 bb       	out	0x17, r24	; 23
    17f4:	13 c0       	rjmp	.+38     	; 0x181c <DIO_u8SetPortDirection+0x5c>
					case DIO_u8_INPUT :DIO_u8_DDRB_REG = 0x00;break;
    17f6:	17 ba       	out	0x17, r1	; 23
    17f8:	11 c0       	rjmp	.+34     	; 0x181c <DIO_u8SetPortDirection+0x5c>
				}
			break;
			case DIO_u8_PORTC:
				switch (Copy_u8PortDirection)
    17fa:	66 23       	and	r22, r22
    17fc:	29 f0       	breq	.+10     	; 0x1808 <DIO_u8SetPortDirection+0x48>
    17fe:	61 30       	cpi	r22, 0x01	; 1
    1800:	89 f4       	brne	.+34     	; 0x1824 <DIO_u8SetPortDirection+0x64>
				{
					case DIO_u8_OUTPUT:DIO_u8_DDRC_REG = 0xff;break;
    1802:	8f ef       	ldi	r24, 0xFF	; 255
    1804:	84 bb       	out	0x14, r24	; 20
    1806:	0a c0       	rjmp	.+20     	; 0x181c <DIO_u8SetPortDirection+0x5c>
					case DIO_u8_INPUT :DIO_u8_DDRC_REG = 0x00;break;
    1808:	14 ba       	out	0x14, r1	; 20
    180a:	08 c0       	rjmp	.+16     	; 0x181c <DIO_u8SetPortDirection+0x5c>
				}
			break;
			case DIO_u8_PORTD:
				switch (Copy_u8PortDirection)
    180c:	66 23       	and	r22, r22
    180e:	29 f0       	breq	.+10     	; 0x181a <DIO_u8SetPortDirection+0x5a>
    1810:	61 30       	cpi	r22, 0x01	; 1
    1812:	41 f4       	brne	.+16     	; 0x1824 <DIO_u8SetPortDirection+0x64>
				{
					case DIO_u8_OUTPUT:DIO_u8_DDRD_REG = 0xff;break;
    1814:	8f ef       	ldi	r24, 0xFF	; 255
    1816:	81 bb       	out	0x11, r24	; 17
    1818:	01 c0       	rjmp	.+2      	; 0x181c <DIO_u8SetPortDirection+0x5c>
					case DIO_u8_INPUT :DIO_u8_DDRD_REG = 0x00;break;
    181a:	11 ba       	out	0x11, r1	; 17
    181c:	81 e0       	ldi	r24, 0x01	; 1
    181e:	08 95       	ret
    1820:	80 e0       	ldi	r24, 0x00	; 0
    1822:	08 95       	ret
    1824:	81 e0       	ldi	r24, 0x01	; 1
	else
	{
		Local_u8ErrorState = STD_TYPES_NOK;
	}
	return Local_u8ErrorState;
}
    1826:	08 95       	ret

00001828 <DIO_voidInit>:
#include "DIO_private.h"
#include "DIO_config.h"

void DIO_voidInit         (void)
{
	DIO_u8SetPortDirection(DIO_u8_PORTA,DIO_u8_OUTPUT);
    1828:	80 e0       	ldi	r24, 0x00	; 0
    182a:	61 e0       	ldi	r22, 0x01	; 1
    182c:	0e 94 e0 0b 	call	0x17c0	; 0x17c0 <DIO_u8SetPortDirection>
	//DIO_u8SetPortValue(DIO_u8_PORTA,DIO_u8_LOW);
	DIO_u8SetPortDirection(DIO_u8_PORTC,DIO_u8_OUTPUT);
    1830:	82 e0       	ldi	r24, 0x02	; 2
    1832:	61 e0       	ldi	r22, 0x01	; 1
    1834:	0e 94 e0 0b 	call	0x17c0	; 0x17c0 <DIO_u8SetPortDirection>
	//DIO_u8SetPortValue(DIO_u8_PORTC,DIO_u8_LOW);
	DIO_u8SetPortDirection(DIO_u8_PORTD,DIO_u8_OUTPUT);
    1838:	83 e0       	ldi	r24, 0x03	; 3
    183a:	61 e0       	ldi	r22, 0x01	; 1
    183c:	0e 94 e0 0b 	call	0x17c0	; 0x17c0 <DIO_u8SetPortDirection>
	//DIO_u8SetPortValue(DIO_u8_PORTD,DIO_u8_LOW);
	DIO_u8SetPortDirection(DIO_u8_PORTB,DIO_u8_OUTPUT);
    1840:	81 e0       	ldi	r24, 0x01	; 1
    1842:	61 e0       	ldi	r22, 0x01	; 1
    1844:	0e 94 e0 0b 	call	0x17c0	; 0x17c0 <DIO_u8SetPortDirection>
	//DIO_u8SetPortValue(DIO_u8_PORTB,DIO_u8_LOW);


}
    1848:	08 95       	ret

0000184a <DIO_u8SetPortValue>:
}

u8  DIO_u8SetPortValue    (u8 Copy_u8PortId, u8 Copy_u8PortValue)
{
	u8 Local_u8ErrorState = STD_TYPES_OK;
	switch (Copy_u8PortId)
    184a:	81 30       	cpi	r24, 0x01	; 1
    184c:	51 f0       	breq	.+20     	; 0x1862 <DIO_u8SetPortValue+0x18>
    184e:	81 30       	cpi	r24, 0x01	; 1
    1850:	30 f0       	brcs	.+12     	; 0x185e <DIO_u8SetPortValue+0x14>
    1852:	82 30       	cpi	r24, 0x02	; 2
    1854:	41 f0       	breq	.+16     	; 0x1866 <DIO_u8SetPortValue+0x1c>
    1856:	83 30       	cpi	r24, 0x03	; 3
    1858:	49 f0       	breq	.+18     	; 0x186c <DIO_u8SetPortValue+0x22>
    185a:	80 e0       	ldi	r24, 0x00	; 0
    185c:	08 95       	ret
	{
		case DIO_u8_PORTA:DIO_u8_PORTA_REG = Copy_u8PortValue;break;
    185e:	6b bb       	out	0x1b, r22	; 27
    1860:	03 c0       	rjmp	.+6      	; 0x1868 <DIO_u8SetPortValue+0x1e>
		case DIO_u8_PORTB:DIO_u8_PORTB_REG = Copy_u8PortValue;break;
    1862:	68 bb       	out	0x18, r22	; 24
    1864:	01 c0       	rjmp	.+2      	; 0x1868 <DIO_u8SetPortValue+0x1e>
		case DIO_u8_PORTC:DIO_u8_PORTC_REG = Copy_u8PortValue;break;
    1866:	65 bb       	out	0x15, r22	; 21
    1868:	81 e0       	ldi	r24, 0x01	; 1
    186a:	08 95       	ret
		case DIO_u8_PORTD:DIO_u8_PORTD_REG = Copy_u8PortValue;break;
    186c:	62 bb       	out	0x12, r22	; 18
    186e:	81 e0       	ldi	r24, 0x01	; 1
		default : Local_u8ErrorState = STD_TYPES_NOK;
	}
	return Local_u8ErrorState;
}
    1870:	08 95       	ret

00001872 <DIO_u8GetPortValue>:

u8  DIO_u8GetPortValue    (u8 Copy_u8PortId, u8 * Copy_pu8ReturnedPortValue)
{
    1872:	fb 01       	movw	r30, r22
	u8 Local_u8ErrorState = STD_TYPES_OK;
	if( Copy_pu8ReturnedPortValue != NULL)
    1874:	61 15       	cp	r22, r1
    1876:	71 05       	cpc	r23, r1
    1878:	99 f0       	breq	.+38     	; 0x18a0 <DIO_u8GetPortValue+0x2e>
	{
		switch (Copy_u8PortId)
    187a:	81 30       	cpi	r24, 0x01	; 1
    187c:	49 f0       	breq	.+18     	; 0x1890 <DIO_u8GetPortValue+0x1e>
    187e:	81 30       	cpi	r24, 0x01	; 1
    1880:	28 f0       	brcs	.+10     	; 0x188c <DIO_u8GetPortValue+0x1a>
    1882:	82 30       	cpi	r24, 0x02	; 2
    1884:	39 f0       	breq	.+14     	; 0x1894 <DIO_u8GetPortValue+0x22>
    1886:	83 30       	cpi	r24, 0x03	; 3
    1888:	59 f4       	brne	.+22     	; 0x18a0 <DIO_u8GetPortValue+0x2e>
    188a:	06 c0       	rjmp	.+12     	; 0x1898 <DIO_u8GetPortValue+0x26>
		{
			case DIO_u8_PORTA: *Copy_pu8ReturnedPortValue = DIO_u8_PINA_REG;break;
    188c:	89 b3       	in	r24, 0x19	; 25
    188e:	05 c0       	rjmp	.+10     	; 0x189a <DIO_u8GetPortValue+0x28>
			case DIO_u8_PORTB: *Copy_pu8ReturnedPortValue = DIO_u8_PINB_REG;break;
    1890:	86 b3       	in	r24, 0x16	; 22
    1892:	03 c0       	rjmp	.+6      	; 0x189a <DIO_u8GetPortValue+0x28>
			case DIO_u8_PORTC: *Copy_pu8ReturnedPortValue = DIO_u8_PINC_REG;break;
    1894:	83 b3       	in	r24, 0x13	; 19
    1896:	01 c0       	rjmp	.+2      	; 0x189a <DIO_u8GetPortValue+0x28>
			case DIO_u8_PORTD: *Copy_pu8ReturnedPortValue = DIO_u8_PIND_REG;break;
    1898:	80 b3       	in	r24, 0x10	; 16
    189a:	80 83       	st	Z, r24
    189c:	81 e0       	ldi	r24, 0x01	; 1
    189e:	08 95       	ret
    18a0:	80 e0       	ldi	r24, 0x00	; 0
	else
	{
		Local_u8ErrorState = STD_TYPES_NOK;
	}
	return Local_u8ErrorState;
}
    18a2:	08 95       	ret

000018a4 <DIO_u8TogglePinValue>:
u8  DIO_u8TogglePinValue     (u8 Copy_u8PortId, u8 Copy_u8PinId)
{
	u8 Local_u8ErrorState = STD_TYPES_OK;
		if(Copy_u8PinId <= DIO_u8_PIN7)
    18a4:	68 30       	cpi	r22, 0x08	; 8
    18a6:	00 f5       	brcc	.+64     	; 0x18e8 <DIO_u8TogglePinValue+0x44>
		{
			switch (Copy_u8PortId)
    18a8:	81 30       	cpi	r24, 0x01	; 1
    18aa:	91 f0       	breq	.+36     	; 0x18d0 <DIO_u8TogglePinValue+0x2c>
    18ac:	81 30       	cpi	r24, 0x01	; 1
    18ae:	28 f0       	brcs	.+10     	; 0x18ba <DIO_u8TogglePinValue+0x16>
    18b0:	82 30       	cpi	r24, 0x02	; 2
    18b2:	19 f0       	breq	.+6      	; 0x18ba <DIO_u8TogglePinValue+0x16>
    18b4:	83 30       	cpi	r24, 0x03	; 3
    18b6:	c1 f4       	brne	.+48     	; 0x18e8 <DIO_u8TogglePinValue+0x44>
    18b8:	0b c0       	rjmp	.+22     	; 0x18d0 <DIO_u8TogglePinValue+0x2c>

				case DIO_u8_PORTA :  TOG_BIT(DIO_u8_PORTA_REG,Copy_u8PinId);  break;

				case DIO_u8_PORTB :  TOG_BIT(DIO_u8_PORTB_REG,Copy_u8PinId);  break;

				case DIO_u8_PORTC :  TOG_BIT(DIO_u8_PORTA_REG,Copy_u8PinId);  break;
    18ba:	2b b3       	in	r18, 0x1b	; 27
    18bc:	81 e0       	ldi	r24, 0x01	; 1
    18be:	90 e0       	ldi	r25, 0x00	; 0
    18c0:	02 c0       	rjmp	.+4      	; 0x18c6 <DIO_u8TogglePinValue+0x22>
    18c2:	88 0f       	add	r24, r24
    18c4:	99 1f       	adc	r25, r25
    18c6:	6a 95       	dec	r22
    18c8:	e2 f7       	brpl	.-8      	; 0x18c2 <DIO_u8TogglePinValue+0x1e>
    18ca:	28 27       	eor	r18, r24
    18cc:	2b bb       	out	0x1b, r18	; 27
    18ce:	0a c0       	rjmp	.+20     	; 0x18e4 <DIO_u8TogglePinValue+0x40>

				case DIO_u8_PORTD :  TOG_BIT(DIO_u8_PORTB_REG,Copy_u8PinId);  break;
    18d0:	28 b3       	in	r18, 0x18	; 24
    18d2:	81 e0       	ldi	r24, 0x01	; 1
    18d4:	90 e0       	ldi	r25, 0x00	; 0
    18d6:	02 c0       	rjmp	.+4      	; 0x18dc <DIO_u8TogglePinValue+0x38>
    18d8:	88 0f       	add	r24, r24
    18da:	99 1f       	adc	r25, r25
    18dc:	6a 95       	dec	r22
    18de:	e2 f7       	brpl	.-8      	; 0x18d8 <DIO_u8TogglePinValue+0x34>
    18e0:	28 27       	eor	r18, r24
    18e2:	28 bb       	out	0x18, r18	; 24
    18e4:	81 e0       	ldi	r24, 0x01	; 1
    18e6:	08 95       	ret
    18e8:	80 e0       	ldi	r24, 0x00	; 0
		else
		{
			Local_u8ErrorState = STD_TYPES_NOK;
		}
		return Local_u8ErrorState;
}
    18ea:	08 95       	ret

000018ec <ADC_voidInit>:
static void(*GlobalPtrFunc)(void)=NULL;
static u8 ADC_STATE=IDLE;
void ADC_voidInit()
{
	//No interrupt
	CLR_BIT(ADCSRA,3);
    18ec:	33 98       	cbi	0x06, 3	; 6
	//Ref = AVCC
	SET_BIT(ADMUX,6);
    18ee:	3e 9a       	sbi	0x07, 6	; 7
	CLR_BIT(ADMUX,7);
    18f0:	3f 98       	cbi	0x07, 7	; 7
	//PreScaler->64
	CLR_BIT(ADCSRA,0);
    18f2:	30 98       	cbi	0x06, 0	; 6
	SET_BIT(ADCSRA,1);
    18f4:	31 9a       	sbi	0x06, 1	; 6
	SET_BIT(ADCSRA,2);
    18f6:	32 9a       	sbi	0x06, 2	; 6
	//Enable Circuit
	SET_BIT(ADCSRA,7);
    18f8:	37 9a       	sbi	0x06, 7	; 6
}
    18fa:	08 95       	ret

000018fc <ADC_u16ConvertSynch>:
u8 ADC_u16ConvertSynch(u8 Copy_u8Channel,u16 *Pu16Reading)
{
    18fc:	98 2f       	mov	r25, r24
    18fe:	fb 01       	movw	r30, r22
	u8 Local_eErrState=OK;
	u16 Local_u16Counter=0;
	//pointer validation
	if(Pu16Reading!=NULL)
    1900:	61 15       	cp	r22, r1
    1902:	71 05       	cpc	r23, r1
    1904:	11 f4       	brne	.+4      	; 0x190a <ADC_u16ConvertSynch+0xe>
    1906:	81 e0       	ldi	r24, 0x01	; 1
    1908:	08 95       	ret
	{
		//Write Channel Num -> ADMUX
		ADMUX&=0b11100000;
    190a:	87 b1       	in	r24, 0x07	; 7
    190c:	80 7e       	andi	r24, 0xE0	; 224
    190e:	87 b9       	out	0x07, r24	; 7
		ADMUX|=Copy_u8Channel;
    1910:	87 b1       	in	r24, 0x07	; 7
    1912:	89 2b       	or	r24, r25
    1914:	87 b9       	out	0x07, r24	; 7
		//Enable Conversion
		SET_BIT(ADCSRA,6);
    1916:	36 9a       	sbi	0x06, 6	; 6
    1918:	80 e0       	ldi	r24, 0x00	; 0
    191a:	90 e0       	ldi	r25, 0x00	; 0
    191c:	01 c0       	rjmp	.+2      	; 0x1920 <ADC_u16ConvertSynch+0x24>
		//Wait -> Flag
		while((!GET_BIT(ADCSRA,4))&&(Local_u16Counter<TIME_OUT))
		{
			Local_u16Counter++;
    191e:	01 96       	adiw	r24, 0x01	; 1
		ADMUX&=0b11100000;
		ADMUX|=Copy_u8Channel;
		//Enable Conversion
		SET_BIT(ADCSRA,6);
		//Wait -> Flag
		while((!GET_BIT(ADCSRA,4))&&(Local_u16Counter<TIME_OUT))
    1920:	34 9b       	sbis	0x06, 4	; 6
    1922:	04 c0       	rjmp	.+8      	; 0x192c <ADC_u16ConvertSynch+0x30>
		{
			Local_u16Counter++;
		}
		if(Local_u16Counter==TIME_OUT)
    1924:	80 55       	subi	r24, 0x50	; 80
    1926:	93 4c       	sbci	r25, 0xC3	; 195
    1928:	31 f4       	brne	.+12     	; 0x1936 <ADC_u16ConvertSynch+0x3a>
    192a:	0c c0       	rjmp	.+24     	; 0x1944 <ADC_u16ConvertSynch+0x48>
		ADMUX&=0b11100000;
		ADMUX|=Copy_u8Channel;
		//Enable Conversion
		SET_BIT(ADCSRA,6);
		//Wait -> Flag
		while((!GET_BIT(ADCSRA,4))&&(Local_u16Counter<TIME_OUT))
    192c:	23 ec       	ldi	r18, 0xC3	; 195
    192e:	80 35       	cpi	r24, 0x50	; 80
    1930:	92 07       	cpc	r25, r18
    1932:	a9 f7       	brne	.-22     	; 0x191e <ADC_u16ConvertSynch+0x22>
    1934:	07 c0       	rjmp	.+14     	; 0x1944 <ADC_u16ConvertSynch+0x48>
			Local_eErrState=TIME_OUT_ERR;
		}
		else
		{
			//Clear Flag
			SET_BIT(ADCSRA,4);
    1936:	34 9a       	sbi	0x06, 4	; 6
			*Pu16Reading=ADC;
    1938:	84 b1       	in	r24, 0x04	; 4
    193a:	95 b1       	in	r25, 0x05	; 5
    193c:	91 83       	std	Z+1, r25	; 0x01
    193e:	80 83       	st	Z, r24
    1940:	80 e0       	ldi	r24, 0x00	; 0
    1942:	08 95       	ret
    1944:	82 e0       	ldi	r24, 0x02	; 2
	else
	{
		Local_eErrState=NOK;
	}
	return Local_eErrState;
}
    1946:	08 95       	ret

00001948 <ADC_u16ConvertASynch>:

u8 ADC_u16ConvertASynch(u8 Copy_u8Channel,
		u16 *Pu16Reading,void(*PtrFunc)(void))
{
    1948:	98 2f       	mov	r25, r24
	u8 Local_eErrState=OK;
	if(ADC_STATE==IDLE)
    194a:	80 91 a7 01 	lds	r24, 0x01A7
    194e:	81 30       	cpi	r24, 0x01	; 1
    1950:	11 f0       	breq	.+4      	; 0x1956 <ADC_u16ConvertASynch+0xe>
    1952:	83 e0       	ldi	r24, 0x03	; 3
    1954:	08 95       	ret
	{
		if((Pu16Reading!=NULL)&&(PtrFunc!=NULL))
    1956:	61 15       	cp	r22, r1
    1958:	71 05       	cpc	r23, r1
    195a:	c1 f0       	breq	.+48     	; 0x198c <ADC_u16ConvertASynch+0x44>
    195c:	41 15       	cp	r20, r1
    195e:	51 05       	cpc	r21, r1
    1960:	a9 f0       	breq	.+42     	; 0x198c <ADC_u16ConvertASynch+0x44>
		{
			ADC_STATE=BUSY;
    1962:	82 e0       	ldi	r24, 0x02	; 2
    1964:	80 93 a7 01 	sts	0x01A7, r24
			Global_ptr=Pu16Reading;
    1968:	70 93 d3 01 	sts	0x01D3, r23
    196c:	60 93 d2 01 	sts	0x01D2, r22
			GlobalPtrFunc=PtrFunc;
    1970:	50 93 d5 01 	sts	0x01D5, r21
    1974:	40 93 d4 01 	sts	0x01D4, r20
			//Write Channel Num -> ADMUX
			ADMUX&=0b11100000;
    1978:	87 b1       	in	r24, 0x07	; 7
    197a:	80 7e       	andi	r24, 0xE0	; 224
    197c:	87 b9       	out	0x07, r24	; 7
			ADMUX|=Copy_u8Channel;
    197e:	87 b1       	in	r24, 0x07	; 7
    1980:	89 2b       	or	r24, r25
    1982:	87 b9       	out	0x07, r24	; 7
			//Enable Conversion
			SET_BIT(ADCSRA,6);
    1984:	36 9a       	sbi	0x06, 6	; 6
			//Enable ADC interrupt pin
			SET_BIT(ADCSRA,3);
    1986:	33 9a       	sbi	0x06, 3	; 6
    1988:	80 e0       	ldi	r24, 0x00	; 0
    198a:	08 95       	ret
		u16 *Pu16Reading,void(*PtrFunc)(void))
{
	u8 Local_eErrState=OK;
	if(ADC_STATE==IDLE)
	{
		if((Pu16Reading!=NULL)&&(PtrFunc!=NULL))
    198c:	81 e0       	ldi	r24, 0x01	; 1
	else
	{
		Local_eErrState=BUSY_STATE;
	}
	return Local_eErrState;
}
    198e:	08 95       	ret

00001990 <__vector_16>:

void __vector_16(void)   __attribute__((signal));
void __vector_16(void)
{
    1990:	1f 92       	push	r1
    1992:	0f 92       	push	r0
    1994:	0f b6       	in	r0, 0x3f	; 63
    1996:	0f 92       	push	r0
    1998:	11 24       	eor	r1, r1
    199a:	2f 93       	push	r18
    199c:	3f 93       	push	r19
    199e:	4f 93       	push	r20
    19a0:	5f 93       	push	r21
    19a2:	6f 93       	push	r22
    19a4:	7f 93       	push	r23
    19a6:	8f 93       	push	r24
    19a8:	9f 93       	push	r25
    19aa:	af 93       	push	r26
    19ac:	bf 93       	push	r27
    19ae:	ef 93       	push	r30
    19b0:	ff 93       	push	r31
	//Return Reading
	*Global_ptr=ADC;
    19b2:	84 b1       	in	r24, 0x04	; 4
    19b4:	95 b1       	in	r25, 0x05	; 5
    19b6:	e0 91 d2 01 	lds	r30, 0x01D2
    19ba:	f0 91 d3 01 	lds	r31, 0x01D3
    19be:	91 83       	std	Z+1, r25	; 0x01
    19c0:	80 83       	st	Z, r24
	//Invoke func
	GlobalPtrFunc();
    19c2:	e0 91 d4 01 	lds	r30, 0x01D4
    19c6:	f0 91 d5 01 	lds	r31, 0x01D5
    19ca:	09 95       	icall
	//disable int
	CLR_BIT(ADCSRA,3);
    19cc:	33 98       	cbi	0x06, 3	; 6
	//back to idle
	ADC_STATE=IDLE;
    19ce:	81 e0       	ldi	r24, 0x01	; 1
    19d0:	80 93 a7 01 	sts	0x01A7, r24
}
    19d4:	ff 91       	pop	r31
    19d6:	ef 91       	pop	r30
    19d8:	bf 91       	pop	r27
    19da:	af 91       	pop	r26
    19dc:	9f 91       	pop	r25
    19de:	8f 91       	pop	r24
    19e0:	7f 91       	pop	r23
    19e2:	6f 91       	pop	r22
    19e4:	5f 91       	pop	r21
    19e6:	4f 91       	pop	r20
    19e8:	3f 91       	pop	r19
    19ea:	2f 91       	pop	r18
    19ec:	0f 90       	pop	r0
    19ee:	0f be       	out	0x3f, r0	; 63
    19f0:	0f 90       	pop	r0
    19f2:	1f 90       	pop	r1
    19f4:	18 95       	reti

000019f6 <delay_ms>:
 *  Created on: 21 Jul 2025
 *      Author: Amr Elomda
 */
#include "delay.h"
void delay_ms(u32 ms)
{
    19f6:	40 e0       	ldi	r20, 0x00	; 0
    19f8:	50 e0       	ldi	r21, 0x00	; 0
    19fa:	0b c0       	rjmp	.+22     	; 0x1a12 <delay_ms+0x1c>
	for(u32 i=0;i<ms;i++)
    19fc:	20 e0       	ldi	r18, 0x00	; 0
    19fe:	30 e0       	ldi	r19, 0x00	; 0
	{
		for(u32 j=0;j<800;j++)
			asm("NOP");
    1a00:	00 00       	nop
#include "delay.h"
void delay_ms(u32 ms)
{
	for(u32 i=0;i<ms;i++)
	{
		for(u32 j=0;j<800;j++)
    1a02:	2f 5f       	subi	r18, 0xFF	; 255
    1a04:	3f 4f       	sbci	r19, 0xFF	; 255
    1a06:	63 e0       	ldi	r22, 0x03	; 3
    1a08:	20 32       	cpi	r18, 0x20	; 32
    1a0a:	36 07       	cpc	r19, r22
    1a0c:	c9 f7       	brne	.-14     	; 0x1a00 <delay_ms+0xa>
 *      Author: Amr Elomda
 */
#include "delay.h"
void delay_ms(u32 ms)
{
	for(u32 i=0;i<ms;i++)
    1a0e:	4f 5f       	subi	r20, 0xFF	; 255
    1a10:	5f 4f       	sbci	r21, 0xFF	; 255
    1a12:	48 17       	cp	r20, r24
    1a14:	59 07       	cpc	r21, r25
    1a16:	90 f3       	brcs	.-28     	; 0x19fc <delay_ms+0x6>
	{
		for(u32 j=0;j<800;j++)
			asm("NOP");
	}
}
    1a18:	08 95       	ret

00001a1a <disable_ssd>:
		DIO_u8SetPinValue(Copy_u8PortId,Copy_u8PinId,DIO_u8_LOW);
}

void disable_ssd(u8 Copy_u8PortId, u8 Copy_u8PinId,u8 AN_CATH)
{
	if(AN_CATH==ANODE)
    1a1a:	41 11       	cpse	r20, r1
		    DIO_u8SetPinValue(Copy_u8PortId,Copy_u8PinId,DIO_u8_LOW);
    else
			DIO_u8SetPinValue(Copy_u8PortId,Copy_u8PinId,DIO_u8_HIGH);
    1a1c:	41 e0       	ldi	r20, 0x01	; 1
    1a1e:	0e 94 41 0b 	call	0x1682	; 0x1682 <DIO_u8SetPinValue>
    1a22:	08 95       	ret

00001a24 <enable_ssd>:
	DIO_u8SetPortValue(DIO_u8_PORTA,digits[value]);
	return 0;
}
void enable_ssd(u8 Copy_u8PortId, u8 Copy_u8PinId,u8 AN_CATH)
{
	if(AN_CATH==ANODE)
    1a24:	44 23       	and	r20, r20
    1a26:	11 f4       	brne	.+4      	; 0x1a2c <enable_ssd+0x8>
	    DIO_u8SetPinValue(Copy_u8PortId,Copy_u8PinId,DIO_u8_HIGH);
    1a28:	41 e0       	ldi	r20, 0x01	; 1
    1a2a:	01 c0       	rjmp	.+2      	; 0x1a2e <enable_ssd+0xa>
	else
		DIO_u8SetPinValue(Copy_u8PortId,Copy_u8PinId,DIO_u8_LOW);
    1a2c:	40 e0       	ldi	r20, 0x00	; 0
    1a2e:	0e 94 41 0b 	call	0x1682	; 0x1682 <DIO_u8SetPinValue>
    1a32:	08 95       	ret

00001a34 <write_ssd>:
	DIO_voidInit();
}

u8 write_ssd(u8 value)
{
	if(value >9||value<0)
    1a34:	8a 30       	cpi	r24, 0x0A	; 10
    1a36:	10 f0       	brcs	.+4      	; 0x1a3c <write_ssd+0x8>
    1a38:	81 e0       	ldi	r24, 0x01	; 1
    1a3a:	08 95       	ret
		return 1;
	DIO_u8SetPortValue(DIO_u8_PORTA,digits[value]);
    1a3c:	e8 2f       	mov	r30, r24
    1a3e:	f0 e0       	ldi	r31, 0x00	; 0
    1a40:	e7 55       	subi	r30, 0x57	; 87
    1a42:	fe 4f       	sbci	r31, 0xFE	; 254
    1a44:	80 e0       	ldi	r24, 0x00	; 0
    1a46:	60 81       	ld	r22, Z
    1a48:	0e 94 25 0c 	call	0x184a	; 0x184a <DIO_u8SetPortValue>
    1a4c:	80 e0       	ldi	r24, 0x00	; 0
	return 0;
}
    1a4e:	08 95       	ret

00001a50 <init_ssd>:
    0b10000000, // 8
    0b10010000  // 9
};
void init_ssd(void)
{
	DIO_voidInit();
    1a50:	0e 94 14 0c 	call	0x1828	; 0x1828 <DIO_voidInit>
}
    1a54:	08 95       	ret

00001a56 <MQ2_IsThierGasLeakage>:
#include <util/delay.h>
#include "MCAL/DIO/DIO_interface.h"
#include "MCAL/ADC/ADC_interface.h"
#define V_REF 1500.00
u8 MQ2_IsThierGasLeakage(void)
{
    1a56:	1f 93       	push	r17
    1a58:	df 93       	push	r29
    1a5a:	cf 93       	push	r28
    1a5c:	00 d0       	rcall	.+0      	; 0x1a5e <MQ2_IsThierGasLeakage+0x8>
    1a5e:	cd b7       	in	r28, 0x3d	; 61
    1a60:	de b7       	in	r29, 0x3e	; 62
	ADC_voidInit();
    1a62:	0e 94 76 0c 	call	0x18ec	; 0x18ec <ADC_voidInit>
	DIO_u8SetPinDirection (DIO_u8_PORTA, MQ2_PIN ,DIO_u8_INPUT);
    1a66:	80 e0       	ldi	r24, 0x00	; 0
    1a68:	61 e0       	ldi	r22, 0x01	; 1
    1a6a:	40 e0       	ldi	r20, 0x00	; 0
    1a6c:	0e 94 ba 0a 	call	0x1574	; 0x1574 <DIO_u8SetPinDirection>

	u16 reading;
	ADC_u16ConvertSynch(MQ2_PIN,&reading);
    1a70:	81 e0       	ldi	r24, 0x01	; 1
    1a72:	be 01       	movw	r22, r28
    1a74:	6f 5f       	subi	r22, 0xFF	; 255
    1a76:	7f 4f       	sbci	r23, 0xFF	; 255
    1a78:	0e 94 7e 0c 	call	0x18fc	; 0x18fc <ADC_u16ConvertSynch>
    1a7c:	10 e0       	ldi	r17, 0x00	; 0
    1a7e:	69 81       	ldd	r22, Y+1	; 0x01
    1a80:	7a 81       	ldd	r23, Y+2	; 0x02
    1a82:	80 e0       	ldi	r24, 0x00	; 0
    1a84:	90 e0       	ldi	r25, 0x00	; 0
    1a86:	0e 94 07 05 	call	0xa0e	; 0xa0e <__floatunsisf>
    1a8a:	26 e6       	ldi	r18, 0x66	; 102
    1a8c:	36 e6       	ldi	r19, 0x66	; 102
    1a8e:	46 e0       	ldi	r20, 0x06	; 6
    1a90:	50 e4       	ldi	r21, 0x40	; 64
    1a92:	0e 94 1f 02 	call	0x43e	; 0x43e <__mulsf3>
    1a96:	20 e0       	ldi	r18, 0x00	; 0
    1a98:	30 e8       	ldi	r19, 0x80	; 128
    1a9a:	4b eb       	ldi	r20, 0xBB	; 187
    1a9c:	54 e4       	ldi	r21, 0x44	; 68
    1a9e:	0e 94 c5 03 	call	0x78a	; 0x78a <__gtsf2>
    1aa2:	18 16       	cp	r1, r24
    1aa4:	0c f4       	brge	.+2      	; 0x1aa8 <MQ2_IsThierGasLeakage+0x52>
    1aa6:	11 e0       	ldi	r17, 0x01	; 1
	f32 voltage =reading*2.1;
	if(voltage>V_REF)
		return 1;

	return 0;
}
    1aa8:	81 2f       	mov	r24, r17
    1aaa:	0f 90       	pop	r0
    1aac:	0f 90       	pop	r0
    1aae:	cf 91       	pop	r28
    1ab0:	df 91       	pop	r29
    1ab2:	1f 91       	pop	r17
    1ab4:	08 95       	ret

00001ab6 <floatToString>:
		f32 voltage = (avg * 5.0f) / 1024.0f;

		return voltage * 100.0f; // °C
}
void floatToString(f32 num, u8 *str, u8 precision)
{
    1ab6:	5f 92       	push	r5
    1ab8:	6f 92       	push	r6
    1aba:	7f 92       	push	r7
    1abc:	8f 92       	push	r8
    1abe:	9f 92       	push	r9
    1ac0:	af 92       	push	r10
    1ac2:	bf 92       	push	r11
    1ac4:	cf 92       	push	r12
    1ac6:	df 92       	push	r13
    1ac8:	ef 92       	push	r14
    1aca:	ff 92       	push	r15
    1acc:	0f 93       	push	r16
    1ace:	1f 93       	push	r17
    1ad0:	df 93       	push	r29
    1ad2:	cf 93       	push	r28
    1ad4:	cd b7       	in	r28, 0x3d	; 61
    1ad6:	de b7       	in	r29, 0x3e	; 62
    1ad8:	2a 97       	sbiw	r28, 0x0a	; 10
    1ada:	0f b6       	in	r0, 0x3f	; 63
    1adc:	f8 94       	cli
    1ade:	de bf       	out	0x3e, r29	; 62
    1ae0:	0f be       	out	0x3f, r0	; 63
    1ae2:	cd bf       	out	0x3d, r28	; 61
    1ae4:	7b 01       	movw	r14, r22
    1ae6:	8c 01       	movw	r16, r24
    1ae8:	5a 01       	movw	r10, r20
    1aea:	52 2e       	mov	r5, r18
    int intPart;
    unsigned long fracPart;
    unsigned char i = 0;

    // Handle negative numbers
    if (num < 0)
    1aec:	20 e0       	ldi	r18, 0x00	; 0
    1aee:	30 e0       	ldi	r19, 0x00	; 0
    1af0:	40 e0       	ldi	r20, 0x00	; 0
    1af2:	50 e0       	ldi	r21, 0x00	; 0
    1af4:	0e 94 25 04 	call	0x84a	; 0x84a <__ltsf2>
    1af8:	87 fd       	sbrc	r24, 7
    1afa:	02 c0       	rjmp	.+4      	; 0x1b00 <floatToString+0x4a>
    1afc:	cc 24       	eor	r12, r12
    1afe:	09 c0       	rjmp	.+18     	; 0x1b12 <floatToString+0x5c>
    {
        str[i++] = '-';
    1b00:	8d e2       	ldi	r24, 0x2D	; 45
    1b02:	f5 01       	movw	r30, r10
    1b04:	80 83       	st	Z, r24
        num = -num;
    1b06:	17 fb       	bst	r17, 7
    1b08:	10 95       	com	r17
    1b0a:	17 f9       	bld	r17, 7
    1b0c:	10 95       	com	r17
    1b0e:	cc 24       	eor	r12, r12
    1b10:	c3 94       	inc	r12
    }

    // Extract integer part
    intPart = (int)num;
    1b12:	c8 01       	movw	r24, r16
    1b14:	b7 01       	movw	r22, r14
    1b16:	0e 94 b3 04 	call	0x966	; 0x966 <__fixsfsi>
    1b1a:	3b 01       	movw	r6, r22
    // Convert integer part to string
    int temp = intPart;
    char intStr[10];
    unsigned char intLen = 0;

    if (temp == 0)
    1b1c:	61 15       	cp	r22, r1
    1b1e:	71 05       	cpc	r23, r1
    1b20:	39 f0       	breq	.+14     	; 0x1b30 <floatToString+0x7a>
    1b22:	9b 01       	movw	r18, r22
    1b24:	40 e0       	ldi	r20, 0x00	; 0
    }
    else
    {
        while (temp > 0)
        {
            intStr[intLen++] = (temp % 10) + '0';
    1b26:	4e 01       	movw	r8, r28
    1b28:	08 94       	sec
    1b2a:	81 1c       	adc	r8, r1
    1b2c:	91 1c       	adc	r9, r1
    1b2e:	15 c0       	rjmp	.+42     	; 0x1b5a <floatToString+0xa4>
    char intStr[10];
    unsigned char intLen = 0;

    if (temp == 0)
    {
        intStr[intLen++] = '0';
    1b30:	80 e3       	ldi	r24, 0x30	; 48
    1b32:	89 83       	std	Y+1, r24	; 0x01
    1b34:	41 e0       	ldi	r20, 0x01	; 1
    1b36:	14 c0       	rjmp	.+40     	; 0x1b60 <floatToString+0xaa>
    }
    else
    {
        while (temp > 0)
        {
            intStr[intLen++] = (temp % 10) + '0';
    1b38:	f4 01       	movw	r30, r8
    1b3a:	e4 0f       	add	r30, r20
    1b3c:	f1 1d       	adc	r31, r1
    1b3e:	c9 01       	movw	r24, r18
    1b40:	6a e0       	ldi	r22, 0x0A	; 10
    1b42:	70 e0       	ldi	r23, 0x00	; 0
    1b44:	0e 94 e2 14 	call	0x29c4	; 0x29c4 <__divmodhi4>
    1b48:	80 5d       	subi	r24, 0xD0	; 208
    1b4a:	80 83       	st	Z, r24
    1b4c:	4f 5f       	subi	r20, 0xFF	; 255
            temp /= 10;
    1b4e:	c9 01       	movw	r24, r18
    1b50:	6a e0       	ldi	r22, 0x0A	; 10
    1b52:	70 e0       	ldi	r23, 0x00	; 0
    1b54:	0e 94 e2 14 	call	0x29c4	; 0x29c4 <__divmodhi4>
    1b58:	9b 01       	movw	r18, r22
    {
        intStr[intLen++] = '0';
    }
    else
    {
        while (temp > 0)
    1b5a:	12 16       	cp	r1, r18
    1b5c:	13 06       	cpc	r1, r19
    1b5e:	64 f3       	brlt	.-40     	; 0x1b38 <floatToString+0x82>
    1b60:	de 01       	movw	r26, r28
    1b62:	11 96       	adiw	r26, 0x01	; 1
    1b64:	a4 0f       	add	r26, r20
    1b66:	b1 1d       	adc	r27, r1
    1b68:	9c 2d       	mov	r25, r12
    1b6a:	06 c0       	rjmp	.+12     	; 0x1b78 <floatToString+0xc2>
    }

    // Reverse integer part into output string
    for (int j = intLen - 1; j >= 0; j--)
    {
        str[i++] = intStr[j];
    1b6c:	f5 01       	movw	r30, r10
    1b6e:	e9 0f       	add	r30, r25
    1b70:	f1 1d       	adc	r31, r1
    1b72:	8c 91       	ld	r24, X
    1b74:	80 83       	st	Z, r24
    1b76:	9f 5f       	subi	r25, 0xFF	; 255
    1b78:	11 97       	sbiw	r26, 0x01	; 1
            temp /= 10;
        }
    }

    // Reverse integer part into output string
    for (int j = intLen - 1; j >= 0; j--)
    1b7a:	ac 17       	cp	r26, r28
    1b7c:	bd 07       	cpc	r27, r29
    1b7e:	b1 f7       	brne	.-20     	; 0x1b6c <floatToString+0xb6>
    1b80:	c4 0e       	add	r12, r20
    {
        str[i++] = intStr[j];
    }

    str[i++] = '.'; // decimal point
    1b82:	f5 01       	movw	r30, r10
    1b84:	ec 0d       	add	r30, r12
    1b86:	f1 1d       	adc	r31, r1
    1b88:	8e e2       	ldi	r24, 0x2E	; 46
    1b8a:	80 83       	st	Z, r24

    // Extract fractional part
    fracPart = (unsigned long)((num - intPart) * 1000000); // up to 6 decimals
    1b8c:	b3 01       	movw	r22, r6
    1b8e:	88 27       	eor	r24, r24
    1b90:	77 fd       	sbrc	r23, 7
    1b92:	80 95       	com	r24
    1b94:	98 2f       	mov	r25, r24
    1b96:	0e 94 55 04 	call	0x8aa	; 0x8aa <__floatsisf>
    1b9a:	9b 01       	movw	r18, r22
    1b9c:	ac 01       	movw	r20, r24
    1b9e:	c8 01       	movw	r24, r16
    1ba0:	b7 01       	movw	r22, r14
    1ba2:	0e 94 c1 01 	call	0x382	; 0x382 <__subsf3>
    1ba6:	20 e0       	ldi	r18, 0x00	; 0
    1ba8:	34 e2       	ldi	r19, 0x24	; 36
    1baa:	44 e7       	ldi	r20, 0x74	; 116
    1bac:	59 e4       	ldi	r21, 0x49	; 73
    1bae:	0e 94 1f 02 	call	0x43e	; 0x43e <__mulsf3>
    1bb2:	0e 94 49 00 	call	0x92	; 0x92 <__fixunssfsi>
    1bb6:	9b 01       	movw	r18, r22
    1bb8:	ac 01       	movw	r20, r24
    1bba:	10 e0       	ldi	r17, 0x00	; 0
    1bbc:	09 c0       	rjmp	.+18     	; 0x1bd0 <floatToString+0x11a>
    for (unsigned char p = 0; p < precision; p++)
    {
        fracPart /= 10; // reduce to desired precision
    1bbe:	b9 01       	movw	r22, r18
    1bc0:	ca 01       	movw	r24, r20
    1bc2:	2a e0       	ldi	r18, 0x0A	; 10
    1bc4:	30 e0       	ldi	r19, 0x00	; 0
    1bc6:	40 e0       	ldi	r20, 0x00	; 0
    1bc8:	50 e0       	ldi	r21, 0x00	; 0
    1bca:	0e 94 f5 14 	call	0x29ea	; 0x29ea <__udivmodsi4>

    str[i++] = '.'; // decimal point

    // Extract fractional part
    fracPart = (unsigned long)((num - intPart) * 1000000); // up to 6 decimals
    for (unsigned char p = 0; p < precision; p++)
    1bce:	1f 5f       	subi	r17, 0xFF	; 255
    1bd0:	15 15       	cp	r17, r5
    1bd2:	a8 f3       	brcs	.-22     	; 0x1bbe <floatToString+0x108>
    for (int j = intLen - 1; j >= 0; j--)
    {
        str[i++] = intStr[j];
    }

    str[i++] = '.'; // decimal point
    1bd4:	9c 2c       	mov	r9, r12
    1bd6:	93 94       	inc	r9
    1bd8:	79 2c       	mov	r7, r9
    1bda:	88 24       	eor	r8, r8
    1bdc:	22 c0       	rjmp	.+68     	; 0x1c22 <floatToString+0x16c>
    }

    // Convert fractional part to string
    for (unsigned char p = 0; p < precision; p++)
    {
        fracPart *= 10;
    1bde:	b9 01       	movw	r22, r18
    1be0:	ca 01       	movw	r24, r20
    1be2:	2a e0       	ldi	r18, 0x0A	; 10
    1be4:	30 e0       	ldi	r19, 0x00	; 0
    1be6:	40 e0       	ldi	r20, 0x00	; 0
    1be8:	50 e0       	ldi	r21, 0x00	; 0
    1bea:	0e 94 c3 14 	call	0x2986	; 0x2986 <__mulsi3>
    1bee:	7b 01       	movw	r14, r22
    1bf0:	8c 01       	movw	r16, r24
        str[i++] = (fracPart / 1000000) + '0';
    1bf2:	65 01       	movw	r12, r10
    1bf4:	c7 0c       	add	r12, r7
    1bf6:	d1 1c       	adc	r13, r1
    1bf8:	20 e4       	ldi	r18, 0x40	; 64
    1bfa:	32 e4       	ldi	r19, 0x42	; 66
    1bfc:	4f e0       	ldi	r20, 0x0F	; 15
    1bfe:	50 e0       	ldi	r21, 0x00	; 0
    1c00:	0e 94 f5 14 	call	0x29ea	; 0x29ea <__udivmodsi4>
    1c04:	20 5d       	subi	r18, 0xD0	; 208
    1c06:	f6 01       	movw	r30, r12
    1c08:	20 83       	st	Z, r18
    1c0a:	73 94       	inc	r7
        fracPart %= 1000000;
    1c0c:	c8 01       	movw	r24, r16
    1c0e:	b7 01       	movw	r22, r14
    1c10:	20 e4       	ldi	r18, 0x40	; 64
    1c12:	32 e4       	ldi	r19, 0x42	; 66
    1c14:	4f e0       	ldi	r20, 0x0F	; 15
    1c16:	50 e0       	ldi	r21, 0x00	; 0
    1c18:	0e 94 f5 14 	call	0x29ea	; 0x29ea <__udivmodsi4>
    1c1c:	9b 01       	movw	r18, r22
    1c1e:	ac 01       	movw	r20, r24
    {
        fracPart /= 10; // reduce to desired precision
    }

    // Convert fractional part to string
    for (unsigned char p = 0; p < precision; p++)
    1c20:	83 94       	inc	r8
    1c22:	85 14       	cp	r8, r5
    1c24:	e0 f2       	brcs	.-72     	; 0x1bde <floatToString+0x128>
        fracPart *= 10;
        str[i++] = (fracPart / 1000000) + '0';
        fracPart %= 1000000;
    }

    str[i] = '\0'; // null terminate
    1c26:	95 0c       	add	r9, r5
    1c28:	a9 0c       	add	r10, r9
    1c2a:	b1 1c       	adc	r11, r1
    1c2c:	f5 01       	movw	r30, r10
    1c2e:	10 82       	st	Z, r1
}
    1c30:	2a 96       	adiw	r28, 0x0a	; 10
    1c32:	0f b6       	in	r0, 0x3f	; 63
    1c34:	f8 94       	cli
    1c36:	de bf       	out	0x3e, r29	; 62
    1c38:	0f be       	out	0x3f, r0	; 63
    1c3a:	cd bf       	out	0x3d, r28	; 61
    1c3c:	cf 91       	pop	r28
    1c3e:	df 91       	pop	r29
    1c40:	1f 91       	pop	r17
    1c42:	0f 91       	pop	r16
    1c44:	ff 90       	pop	r15
    1c46:	ef 90       	pop	r14
    1c48:	df 90       	pop	r13
    1c4a:	cf 90       	pop	r12
    1c4c:	bf 90       	pop	r11
    1c4e:	af 90       	pop	r10
    1c50:	9f 90       	pop	r9
    1c52:	8f 90       	pop	r8
    1c54:	7f 90       	pop	r7
    1c56:	6f 90       	pop	r6
    1c58:	5f 90       	pop	r5
    1c5a:	08 95       	ret

00001c5c <LM35_Read_Tempreture>:
#include <util/delay.h>
#include "MCAL/DIO/DIO_interface.h"
#include "MCAL/ADC/ADC_interface.h"

f32 LM35_Read_Tempreture(void)
{
    1c5c:	af 92       	push	r10
    1c5e:	bf 92       	push	r11
    1c60:	cf 92       	push	r12
    1c62:	df 92       	push	r13
    1c64:	ff 92       	push	r15
    1c66:	0f 93       	push	r16
    1c68:	1f 93       	push	r17
    1c6a:	df 93       	push	r29
    1c6c:	cf 93       	push	r28
    1c6e:	00 d0       	rcall	.+0      	; 0x1c70 <LM35_Read_Tempreture+0x14>
    1c70:	cd b7       	in	r28, 0x3d	; 61
    1c72:	de b7       	in	r29, 0x3e	; 62
	    //LM_35
	    ADC_voidInit();
    1c74:	0e 94 76 0c 	call	0x18ec	; 0x18ec <ADC_voidInit>
	    DIO_u8SetPinDirection (DIO_u8_PORTA, ADC_PIN ,DIO_u8_INPUT);
    1c78:	80 e0       	ldi	r24, 0x00	; 0
    1c7a:	61 e0       	ldi	r22, 0x01	; 1
    1c7c:	40 e0       	ldi	r20, 0x00	; 0
    1c7e:	0e 94 ba 0a 	call	0x1574	; 0x1574 <DIO_u8SetPinDirection>
    1c82:	00 e0       	ldi	r16, 0x00	; 0
    1c84:	10 e0       	ldi	r17, 0x00	; 0
    1c86:	ff 24       	eor	r15, r15
	    u32 sum = 0;
		u16 reading;
		for (u8 i = 0; i < 10; i++)
		{
			ADC_u16ConvertSynch(ADC_PIN, &reading);
    1c88:	5e 01       	movw	r10, r28
    1c8a:	08 94       	sec
    1c8c:	a1 1c       	adc	r10, r1
    1c8e:	b1 1c       	adc	r11, r1
    milliseconds can be achieved.
 */
void
_delay_loop_2(uint16_t __count)
{
	__asm__ volatile (
    1c90:	80 e1       	ldi	r24, 0x10	; 16
    1c92:	c8 2e       	mov	r12, r24
    1c94:	87 e2       	ldi	r24, 0x27	; 39
    1c96:	d8 2e       	mov	r13, r24
    1c98:	81 e0       	ldi	r24, 0x01	; 1
    1c9a:	b5 01       	movw	r22, r10
    1c9c:	0e 94 7e 0c 	call	0x18fc	; 0x18fc <ADC_u16ConvertSynch>
			sum += reading;
    1ca0:	89 81       	ldd	r24, Y+1	; 0x01
    1ca2:	9a 81       	ldd	r25, Y+2	; 0x02
    1ca4:	08 0f       	add	r16, r24
    1ca6:	19 1f       	adc	r17, r25
    1ca8:	c6 01       	movw	r24, r12
    1caa:	01 97       	sbiw	r24, 0x01	; 1
    1cac:	f1 f7       	brne	.-4      	; 0x1caa <LM35_Read_Tempreture+0x4e>
	    //LM_35
	    ADC_voidInit();
	    DIO_u8SetPinDirection (DIO_u8_PORTA, ADC_PIN ,DIO_u8_INPUT);
	    u32 sum = 0;
		u16 reading;
		for (u8 i = 0; i < 10; i++)
    1cae:	f3 94       	inc	r15
    1cb0:	8a e0       	ldi	r24, 0x0A	; 10
    1cb2:	f8 16       	cp	r15, r24
    1cb4:	89 f7       	brne	.-30     	; 0x1c98 <LM35_Read_Tempreture+0x3c>
    1cb6:	b8 01       	movw	r22, r16
    1cb8:	80 e0       	ldi	r24, 0x00	; 0
    1cba:	90 e0       	ldi	r25, 0x00	; 0
    1cbc:	0e 94 07 05 	call	0xa0e	; 0xa0e <__floatunsisf>
    1cc0:	20 e0       	ldi	r18, 0x00	; 0
    1cc2:	30 e0       	ldi	r19, 0x00	; 0
    1cc4:	40 e2       	ldi	r20, 0x20	; 32
    1cc6:	51 e4       	ldi	r21, 0x41	; 65
    1cc8:	0e 94 19 03 	call	0x632	; 0x632 <__divsf3>
    1ccc:	20 e0       	ldi	r18, 0x00	; 0
    1cce:	30 e0       	ldi	r19, 0x00	; 0
    1cd0:	40 ea       	ldi	r20, 0xA0	; 160
    1cd2:	50 e4       	ldi	r21, 0x40	; 64
    1cd4:	0e 94 1f 02 	call	0x43e	; 0x43e <__mulsf3>
    1cd8:	20 e0       	ldi	r18, 0x00	; 0
    1cda:	30 e0       	ldi	r19, 0x00	; 0
    1cdc:	40 e8       	ldi	r20, 0x80	; 128
    1cde:	5a e3       	ldi	r21, 0x3A	; 58
    1ce0:	0e 94 1f 02 	call	0x43e	; 0x43e <__mulsf3>
    1ce4:	20 e0       	ldi	r18, 0x00	; 0
    1ce6:	30 e0       	ldi	r19, 0x00	; 0
    1ce8:	48 ec       	ldi	r20, 0xC8	; 200
    1cea:	52 e4       	ldi	r21, 0x42	; 66
    1cec:	0e 94 1f 02 	call	0x43e	; 0x43e <__mulsf3>
		}
		f32 avg = sum / 10.0f;
		f32 voltage = (avg * 5.0f) / 1024.0f;

		return voltage * 100.0f; // °C
}
    1cf0:	0f 90       	pop	r0
    1cf2:	0f 90       	pop	r0
    1cf4:	cf 91       	pop	r28
    1cf6:	df 91       	pop	r29
    1cf8:	1f 91       	pop	r17
    1cfa:	0f 91       	pop	r16
    1cfc:	ff 90       	pop	r15
    1cfe:	df 90       	pop	r13
    1d00:	cf 90       	pop	r12
    1d02:	bf 90       	pop	r11
    1d04:	af 90       	pop	r10
    1d06:	08 95       	ret

00001d08 <Leds_voidTurnOff>:
	 DIO_u8SetPinValue(LEDS_PORT,LEDS_PIN,DIO_u8_HIGH);
	 flag=1;
}
void Leds_voidTurnOff(void)
{
	 DIO_u8SetPinValue(LEDS_PORT,LEDS_PIN,DIO_u8_LOW);
    1d08:	83 e0       	ldi	r24, 0x03	; 3
    1d0a:	67 e0       	ldi	r22, 0x07	; 7
    1d0c:	40 e0       	ldi	r20, 0x00	; 0
    1d0e:	0e 94 41 0b 	call	0x1682	; 0x1682 <DIO_u8SetPinValue>
	 flag=0;
    1d12:	10 92 d6 01 	sts	0x01D6, r1
}
    1d16:	08 95       	ret

00001d18 <Leds_voidTurnOn>:
	    GI_voidEnable();

}
void Leds_voidTurnOn(void)
{
	 DIO_u8SetPinValue(LEDS_PORT,LEDS_PIN,DIO_u8_HIGH);
    1d18:	83 e0       	ldi	r24, 0x03	; 3
    1d1a:	67 e0       	ldi	r22, 0x07	; 7
    1d1c:	41 e0       	ldi	r20, 0x01	; 1
    1d1e:	0e 94 41 0b 	call	0x1682	; 0x1682 <DIO_u8SetPinValue>
	 flag=1;
    1d22:	81 e0       	ldi	r24, 0x01	; 1
    1d24:	80 93 d6 01 	sts	0x01D6, r24
}
    1d28:	08 95       	ret

00001d2a <ISR_INT1>:
	 DIO_u8SetPinValue(LEDS_PORT,LEDS_PIN,DIO_u8_LOW);
	 flag=0;
}
static void ISR_INT1(void)
{
	if(flag==0)
    1d2a:	80 91 d6 01 	lds	r24, 0x01D6
    1d2e:	88 23       	and	r24, r24
    1d30:	19 f4       	brne	.+6      	; 0x1d38 <ISR_INT1+0xe>
		Leds_voidTurnOn();
    1d32:	0e 94 8c 0e 	call	0x1d18	; 0x1d18 <Leds_voidTurnOn>
    1d36:	08 95       	ret
	else
		Leds_voidTurnOff();
    1d38:	0e 94 84 0e 	call	0x1d08	; 0x1d08 <Leds_voidTurnOff>
    1d3c:	08 95       	ret

00001d3e <Leds_voidInit>:
static void ISR_INT1(void);
void Leds_voidInit(void)
{

	    // using external interrupt to control LEDS  using button
	    DIO_u8SetPinDirection(DIO_u8_PORTD,LEDS_INT_PIN,DIO_u8_INPUT);
    1d3e:	83 e0       	ldi	r24, 0x03	; 3
    1d40:	63 e0       	ldi	r22, 0x03	; 3
    1d42:	40 e0       	ldi	r20, 0x00	; 0
    1d44:	0e 94 ba 0a 	call	0x1574	; 0x1574 <DIO_u8SetPinDirection>
	    DIO_u8SetPinValue(DIO_u8_PORTD,LEDS_INT_PIN,DIO_u8_HIGH);
    1d48:	83 e0       	ldi	r24, 0x03	; 3
    1d4a:	63 e0       	ldi	r22, 0x03	; 3
    1d4c:	41 e0       	ldi	r20, 0x01	; 1
    1d4e:	0e 94 41 0b 	call	0x1682	; 0x1682 <DIO_u8SetPinValue>
	    EXTI_voidEnableDisable(EXT_INT1, ENABLED);
    1d52:	81 e0       	ldi	r24, 0x01	; 1
    1d54:	60 e0       	ldi	r22, 0x00	; 0
    1d56:	0e 94 aa 09 	call	0x1354	; 0x1354 <EXTI_voidEnableDisable>
	    EXTI_voidSetSenseCtrl(EXT_INT1, FALLING_EDGE);
    1d5a:	81 e0       	ldi	r24, 0x01	; 1
    1d5c:	62 e0       	ldi	r22, 0x02	; 2
    1d5e:	0e 94 d4 09 	call	0x13a8	; 0x13a8 <EXTI_voidSetSenseCtrl>
	    EXTI_voidSetCallBack(EXT_INT1, ISR_INT1);
    1d62:	81 e0       	ldi	r24, 0x01	; 1
    1d64:	65 e9       	ldi	r22, 0x95	; 149
    1d66:	7e e0       	ldi	r23, 0x0E	; 14
    1d68:	0e 94 20 0a 	call	0x1440	; 0x1440 <EXTI_voidSetCallBack>
	    //LEDS pin init
	    DIO_u8SetPinDirection(LEDS_PORT,LEDS_PIN,DIO_u8_OUTPUT);
    1d6c:	83 e0       	ldi	r24, 0x03	; 3
    1d6e:	67 e0       	ldi	r22, 0x07	; 7
    1d70:	41 e0       	ldi	r20, 0x01	; 1
    1d72:	0e 94 ba 0a 	call	0x1574	; 0x1574 <DIO_u8SetPinDirection>
	    DIO_u8SetPinValue(LEDS_PORT,LEDS_PIN,DIO_u8_LOW);
    1d76:	83 e0       	ldi	r24, 0x03	; 3
    1d78:	67 e0       	ldi	r22, 0x07	; 7
    1d7a:	40 e0       	ldi	r20, 0x00	; 0
    1d7c:	0e 94 41 0b 	call	0x1682	; 0x1682 <DIO_u8SetPinValue>
	    GI_voidEnable();
    1d80:	0e 94 b2 0a 	call	0x1564	; 0x1564 <GI_voidEnable>

}
    1d84:	08 95       	ret

00001d86 <LDR_voidInit>:
{
    // LED as output
	//DIO_u8SetPinDirection(LDR_LED_PORT, LDR_LED_PIN, DIO_u8_OUTPUT);

    // ADC already initialized outside, just make sure channel exists
}
    1d86:	08 95       	ret

00001d88 <LDR_voidUpdate>:

void LDR_voidUpdate(void)
{
    1d88:	df 93       	push	r29
    1d8a:	cf 93       	push	r28
    1d8c:	00 d0       	rcall	.+0      	; 0x1d8e <LDR_voidUpdate+0x6>
    1d8e:	cd b7       	in	r28, 0x3d	; 61
    1d90:	de b7       	in	r29, 0x3e	; 62
	ADC_voidInit();
    1d92:	0e 94 76 0c 	call	0x18ec	; 0x18ec <ADC_voidInit>
    u16 lightLevel = 0;
    1d96:	1a 82       	std	Y+2, r1	; 0x02
    1d98:	19 82       	std	Y+1, r1	; 0x01

    // Read from ADC synchronously
    ADC_u16ConvertSynch(LDR_ADC_CHANNEL, &lightLevel);
    1d9a:	80 e0       	ldi	r24, 0x00	; 0
    1d9c:	be 01       	movw	r22, r28
    1d9e:	6f 5f       	subi	r22, 0xFF	; 255
    1da0:	7f 4f       	sbci	r23, 0xFF	; 255
    1da2:	0e 94 7e 0c 	call	0x18fc	; 0x18fc <ADC_u16ConvertSynch>

    if (lightLevel > LDR_LIGHT_THRESHOLD)
    1da6:	89 81       	ldd	r24, Y+1	; 0x01
    1da8:	9a 81       	ldd	r25, Y+2	; 0x02
    1daa:	85 5f       	subi	r24, 0xF5	; 245
    1dac:	91 40       	sbci	r25, 0x01	; 1
    1dae:	20 f0       	brcs	.+8      	; 0x1db8 <LDR_voidUpdate+0x30>
    {
        // Too much light LED OFF
    	DIO_u8SetPinValue(LDR_LED_PORT, LDR_LED_PIN, DIO_u8_HIGH);
    1db0:	83 e0       	ldi	r24, 0x03	; 3
    1db2:	67 e0       	ldi	r22, 0x07	; 7
    1db4:	41 e0       	ldi	r20, 0x01	; 1
    1db6:	03 c0       	rjmp	.+6      	; 0x1dbe <LDR_voidUpdate+0x36>
    }
    else
    {
        // Low light LED ON
    	DIO_u8SetPinValue(LDR_LED_PORT, LDR_LED_PIN, DIO_u8_LOW);
    1db8:	83 e0       	ldi	r24, 0x03	; 3
    1dba:	67 e0       	ldi	r22, 0x07	; 7
    1dbc:	40 e0       	ldi	r20, 0x00	; 0
    1dbe:	0e 94 41 0b 	call	0x1682	; 0x1682 <DIO_u8SetPinValue>
    }
}
    1dc2:	0f 90       	pop	r0
    1dc4:	0f 90       	pop	r0
    1dc6:	cf 91       	pop	r28
    1dc8:	df 91       	pop	r29
    1dca:	08 95       	ret

00001dcc <LCD_voidSendCommand>:
#include "HAL/LCD/LCD_config.h"
#include "HAL/LCD/LCD_interface.h"
#include "HAL/LCD/LCD_private.h"

static void LCD_voidSendCommand(u8 Copy_u8Command)
{
    1dcc:	ef 92       	push	r14
    1dce:	ff 92       	push	r15
    1dd0:	1f 93       	push	r17
    1dd2:	18 2f       	mov	r17, r24
    // Send higher nibble
    DIO_u8SetPinValue(CTRL_PORT, RS, DIO_u8_LOW);
    1dd4:	82 e0       	ldi	r24, 0x02	; 2
    1dd6:	67 e0       	ldi	r22, 0x07	; 7
    1dd8:	40 e0       	ldi	r20, 0x00	; 0
    1dda:	0e 94 41 0b 	call	0x1682	; 0x1682 <DIO_u8SetPinValue>
    DIO_u8SetPinValue(CTRL_PORT, RW, DIO_u8_LOW);
    1dde:	82 e0       	ldi	r24, 0x02	; 2
    1de0:	66 e0       	ldi	r22, 0x06	; 6
    1de2:	40 e0       	ldi	r20, 0x00	; 0
    1de4:	0e 94 41 0b 	call	0x1682	; 0x1682 <DIO_u8SetPinValue>

    DIO_u8SetPinValue(DATA_PORT, DIO_u8_PIN4, GET_BIT(Copy_u8Command, 4));
    1de8:	41 2f       	mov	r20, r17
    1dea:	42 95       	swap	r20
    1dec:	41 70       	andi	r20, 0x01	; 1
    1dee:	80 e0       	ldi	r24, 0x00	; 0
    1df0:	64 e0       	ldi	r22, 0x04	; 4
    1df2:	0e 94 41 0b 	call	0x1682	; 0x1682 <DIO_u8SetPinValue>
    DIO_u8SetPinValue(DATA_PORT, DIO_u8_PIN5, GET_BIT(Copy_u8Command, 5));
    1df6:	41 2f       	mov	r20, r17
    1df8:	42 95       	swap	r20
    1dfa:	46 95       	lsr	r20
    1dfc:	41 70       	andi	r20, 0x01	; 1
    1dfe:	80 e0       	ldi	r24, 0x00	; 0
    1e00:	65 e0       	ldi	r22, 0x05	; 5
    1e02:	0e 94 41 0b 	call	0x1682	; 0x1682 <DIO_u8SetPinValue>
    DIO_u8SetPinValue(DATA_PORT, DIO_u8_PIN6, GET_BIT(Copy_u8Command, 6));
    1e06:	41 2f       	mov	r20, r17
    1e08:	42 95       	swap	r20
    1e0a:	46 95       	lsr	r20
    1e0c:	46 95       	lsr	r20
    1e0e:	41 70       	andi	r20, 0x01	; 1
    1e10:	80 e0       	ldi	r24, 0x00	; 0
    1e12:	66 e0       	ldi	r22, 0x06	; 6
    1e14:	0e 94 41 0b 	call	0x1682	; 0x1682 <DIO_u8SetPinValue>
    DIO_u8SetPinValue(DATA_PORT, DIO_u8_PIN7, GET_BIT(Copy_u8Command, 7));
    1e18:	41 2f       	mov	r20, r17
    1e1a:	44 1f       	adc	r20, r20
    1e1c:	44 27       	eor	r20, r20
    1e1e:	44 1f       	adc	r20, r20
    1e20:	80 e0       	ldi	r24, 0x00	; 0
    1e22:	67 e0       	ldi	r22, 0x07	; 7
    1e24:	0e 94 41 0b 	call	0x1682	; 0x1682 <DIO_u8SetPinValue>

    DIO_u8SetPinValue(CTRL_PORT, EN, DIO_u8_HIGH);
    1e28:	82 e0       	ldi	r24, 0x02	; 2
    1e2a:	65 e0       	ldi	r22, 0x05	; 5
    1e2c:	41 e0       	ldi	r20, 0x01	; 1
    1e2e:	0e 94 41 0b 	call	0x1682	; 0x1682 <DIO_u8SetPinValue>
    1e32:	80 ed       	ldi	r24, 0xD0	; 208
    1e34:	e8 2e       	mov	r14, r24
    1e36:	87 e0       	ldi	r24, 0x07	; 7
    1e38:	f8 2e       	mov	r15, r24
    1e3a:	c7 01       	movw	r24, r14
    1e3c:	01 97       	sbiw	r24, 0x01	; 1
    1e3e:	f1 f7       	brne	.-4      	; 0x1e3c <LCD_voidSendCommand+0x70>
    _delay_ms(1);
    DIO_u8SetPinValue(CTRL_PORT, EN, DIO_u8_LOW);
    1e40:	82 e0       	ldi	r24, 0x02	; 2
    1e42:	65 e0       	ldi	r22, 0x05	; 5
    1e44:	40 e0       	ldi	r20, 0x00	; 0
    1e46:	0e 94 41 0b 	call	0x1682	; 0x1682 <DIO_u8SetPinValue>
    1e4a:	c7 01       	movw	r24, r14
    1e4c:	01 97       	sbiw	r24, 0x01	; 1
    1e4e:	f1 f7       	brne	.-4      	; 0x1e4c <LCD_voidSendCommand+0x80>
    _delay_ms(1);

    // Send lower nibble
    DIO_u8SetPinValue(DATA_PORT, DIO_u8_PIN4, GET_BIT(Copy_u8Command, 0));
    1e50:	41 2f       	mov	r20, r17
    1e52:	41 70       	andi	r20, 0x01	; 1
    1e54:	80 e0       	ldi	r24, 0x00	; 0
    1e56:	64 e0       	ldi	r22, 0x04	; 4
    1e58:	0e 94 41 0b 	call	0x1682	; 0x1682 <DIO_u8SetPinValue>
    DIO_u8SetPinValue(DATA_PORT, DIO_u8_PIN5, GET_BIT(Copy_u8Command, 1));
    1e5c:	41 2f       	mov	r20, r17
    1e5e:	46 95       	lsr	r20
    1e60:	41 70       	andi	r20, 0x01	; 1
    1e62:	80 e0       	ldi	r24, 0x00	; 0
    1e64:	65 e0       	ldi	r22, 0x05	; 5
    1e66:	0e 94 41 0b 	call	0x1682	; 0x1682 <DIO_u8SetPinValue>
    DIO_u8SetPinValue(DATA_PORT, DIO_u8_PIN6, GET_BIT(Copy_u8Command, 2));
    1e6a:	16 95       	lsr	r17
    1e6c:	16 95       	lsr	r17
    1e6e:	41 2f       	mov	r20, r17
    1e70:	41 70       	andi	r20, 0x01	; 1
    1e72:	80 e0       	ldi	r24, 0x00	; 0
    1e74:	66 e0       	ldi	r22, 0x06	; 6
    1e76:	0e 94 41 0b 	call	0x1682	; 0x1682 <DIO_u8SetPinValue>
    DIO_u8SetPinValue(DATA_PORT, DIO_u8_PIN7, GET_BIT(Copy_u8Command, 3));
    1e7a:	16 95       	lsr	r17
    1e7c:	11 70       	andi	r17, 0x01	; 1
    1e7e:	80 e0       	ldi	r24, 0x00	; 0
    1e80:	67 e0       	ldi	r22, 0x07	; 7
    1e82:	41 2f       	mov	r20, r17
    1e84:	0e 94 41 0b 	call	0x1682	; 0x1682 <DIO_u8SetPinValue>

    DIO_u8SetPinValue(CTRL_PORT, EN, DIO_u8_HIGH);
    1e88:	82 e0       	ldi	r24, 0x02	; 2
    1e8a:	65 e0       	ldi	r22, 0x05	; 5
    1e8c:	41 e0       	ldi	r20, 0x01	; 1
    1e8e:	0e 94 41 0b 	call	0x1682	; 0x1682 <DIO_u8SetPinValue>
    1e92:	c7 01       	movw	r24, r14
    1e94:	01 97       	sbiw	r24, 0x01	; 1
    1e96:	f1 f7       	brne	.-4      	; 0x1e94 <LCD_voidSendCommand+0xc8>
    _delay_ms(1);
    DIO_u8SetPinValue(CTRL_PORT, EN, DIO_u8_LOW);
    1e98:	82 e0       	ldi	r24, 0x02	; 2
    1e9a:	65 e0       	ldi	r22, 0x05	; 5
    1e9c:	40 e0       	ldi	r20, 0x00	; 0
    1e9e:	0e 94 41 0b 	call	0x1682	; 0x1682 <DIO_u8SetPinValue>
    1ea2:	80 ea       	ldi	r24, 0xA0	; 160
    1ea4:	9f e0       	ldi	r25, 0x0F	; 15
    1ea6:	01 97       	sbiw	r24, 0x01	; 1
    1ea8:	f1 f7       	brne	.-4      	; 0x1ea6 <LCD_voidSendCommand+0xda>
    _delay_ms(2);
}
    1eaa:	1f 91       	pop	r17
    1eac:	ff 90       	pop	r15
    1eae:	ef 90       	pop	r14
    1eb0:	08 95       	ret

00001eb2 <LCD_voidSetPosition>:

void LCD_voidSetPosition(u8 Copy_u8X, u8 Copy_u8Y)
{
    u8 Address;

    if (Copy_u8X == 0)
    1eb2:	88 23       	and	r24, r24
    1eb4:	19 f0       	breq	.+6      	; 0x1ebc <LCD_voidSetPosition+0xa>
    {
        Address = 0x00 + Copy_u8Y;
    }
    else if (Copy_u8X == 1)
    1eb6:	81 30       	cpi	r24, 0x01	; 1
    1eb8:	09 f4       	brne	.+2      	; 0x1ebc <LCD_voidSetPosition+0xa>
    {
        Address = 0x40 + Copy_u8Y;
    1eba:	60 5c       	subi	r22, 0xC0	; 192
    }

    LCD_voidSendCommand(Address + 0x80);
    1ebc:	86 2f       	mov	r24, r22
    1ebe:	80 58       	subi	r24, 0x80	; 128
    1ec0:	0e 94 e6 0e 	call	0x1dcc	; 0x1dcc <LCD_voidSendCommand>
}
    1ec4:	08 95       	ret

00001ec6 <LCD_voidClearDisplay>:
    LCD_voidSendCommand(0x06); // Entry mode
}

void LCD_voidClearDisplay(void)
{
    LCD_voidSendCommand(0x01);
    1ec6:	81 e0       	ldi	r24, 0x01	; 1
    1ec8:	0e 94 e6 0e 	call	0x1dcc	; 0x1dcc <LCD_voidSendCommand>
    1ecc:	80 ea       	ldi	r24, 0xA0	; 160
    1ece:	9f e0       	ldi	r25, 0x0F	; 15
    1ed0:	01 97       	sbiw	r24, 0x01	; 1
    1ed2:	f1 f7       	brne	.-4      	; 0x1ed0 <LCD_voidClearDisplay+0xa>
    _delay_ms(2);
}
    1ed4:	08 95       	ret

00001ed6 <LCD_voidInit>:
    DIO_u8SetPinValue(CTRL_PORT, EN, DIO_u8_LOW);
    _delay_ms(2);
}

void LCD_voidInit(void)
{
    1ed6:	80 e9       	ldi	r24, 0x90	; 144
    1ed8:	91 e0       	ldi	r25, 0x01	; 1
    1eda:	28 ec       	ldi	r18, 0xC8	; 200
    1edc:	30 e0       	ldi	r19, 0x00	; 0
    1ede:	f9 01       	movw	r30, r18
    1ee0:	31 97       	sbiw	r30, 0x01	; 1
    1ee2:	f1 f7       	brne	.-4      	; 0x1ee0 <LCD_voidInit+0xa>
		__ticks = (uint16_t) (__ms * 10.0);
		while(__ticks)
		{
			// wait 1/10 ms
			_delay_loop_2(((F_CPU) / 4e3) / 10);
			__ticks --;
    1ee4:	01 97       	sbiw	r24, 0x01	; 1
		__ticks = 1;
	else if (__tmp > 65535)
	{
		//	__ticks = requested delay in 1/10 ms
		__ticks = (uint16_t) (__ms * 10.0);
		while(__ticks)
    1ee6:	d9 f7       	brne	.-10     	; 0x1ede <LCD_voidInit+0x8>
    _delay_ms(40);

    LCD_voidSendCommand(0x33); // Init sequence for 4-bit
    1ee8:	83 e3       	ldi	r24, 0x33	; 51
    1eea:	0e 94 e6 0e 	call	0x1dcc	; 0x1dcc <LCD_voidSendCommand>
    LCD_voidSendCommand(0x32);
    1eee:	82 e3       	ldi	r24, 0x32	; 50
    1ef0:	0e 94 e6 0e 	call	0x1dcc	; 0x1dcc <LCD_voidSendCommand>
    LCD_voidSendCommand(0x28); // Function set: 4-bit, 2 lines, 5x8 dots
    1ef4:	88 e2       	ldi	r24, 0x28	; 40
    1ef6:	0e 94 e6 0e 	call	0x1dcc	; 0x1dcc <LCD_voidSendCommand>
    LCD_voidSendCommand(0x0C); // Display on, cursor off
    1efa:	8c e0       	ldi	r24, 0x0C	; 12
    1efc:	0e 94 e6 0e 	call	0x1dcc	; 0x1dcc <LCD_voidSendCommand>
    LCD_voidSendCommand(0x01); // Clear display
    1f00:	81 e0       	ldi	r24, 0x01	; 1
    1f02:	0e 94 e6 0e 	call	0x1dcc	; 0x1dcc <LCD_voidSendCommand>
    1f06:	80 ea       	ldi	r24, 0xA0	; 160
    1f08:	9f e0       	ldi	r25, 0x0F	; 15
    1f0a:	01 97       	sbiw	r24, 0x01	; 1
    1f0c:	f1 f7       	brne	.-4      	; 0x1f0a <LCD_voidInit+0x34>
    _delay_ms(2);
    LCD_voidSendCommand(0x06); // Entry mode
    1f0e:	86 e0       	ldi	r24, 0x06	; 6
    1f10:	0e 94 e6 0e 	call	0x1dcc	; 0x1dcc <LCD_voidSendCommand>
}
    1f14:	08 95       	ret

00001f16 <LCD_voidSendData>:
    DIO_u8SetPinValue(CTRL_PORT, EN, DIO_u8_LOW);
    _delay_ms(2);
}

void LCD_voidSendData(u8 Copy_u8Data)
{
    1f16:	ef 92       	push	r14
    1f18:	ff 92       	push	r15
    1f1a:	1f 93       	push	r17
    1f1c:	18 2f       	mov	r17, r24
    // Send higher nibble
    DIO_u8SetPinValue(CTRL_PORT, RS, DIO_u8_HIGH);
    1f1e:	82 e0       	ldi	r24, 0x02	; 2
    1f20:	67 e0       	ldi	r22, 0x07	; 7
    1f22:	41 e0       	ldi	r20, 0x01	; 1
    1f24:	0e 94 41 0b 	call	0x1682	; 0x1682 <DIO_u8SetPinValue>
    DIO_u8SetPinValue(CTRL_PORT, RW, DIO_u8_LOW);
    1f28:	82 e0       	ldi	r24, 0x02	; 2
    1f2a:	66 e0       	ldi	r22, 0x06	; 6
    1f2c:	40 e0       	ldi	r20, 0x00	; 0
    1f2e:	0e 94 41 0b 	call	0x1682	; 0x1682 <DIO_u8SetPinValue>

    DIO_u8SetPinValue(DATA_PORT, DIO_u8_PIN4, GET_BIT(Copy_u8Data, 4));
    1f32:	41 2f       	mov	r20, r17
    1f34:	42 95       	swap	r20
    1f36:	41 70       	andi	r20, 0x01	; 1
    1f38:	80 e0       	ldi	r24, 0x00	; 0
    1f3a:	64 e0       	ldi	r22, 0x04	; 4
    1f3c:	0e 94 41 0b 	call	0x1682	; 0x1682 <DIO_u8SetPinValue>
    DIO_u8SetPinValue(DATA_PORT, DIO_u8_PIN5, GET_BIT(Copy_u8Data, 5));
    1f40:	41 2f       	mov	r20, r17
    1f42:	42 95       	swap	r20
    1f44:	46 95       	lsr	r20
    1f46:	41 70       	andi	r20, 0x01	; 1
    1f48:	80 e0       	ldi	r24, 0x00	; 0
    1f4a:	65 e0       	ldi	r22, 0x05	; 5
    1f4c:	0e 94 41 0b 	call	0x1682	; 0x1682 <DIO_u8SetPinValue>
    DIO_u8SetPinValue(DATA_PORT, DIO_u8_PIN6, GET_BIT(Copy_u8Data, 6));
    1f50:	41 2f       	mov	r20, r17
    1f52:	42 95       	swap	r20
    1f54:	46 95       	lsr	r20
    1f56:	46 95       	lsr	r20
    1f58:	41 70       	andi	r20, 0x01	; 1
    1f5a:	80 e0       	ldi	r24, 0x00	; 0
    1f5c:	66 e0       	ldi	r22, 0x06	; 6
    1f5e:	0e 94 41 0b 	call	0x1682	; 0x1682 <DIO_u8SetPinValue>
    DIO_u8SetPinValue(DATA_PORT, DIO_u8_PIN7, GET_BIT(Copy_u8Data, 7));
    1f62:	41 2f       	mov	r20, r17
    1f64:	44 1f       	adc	r20, r20
    1f66:	44 27       	eor	r20, r20
    1f68:	44 1f       	adc	r20, r20
    1f6a:	80 e0       	ldi	r24, 0x00	; 0
    1f6c:	67 e0       	ldi	r22, 0x07	; 7
    1f6e:	0e 94 41 0b 	call	0x1682	; 0x1682 <DIO_u8SetPinValue>

    DIO_u8SetPinValue(CTRL_PORT, EN, DIO_u8_HIGH);
    1f72:	82 e0       	ldi	r24, 0x02	; 2
    1f74:	65 e0       	ldi	r22, 0x05	; 5
    1f76:	41 e0       	ldi	r20, 0x01	; 1
    1f78:	0e 94 41 0b 	call	0x1682	; 0x1682 <DIO_u8SetPinValue>
    1f7c:	90 ed       	ldi	r25, 0xD0	; 208
    1f7e:	e9 2e       	mov	r14, r25
    1f80:	97 e0       	ldi	r25, 0x07	; 7
    1f82:	f9 2e       	mov	r15, r25
    1f84:	c7 01       	movw	r24, r14
    1f86:	01 97       	sbiw	r24, 0x01	; 1
    1f88:	f1 f7       	brne	.-4      	; 0x1f86 <LCD_voidSendData+0x70>
    _delay_ms(1);
    DIO_u8SetPinValue(CTRL_PORT, EN, DIO_u8_LOW);
    1f8a:	82 e0       	ldi	r24, 0x02	; 2
    1f8c:	65 e0       	ldi	r22, 0x05	; 5
    1f8e:	40 e0       	ldi	r20, 0x00	; 0
    1f90:	0e 94 41 0b 	call	0x1682	; 0x1682 <DIO_u8SetPinValue>
    1f94:	c7 01       	movw	r24, r14
    1f96:	01 97       	sbiw	r24, 0x01	; 1
    1f98:	f1 f7       	brne	.-4      	; 0x1f96 <LCD_voidSendData+0x80>
    _delay_ms(1);

    // Send lower nibble
    DIO_u8SetPinValue(DATA_PORT, DIO_u8_PIN4, GET_BIT(Copy_u8Data, 0));
    1f9a:	41 2f       	mov	r20, r17
    1f9c:	41 70       	andi	r20, 0x01	; 1
    1f9e:	80 e0       	ldi	r24, 0x00	; 0
    1fa0:	64 e0       	ldi	r22, 0x04	; 4
    1fa2:	0e 94 41 0b 	call	0x1682	; 0x1682 <DIO_u8SetPinValue>
    DIO_u8SetPinValue(DATA_PORT, DIO_u8_PIN5, GET_BIT(Copy_u8Data, 1));
    1fa6:	41 2f       	mov	r20, r17
    1fa8:	46 95       	lsr	r20
    1faa:	41 70       	andi	r20, 0x01	; 1
    1fac:	80 e0       	ldi	r24, 0x00	; 0
    1fae:	65 e0       	ldi	r22, 0x05	; 5
    1fb0:	0e 94 41 0b 	call	0x1682	; 0x1682 <DIO_u8SetPinValue>
    DIO_u8SetPinValue(DATA_PORT, DIO_u8_PIN6, GET_BIT(Copy_u8Data, 2));
    1fb4:	16 95       	lsr	r17
    1fb6:	16 95       	lsr	r17
    1fb8:	41 2f       	mov	r20, r17
    1fba:	41 70       	andi	r20, 0x01	; 1
    1fbc:	80 e0       	ldi	r24, 0x00	; 0
    1fbe:	66 e0       	ldi	r22, 0x06	; 6
    1fc0:	0e 94 41 0b 	call	0x1682	; 0x1682 <DIO_u8SetPinValue>
    DIO_u8SetPinValue(DATA_PORT, DIO_u8_PIN7, GET_BIT(Copy_u8Data, 3));
    1fc4:	16 95       	lsr	r17
    1fc6:	11 70       	andi	r17, 0x01	; 1
    1fc8:	80 e0       	ldi	r24, 0x00	; 0
    1fca:	67 e0       	ldi	r22, 0x07	; 7
    1fcc:	41 2f       	mov	r20, r17
    1fce:	0e 94 41 0b 	call	0x1682	; 0x1682 <DIO_u8SetPinValue>

    DIO_u8SetPinValue(CTRL_PORT, EN, DIO_u8_HIGH);
    1fd2:	82 e0       	ldi	r24, 0x02	; 2
    1fd4:	65 e0       	ldi	r22, 0x05	; 5
    1fd6:	41 e0       	ldi	r20, 0x01	; 1
    1fd8:	0e 94 41 0b 	call	0x1682	; 0x1682 <DIO_u8SetPinValue>
    1fdc:	c7 01       	movw	r24, r14
    1fde:	01 97       	sbiw	r24, 0x01	; 1
    1fe0:	f1 f7       	brne	.-4      	; 0x1fde <LCD_voidSendData+0xc8>
    _delay_ms(1);
    DIO_u8SetPinValue(CTRL_PORT, EN, DIO_u8_LOW);
    1fe2:	82 e0       	ldi	r24, 0x02	; 2
    1fe4:	65 e0       	ldi	r22, 0x05	; 5
    1fe6:	40 e0       	ldi	r20, 0x00	; 0
    1fe8:	0e 94 41 0b 	call	0x1682	; 0x1682 <DIO_u8SetPinValue>
    1fec:	80 ea       	ldi	r24, 0xA0	; 160
    1fee:	9f e0       	ldi	r25, 0x0F	; 15
    1ff0:	01 97       	sbiw	r24, 0x01	; 1
    1ff2:	f1 f7       	brne	.-4      	; 0x1ff0 <LCD_voidSendData+0xda>
    _delay_ms(2);
}
    1ff4:	1f 91       	pop	r17
    1ff6:	ff 90       	pop	r15
    1ff8:	ef 90       	pop	r14
    1ffa:	08 95       	ret

00001ffc <LCD_voidSendSpecialCharecter>:

    LCD_voidSendCommand(Address + 0x80);
}

void LCD_voidSendSpecialCharecter(u8 Copy_u8BlockNum, u8 *Pu8ArrayPattern, u8 Copy_u8X, u8 Copy_u8Y)
{
    1ffc:	df 92       	push	r13
    1ffe:	ef 92       	push	r14
    2000:	ff 92       	push	r15
    2002:	0f 93       	push	r16
    2004:	1f 93       	push	r17
    2006:	cf 93       	push	r28
    2008:	df 93       	push	r29
    200a:	f8 2e       	mov	r15, r24
    200c:	8b 01       	movw	r16, r22
    200e:	e4 2e       	mov	r14, r20
    2010:	d2 2e       	mov	r13, r18
    u8 Local_u8CGRAMAddress = Copy_u8BlockNum * 8;

    LCD_voidSendCommand(Local_u8CGRAMAddress + 64); // Set CGRAM address
    2012:	88 0f       	add	r24, r24
    2014:	88 0f       	add	r24, r24
    2016:	88 0f       	add	r24, r24
    2018:	80 5c       	subi	r24, 0xC0	; 192
    201a:	0e 94 e6 0e 	call	0x1dcc	; 0x1dcc <LCD_voidSendCommand>
    201e:	c0 e0       	ldi	r28, 0x00	; 0
    2020:	d0 e0       	ldi	r29, 0x00	; 0

    for (u8 i = 0; i < 8; i++)
    {
        LCD_voidSendData(Pu8ArrayPattern[i]);
    2022:	f8 01       	movw	r30, r16
    2024:	ec 0f       	add	r30, r28
    2026:	fd 1f       	adc	r31, r29
    2028:	80 81       	ld	r24, Z
    202a:	0e 94 8b 0f 	call	0x1f16	; 0x1f16 <LCD_voidSendData>
    202e:	21 96       	adiw	r28, 0x01	; 1
{
    u8 Local_u8CGRAMAddress = Copy_u8BlockNum * 8;

    LCD_voidSendCommand(Local_u8CGRAMAddress + 64); // Set CGRAM address

    for (u8 i = 0; i < 8; i++)
    2030:	c8 30       	cpi	r28, 0x08	; 8
    2032:	d1 05       	cpc	r29, r1
    2034:	b1 f7       	brne	.-20     	; 0x2022 <LCD_voidSendSpecialCharecter+0x26>
    {
        LCD_voidSendData(Pu8ArrayPattern[i]);
    }

    LCD_voidSetPosition(Copy_u8X, Copy_u8Y);
    2036:	8e 2d       	mov	r24, r14
    2038:	6d 2d       	mov	r22, r13
    203a:	0e 94 59 0f 	call	0x1eb2	; 0x1eb2 <LCD_voidSetPosition>
    LCD_voidSendData(Copy_u8BlockNum);
    203e:	8f 2d       	mov	r24, r15
    2040:	0e 94 8b 0f 	call	0x1f16	; 0x1f16 <LCD_voidSendData>
}
    2044:	df 91       	pop	r29
    2046:	cf 91       	pop	r28
    2048:	1f 91       	pop	r17
    204a:	0f 91       	pop	r16
    204c:	ff 90       	pop	r15
    204e:	ef 90       	pop	r14
    2050:	df 90       	pop	r13
    2052:	08 95       	ret

00002054 <LCD_voidSendString>:
    LCD_voidSendCommand(0x01);
    _delay_ms(2);
}

void LCD_voidSendString(char *PcCopy_String)
{
    2054:	cf 93       	push	r28
    2056:	df 93       	push	r29
    2058:	ec 01       	movw	r28, r24
    205a:	03 c0       	rjmp	.+6      	; 0x2062 <LCD_voidSendString+0xe>
    while (*PcCopy_String != '\0')
    {
        LCD_voidSendData(*PcCopy_String);
    205c:	0e 94 8b 0f 	call	0x1f16	; 0x1f16 <LCD_voidSendData>
        PcCopy_String++;
    2060:	21 96       	adiw	r28, 0x01	; 1
    _delay_ms(2);
}

void LCD_voidSendString(char *PcCopy_String)
{
    while (*PcCopy_String != '\0')
    2062:	88 81       	ld	r24, Y
    2064:	88 23       	and	r24, r24
    2066:	d1 f7       	brne	.-12     	; 0x205c <LCD_voidSendString+0x8>
    {
        LCD_voidSendData(*PcCopy_String);
        PcCopy_String++;
    }
}
    2068:	df 91       	pop	r29
    206a:	cf 91       	pop	r28
    206c:	08 95       	ret

0000206e <KPD_u8GetPressedKey>:
	DIO_u8SetPinValue(KPD_PORT,R3,DIO_u8_HIGH);

}

u8 KPD_u8GetPressedKey()
{
    206e:	4f 92       	push	r4
    2070:	5f 92       	push	r5
    2072:	7f 92       	push	r7
    2074:	8f 92       	push	r8
    2076:	9f 92       	push	r9
    2078:	af 92       	push	r10
    207a:	bf 92       	push	r11
    207c:	cf 92       	push	r12
    207e:	df 92       	push	r13
    2080:	ef 92       	push	r14
    2082:	ff 92       	push	r15
    2084:	0f 93       	push	r16
    2086:	1f 93       	push	r17
    2088:	df 93       	push	r29
    208a:	cf 93       	push	r28
    208c:	0f 92       	push	r0
    208e:	cd b7       	in	r28, 0x3d	; 61
    2090:	de b7       	in	r29, 0x3e	; 62
    2092:	77 24       	eor	r7, r7
    2094:	7a 94       	dec	r7
    2096:	cc 24       	eor	r12, r12
    2098:	dd 24       	eor	r13, r13
	{
		//Activate col
		DIO_u8SetPinValue(KPD_PORT,Local_u8ColArr[Local_u8ColIter],DIO_u8_LOW);
		for(u8 Local_u8RowIter=0;Local_u8RowIter<MAX_ROW_NUM;Local_u8RowIter++)
		{
			DIO_u8GetPinValue(KPD_PORT,Local_u8RowArr[Local_u8RowIter],&Local_u8PinState);
    209a:	4e 01       	movw	r8, r28
    209c:	08 94       	sec
    209e:	81 1c       	adc	r8, r1
    20a0:	91 1c       	adc	r9, r1
    20a2:	90 e4       	ldi	r25, 0x40	; 64
    20a4:	49 2e       	mov	r4, r25
    20a6:	9c e9       	ldi	r25, 0x9C	; 156
    20a8:	59 2e       	mov	r5, r25
	static u8 Local_u8RowArr[MAX_ROW_NUM]={R0,R1,R2,R3};
	//OUTER for loop to columns
	for(u8 Local_u8ColIter=0;Local_u8ColIter<MAX_COL_NUM;Local_u8ColIter++)
	{
		//Activate col
		DIO_u8SetPinValue(KPD_PORT,Local_u8ColArr[Local_u8ColIter],DIO_u8_LOW);
    20aa:	f6 01       	movw	r30, r12
    20ac:	ea 54       	subi	r30, 0x4A	; 74
    20ae:	fe 4f       	sbci	r31, 0xFE	; 254
    20b0:	a0 80       	ld	r10, Z
    20b2:	81 e0       	ldi	r24, 0x01	; 1
    20b4:	6a 2d       	mov	r22, r10
    20b6:	40 e0       	ldi	r20, 0x00	; 0
    20b8:	0e 94 41 0b 	call	0x1682	; 0x1682 <DIO_u8SetPinValue>
    20bc:	03 eb       	ldi	r16, 0xB3	; 179
    20be:	11 e0       	ldi	r17, 0x01	; 1
    20c0:	89 eb       	ldi	r24, 0xB9	; 185
    20c2:	e8 2e       	mov	r14, r24
    20c4:	81 e0       	ldi	r24, 0x01	; 1
    20c6:	f8 2e       	mov	r15, r24
    20c8:	ec 0c       	add	r14, r12
    20ca:	fd 1c       	adc	r15, r13
		for(u8 Local_u8RowIter=0;Local_u8RowIter<MAX_ROW_NUM;Local_u8RowIter++)
		{
			DIO_u8GetPinValue(KPD_PORT,Local_u8RowArr[Local_u8RowIter],&Local_u8PinState);
    20cc:	f8 01       	movw	r30, r16
    20ce:	b0 80       	ld	r11, Z
    20d0:	81 e0       	ldi	r24, 0x01	; 1
    20d2:	6b 2d       	mov	r22, r11
    20d4:	a4 01       	movw	r20, r8
    20d6:	0e 94 c0 0b 	call	0x1780	; 0x1780 <DIO_u8GetPinValue>
			if(Local_u8PinState==DIO_u8_LOW)
    20da:	89 81       	ldd	r24, Y+1	; 0x01
    20dc:	88 23       	and	r24, r24
    20de:	b1 f4       	brne	.+44     	; 0x210c <KPD_u8GetPressedKey+0x9e>
			{
				DIO_u8GetPinValue(KPD_PORT,Local_u8RowArr[Local_u8RowIter],&Local_u8PinState);
    20e0:	81 e0       	ldi	r24, 0x01	; 1
    20e2:	6b 2d       	mov	r22, r11
    20e4:	a4 01       	movw	r20, r8
    20e6:	0e 94 c0 0b 	call	0x1780	; 0x1780 <DIO_u8GetPinValue>
    20ea:	c2 01       	movw	r24, r4
    20ec:	01 97       	sbiw	r24, 0x01	; 1
    20ee:	f1 f7       	brne	.-4      	; 0x20ec <KPD_u8GetPressedKey+0x7e>
				_delay_ms(20);
				if(Local_u8PinState==DIO_u8_LOW)
    20f0:	89 81       	ldd	r24, Y+1	; 0x01
    20f2:	88 23       	and	r24, r24
    20f4:	59 f4       	brne	.+22     	; 0x210c <KPD_u8GetPressedKey+0x9e>
				{
					Local_u8Button=KPD_ARR[Local_u8RowIter][Local_u8ColIter];
    20f6:	f7 01       	movw	r30, r14
    20f8:	70 80       	ld	r7, Z
    20fa:	05 c0       	rjmp	.+10     	; 0x2106 <KPD_u8GetPressedKey+0x98>
					//Polling
					while(Local_u8PinState==DIO_u8_LOW)
					{
						DIO_u8GetPinValue(KPD_PORT,Local_u8RowArr[Local_u8RowIter],&Local_u8PinState);
    20fc:	81 e0       	ldi	r24, 0x01	; 1
    20fe:	6b 2d       	mov	r22, r11
    2100:	a4 01       	movw	r20, r8
    2102:	0e 94 c0 0b 	call	0x1780	; 0x1780 <DIO_u8GetPinValue>
				_delay_ms(20);
				if(Local_u8PinState==DIO_u8_LOW)
				{
					Local_u8Button=KPD_ARR[Local_u8RowIter][Local_u8ColIter];
					//Polling
					while(Local_u8PinState==DIO_u8_LOW)
    2106:	89 81       	ldd	r24, Y+1	; 0x01
    2108:	88 23       	and	r24, r24
    210a:	c1 f3       	breq	.-16     	; 0x20fc <KPD_u8GetPressedKey+0x8e>
    210c:	0f 5f       	subi	r16, 0xFF	; 255
    210e:	1f 4f       	sbci	r17, 0xFF	; 255
    2110:	83 e0       	ldi	r24, 0x03	; 3
    2112:	90 e0       	ldi	r25, 0x00	; 0
    2114:	e8 0e       	add	r14, r24
    2116:	f9 1e       	adc	r15, r25
	//OUTER for loop to columns
	for(u8 Local_u8ColIter=0;Local_u8ColIter<MAX_COL_NUM;Local_u8ColIter++)
	{
		//Activate col
		DIO_u8SetPinValue(KPD_PORT,Local_u8ColArr[Local_u8ColIter],DIO_u8_LOW);
		for(u8 Local_u8RowIter=0;Local_u8RowIter<MAX_ROW_NUM;Local_u8RowIter++)
    2118:	91 e0       	ldi	r25, 0x01	; 1
    211a:	06 3b       	cpi	r16, 0xB6	; 182
    211c:	19 07       	cpc	r17, r25
    211e:	b1 f6       	brne	.-84     	; 0x20cc <KPD_u8GetPressedKey+0x5e>
			}

		}

		//Deactivate col
		DIO_u8SetPinValue(KPD_PORT,Local_u8ColArr[Local_u8ColIter],DIO_u8_HIGH);
    2120:	81 e0       	ldi	r24, 0x01	; 1
    2122:	6a 2d       	mov	r22, r10
    2124:	41 e0       	ldi	r20, 0x01	; 1
    2126:	0e 94 41 0b 	call	0x1682	; 0x1682 <DIO_u8SetPinValue>
    212a:	08 94       	sec
    212c:	c1 1c       	adc	r12, r1
    212e:	d1 1c       	adc	r13, r1
	static u8 KPD_ARR[MAX_ROW_NUM][MAX_COL_NUM]=KPD_VALUES;
	u8 Local_u8PinState;
	static u8 Local_u8ColArr[MAX_COL_NUM]={C0,C1,C2};
	static u8 Local_u8RowArr[MAX_ROW_NUM]={R0,R1,R2,R3};
	//OUTER for loop to columns
	for(u8 Local_u8ColIter=0;Local_u8ColIter<MAX_COL_NUM;Local_u8ColIter++)
    2130:	e3 e0       	ldi	r30, 0x03	; 3
    2132:	ce 16       	cp	r12, r30
    2134:	d1 04       	cpc	r13, r1
    2136:	09 f0       	breq	.+2      	; 0x213a <KPD_u8GetPressedKey+0xcc>
    2138:	b8 cf       	rjmp	.-144    	; 0x20aa <KPD_u8GetPressedKey+0x3c>

		//Deactivate col
		DIO_u8SetPinValue(KPD_PORT,Local_u8ColArr[Local_u8ColIter],DIO_u8_HIGH);
	}
	return Local_u8Button;
}
    213a:	87 2d       	mov	r24, r7
    213c:	0f 90       	pop	r0
    213e:	cf 91       	pop	r28
    2140:	df 91       	pop	r29
    2142:	1f 91       	pop	r17
    2144:	0f 91       	pop	r16
    2146:	ff 90       	pop	r15
    2148:	ef 90       	pop	r14
    214a:	df 90       	pop	r13
    214c:	cf 90       	pop	r12
    214e:	bf 90       	pop	r11
    2150:	af 90       	pop	r10
    2152:	9f 90       	pop	r9
    2154:	8f 90       	pop	r8
    2156:	7f 90       	pop	r7
    2158:	5f 90       	pop	r5
    215a:	4f 90       	pop	r4
    215c:	08 95       	ret

0000215e <KPD_voidInit>:
#include <util/delay.h>

void KPD_voidInit()
{
	//COLUMSNS OUTPUT HIGH
	DIO_u8SetPinDirection(KPD_PORT,C0,DIO_u8_OUTPUT);
    215e:	81 e0       	ldi	r24, 0x01	; 1
    2160:	65 e0       	ldi	r22, 0x05	; 5
    2162:	41 e0       	ldi	r20, 0x01	; 1
    2164:	0e 94 ba 0a 	call	0x1574	; 0x1574 <DIO_u8SetPinDirection>
	DIO_u8SetPinDirection(KPD_PORT,C1,DIO_u8_OUTPUT);
    2168:	81 e0       	ldi	r24, 0x01	; 1
    216a:	66 e0       	ldi	r22, 0x06	; 6
    216c:	41 e0       	ldi	r20, 0x01	; 1
    216e:	0e 94 ba 0a 	call	0x1574	; 0x1574 <DIO_u8SetPinDirection>
	DIO_u8SetPinDirection(KPD_PORT,C2,DIO_u8_OUTPUT);
    2172:	81 e0       	ldi	r24, 0x01	; 1
    2174:	67 e0       	ldi	r22, 0x07	; 7
    2176:	41 e0       	ldi	r20, 0x01	; 1
    2178:	0e 94 ba 0a 	call	0x1574	; 0x1574 <DIO_u8SetPinDirection>

	DIO_u8SetPinValue(KPD_PORT,C0,DIO_u8_HIGH);
    217c:	81 e0       	ldi	r24, 0x01	; 1
    217e:	65 e0       	ldi	r22, 0x05	; 5
    2180:	41 e0       	ldi	r20, 0x01	; 1
    2182:	0e 94 41 0b 	call	0x1682	; 0x1682 <DIO_u8SetPinValue>
	DIO_u8SetPinValue(KPD_PORT,C1,DIO_u8_HIGH);
    2186:	81 e0       	ldi	r24, 0x01	; 1
    2188:	66 e0       	ldi	r22, 0x06	; 6
    218a:	41 e0       	ldi	r20, 0x01	; 1
    218c:	0e 94 41 0b 	call	0x1682	; 0x1682 <DIO_u8SetPinValue>
	DIO_u8SetPinValue(KPD_PORT,C2,DIO_u8_HIGH);
    2190:	81 e0       	ldi	r24, 0x01	; 1
    2192:	67 e0       	ldi	r22, 0x07	; 7
    2194:	41 e0       	ldi	r20, 0x01	; 1
    2196:	0e 94 41 0b 	call	0x1682	; 0x1682 <DIO_u8SetPinValue>

	//Rows input pulled up
	DIO_u8SetPinDirection(KPD_PORT,R0,DIO_u8_INPUT);
    219a:	81 e0       	ldi	r24, 0x01	; 1
    219c:	60 e0       	ldi	r22, 0x00	; 0
    219e:	40 e0       	ldi	r20, 0x00	; 0
    21a0:	0e 94 ba 0a 	call	0x1574	; 0x1574 <DIO_u8SetPinDirection>
	DIO_u8SetPinDirection(KPD_PORT,R1,DIO_u8_INPUT);
    21a4:	81 e0       	ldi	r24, 0x01	; 1
    21a6:	61 e0       	ldi	r22, 0x01	; 1
    21a8:	40 e0       	ldi	r20, 0x00	; 0
    21aa:	0e 94 ba 0a 	call	0x1574	; 0x1574 <DIO_u8SetPinDirection>
	DIO_u8SetPinDirection(KPD_PORT,R2,DIO_u8_INPUT);
    21ae:	81 e0       	ldi	r24, 0x01	; 1
    21b0:	64 e0       	ldi	r22, 0x04	; 4
    21b2:	40 e0       	ldi	r20, 0x00	; 0
    21b4:	0e 94 ba 0a 	call	0x1574	; 0x1574 <DIO_u8SetPinDirection>
	DIO_u8SetPinDirection(KPD_PORT,R3,DIO_u8_INPUT);
    21b8:	81 e0       	ldi	r24, 0x01	; 1
    21ba:	63 e0       	ldi	r22, 0x03	; 3
    21bc:	40 e0       	ldi	r20, 0x00	; 0
    21be:	0e 94 ba 0a 	call	0x1574	; 0x1574 <DIO_u8SetPinDirection>

	DIO_u8SetPinValue(KPD_PORT,R0,DIO_u8_HIGH);
    21c2:	81 e0       	ldi	r24, 0x01	; 1
    21c4:	60 e0       	ldi	r22, 0x00	; 0
    21c6:	41 e0       	ldi	r20, 0x01	; 1
    21c8:	0e 94 41 0b 	call	0x1682	; 0x1682 <DIO_u8SetPinValue>
	DIO_u8SetPinValue(KPD_PORT,R1,DIO_u8_HIGH);
    21cc:	81 e0       	ldi	r24, 0x01	; 1
    21ce:	61 e0       	ldi	r22, 0x01	; 1
    21d0:	41 e0       	ldi	r20, 0x01	; 1
    21d2:	0e 94 41 0b 	call	0x1682	; 0x1682 <DIO_u8SetPinValue>
	DIO_u8SetPinValue(KPD_PORT,R2,DIO_u8_HIGH);
    21d6:	81 e0       	ldi	r24, 0x01	; 1
    21d8:	64 e0       	ldi	r22, 0x04	; 4
    21da:	41 e0       	ldi	r20, 0x01	; 1
    21dc:	0e 94 41 0b 	call	0x1682	; 0x1682 <DIO_u8SetPinValue>
	DIO_u8SetPinValue(KPD_PORT,R3,DIO_u8_HIGH);
    21e0:	81 e0       	ldi	r24, 0x01	; 1
    21e2:	63 e0       	ldi	r22, 0x03	; 3
    21e4:	41 e0       	ldi	r20, 0x01	; 1
    21e6:	0e 94 41 0b 	call	0x1682	; 0x1682 <DIO_u8SetPinValue>

}
    21ea:	08 95       	ret

000021ec <Fan_u8ControlDCmotorSpeed>:

}
///////////////////////////////////////////////////////////////////////////////////////////////////////////////////////////////////////

u8    Fan_u8ControlDCmotorSpeed(_spedd_t _speed_fan)
{
    21ec:	1f 93       	push	r17
    21ee:	18 2f       	mov	r17, r24
	u8 ret_value = STD_TYPES_OK;
	switch(_speed_fan)
    21f0:	81 30       	cpi	r24, 0x01	; 1
    21f2:	71 f0       	breq	.+28     	; 0x2210 <Fan_u8ControlDCmotorSpeed+0x24>
    21f4:	81 30       	cpi	r24, 0x01	; 1
    21f6:	30 f0       	brcs	.+12     	; 0x2204 <Fan_u8ControlDCmotorSpeed+0x18>
    21f8:	82 30       	cpi	r24, 0x02	; 2
    21fa:	61 f0       	breq	.+24     	; 0x2214 <Fan_u8ControlDCmotorSpeed+0x28>
    21fc:	83 30       	cpi	r24, 0x03	; 3
    21fe:	61 f0       	breq	.+24     	; 0x2218 <Fan_u8ControlDCmotorSpeed+0x2c>
    2200:	80 e0       	ldi	r24, 0x00	; 0
    2202:	10 c0       	rjmp	.+32     	; 0x2224 <Fan_u8ControlDCmotorSpeed+0x38>
	{

	    case SPEED_0 : { TIMER0_voidSetOcrTicks(DUTY_CYCLE_0);    level = SPEED_0;    }      break;
    2204:	8f ef       	ldi	r24, 0xFF	; 255
    2206:	0e 94 06 09 	call	0x120c	; 0x120c <TIMER0_voidSetOcrTicks>
    220a:	10 92 d7 01 	sts	0x01D7, r1
    220e:	09 c0       	rjmp	.+18     	; 0x2222 <Fan_u8ControlDCmotorSpeed+0x36>
		case SPEED_1 : { TIMER0_voidSetOcrTicks(DUTY_CYCLE_30);   level = SPEED_1;    }      break;
    2210:	82 eb       	ldi	r24, 0xB2	; 178
    2212:	03 c0       	rjmp	.+6      	; 0x221a <Fan_u8ControlDCmotorSpeed+0x2e>
		case SPEED_2 : { TIMER0_voidSetOcrTicks(DUTY_CYCLE_50);   level = SPEED_2;    }      break;
    2214:	80 e8       	ldi	r24, 0x80	; 128
    2216:	01 c0       	rjmp	.+2      	; 0x221a <Fan_u8ControlDCmotorSpeed+0x2e>
		case SPEED_3 : { TIMER0_voidSetOcrTicks(DUTY_CYCLE_100);  level = SPEED_3;    }      break;
    2218:	80 e0       	ldi	r24, 0x00	; 0
    221a:	0e 94 06 09 	call	0x120c	; 0x120c <TIMER0_voidSetOcrTicks>
    221e:	10 93 d7 01 	sts	0x01D7, r17
    2222:	81 e0       	ldi	r24, 0x01	; 1
		default      :  ret_value  = STD_TYPES_NOK  ;

	}
	return ret_value;
}
    2224:	1f 91       	pop	r17
    2226:	08 95       	ret

00002228 <Fan_u8StopFan>:
}
///////////////////////////////////////////////////////////////////////////////////////////////////////////////////////////////////////

void    Fan_u8StopFan()
{
	TIMER0_voidSetOcrTicks(DUTY_CYCLE_0);
    2228:	8f ef       	ldi	r24, 0xFF	; 255
    222a:	0e 94 06 09 	call	0x120c	; 0x120c <TIMER0_voidSetOcrTicks>

}
    222e:	08 95       	ret

00002230 <ISR_INT0>:
}
///////////////////////////////////////////////////////////////////////////////////////////////////////////////////////////////////////

static void ISR_INT0(void)
{
	switch(level)
    2230:	80 91 d7 01 	lds	r24, 0x01D7
    2234:	81 30       	cpi	r24, 0x01	; 1
    2236:	61 f0       	breq	.+24     	; 0x2250 <ISR_INT0+0x20>
    2238:	81 30       	cpi	r24, 0x01	; 1
    223a:	28 f0       	brcs	.+10     	; 0x2246 <ISR_INT0+0x16>
    223c:	82 30       	cpi	r24, 0x02	; 2
    223e:	69 f0       	breq	.+26     	; 0x225a <ISR_INT0+0x2a>
    2240:	83 30       	cpi	r24, 0x03	; 3
    2242:	b9 f4       	brne	.+46     	; 0x2272 <ISR_INT0+0x42>
    2244:	11 c0       	rjmp	.+34     	; 0x2268 <ISR_INT0+0x38>
	{

	case SPEED_0 : {  TIMER0_voidSetOcrTicks(DUTY_CYCLE_30);    level = SPEED_1; }   break;
    2246:	82 eb       	ldi	r24, 0xB2	; 178
    2248:	0e 94 06 09 	call	0x120c	; 0x120c <TIMER0_voidSetOcrTicks>
    224c:	81 e0       	ldi	r24, 0x01	; 1
    224e:	09 c0       	rjmp	.+18     	; 0x2262 <ISR_INT0+0x32>
	case SPEED_1 : {  TIMER0_voidSetOcrTicks(DUTY_CYCLE_50);    level = SPEED_2; }   break;
    2250:	80 e8       	ldi	r24, 0x80	; 128
    2252:	0e 94 06 09 	call	0x120c	; 0x120c <TIMER0_voidSetOcrTicks>
    2256:	82 e0       	ldi	r24, 0x02	; 2
    2258:	04 c0       	rjmp	.+8      	; 0x2262 <ISR_INT0+0x32>
	case SPEED_2 : {  TIMER0_voidSetOcrTicks(DUTY_CYCLE_100);   level = SPEED_3; }   break;
    225a:	80 e0       	ldi	r24, 0x00	; 0
    225c:	0e 94 06 09 	call	0x120c	; 0x120c <TIMER0_voidSetOcrTicks>
    2260:	83 e0       	ldi	r24, 0x03	; 3
    2262:	80 93 d7 01 	sts	0x01D7, r24
    2266:	08 95       	ret
	case SPEED_3 : {  TIMER0_voidSetOcrTicks(DUTY_CYCLE_0);     level = SPEED_0; }   break;
    2268:	8f ef       	ldi	r24, 0xFF	; 255
    226a:	0e 94 06 09 	call	0x120c	; 0x120c <TIMER0_voidSetOcrTicks>
    226e:	10 92 d7 01 	sts	0x01D7, r1
    2272:	08 95       	ret

00002274 <Fan_voidInit>:
///////////////////////////////////////////////////////////////////////////////////////////////////////////////////////////////////////

void  Fan_voidInit(void)
{
	// using TIMER0 to control in dc motor speed
	DIO_u8SetPinDirection(DIO_u8_PORTB,DIO_u8_PIN3,DIO_u8_OUTPUT);
    2274:	81 e0       	ldi	r24, 0x01	; 1
    2276:	63 e0       	ldi	r22, 0x03	; 3
    2278:	41 e0       	ldi	r20, 0x01	; 1
    227a:	0e 94 ba 0a 	call	0x1574	; 0x1574 <DIO_u8SetPinDirection>
	DIO_u8SetPinValue(DIO_u8_PORTB,DIO_u8_PIN3,DIO_u8_LOW);
    227e:	81 e0       	ldi	r24, 0x01	; 1
    2280:	63 e0       	ldi	r22, 0x03	; 3
    2282:	40 e0       	ldi	r20, 0x00	; 0
    2284:	0e 94 41 0b 	call	0x1682	; 0x1682 <DIO_u8SetPinValue>
	DIO_u8SetPinDirection(DIO_u8_PORTD,DIO_u8_PIN2,DIO_u8_INPUT);
    2288:	83 e0       	ldi	r24, 0x03	; 3
    228a:	62 e0       	ldi	r22, 0x02	; 2
    228c:	40 e0       	ldi	r20, 0x00	; 0
    228e:	0e 94 ba 0a 	call	0x1574	; 0x1574 <DIO_u8SetPinDirection>
	DIO_u8SetPinValue(DIO_u8_PORTD,DIO_u8_PIN2,DIO_u8_HIGH);
    2292:	83 e0       	ldi	r24, 0x03	; 3
    2294:	62 e0       	ldi	r22, 0x02	; 2
    2296:	41 e0       	ldi	r20, 0x01	; 1
    2298:	0e 94 41 0b 	call	0x1682	; 0x1682 <DIO_u8SetPinValue>
		TIMER0_voidInit();
    229c:	0e 94 f7 08 	call	0x11ee	; 0x11ee <TIMER0_voidInit>
		FASTPWM_voidInvOrNoninv(INV);
    22a0:	81 e0       	ldi	r24, 0x01	; 1
    22a2:	0e 94 1c 09 	call	0x1238	; 0x1238 <FASTPWM_voidInvOrNoninv>

	// using external interrupt to control fan speed using button
		EXTI_voidEnableDisable(EXT_INT0, ENABLED);
    22a6:	80 e0       	ldi	r24, 0x00	; 0
    22a8:	60 e0       	ldi	r22, 0x00	; 0
    22aa:	0e 94 aa 09 	call	0x1354	; 0x1354 <EXTI_voidEnableDisable>
		EXTI_voidSetSenseCtrl(EXT_INT0, FALLING_EDGE);
    22ae:	80 e0       	ldi	r24, 0x00	; 0
    22b0:	62 e0       	ldi	r22, 0x02	; 2
    22b2:	0e 94 d4 09 	call	0x13a8	; 0x13a8 <EXTI_voidSetSenseCtrl>
		EXTI_voidSetCallBack(EXT_INT0, ISR_INT0);
    22b6:	80 e0       	ldi	r24, 0x00	; 0
    22b8:	68 e1       	ldi	r22, 0x18	; 24
    22ba:	71 e1       	ldi	r23, 0x11	; 17
    22bc:	0e 94 20 0a 	call	0x1440	; 0x1440 <EXTI_voidSetCallBack>
		GI_voidEnable();
    22c0:	0e 94 b2 0a 	call	0x1564	; 0x1564 <GI_voidEnable>



}
    22c4:	08 95       	ret

000022c6 <EEPROM_WaitReady>:
    return TWDR;
}

/* ACK polling: Wait until EEPROM ready */
static void EEPROM_WaitReady(u8 devAddr)
{
    22c6:	48 2f       	mov	r20, r24
    TWSR = 0x00; // Prescaler = 1
}

static void I2C_Start(void)
{
    TWCR = (1 << TWINT) | (1 << TWSTA) | (1 << TWEN);
    22c8:	74 ea       	ldi	r23, 0xA4	; 164
}

static void I2C_Write(u8 data)
{
    TWDR = data;
    TWCR = (1 << TWINT) | (1 << TWEN);
    22ca:	64 e8       	ldi	r22, 0x84	; 132
    while (!(TWCR & (1 << TWINT)));
}

static void I2C_Stop(void)
{
    TWCR = (1 << TWINT) | (1 << TWEN) | (1 << TWSTO);
    22cc:	54 e9       	ldi	r21, 0x94	; 148
    22ce:	20 ed       	ldi	r18, 0xD0	; 208
    22d0:	37 e0       	ldi	r19, 0x07	; 7
    TWSR = 0x00; // Prescaler = 1
}

static void I2C_Start(void)
{
    TWCR = (1 << TWINT) | (1 << TWSTA) | (1 << TWEN);
    22d2:	76 bf       	out	0x36, r23	; 54
    while (!(TWCR & (1 << TWINT)));
    22d4:	06 b6       	in	r0, 0x36	; 54
    22d6:	07 fe       	sbrs	r0, 7
    22d8:	fd cf       	rjmp	.-6      	; 0x22d4 <EEPROM_WaitReady+0xe>
    TWCR = (1 << TWINT) | (1 << TWEN) | (1 << TWSTO);
}

static void I2C_Write(u8 data)
{
    TWDR = data;
    22da:	43 b9       	out	0x03, r20	; 3
    TWCR = (1 << TWINT) | (1 << TWEN);
    22dc:	66 bf       	out	0x36, r22	; 54
    while (!(TWCR & (1 << TWINT)));
    22de:	06 b6       	in	r0, 0x36	; 54
    22e0:	07 fe       	sbrs	r0, 7
    22e2:	fd cf       	rjmp	.-6      	; 0x22de <EEPROM_WaitReady+0x18>
{
    while (1)
    {
        I2C_Start();
        I2C_Write(devAddr | 0); // Write mode
        if ((TWSR & 0xF8) == 0x18) // SLA+W ACK
    22e4:	81 b1       	in	r24, 0x01	; 1
    22e6:	88 7f       	andi	r24, 0xF8	; 248
    22e8:	88 31       	cpi	r24, 0x18	; 24
    22ea:	19 f4       	brne	.+6      	; 0x22f2 <EEPROM_WaitReady+0x2c>
    while (!(TWCR & (1 << TWINT)));
}

static void I2C_Stop(void)
{
    TWCR = (1 << TWINT) | (1 << TWEN) | (1 << TWSTO);
    22ec:	84 e9       	ldi	r24, 0x94	; 148
    22ee:	86 bf       	out	0x36, r24	; 54
            break;
        }
        I2C_Stop();
        _delay_ms(1);
    }
}
    22f0:	08 95       	ret
    while (!(TWCR & (1 << TWINT)));
}

static void I2C_Stop(void)
{
    TWCR = (1 << TWINT) | (1 << TWEN) | (1 << TWSTO);
    22f2:	56 bf       	out	0x36, r21	; 54
    22f4:	c9 01       	movw	r24, r18
    22f6:	01 97       	sbiw	r24, 0x01	; 1
    22f8:	f1 f7       	brne	.-4      	; 0x22f6 <EEPROM_WaitReady+0x30>
    22fa:	eb cf       	rjmp	.-42     	; 0x22d2 <EEPROM_WaitReady+0xc>

000022fc <EEPROM_Init>:
#define A2_CONNECTION 0           // A2 pin grounded

/* ======================= LOW LEVEL I2C ======================= */
static void I2C_Init(void)
{
    TWBR = (uint8_t)TWBR_VALUE;
    22fc:	80 e2       	ldi	r24, 0x20	; 32
    22fe:	80 b9       	out	0x00, r24	; 0
    TWSR = 0x00; // Prescaler = 1
    2300:	11 b8       	out	0x01, r1	; 1
/* ======================= EEPROM FUNCTIONS ======================= */

void EEPROM_Init(void)
{
    I2C_Init();
}
    2302:	08 95       	ret

00002304 <EEPROM_WriteByte>:

void EEPROM_WriteByte(u16 memAddr, u8 data)
{
    2304:	28 2f       	mov	r18, r24
    u8 devAddr = EEPROM_FIXED_ADDRESS
               | (A2_CONNECTION << 2)
               | (u8)(memAddr >> 8);
    2306:	90 6a       	ori	r25, 0xA0	; 160
    TWSR = 0x00; // Prescaler = 1
}

static void I2C_Start(void)
{
    TWCR = (1 << TWINT) | (1 << TWSTA) | (1 << TWEN);
    2308:	84 ea       	ldi	r24, 0xA4	; 164
    230a:	86 bf       	out	0x36, r24	; 54
    while (!(TWCR & (1 << TWINT)));
    230c:	06 b6       	in	r0, 0x36	; 54
    230e:	07 fe       	sbrs	r0, 7
    2310:	fd cf       	rjmp	.-6      	; 0x230c <EEPROM_WriteByte+0x8>
    TWCR = (1 << TWINT) | (1 << TWEN) | (1 << TWSTO);
}

static void I2C_Write(u8 data)
{
    TWDR = data;
    2312:	93 b9       	out	0x03, r25	; 3
    TWCR = (1 << TWINT) | (1 << TWEN);
    2314:	84 e8       	ldi	r24, 0x84	; 132
    2316:	86 bf       	out	0x36, r24	; 54
    while (!(TWCR & (1 << TWINT)));
    2318:	06 b6       	in	r0, 0x36	; 54
    231a:	07 fe       	sbrs	r0, 7
    231c:	fd cf       	rjmp	.-6      	; 0x2318 <EEPROM_WriteByte+0x14>
    TWCR = (1 << TWINT) | (1 << TWEN) | (1 << TWSTO);
}

static void I2C_Write(u8 data)
{
    TWDR = data;
    231e:	23 b9       	out	0x03, r18	; 3
    TWCR = (1 << TWINT) | (1 << TWEN);
    2320:	84 e8       	ldi	r24, 0x84	; 132
    2322:	86 bf       	out	0x36, r24	; 54
    while (!(TWCR & (1 << TWINT)));
    2324:	06 b6       	in	r0, 0x36	; 54
    2326:	07 fe       	sbrs	r0, 7
    2328:	fd cf       	rjmp	.-6      	; 0x2324 <EEPROM_WriteByte+0x20>
    TWCR = (1 << TWINT) | (1 << TWEN) | (1 << TWSTO);
}

static void I2C_Write(u8 data)
{
    TWDR = data;
    232a:	63 b9       	out	0x03, r22	; 3
    TWCR = (1 << TWINT) | (1 << TWEN);
    232c:	84 e8       	ldi	r24, 0x84	; 132
    232e:	86 bf       	out	0x36, r24	; 54
    while (!(TWCR & (1 << TWINT)));
    2330:	06 b6       	in	r0, 0x36	; 54
    2332:	07 fe       	sbrs	r0, 7
    2334:	fd cf       	rjmp	.-6      	; 0x2330 <EEPROM_WriteByte+0x2c>
    while (!(TWCR & (1 << TWINT)));
}

static void I2C_Stop(void)
{
    TWCR = (1 << TWINT) | (1 << TWEN) | (1 << TWSTO);
    2336:	84 e9       	ldi	r24, 0x94	; 148
    2338:	86 bf       	out	0x36, r24	; 54
    I2C_Write(devAddr | 0); // Write mode
    I2C_Write((u8)memAddr); // Low byte address
    I2C_Write(data);
    I2C_Stop();

    EEPROM_WaitReady(devAddr);
    233a:	89 2f       	mov	r24, r25
    233c:	0e 94 63 11 	call	0x22c6	; 0x22c6 <EEPROM_WaitReady>
}
    2340:	08 95       	ret

00002342 <EEPROM_ReadByte>:

u8 EEPROM_ReadByte(u16 memAddr)
{
    2342:	0f 93       	push	r16
    2344:	1f 93       	push	r17
    u8 data;
    u8 devAddr = EEPROM_FIXED_ADDRESS
               | (A2_CONNECTION << 2)
               | (u8)(memAddr >> 8);
    2346:	8c 01       	movw	r16, r24
    2348:	10 6a       	ori	r17, 0xA0	; 160

    EEPROM_WaitReady(devAddr);
    234a:	81 2f       	mov	r24, r17
    234c:	0e 94 63 11 	call	0x22c6	; 0x22c6 <EEPROM_WaitReady>
    TWSR = 0x00; // Prescaler = 1
}

static void I2C_Start(void)
{
    TWCR = (1 << TWINT) | (1 << TWSTA) | (1 << TWEN);
    2350:	84 ea       	ldi	r24, 0xA4	; 164
    2352:	86 bf       	out	0x36, r24	; 54
    while (!(TWCR & (1 << TWINT)));
    2354:	06 b6       	in	r0, 0x36	; 54
    2356:	07 fe       	sbrs	r0, 7
    2358:	fd cf       	rjmp	.-6      	; 0x2354 <EEPROM_ReadByte+0x12>
    TWCR = (1 << TWINT) | (1 << TWEN) | (1 << TWSTO);
}

static void I2C_Write(u8 data)
{
    TWDR = data;
    235a:	13 b9       	out	0x03, r17	; 3
    TWCR = (1 << TWINT) | (1 << TWEN);
    235c:	84 e8       	ldi	r24, 0x84	; 132
    235e:	86 bf       	out	0x36, r24	; 54
    while (!(TWCR & (1 << TWINT)));
    2360:	06 b6       	in	r0, 0x36	; 54
    2362:	07 fe       	sbrs	r0, 7
    2364:	fd cf       	rjmp	.-6      	; 0x2360 <EEPROM_ReadByte+0x1e>
    TWCR = (1 << TWINT) | (1 << TWEN) | (1 << TWSTO);
}

static void I2C_Write(u8 data)
{
    TWDR = data;
    2366:	03 b9       	out	0x03, r16	; 3
    TWCR = (1 << TWINT) | (1 << TWEN);
    2368:	84 e8       	ldi	r24, 0x84	; 132
    236a:	86 bf       	out	0x36, r24	; 54
    while (!(TWCR & (1 << TWINT)));
    236c:	06 b6       	in	r0, 0x36	; 54
    236e:	07 fe       	sbrs	r0, 7
    2370:	fd cf       	rjmp	.-6      	; 0x236c <EEPROM_ReadByte+0x2a>
    while (!(TWCR & (1 << TWINT)));
}

static void I2C_RepeatedStart(void)
{
    TWCR = (1 << TWINT) | (1 << TWSTA) | (1 << TWEN);
    2372:	84 ea       	ldi	r24, 0xA4	; 164
    2374:	86 bf       	out	0x36, r24	; 54
    while (!(TWCR & (1 << TWINT)));
    2376:	06 b6       	in	r0, 0x36	; 54
    2378:	07 fe       	sbrs	r0, 7
    237a:	fd cf       	rjmp	.-6      	; 0x2376 <EEPROM_ReadByte+0x34>
    I2C_Start();
    I2C_Write(devAddr | 0); // Write mode
    I2C_Write((u8)memAddr);

    I2C_RepeatedStart();
    I2C_Write(devAddr | 1); // Read mode
    237c:	11 60       	ori	r17, 0x01	; 1
    TWCR = (1 << TWINT) | (1 << TWEN) | (1 << TWSTO);
}

static void I2C_Write(u8 data)
{
    TWDR = data;
    237e:	13 b9       	out	0x03, r17	; 3
    TWCR = (1 << TWINT) | (1 << TWEN);
    2380:	84 e8       	ldi	r24, 0x84	; 132
    2382:	86 bf       	out	0x36, r24	; 54
    while (!(TWCR & (1 << TWINT)));
    2384:	06 b6       	in	r0, 0x36	; 54
    2386:	07 fe       	sbrs	r0, 7
    2388:	fd cf       	rjmp	.-6      	; 0x2384 <EEPROM_ReadByte+0x42>
    return TWDR;
}

static u8 I2C_ReadNACK(void)
{
    TWCR = (1 << TWINT) | (1 << TWEN);
    238a:	84 e8       	ldi	r24, 0x84	; 132
    238c:	86 bf       	out	0x36, r24	; 54
    while (!(TWCR & (1 << TWINT)));
    238e:	06 b6       	in	r0, 0x36	; 54
    2390:	07 fe       	sbrs	r0, 7
    2392:	fd cf       	rjmp	.-6      	; 0x238e <EEPROM_ReadByte+0x4c>
    return TWDR;
    2394:	83 b1       	in	r24, 0x03	; 3
    while (!(TWCR & (1 << TWINT)));
}

static void I2C_Stop(void)
{
    TWCR = (1 << TWINT) | (1 << TWEN) | (1 << TWSTO);
    2396:	94 e9       	ldi	r25, 0x94	; 148
    2398:	96 bf       	out	0x36, r25	; 54
    I2C_Write(devAddr | 1); // Read mode
    data = I2C_ReadNACK();
    I2C_Stop();

    return data;
}
    239a:	1f 91       	pop	r17
    239c:	0f 91       	pop	r16
    239e:	08 95       	ret

000023a0 <EEPROM_ReadBytes>:

void EEPROM_ReadBytes(u16 startAddr, u8 *buffer, u16 length)
{
    23a0:	ef 92       	push	r14
    23a2:	ff 92       	push	r15
    23a4:	0f 93       	push	r16
    23a6:	1f 93       	push	r17
    23a8:	cf 93       	push	r28
    23aa:	df 93       	push	r29
    23ac:	08 2f       	mov	r16, r24
    23ae:	f6 2e       	mov	r15, r22
    23b0:	e7 2e       	mov	r14, r23
    23b2:	ea 01       	movw	r28, r20
    u8 devAddr = EEPROM_FIXED_ADDRESS
               | (A2_CONNECTION << 2)
               | (u8)(startAddr >> 8);
    23b4:	19 2f       	mov	r17, r25
    23b6:	10 6a       	ori	r17, 0xA0	; 160
    u16 i;

    EEPROM_WaitReady(devAddr);
    23b8:	81 2f       	mov	r24, r17
    23ba:	0e 94 63 11 	call	0x22c6	; 0x22c6 <EEPROM_WaitReady>
    TWSR = 0x00; // Prescaler = 1
}

static void I2C_Start(void)
{
    TWCR = (1 << TWINT) | (1 << TWSTA) | (1 << TWEN);
    23be:	84 ea       	ldi	r24, 0xA4	; 164
    23c0:	86 bf       	out	0x36, r24	; 54
    while (!(TWCR & (1 << TWINT)));
    23c2:	06 b6       	in	r0, 0x36	; 54
    23c4:	07 fe       	sbrs	r0, 7
    23c6:	fd cf       	rjmp	.-6      	; 0x23c2 <EEPROM_ReadBytes+0x22>
    TWCR = (1 << TWINT) | (1 << TWEN) | (1 << TWSTO);
}

static void I2C_Write(u8 data)
{
    TWDR = data;
    23c8:	13 b9       	out	0x03, r17	; 3
    TWCR = (1 << TWINT) | (1 << TWEN);
    23ca:	84 e8       	ldi	r24, 0x84	; 132
    23cc:	86 bf       	out	0x36, r24	; 54
    while (!(TWCR & (1 << TWINT)));
    23ce:	06 b6       	in	r0, 0x36	; 54
    23d0:	07 fe       	sbrs	r0, 7
    23d2:	fd cf       	rjmp	.-6      	; 0x23ce <EEPROM_ReadBytes+0x2e>
    TWCR = (1 << TWINT) | (1 << TWEN) | (1 << TWSTO);
}

static void I2C_Write(u8 data)
{
    TWDR = data;
    23d4:	03 b9       	out	0x03, r16	; 3
    TWCR = (1 << TWINT) | (1 << TWEN);
    23d6:	84 e8       	ldi	r24, 0x84	; 132
    23d8:	86 bf       	out	0x36, r24	; 54
    while (!(TWCR & (1 << TWINT)));
    23da:	06 b6       	in	r0, 0x36	; 54
    23dc:	07 fe       	sbrs	r0, 7
    23de:	fd cf       	rjmp	.-6      	; 0x23da <EEPROM_ReadBytes+0x3a>
    while (!(TWCR & (1 << TWINT)));
}

static void I2C_RepeatedStart(void)
{
    TWCR = (1 << TWINT) | (1 << TWSTA) | (1 << TWEN);
    23e0:	84 ea       	ldi	r24, 0xA4	; 164
    23e2:	86 bf       	out	0x36, r24	; 54
    while (!(TWCR & (1 << TWINT)));
    23e4:	06 b6       	in	r0, 0x36	; 54
    23e6:	07 fe       	sbrs	r0, 7
    23e8:	fd cf       	rjmp	.-6      	; 0x23e4 <EEPROM_ReadBytes+0x44>
    I2C_Start();
    I2C_Write(devAddr | 0); // Write mode
    I2C_Write((u8)startAddr);

    I2C_RepeatedStart();
    I2C_Write(devAddr | 1); // Read mode
    23ea:	11 60       	ori	r17, 0x01	; 1
    TWCR = (1 << TWINT) | (1 << TWEN) | (1 << TWSTO);
}

static void I2C_Write(u8 data)
{
    TWDR = data;
    23ec:	13 b9       	out	0x03, r17	; 3
    TWCR = (1 << TWINT) | (1 << TWEN);
    23ee:	84 e8       	ldi	r24, 0x84	; 132
    23f0:	86 bf       	out	0x36, r24	; 54
    while (!(TWCR & (1 << TWINT)));
    23f2:	06 b6       	in	r0, 0x36	; 54
    23f4:	07 fe       	sbrs	r0, 7
    23f6:	fd cf       	rjmp	.-6      	; 0x23f2 <EEPROM_ReadBytes+0x52>
    23f8:	8f 2d       	mov	r24, r15
    23fa:	9e 2d       	mov	r25, r14
    23fc:	9c 01       	movw	r18, r24
    23fe:	f9 01       	movw	r30, r18
    2400:	20 e0       	ldi	r18, 0x00	; 0
    2402:	30 e0       	ldi	r19, 0x00	; 0
    I2C_RepeatedStart();
    I2C_Write(devAddr | 1); // Read mode

    for (i = 0; i < length; i++)
    {
        if (i < (length - 1))
    2404:	ae 01       	movw	r20, r28
    2406:	41 50       	subi	r20, 0x01	; 1
    2408:	50 40       	sbci	r21, 0x00	; 0
    return TWDR;
}

static u8 I2C_ReadNACK(void)
{
    TWCR = (1 << TWINT) | (1 << TWEN);
    240a:	64 e8       	ldi	r22, 0x84	; 132
    while (!(TWCR & (1 << TWINT)));
}

static u8 I2C_ReadACK(void)
{
    TWCR = (1 << TWINT) | (1 << TWEN) | (1 << TWEA);
    240c:	94 ec       	ldi	r25, 0xC4	; 196
    240e:	11 c0       	rjmp	.+34     	; 0x2432 <EEPROM_ReadBytes+0x92>
    I2C_RepeatedStart();
    I2C_Write(devAddr | 1); // Read mode

    for (i = 0; i < length; i++)
    {
        if (i < (length - 1))
    2410:	24 17       	cp	r18, r20
    2412:	35 07       	cpc	r19, r21
    2414:	28 f4       	brcc	.+10     	; 0x2420 <EEPROM_ReadBytes+0x80>
    while (!(TWCR & (1 << TWINT)));
}

static u8 I2C_ReadACK(void)
{
    TWCR = (1 << TWINT) | (1 << TWEN) | (1 << TWEA);
    2416:	96 bf       	out	0x36, r25	; 54
    while (!(TWCR & (1 << TWINT)));
    2418:	06 b6       	in	r0, 0x36	; 54
    241a:	07 fe       	sbrs	r0, 7
    241c:	fd cf       	rjmp	.-6      	; 0x2418 <EEPROM_ReadBytes+0x78>
    241e:	04 c0       	rjmp	.+8      	; 0x2428 <EEPROM_ReadBytes+0x88>
    return TWDR;
}

static u8 I2C_ReadNACK(void)
{
    TWCR = (1 << TWINT) | (1 << TWEN);
    2420:	66 bf       	out	0x36, r22	; 54
    while (!(TWCR & (1 << TWINT)));
    2422:	06 b6       	in	r0, 0x36	; 54
    2424:	07 fe       	sbrs	r0, 7
    2426:	fd cf       	rjmp	.-6      	; 0x2422 <EEPROM_ReadBytes+0x82>
    return TWDR;
    2428:	83 b1       	in	r24, 0x03	; 3
    for (i = 0; i < length; i++)
    {
        if (i < (length - 1))
            buffer[i] = I2C_ReadACK();
        else
            buffer[i] = I2C_ReadNACK();
    242a:	80 83       	st	Z, r24
    I2C_Write((u8)startAddr);

    I2C_RepeatedStart();
    I2C_Write(devAddr | 1); // Read mode

    for (i = 0; i < length; i++)
    242c:	2f 5f       	subi	r18, 0xFF	; 255
    242e:	3f 4f       	sbci	r19, 0xFF	; 255
    2430:	31 96       	adiw	r30, 0x01	; 1
    2432:	2c 17       	cp	r18, r28
    2434:	3d 07       	cpc	r19, r29
    2436:	60 f3       	brcs	.-40     	; 0x2410 <EEPROM_ReadBytes+0x70>
    while (!(TWCR & (1 << TWINT)));
}

static void I2C_Stop(void)
{
    TWCR = (1 << TWINT) | (1 << TWEN) | (1 << TWSTO);
    2438:	84 e9       	ldi	r24, 0x94	; 148
    243a:	86 bf       	out	0x36, r24	; 54
            buffer[i] = I2C_ReadACK();
        else
            buffer[i] = I2C_ReadNACK();
    }
    I2C_Stop();
}
    243c:	df 91       	pop	r29
    243e:	cf 91       	pop	r28
    2440:	1f 91       	pop	r17
    2442:	0f 91       	pop	r16
    2444:	ff 90       	pop	r15
    2446:	ef 90       	pop	r14
    2448:	08 95       	ret

0000244a <TIMER1_voidSetCompareValue>:
}


void TIMER1_voidSetCompareValue(u16 Copy_u16Value)
{
	OCR1A=Copy_u16Value;
    244a:	9b bd       	out	0x2b, r25	; 43
    244c:	8a bd       	out	0x2a, r24	; 42
}
    244e:	08 95       	ret

00002450 <Servo_voidSetAngle>:
void Servo_voidSetAngle(u8 Copy_u8Angle)
{
        if (Copy_u8Angle > 180)
    2450:	85 3b       	cpi	r24, 0xB5	; 181
    2452:	70 f4       	brcc	.+28     	; 0x2470 <Servo_voidSetAngle+0x20>
            Copy_u8Angle = 180;

   if(Copy_u8Angle==0)
    2454:	88 23       	and	r24, r24
    2456:	19 f4       	brne	.+6      	; 0x245e <Servo_voidSetAngle+0xe>
}


void TIMER1_voidSetCompareValue(u16 Copy_u16Value)
{
	OCR1A=Copy_u16Value;
    2458:	88 ee       	ldi	r24, 0xE8	; 232
    245a:	93 e0       	ldi	r25, 0x03	; 3
    245c:	04 c0       	rjmp	.+8      	; 0x2466 <Servo_voidSetAngle+0x16>
        if (Copy_u8Angle > 180)
            Copy_u8Angle = 180;

   if(Copy_u8Angle==0)
	   TIMER1_voidSetCompareValue(1000);
   else if(Copy_u8Angle==90)
    245e:	8a 35       	cpi	r24, 0x5A	; 90
    2460:	29 f4       	brne	.+10     	; 0x246c <Servo_voidSetAngle+0x1c>
}


void TIMER1_voidSetCompareValue(u16 Copy_u16Value)
{
	OCR1A=Copy_u16Value;
    2462:	8c ed       	ldi	r24, 0xDC	; 220
    2464:	95 e0       	ldi	r25, 0x05	; 5
    2466:	9b bd       	out	0x2b, r25	; 43
    2468:	8a bd       	out	0x2a, r24	; 42
    246a:	08 95       	ret

   if(Copy_u8Angle==0)
	   TIMER1_voidSetCompareValue(1000);
   else if(Copy_u8Angle==90)
	   TIMER1_voidSetCompareValue(1500);
   else if(Copy_u8Angle==180)
    246c:	84 3b       	cpi	r24, 0xB4	; 180
    246e:	21 f4       	brne	.+8      	; 0x2478 <Servo_voidSetAngle+0x28>
}


void TIMER1_voidSetCompareValue(u16 Copy_u16Value)
{
	OCR1A=Copy_u16Value;
    2470:	80 ed       	ldi	r24, 0xD0	; 208
    2472:	97 e0       	ldi	r25, 0x07	; 7
    2474:	9b bd       	out	0x2b, r25	; 43
    2476:	8a bd       	out	0x2a, r24	; 42
    2478:	08 95       	ret

0000247a <Open_voidDoor>:
}
void Open_voidDoor()
{

	//TIMER1_voidInit();
	 Servo_voidSetAngle(180);
    247a:	84 eb       	ldi	r24, 0xB4	; 180
    247c:	0e 94 28 12 	call	0x2450	; 0x2450 <Servo_voidSetAngle>
}
    2480:	08 95       	ret

00002482 <Close_voidDoor>:
void Close_voidDoor()
{
	//TIMER1_voidInit();
	 Servo_voidSetAngle(0);
    2482:	80 e0       	ldi	r24, 0x00	; 0
    2484:	0e 94 28 12 	call	0x2450	; 0x2450 <Servo_voidSetAngle>
}
    2488:	08 95       	ret

0000248a <Func>:

volatile u8 mode=1;

void Func(void)
{
	mode ^= 1;
    248a:	80 91 a8 01 	lds	r24, 0x01A8
    248e:	91 e0       	ldi	r25, 0x01	; 1
    2490:	89 27       	eor	r24, r25
    2492:	80 93 a8 01 	sts	0x01A8, r24
	if (mode==0)
    2496:	80 91 a8 01 	lds	r24, 0x01A8
    249a:	88 23       	and	r24, r24
    249c:	19 f4       	brne	.+6      	; 0x24a4 <Func+0x1a>
	{
		Open_voidDoor();
    249e:	0e 94 3d 12 	call	0x247a	; 0x247a <Open_voidDoor>
    24a2:	08 95       	ret
	}
	else if (mode==1)
    24a4:	80 91 a8 01 	lds	r24, 0x01A8
    24a8:	81 30       	cpi	r24, 0x01	; 1
    24aa:	11 f4       	brne	.+4      	; 0x24b0 <Func+0x26>
	{
		Close_voidDoor();
    24ac:	0e 94 41 12 	call	0x2482	; 0x2482 <Close_voidDoor>
    24b0:	08 95       	ret

000024b2 <Door_voidinit>:
	}
}
void Door_voidinit()
{

		TIMER1_voidInit();
    24b2:	0e 94 a6 08 	call	0x114c	; 0x114c <TIMER1_voidInit>
		DIO_voidInit();
    24b6:	0e 94 14 0c 	call	0x1828	; 0x1828 <DIO_voidInit>
		DIO_u8SetPinDirection(DIO_u8_PORTB, DIO_u8_PIN2, DIO_u8_INPUT);   // INT0 button
    24ba:	81 e0       	ldi	r24, 0x01	; 1
    24bc:	62 e0       	ldi	r22, 0x02	; 2
    24be:	40 e0       	ldi	r20, 0x00	; 0
    24c0:	0e 94 ba 0a 	call	0x1574	; 0x1574 <DIO_u8SetPinDirection>
		DIO_u8SetPinValue(DIO_u8_PORTB, DIO_u8_PIN2, DIO_u8_HIGH);        // Pull-up
    24c4:	81 e0       	ldi	r24, 0x01	; 1
    24c6:	62 e0       	ldi	r22, 0x02	; 2
    24c8:	41 e0       	ldi	r20, 0x01	; 1
    24ca:	0e 94 41 0b 	call	0x1682	; 0x1682 <DIO_u8SetPinValue>
	    DIO_u8SetPinDirection(DIO_u8_PORTD, DIO_u8_PIN5, DIO_u8_OUTPUT);
    24ce:	83 e0       	ldi	r24, 0x03	; 3
    24d0:	65 e0       	ldi	r22, 0x05	; 5
    24d2:	41 e0       	ldi	r20, 0x01	; 1
    24d4:	0e 94 ba 0a 	call	0x1574	; 0x1574 <DIO_u8SetPinDirection>
	    DIO_u8SetPinValue(DIO_u8_PORTD, DIO_u8_PIN5, DIO_u8_LOW);
    24d8:	83 e0       	ldi	r24, 0x03	; 3
    24da:	65 e0       	ldi	r22, 0x05	; 5
    24dc:	40 e0       	ldi	r20, 0x00	; 0
    24de:	0e 94 41 0b 	call	0x1682	; 0x1682 <DIO_u8SetPinValue>

		EXTI_voidEnableDisable(EXT_INT2, ENABLED);
    24e2:	82 e0       	ldi	r24, 0x02	; 2
    24e4:	60 e0       	ldi	r22, 0x00	; 0
    24e6:	0e 94 aa 09 	call	0x1354	; 0x1354 <EXTI_voidEnableDisable>
		EXTI_voidSetSenseCtrl(EXT_INT2, FALLING_EDGE);
    24ea:	82 e0       	ldi	r24, 0x02	; 2
    24ec:	62 e0       	ldi	r22, 0x02	; 2
    24ee:	0e 94 d4 09 	call	0x13a8	; 0x13a8 <EXTI_voidSetSenseCtrl>
		EXTI_voidSetCallBack(EXT_INT2, Func);
    24f2:	82 e0       	ldi	r24, 0x02	; 2
    24f4:	65 e4       	ldi	r22, 0x45	; 69
    24f6:	72 e1       	ldi	r23, 0x12	; 18
    24f8:	0e 94 20 0a 	call	0x1440	; 0x1440 <EXTI_voidSetCallBack>
		GI_voidEnable();
    24fc:	0e 94 b2 0a 	call	0x1564	; 0x1564 <GI_voidEnable>
}
    2500:	08 95       	ret

00002502 <DCMOTOR_Toggle>:
#include "MCAL/DIO/DIO_interface.h"
#include <util/delay.h>
void DCMOTOR_Toggle(void)
{

	TOG_BIT(DC_MOTOR_PORT,DC_MOTOR_PIN);
    2502:	8b b3       	in	r24, 0x1b	; 27
    2504:	91 e0       	ldi	r25, 0x01	; 1
    2506:	89 27       	eor	r24, r25
    2508:	8b bb       	out	0x1b, r24	; 27

}
    250a:	08 95       	ret

0000250c <DCMOTOR_OperateCCW>:
								DIO_u8SetPinValue(DIO_u8_PORTA,DIO_u8_PIN3,DIO_u8_HIGH);
								_delay_ms(10);
	}
}
void DCMOTOR_OperateCCW(u32 steps)
{
    250c:	ef 92       	push	r14
    250e:	ff 92       	push	r15
    2510:	0f 93       	push	r16
    2512:	1f 93       	push	r17
    2514:	cf 93       	push	r28
    2516:	df 93       	push	r29
    2518:	7c 01       	movw	r14, r24
    251a:	c0 e0       	ldi	r28, 0x00	; 0
    251c:	d0 e0       	ldi	r29, 0x00	; 0
    251e:	00 e2       	ldi	r16, 0x20	; 32
    2520:	1e e4       	ldi	r17, 0x4E	; 78
    2522:	5d c0       	rjmp	.+186    	; 0x25de <DCMOTOR_OperateCCW+0xd2>
	for(u32 i=0;i<steps;i++)
		{
	DIO_u8SetPinValue(DIO_u8_PORTA,DIO_u8_PIN0,DIO_u8_LOW);
    2524:	80 e0       	ldi	r24, 0x00	; 0
    2526:	60 e0       	ldi	r22, 0x00	; 0
    2528:	40 e0       	ldi	r20, 0x00	; 0
    252a:	0e 94 41 0b 	call	0x1682	; 0x1682 <DIO_u8SetPinValue>
									DIO_u8SetPinValue(DIO_u8_PORTA,DIO_u8_PIN1,DIO_u8_LOW);
    252e:	80 e0       	ldi	r24, 0x00	; 0
    2530:	61 e0       	ldi	r22, 0x01	; 1
    2532:	40 e0       	ldi	r20, 0x00	; 0
    2534:	0e 94 41 0b 	call	0x1682	; 0x1682 <DIO_u8SetPinValue>
									DIO_u8SetPinValue(DIO_u8_PORTA,DIO_u8_PIN2,DIO_u8_LOW);
    2538:	80 e0       	ldi	r24, 0x00	; 0
    253a:	62 e0       	ldi	r22, 0x02	; 2
    253c:	40 e0       	ldi	r20, 0x00	; 0
    253e:	0e 94 41 0b 	call	0x1682	; 0x1682 <DIO_u8SetPinValue>
									DIO_u8SetPinValue(DIO_u8_PORTA,DIO_u8_PIN3,DIO_u8_HIGH);
    2542:	80 e0       	ldi	r24, 0x00	; 0
    2544:	63 e0       	ldi	r22, 0x03	; 3
    2546:	41 e0       	ldi	r20, 0x01	; 1
    2548:	0e 94 41 0b 	call	0x1682	; 0x1682 <DIO_u8SetPinValue>
    254c:	c8 01       	movw	r24, r16
    254e:	01 97       	sbiw	r24, 0x01	; 1
    2550:	f1 f7       	brne	.-4      	; 0x254e <DCMOTOR_OperateCCW+0x42>
									_delay_ms(10);
									DIO_u8SetPinValue(DIO_u8_PORTA,DIO_u8_PIN0,DIO_u8_LOW);
    2552:	80 e0       	ldi	r24, 0x00	; 0
    2554:	60 e0       	ldi	r22, 0x00	; 0
    2556:	40 e0       	ldi	r20, 0x00	; 0
    2558:	0e 94 41 0b 	call	0x1682	; 0x1682 <DIO_u8SetPinValue>
															DIO_u8SetPinValue(DIO_u8_PORTA,DIO_u8_PIN1,DIO_u8_LOW);
    255c:	80 e0       	ldi	r24, 0x00	; 0
    255e:	61 e0       	ldi	r22, 0x01	; 1
    2560:	40 e0       	ldi	r20, 0x00	; 0
    2562:	0e 94 41 0b 	call	0x1682	; 0x1682 <DIO_u8SetPinValue>
															DIO_u8SetPinValue(DIO_u8_PORTA,DIO_u8_PIN2,DIO_u8_HIGH);
    2566:	80 e0       	ldi	r24, 0x00	; 0
    2568:	62 e0       	ldi	r22, 0x02	; 2
    256a:	41 e0       	ldi	r20, 0x01	; 1
    256c:	0e 94 41 0b 	call	0x1682	; 0x1682 <DIO_u8SetPinValue>
															DIO_u8SetPinValue(DIO_u8_PORTA,DIO_u8_PIN3,DIO_u8_LOW);
    2570:	80 e0       	ldi	r24, 0x00	; 0
    2572:	63 e0       	ldi	r22, 0x03	; 3
    2574:	40 e0       	ldi	r20, 0x00	; 0
    2576:	0e 94 41 0b 	call	0x1682	; 0x1682 <DIO_u8SetPinValue>
    257a:	c8 01       	movw	r24, r16
    257c:	01 97       	sbiw	r24, 0x01	; 1
    257e:	f1 f7       	brne	.-4      	; 0x257c <DCMOTOR_OperateCCW+0x70>
															_delay_ms(10);
															DIO_u8SetPinValue(DIO_u8_PORTA,DIO_u8_PIN0,DIO_u8_LOW);
    2580:	80 e0       	ldi	r24, 0x00	; 0
    2582:	60 e0       	ldi	r22, 0x00	; 0
    2584:	40 e0       	ldi	r20, 0x00	; 0
    2586:	0e 94 41 0b 	call	0x1682	; 0x1682 <DIO_u8SetPinValue>
																			DIO_u8SetPinValue(DIO_u8_PORTA,DIO_u8_PIN1,DIO_u8_HIGH);
    258a:	80 e0       	ldi	r24, 0x00	; 0
    258c:	61 e0       	ldi	r22, 0x01	; 1
    258e:	41 e0       	ldi	r20, 0x01	; 1
    2590:	0e 94 41 0b 	call	0x1682	; 0x1682 <DIO_u8SetPinValue>
																			DIO_u8SetPinValue(DIO_u8_PORTA,DIO_u8_PIN2,DIO_u8_LOW);
    2594:	80 e0       	ldi	r24, 0x00	; 0
    2596:	62 e0       	ldi	r22, 0x02	; 2
    2598:	40 e0       	ldi	r20, 0x00	; 0
    259a:	0e 94 41 0b 	call	0x1682	; 0x1682 <DIO_u8SetPinValue>
																			DIO_u8SetPinValue(DIO_u8_PORTA,DIO_u8_PIN3,DIO_u8_LOW);
    259e:	80 e0       	ldi	r24, 0x00	; 0
    25a0:	63 e0       	ldi	r22, 0x03	; 3
    25a2:	40 e0       	ldi	r20, 0x00	; 0
    25a4:	0e 94 41 0b 	call	0x1682	; 0x1682 <DIO_u8SetPinValue>
    25a8:	c8 01       	movw	r24, r16
    25aa:	01 97       	sbiw	r24, 0x01	; 1
    25ac:	f1 f7       	brne	.-4      	; 0x25aa <DCMOTOR_OperateCCW+0x9e>
																			_delay_ms(10);
																			DIO_u8SetPinValue(DIO_u8_PORTA,DIO_u8_PIN0,DIO_u8_HIGH);
    25ae:	80 e0       	ldi	r24, 0x00	; 0
    25b0:	60 e0       	ldi	r22, 0x00	; 0
    25b2:	41 e0       	ldi	r20, 0x01	; 1
    25b4:	0e 94 41 0b 	call	0x1682	; 0x1682 <DIO_u8SetPinValue>
																					DIO_u8SetPinValue(DIO_u8_PORTA,DIO_u8_PIN1,DIO_u8_LOW);
    25b8:	80 e0       	ldi	r24, 0x00	; 0
    25ba:	61 e0       	ldi	r22, 0x01	; 1
    25bc:	40 e0       	ldi	r20, 0x00	; 0
    25be:	0e 94 41 0b 	call	0x1682	; 0x1682 <DIO_u8SetPinValue>
																					DIO_u8SetPinValue(DIO_u8_PORTA,DIO_u8_PIN2,DIO_u8_LOW);
    25c2:	80 e0       	ldi	r24, 0x00	; 0
    25c4:	62 e0       	ldi	r22, 0x02	; 2
    25c6:	40 e0       	ldi	r20, 0x00	; 0
    25c8:	0e 94 41 0b 	call	0x1682	; 0x1682 <DIO_u8SetPinValue>
																					DIO_u8SetPinValue(DIO_u8_PORTA,DIO_u8_PIN3,DIO_u8_LOW);
    25cc:	80 e0       	ldi	r24, 0x00	; 0
    25ce:	63 e0       	ldi	r22, 0x03	; 3
    25d0:	40 e0       	ldi	r20, 0x00	; 0
    25d2:	0e 94 41 0b 	call	0x1682	; 0x1682 <DIO_u8SetPinValue>
    25d6:	c8 01       	movw	r24, r16
    25d8:	01 97       	sbiw	r24, 0x01	; 1
    25da:	f1 f7       	brne	.-4      	; 0x25d8 <DCMOTOR_OperateCCW+0xcc>
								_delay_ms(10);
	}
}
void DCMOTOR_OperateCCW(u32 steps)
{
	for(u32 i=0;i<steps;i++)
    25dc:	21 96       	adiw	r28, 0x01	; 1
    25de:	ce 15       	cp	r28, r14
    25e0:	df 05       	cpc	r29, r15
    25e2:	08 f4       	brcc	.+2      	; 0x25e6 <DCMOTOR_OperateCCW+0xda>
    25e4:	9f cf       	rjmp	.-194    	; 0x2524 <DCMOTOR_OperateCCW+0x18>
																					DIO_u8SetPinValue(DIO_u8_PORTA,DIO_u8_PIN1,DIO_u8_LOW);
																					DIO_u8SetPinValue(DIO_u8_PORTA,DIO_u8_PIN2,DIO_u8_LOW);
																					DIO_u8SetPinValue(DIO_u8_PORTA,DIO_u8_PIN3,DIO_u8_LOW);
																					_delay_ms(10);
		}
}
    25e6:	df 91       	pop	r29
    25e8:	cf 91       	pop	r28
    25ea:	1f 91       	pop	r17
    25ec:	0f 91       	pop	r16
    25ee:	ff 90       	pop	r15
    25f0:	ef 90       	pop	r14
    25f2:	08 95       	ret

000025f4 <DCMOTOR_OperateCW>:
	TOG_BIT(DC_MOTOR_PORT,DC_MOTOR_PIN);

}

void DCMOTOR_OperateCW(u32 steps)
{
    25f4:	ef 92       	push	r14
    25f6:	ff 92       	push	r15
    25f8:	0f 93       	push	r16
    25fa:	1f 93       	push	r17
    25fc:	cf 93       	push	r28
    25fe:	df 93       	push	r29
    2600:	7c 01       	movw	r14, r24
    2602:	c0 e0       	ldi	r28, 0x00	; 0
    2604:	d0 e0       	ldi	r29, 0x00	; 0
    2606:	00 e2       	ldi	r16, 0x20	; 32
    2608:	1e e4       	ldi	r17, 0x4E	; 78
    260a:	5d c0       	rjmp	.+186    	; 0x26c6 <DCMOTOR_OperateCW+0xd2>
	for(u32 i=0;i<steps;i++)
	{
		DIO_u8SetPinValue(DIO_u8_PORTA,DIO_u8_PIN0,DIO_u8_HIGH);
    260c:	80 e0       	ldi	r24, 0x00	; 0
    260e:	60 e0       	ldi	r22, 0x00	; 0
    2610:	41 e0       	ldi	r20, 0x01	; 1
    2612:	0e 94 41 0b 	call	0x1682	; 0x1682 <DIO_u8SetPinValue>
		DIO_u8SetPinValue(DIO_u8_PORTA,DIO_u8_PIN1,DIO_u8_LOW);
    2616:	80 e0       	ldi	r24, 0x00	; 0
    2618:	61 e0       	ldi	r22, 0x01	; 1
    261a:	40 e0       	ldi	r20, 0x00	; 0
    261c:	0e 94 41 0b 	call	0x1682	; 0x1682 <DIO_u8SetPinValue>
		DIO_u8SetPinValue(DIO_u8_PORTA,DIO_u8_PIN2,DIO_u8_LOW);
    2620:	80 e0       	ldi	r24, 0x00	; 0
    2622:	62 e0       	ldi	r22, 0x02	; 2
    2624:	40 e0       	ldi	r20, 0x00	; 0
    2626:	0e 94 41 0b 	call	0x1682	; 0x1682 <DIO_u8SetPinValue>
		DIO_u8SetPinValue(DIO_u8_PORTA,DIO_u8_PIN3,DIO_u8_LOW);
    262a:	80 e0       	ldi	r24, 0x00	; 0
    262c:	63 e0       	ldi	r22, 0x03	; 3
    262e:	40 e0       	ldi	r20, 0x00	; 0
    2630:	0e 94 41 0b 	call	0x1682	; 0x1682 <DIO_u8SetPinValue>
    2634:	c8 01       	movw	r24, r16
    2636:	01 97       	sbiw	r24, 0x01	; 1
    2638:	f1 f7       	brne	.-4      	; 0x2636 <DCMOTOR_OperateCW+0x42>
		_delay_ms(10);
		DIO_u8SetPinValue(DIO_u8_PORTA,DIO_u8_PIN0,DIO_u8_LOW);
    263a:	80 e0       	ldi	r24, 0x00	; 0
    263c:	60 e0       	ldi	r22, 0x00	; 0
    263e:	40 e0       	ldi	r20, 0x00	; 0
    2640:	0e 94 41 0b 	call	0x1682	; 0x1682 <DIO_u8SetPinValue>
				DIO_u8SetPinValue(DIO_u8_PORTA,DIO_u8_PIN1,DIO_u8_HIGH);
    2644:	80 e0       	ldi	r24, 0x00	; 0
    2646:	61 e0       	ldi	r22, 0x01	; 1
    2648:	41 e0       	ldi	r20, 0x01	; 1
    264a:	0e 94 41 0b 	call	0x1682	; 0x1682 <DIO_u8SetPinValue>
				DIO_u8SetPinValue(DIO_u8_PORTA,DIO_u8_PIN2,DIO_u8_LOW);
    264e:	80 e0       	ldi	r24, 0x00	; 0
    2650:	62 e0       	ldi	r22, 0x02	; 2
    2652:	40 e0       	ldi	r20, 0x00	; 0
    2654:	0e 94 41 0b 	call	0x1682	; 0x1682 <DIO_u8SetPinValue>
				DIO_u8SetPinValue(DIO_u8_PORTA,DIO_u8_PIN3,DIO_u8_LOW);
    2658:	80 e0       	ldi	r24, 0x00	; 0
    265a:	63 e0       	ldi	r22, 0x03	; 3
    265c:	40 e0       	ldi	r20, 0x00	; 0
    265e:	0e 94 41 0b 	call	0x1682	; 0x1682 <DIO_u8SetPinValue>
    2662:	c8 01       	movw	r24, r16
    2664:	01 97       	sbiw	r24, 0x01	; 1
    2666:	f1 f7       	brne	.-4      	; 0x2664 <DCMOTOR_OperateCW+0x70>
				_delay_ms(10);
				DIO_u8SetPinValue(DIO_u8_PORTA,DIO_u8_PIN0,DIO_u8_LOW);
    2668:	80 e0       	ldi	r24, 0x00	; 0
    266a:	60 e0       	ldi	r22, 0x00	; 0
    266c:	40 e0       	ldi	r20, 0x00	; 0
    266e:	0e 94 41 0b 	call	0x1682	; 0x1682 <DIO_u8SetPinValue>
						DIO_u8SetPinValue(DIO_u8_PORTA,DIO_u8_PIN1,DIO_u8_LOW);
    2672:	80 e0       	ldi	r24, 0x00	; 0
    2674:	61 e0       	ldi	r22, 0x01	; 1
    2676:	40 e0       	ldi	r20, 0x00	; 0
    2678:	0e 94 41 0b 	call	0x1682	; 0x1682 <DIO_u8SetPinValue>
						DIO_u8SetPinValue(DIO_u8_PORTA,DIO_u8_PIN2,DIO_u8_HIGH);
    267c:	80 e0       	ldi	r24, 0x00	; 0
    267e:	62 e0       	ldi	r22, 0x02	; 2
    2680:	41 e0       	ldi	r20, 0x01	; 1
    2682:	0e 94 41 0b 	call	0x1682	; 0x1682 <DIO_u8SetPinValue>
						DIO_u8SetPinValue(DIO_u8_PORTA,DIO_u8_PIN3,DIO_u8_LOW);
    2686:	80 e0       	ldi	r24, 0x00	; 0
    2688:	63 e0       	ldi	r22, 0x03	; 3
    268a:	40 e0       	ldi	r20, 0x00	; 0
    268c:	0e 94 41 0b 	call	0x1682	; 0x1682 <DIO_u8SetPinValue>
    2690:	c8 01       	movw	r24, r16
    2692:	01 97       	sbiw	r24, 0x01	; 1
    2694:	f1 f7       	brne	.-4      	; 0x2692 <DCMOTOR_OperateCW+0x9e>
						_delay_ms(10);
						DIO_u8SetPinValue(DIO_u8_PORTA,DIO_u8_PIN0,DIO_u8_LOW);
    2696:	80 e0       	ldi	r24, 0x00	; 0
    2698:	60 e0       	ldi	r22, 0x00	; 0
    269a:	40 e0       	ldi	r20, 0x00	; 0
    269c:	0e 94 41 0b 	call	0x1682	; 0x1682 <DIO_u8SetPinValue>
								DIO_u8SetPinValue(DIO_u8_PORTA,DIO_u8_PIN1,DIO_u8_LOW);
    26a0:	80 e0       	ldi	r24, 0x00	; 0
    26a2:	61 e0       	ldi	r22, 0x01	; 1
    26a4:	40 e0       	ldi	r20, 0x00	; 0
    26a6:	0e 94 41 0b 	call	0x1682	; 0x1682 <DIO_u8SetPinValue>
								DIO_u8SetPinValue(DIO_u8_PORTA,DIO_u8_PIN2,DIO_u8_LOW);
    26aa:	80 e0       	ldi	r24, 0x00	; 0
    26ac:	62 e0       	ldi	r22, 0x02	; 2
    26ae:	40 e0       	ldi	r20, 0x00	; 0
    26b0:	0e 94 41 0b 	call	0x1682	; 0x1682 <DIO_u8SetPinValue>
								DIO_u8SetPinValue(DIO_u8_PORTA,DIO_u8_PIN3,DIO_u8_HIGH);
    26b4:	80 e0       	ldi	r24, 0x00	; 0
    26b6:	63 e0       	ldi	r22, 0x03	; 3
    26b8:	41 e0       	ldi	r20, 0x01	; 1
    26ba:	0e 94 41 0b 	call	0x1682	; 0x1682 <DIO_u8SetPinValue>
    26be:	c8 01       	movw	r24, r16
    26c0:	01 97       	sbiw	r24, 0x01	; 1
    26c2:	f1 f7       	brne	.-4      	; 0x26c0 <DCMOTOR_OperateCW+0xcc>

}

void DCMOTOR_OperateCW(u32 steps)
{
	for(u32 i=0;i<steps;i++)
    26c4:	21 96       	adiw	r28, 0x01	; 1
    26c6:	ce 15       	cp	r28, r14
    26c8:	df 05       	cpc	r29, r15
    26ca:	08 f4       	brcc	.+2      	; 0x26ce <DCMOTOR_OperateCW+0xda>
    26cc:	9f cf       	rjmp	.-194    	; 0x260c <DCMOTOR_OperateCW+0x18>
								DIO_u8SetPinValue(DIO_u8_PORTA,DIO_u8_PIN1,DIO_u8_LOW);
								DIO_u8SetPinValue(DIO_u8_PORTA,DIO_u8_PIN2,DIO_u8_LOW);
								DIO_u8SetPinValue(DIO_u8_PORTA,DIO_u8_PIN3,DIO_u8_HIGH);
								_delay_ms(10);
	}
}
    26ce:	df 91       	pop	r29
    26d0:	cf 91       	pop	r28
    26d2:	1f 91       	pop	r17
    26d4:	0f 91       	pop	r16
    26d6:	ff 90       	pop	r15
    26d8:	ef 90       	pop	r14
    26da:	08 95       	ret

000026dc <Set_Alarm_Tone>:

		SET_BIT(BUZZER_PORT,BUZZER_PIN);
		_delay_ms(1000);
		CLEAR_BIT(BUZZER_PORT,BUZZER_PIN);
		_delay_ms(500);*/
}
    26dc:	08 95       	ret

000026de <TurnOFF_Buzzer>:
{
	DIO_u8SetPinValue(BUZZER_PORT,BUZZER_PIN,DIO_u8_HIGH);
}
void TurnOFF_Buzzer(void)
{
	DIO_u8SetPinValue(BUZZER_PORT,BUZZER_PIN,DIO_u8_LOW);
    26de:	80 e0       	ldi	r24, 0x00	; 0
    26e0:	63 e0       	ldi	r22, 0x03	; 3
    26e2:	40 e0       	ldi	r20, 0x00	; 0
    26e4:	0e 94 41 0b 	call	0x1682	; 0x1682 <DIO_u8SetPinValue>
}
    26e8:	08 95       	ret

000026ea <TurnON_Buzzer>:
{
	DIO_u8SetPinDirection(BUZZER_PORT,BUZZER_PIN,DIO_u8_OUTPUT);
}
void TurnON_Buzzer(void)
{
	DIO_u8SetPinValue(BUZZER_PORT,BUZZER_PIN,DIO_u8_HIGH);
    26ea:	80 e0       	ldi	r24, 0x00	; 0
    26ec:	63 e0       	ldi	r22, 0x03	; 3
    26ee:	41 e0       	ldi	r20, 0x01	; 1
    26f0:	0e 94 41 0b 	call	0x1682	; 0x1682 <DIO_u8SetPinValue>
}
    26f4:	08 95       	ret

000026f6 <Buzzer_Init>:
#include "HAL/BUZZER/BUZZER_config.h"


void Buzzer_Init(void)
{
	DIO_u8SetPinDirection(BUZZER_PORT,BUZZER_PIN,DIO_u8_OUTPUT);
    26f6:	80 e0       	ldi	r24, 0x00	; 0
    26f8:	63 e0       	ldi	r22, 0x03	; 3
    26fa:	41 e0       	ldi	r20, 0x01	; 1
    26fc:	0e 94 ba 0a 	call	0x1574	; 0x1574 <DIO_u8SetPinDirection>
}
    2700:	08 95       	ret

00002702 <Bluetooth_Receive>:
    }
}

u8 Bluetooth_Receive(void)
{
    return UART_u8Receive();
    2702:	0e 94 82 07 	call	0xf04	; 0xf04 <UART_u8Receive>
}
    2706:	08 95       	ret

00002708 <Blutooth_SendString>:
{
    UART_voidSendData(data);
}

void Blutooth_SendString(char* string)
{
    2708:	0f 93       	push	r16
    270a:	1f 93       	push	r17
    270c:	cf 93       	push	r28
    270e:	df 93       	push	r29
    2710:	ec 01       	movw	r28, r24
    2712:	00 e4       	ldi	r16, 0x40	; 64
    2714:	1c e9       	ldi	r17, 0x9C	; 156
    2716:	06 c0       	rjmp	.+12     	; 0x2724 <Blutooth_SendString+0x1c>
    while (*string != '\0')
    {
        UART_voidSendData(*string);
    2718:	0e 94 75 07 	call	0xeea	; 0xeea <UART_voidSendData>
        string++;
    271c:	21 96       	adiw	r28, 0x01	; 1
    271e:	c8 01       	movw	r24, r16
    2720:	01 97       	sbiw	r24, 0x01	; 1
    2722:	f1 f7       	brne	.-4      	; 0x2720 <Blutooth_SendString+0x18>
    UART_voidSendData(data);
}

void Blutooth_SendString(char* string)
{
    while (*string != '\0')
    2724:	88 81       	ld	r24, Y
    2726:	88 23       	and	r24, r24
    2728:	b9 f7       	brne	.-18     	; 0x2718 <Blutooth_SendString+0x10>
    {
        UART_voidSendData(*string);
        string++;
        _delay_ms(20); // Optional delay to avoid overloading serial terminal
    }
}
    272a:	df 91       	pop	r29
    272c:	cf 91       	pop	r28
    272e:	1f 91       	pop	r17
    2730:	0f 91       	pop	r16
    2732:	08 95       	ret

00002734 <Bluetooth_SendByte>:
    UART_voidInit();
}

void Bluetooth_SendByte(u8 data)
{
    UART_voidSendData(data);
    2734:	0e 94 75 07 	call	0xeea	; 0xeea <UART_voidSendData>
}
    2738:	08 95       	ret

0000273a <Bluetooth_Init>:
#include "MCAL/UART/UART_interface.h"
#include <util/delay.h>

void Bluetooth_Init(void)
{
    UART_voidInit();
    273a:	0e 94 f4 07 	call	0xfe8	; 0xfe8 <UART_voidInit>
}
    273e:	08 95       	ret

00002740 <APP_voidLogin>:
		EEPROM_voidSendDataByte(3,4);*/
        //initialize number of Gas Leakage to Zero
	    //EEPROM_voidSendDataByte(4,0);
}
u8 APP_voidLogin(void)
{
    2740:	6f 92       	push	r6
    2742:	7f 92       	push	r7
    2744:	8f 92       	push	r8
    2746:	9f 92       	push	r9
    2748:	af 92       	push	r10
    274a:	bf 92       	push	r11
    274c:	df 92       	push	r13
    274e:	ef 92       	push	r14
    2750:	ff 92       	push	r15
    2752:	0f 93       	push	r16
    2754:	1f 93       	push	r17
    2756:	df 93       	push	r29
    2758:	cf 93       	push	r28
    275a:	cd b7       	in	r28, 0x3d	; 61
    275c:	de b7       	in	r29, 0x3e	; 62
    275e:	2a 97       	sbiw	r28, 0x0a	; 10
    2760:	0f b6       	in	r0, 0x3f	; 63
    2762:	f8 94       	cli
    2764:	de bf       	out	0x3e, r29	; 62
    2766:	0f be       	out	0x3f, r0	; 63
    2768:	cd bf       	out	0x3d, r28	; 61
	u8 pass[5];
	EEPROM_ReadBytes(0,pass,5);
    276a:	80 e0       	ldi	r24, 0x00	; 0
    276c:	90 e0       	ldi	r25, 0x00	; 0
    276e:	be 01       	movw	r22, r28
    2770:	6f 5f       	subi	r22, 0xFF	; 255
    2772:	7f 4f       	sbci	r23, 0xFF	; 255
    2774:	45 e0       	ldi	r20, 0x05	; 5
    2776:	50 e0       	ldi	r21, 0x00	; 0
    2778:	0e 94 d0 11 	call	0x23a0	; 0x23a0 <EEPROM_ReadBytes>
	Gas_leakage_Last=pass[4];
    277c:	8d 81       	ldd	r24, Y+5	; 0x05
    277e:	80 93 d8 01 	sts	0x01D8, r24
	DIO_u8SetPinValue(3,7,0);
    2782:	83 e0       	ldi	r24, 0x03	; 3
    2784:	67 e0       	ldi	r22, 0x07	; 7
    2786:	40 e0       	ldi	r20, 0x00	; 0
    2788:	0e 94 41 0b 	call	0x1682	; 0x1682 <DIO_u8SetPinValue>
	LCD_voidClearDisplay();
    278c:	0e 94 63 0f 	call	0x1ec6	; 0x1ec6 <LCD_voidClearDisplay>
    2790:	80 ea       	ldi	r24, 0xA0	; 160
    2792:	9f e0       	ldi	r25, 0x0F	; 15
    2794:	01 97       	sbiw	r24, 0x01	; 1
    2796:	f1 f7       	brne	.-4      	; 0x2794 <APP_voidLogin+0x54>
	_delay_ms(2);
	LCD_voidSetPosition(0,1);
    2798:	80 e0       	ldi	r24, 0x00	; 0
    279a:	61 e0       	ldi	r22, 0x01	; 1
    279c:	0e 94 59 0f 	call	0x1eb2	; 0x1eb2 <LCD_voidSetPosition>
	LCD_voidSendString("Enter Password");
    27a0:	80 e6       	ldi	r24, 0x60	; 96
    27a2:	90 e0       	ldi	r25, 0x00	; 0
    27a4:	0e 94 2a 10 	call	0x2054	; 0x2054 <LCD_voidSendString>
    27a8:	dd 24       	eor	r13, r13
    27aa:	26 e0       	ldi	r18, 0x06	; 6
    27ac:	62 2e       	mov	r6, r18
    27ae:	71 2c       	mov	r7, r1
    27b0:	6c 0e       	add	r6, r28
    27b2:	7d 1e       	adc	r7, r29
	u8 flag=0;
	for(u8 i=0;i<3;i++)
	{

		//LCD_voidSendData(' ');
		for(u8 j=0;j<4;j++)
    27b4:	9a e0       	ldi	r25, 0x0A	; 10
    27b6:	89 2e       	mov	r8, r25
    27b8:	91 2c       	mov	r9, r1
    27ba:	8c 0e       	add	r8, r28
    27bc:	9d 1e       	adc	r9, r29
    27be:	80 ea       	ldi	r24, 0xA0	; 160
    27c0:	a8 2e       	mov	r10, r24
    27c2:	8f e0       	ldi	r24, 0x0F	; 15
    27c4:	b8 2e       	mov	r11, r24
    27c6:	62 c0       	rjmp	.+196    	; 0x288c <APP_voidLogin+0x14c>
		{
			u8 key=255;
			while(key==255)
			{
				key=KPD_u8GetPressedKey();}
    27c8:	0e 94 37 10 	call	0x206e	; 0x206e <KPD_u8GetPressedKey>
    27cc:	f8 2e       	mov	r15, r24

		//LCD_voidSendData(' ');
		for(u8 j=0;j<4;j++)
		{
			u8 key=255;
			while(key==255)
    27ce:	8f ef       	ldi	r24, 0xFF	; 255
    27d0:	f8 16       	cp	r15, r24
    27d2:	d1 f3       	breq	.-12     	; 0x27c8 <APP_voidLogin+0x88>
			{
				key=KPD_u8GetPressedKey();}
			if(flag==0)
    27d4:	ee 20       	and	r14, r14
    27d6:	31 f4       	brne	.+12     	; 0x27e4 <APP_voidLogin+0xa4>
			{
				LCD_voidClearDisplay();
    27d8:	0e 94 63 0f 	call	0x1ec6	; 0x1ec6 <LCD_voidClearDisplay>
				LCD_voidSetPosition(0,3);
    27dc:	80 e0       	ldi	r24, 0x00	; 0
    27de:	63 e0       	ldi	r22, 0x03	; 3
    27e0:	0e 94 59 0f 	call	0x1eb2	; 0x1eb2 <LCD_voidSetPosition>
				flag=1;
			}

			pass_temp[j]=key;
    27e4:	f8 01       	movw	r30, r16
    27e6:	f1 92       	st	Z+, r15
    27e8:	8f 01       	movw	r16, r30
			LCD_voidSendData('*');
    27ea:	8a e2       	ldi	r24, 0x2A	; 42
    27ec:	0e 94 8b 0f 	call	0x1f16	; 0x1f16 <LCD_voidSendData>
    27f0:	ee 24       	eor	r14, r14
    27f2:	e3 94       	inc	r14
	u8 flag=0;
	for(u8 i=0;i<3;i++)
	{

		//LCD_voidSendData(' ');
		for(u8 j=0;j<4;j++)
    27f4:	08 15       	cp	r16, r8
    27f6:	19 05       	cpc	r17, r9
    27f8:	39 f7       	brne	.-50     	; 0x27c8 <APP_voidLogin+0x88>
			}

			pass_temp[j]=key;
			LCD_voidSendData('*');
		}
		if(pass_temp[0]==pass[0]&&pass_temp[1]==pass[1]&&pass_temp[2]==pass[2]&&pass_temp[3]==pass[3])
    27fa:	9e 81       	ldd	r25, Y+6	; 0x06
    27fc:	89 81       	ldd	r24, Y+1	; 0x01
    27fe:	98 17       	cp	r25, r24
    2800:	e1 f4       	brne	.+56     	; 0x283a <APP_voidLogin+0xfa>
    2802:	9f 81       	ldd	r25, Y+7	; 0x07
    2804:	8a 81       	ldd	r24, Y+2	; 0x02
    2806:	98 17       	cp	r25, r24
    2808:	c1 f4       	brne	.+48     	; 0x283a <APP_voidLogin+0xfa>
    280a:	98 85       	ldd	r25, Y+8	; 0x08
    280c:	8b 81       	ldd	r24, Y+3	; 0x03
    280e:	98 17       	cp	r25, r24
    2810:	a1 f4       	brne	.+40     	; 0x283a <APP_voidLogin+0xfa>
    2812:	99 85       	ldd	r25, Y+9	; 0x09
    2814:	8c 81       	ldd	r24, Y+4	; 0x04
    2816:	98 17       	cp	r25, r24
    2818:	81 f4       	brne	.+32     	; 0x283a <APP_voidLogin+0xfa>
		{
			LCD_voidClearDisplay();
    281a:	0e 94 63 0f 	call	0x1ec6	; 0x1ec6 <LCD_voidClearDisplay>
    281e:	80 ea       	ldi	r24, 0xA0	; 160
    2820:	9f e0       	ldi	r25, 0x0F	; 15
    2822:	01 97       	sbiw	r24, 0x01	; 1
    2824:	f1 f7       	brne	.-4      	; 0x2822 <APP_voidLogin+0xe2>
			_delay_ms(2);
			LCD_voidSendString("Correct Pass");
    2826:	8f e6       	ldi	r24, 0x6F	; 111
    2828:	90 e0       	ldi	r25, 0x00	; 0
    282a:	0e 94 2a 10 	call	0x2054	; 0x2054 <LCD_voidSendString>
			Door_voidinit();
    282e:	0e 94 59 12 	call	0x24b2	; 0x24b2 <Door_voidinit>
			Open_voidDoor();
    2832:	0e 94 3d 12 	call	0x247a	; 0x247a <Open_voidDoor>
    2836:	81 e0       	ldi	r24, 0x01	; 1
    2838:	2e c0       	rjmp	.+92     	; 0x2896 <APP_voidLogin+0x156>
			return 1;
		}
		else
		{
			LCD_voidClearDisplay();
    283a:	0e 94 63 0f 	call	0x1ec6	; 0x1ec6 <LCD_voidClearDisplay>
    283e:	c5 01       	movw	r24, r10
    2840:	01 97       	sbiw	r24, 0x01	; 1
    2842:	f1 f7       	brne	.-4      	; 0x2840 <APP_voidLogin+0x100>
			_delay_ms(2);
			LCD_voidSendString("  Wrong!!");
    2844:	8c e7       	ldi	r24, 0x7C	; 124
    2846:	90 e0       	ldi	r25, 0x00	; 0
    2848:	0e 94 2a 10 	call	0x2054	; 0x2054 <LCD_voidSendString>
			LCD_voidSetPosition(1,3);
    284c:	81 e0       	ldi	r24, 0x01	; 1
    284e:	63 e0       	ldi	r22, 0x03	; 3
    2850:	0e 94 59 0f 	call	0x1eb2	; 0x1eb2 <LCD_voidSetPosition>
			if(i<2)
    2854:	f2 e0       	ldi	r31, 0x02	; 2
    2856:	df 16       	cp	r13, r31
    2858:	49 f0       	breq	.+18     	; 0x286c <APP_voidLogin+0x12c>
			{

			LCD_voidSendString("Try Again : ");
    285a:	86 e8       	ldi	r24, 0x86	; 134
    285c:	90 e0       	ldi	r25, 0x00	; 0
    285e:	0e 94 2a 10 	call	0x2054	; 0x2054 <LCD_voidSendString>
	_delay_ms(2);
	LCD_voidSetPosition(0,1);
	LCD_voidSendString("Enter Password");
	u8 pass_temp[5];
	u8 flag=0;
	for(u8 i=0;i<3;i++)
    2862:	d3 94       	inc	r13
    2864:	83 e0       	ldi	r24, 0x03	; 3
    2866:	d8 16       	cp	r13, r24
    2868:	89 f4       	brne	.+34     	; 0x288c <APP_voidLogin+0x14c>
    286a:	13 c0       	rjmp	.+38     	; 0x2892 <APP_voidLogin+0x152>
			LCD_voidSendString("Try Again : ");
			}
			else
			{

				LCD_voidSendString("Warning!!!!");
    286c:	83 e9       	ldi	r24, 0x93	; 147
    286e:	90 e0       	ldi	r25, 0x00	; 0
    2870:	0e 94 2a 10 	call	0x2054	; 0x2054 <LCD_voidSendString>
				TurnON_Buzzer();
    2874:	0e 94 75 13 	call	0x26ea	; 0x26ea <TurnON_Buzzer>
    2878:	8f ef       	ldi	r24, 0xFF	; 255
    287a:	9f ef       	ldi	r25, 0xFF	; 255
    287c:	28 ec       	ldi	r18, 0xC8	; 200
    287e:	30 e0       	ldi	r19, 0x00	; 0
    2880:	f9 01       	movw	r30, r18
    2882:	31 97       	sbiw	r30, 0x01	; 1
    2884:	f1 f7       	brne	.-4      	; 0x2882 <APP_voidLogin+0x142>
		{
			// wait 1/10 ms
			_delay_loop_2(((F_CPU) / 4e3) / 10);
			__ticks --;
    2886:	01 97       	sbiw	r24, 0x01	; 1
		__ticks = 1;
	else if (__tmp > 65535)
	{
		//	__ticks = requested delay in 1/10 ms
		__ticks = (uint16_t) (__ms * 10.0);
		while(__ticks)
    2888:	d9 f7       	brne	.-10     	; 0x2880 <APP_voidLogin+0x140>
    288a:	04 c0       	rjmp	.+8      	; 0x2894 <APP_voidLogin+0x154>
    288c:	83 01       	movw	r16, r6
    288e:	ee 24       	eor	r14, r14
    2890:	9b cf       	rjmp	.-202    	; 0x27c8 <APP_voidLogin+0x88>
    2892:	01 c0       	rjmp	.+2      	; 0x2896 <APP_voidLogin+0x156>
			flag=0;

		}
	}

}
    2894:	80 e0       	ldi	r24, 0x00	; 0
    2896:	2a 96       	adiw	r28, 0x0a	; 10
    2898:	0f b6       	in	r0, 0x3f	; 63
    289a:	f8 94       	cli
    289c:	de bf       	out	0x3e, r29	; 62
    289e:	0f be       	out	0x3f, r0	; 63
    28a0:	cd bf       	out	0x3d, r28	; 61
    28a2:	cf 91       	pop	r28
    28a4:	df 91       	pop	r29
    28a6:	1f 91       	pop	r17
    28a8:	0f 91       	pop	r16
    28aa:	ff 90       	pop	r15
    28ac:	ef 90       	pop	r14
    28ae:	df 90       	pop	r13
    28b0:	bf 90       	pop	r11
    28b2:	af 90       	pop	r10
    28b4:	9f 90       	pop	r9
    28b6:	8f 90       	pop	r8
    28b8:	7f 90       	pop	r7
    28ba:	6f 90       	pop	r6
    28bc:	08 95       	ret

000028be <APP_voidInit>:
u8 Gas_leakage_Last;
void APP_voidInit(void)
{
	//ALL initialization

	    DIO_u8SetPinValue(3,7,1);
    28be:	83 e0       	ldi	r24, 0x03	; 3
    28c0:	67 e0       	ldi	r22, 0x07	; 7
    28c2:	41 e0       	ldi	r20, 0x01	; 1
    28c4:	0e 94 41 0b 	call	0x1682	; 0x1682 <DIO_u8SetPinValue>
    28c8:	80 e1       	ldi	r24, 0x10	; 16
    28ca:	97 e2       	ldi	r25, 0x27	; 39
    28cc:	28 ec       	ldi	r18, 0xC8	; 200
    28ce:	30 e0       	ldi	r19, 0x00	; 0
    28d0:	f9 01       	movw	r30, r18
    28d2:	31 97       	sbiw	r30, 0x01	; 1
    28d4:	f1 f7       	brne	.-4      	; 0x28d2 <APP_voidInit+0x14>
		{
			// wait 1/10 ms
			_delay_loop_2(((F_CPU) / 4e3) / 10);
			__ticks --;
    28d6:	01 97       	sbiw	r24, 0x01	; 1
		__ticks = 1;
	else if (__tmp > 65535)
	{
		//	__ticks = requested delay in 1/10 ms
		__ticks = (uint16_t) (__ms * 10.0);
		while(__ticks)
    28d8:	d9 f7       	brne	.-10     	; 0x28d0 <APP_voidInit+0x12>
	    _delay_ms(1000);

	    DIO_voidInit();
    28da:	0e 94 14 0c 	call	0x1828	; 0x1828 <DIO_voidInit>

	    EEPROM_Init();
    28de:	0e 94 7e 11 	call	0x22fc	; 0x22fc <EEPROM_Init>
	    LCD_voidInit();
    28e2:	0e 94 6b 0f 	call	0x1ed6	; 0x1ed6 <LCD_voidInit>
	    KPD_voidInit();
    28e6:	0e 94 af 10 	call	0x215e	; 0x215e <KPD_voidInit>
	    Fan_voidInit();
    28ea:	0e 94 3a 11 	call	0x2274	; 0x2274 <Fan_voidInit>
	    Fan_u8StopFan();
    28ee:	0e 94 14 11 	call	0x2228	; 0x2228 <Fan_u8StopFan>
	    Leds_voidInit();
    28f2:	0e 94 9f 0e 	call	0x1d3e	; 0x1d3e <Leds_voidInit>
	    Bluetooth_Init();
    28f6:	0e 94 9d 13 	call	0x273a	; 0x273a <Bluetooth_Init>
	    Buzzer_Init();
    28fa:	0e 94 7b 13 	call	0x26f6	; 0x26f6 <Buzzer_Init>
		EEPROM_voidSendDataByte(1,2);
		EEPROM_voidSendDataByte(2,3);
		EEPROM_voidSendDataByte(3,4);*/
        //initialize number of Gas Leakage to Zero
	    //EEPROM_voidSendDataByte(4,0);
}
    28fe:	08 95       	ret

00002900 <main>:
#include "HAL/FAN/Fan_interface.h"
#include "HAL/DOOR/DOOR_interface.h"
#include "MCAL/EXTI/GI_interface.h"
extern u8 Gas_leakage_Last;
int main(void)
{
    2900:	cf 92       	push	r12
    2902:	df 92       	push	r13
    2904:	ef 92       	push	r14
    2906:	ff 92       	push	r15
    2908:	0f 93       	push	r16
    290a:	1f 93       	push	r17
    290c:	df 93       	push	r29
    290e:	cf 93       	push	r28
    2910:	0f 92       	push	r0
    2912:	cd b7       	in	r28, 0x3d	; 61
    2914:	de b7       	in	r29, 0x3e	; 62
	APP_voidInit();
    2916:	0e 94 5f 14 	call	0x28be	; 0x28be <APP_voidInit>
	APP_voidLogin();
    291a:	0e 94 a0 13 	call	0x2740	; 0x2740 <APP_voidLogin>


	Open_voidDoor();
    291e:	0e 94 3d 12 	call	0x247a	; 0x247a <Open_voidDoor>
    Fan_u8StopFan();
    2922:	0e 94 14 11 	call	0x2228	; 0x2228 <Fan_u8StopFan>
    2926:	88 ec       	ldi	r24, 0xC8	; 200
    2928:	c8 2e       	mov	r12, r24
    292a:	d1 2c       	mov	r13, r1
           u8 counter;
		   TurnON_Buzzer();
		   _delay_ms(3000);
		   TurnOFF_Buzzer();
		   //store in EEPROM number of Gas Leakage
		   EEPROM_ReadBytes(4,&counter,1);
    292c:	7e 01       	movw	r14, r28
    292e:	08 94       	sec
    2930:	e1 1c       	adc	r14, r1
    2932:	f1 1c       	adc	r15, r1
    2934:	00 ea       	ldi	r16, 0xA0	; 160
    2936:	1f e0       	ldi	r17, 0x0F	; 15
    Fan_u8StopFan();


   while(1)
   {
	  if(MQ2_IsThierGasLeakage())
    2938:	0e 94 2b 0d 	call	0x1a56	; 0x1a56 <MQ2_IsThierGasLeakage>
    293c:	88 23       	and	r24, r24
    293e:	e1 f3       	breq	.-8      	; 0x2938 <main+0x38>
	   {
           u8 counter;
		   TurnON_Buzzer();
    2940:	0e 94 75 13 	call	0x26ea	; 0x26ea <TurnON_Buzzer>
    2944:	80 e3       	ldi	r24, 0x30	; 48
    2946:	95 e7       	ldi	r25, 0x75	; 117
    2948:	f6 01       	movw	r30, r12
    294a:	31 97       	sbiw	r30, 0x01	; 1
    294c:	f1 f7       	brne	.-4      	; 0x294a <main+0x4a>
		{
			// wait 1/10 ms
			_delay_loop_2(((F_CPU) / 4e3) / 10);
			__ticks --;
    294e:	01 97       	sbiw	r24, 0x01	; 1
		__ticks = 1;
	else if (__tmp > 65535)
	{
		//	__ticks = requested delay in 1/10 ms
		__ticks = (uint16_t) (__ms * 10.0);
		while(__ticks)
    2950:	d9 f7       	brne	.-10     	; 0x2948 <main+0x48>
		   _delay_ms(3000);
		   TurnOFF_Buzzer();
    2952:	0e 94 6f 13 	call	0x26de	; 0x26de <TurnOFF_Buzzer>
		   //store in EEPROM number of Gas Leakage
		   EEPROM_ReadBytes(4,&counter,1);
    2956:	84 e0       	ldi	r24, 0x04	; 4
    2958:	90 e0       	ldi	r25, 0x00	; 0
    295a:	b7 01       	movw	r22, r14
    295c:	41 e0       	ldi	r20, 0x01	; 1
    295e:	50 e0       	ldi	r21, 0x00	; 0
    2960:	0e 94 d0 11 	call	0x23a0	; 0x23a0 <EEPROM_ReadBytes>
		   counter++;
    2964:	69 81       	ldd	r22, Y+1	; 0x01
    2966:	6f 5f       	subi	r22, 0xFF	; 255
    2968:	69 83       	std	Y+1, r22	; 0x01
		   EEPROM_WriteByte(4,counter);
    296a:	84 e0       	ldi	r24, 0x04	; 4
    296c:	90 e0       	ldi	r25, 0x00	; 0
    296e:	0e 94 82 11 	call	0x2304	; 0x2304 <EEPROM_WriteByte>
		   LCD_voidClearDisplay();
    2972:	0e 94 63 0f 	call	0x1ec6	; 0x1ec6 <LCD_voidClearDisplay>
    2976:	c8 01       	movw	r24, r16
    2978:	01 97       	sbiw	r24, 0x01	; 1
    297a:	f1 f7       	brne	.-4      	; 0x2978 <main+0x78>
		   	_delay_ms(2);
		   	LCD_voidSendData(counter+'0');
    297c:	89 81       	ldd	r24, Y+1	; 0x01
    297e:	80 5d       	subi	r24, 0xD0	; 208
    2980:	0e 94 8b 0f 	call	0x1f16	; 0x1f16 <LCD_voidSendData>
    2984:	d9 cf       	rjmp	.-78     	; 0x2938 <main+0x38>

00002986 <__mulsi3>:
    2986:	62 9f       	mul	r22, r18
    2988:	d0 01       	movw	r26, r0
    298a:	73 9f       	mul	r23, r19
    298c:	f0 01       	movw	r30, r0
    298e:	82 9f       	mul	r24, r18
    2990:	e0 0d       	add	r30, r0
    2992:	f1 1d       	adc	r31, r1
    2994:	64 9f       	mul	r22, r20
    2996:	e0 0d       	add	r30, r0
    2998:	f1 1d       	adc	r31, r1
    299a:	92 9f       	mul	r25, r18
    299c:	f0 0d       	add	r31, r0
    299e:	83 9f       	mul	r24, r19
    29a0:	f0 0d       	add	r31, r0
    29a2:	74 9f       	mul	r23, r20
    29a4:	f0 0d       	add	r31, r0
    29a6:	65 9f       	mul	r22, r21
    29a8:	f0 0d       	add	r31, r0
    29aa:	99 27       	eor	r25, r25
    29ac:	72 9f       	mul	r23, r18
    29ae:	b0 0d       	add	r27, r0
    29b0:	e1 1d       	adc	r30, r1
    29b2:	f9 1f       	adc	r31, r25
    29b4:	63 9f       	mul	r22, r19
    29b6:	b0 0d       	add	r27, r0
    29b8:	e1 1d       	adc	r30, r1
    29ba:	f9 1f       	adc	r31, r25
    29bc:	bd 01       	movw	r22, r26
    29be:	cf 01       	movw	r24, r30
    29c0:	11 24       	eor	r1, r1
    29c2:	08 95       	ret

000029c4 <__divmodhi4>:
    29c4:	97 fb       	bst	r25, 7
    29c6:	09 2e       	mov	r0, r25
    29c8:	07 26       	eor	r0, r23
    29ca:	0a d0       	rcall	.+20     	; 0x29e0 <__divmodhi4_neg1>
    29cc:	77 fd       	sbrc	r23, 7
    29ce:	04 d0       	rcall	.+8      	; 0x29d8 <__divmodhi4_neg2>
    29d0:	2e d0       	rcall	.+92     	; 0x2a2e <__udivmodhi4>
    29d2:	06 d0       	rcall	.+12     	; 0x29e0 <__divmodhi4_neg1>
    29d4:	00 20       	and	r0, r0
    29d6:	1a f4       	brpl	.+6      	; 0x29de <__divmodhi4_exit>

000029d8 <__divmodhi4_neg2>:
    29d8:	70 95       	com	r23
    29da:	61 95       	neg	r22
    29dc:	7f 4f       	sbci	r23, 0xFF	; 255

000029de <__divmodhi4_exit>:
    29de:	08 95       	ret

000029e0 <__divmodhi4_neg1>:
    29e0:	f6 f7       	brtc	.-4      	; 0x29de <__divmodhi4_exit>
    29e2:	90 95       	com	r25
    29e4:	81 95       	neg	r24
    29e6:	9f 4f       	sbci	r25, 0xFF	; 255
    29e8:	08 95       	ret

000029ea <__udivmodsi4>:
    29ea:	a1 e2       	ldi	r26, 0x21	; 33
    29ec:	1a 2e       	mov	r1, r26
    29ee:	aa 1b       	sub	r26, r26
    29f0:	bb 1b       	sub	r27, r27
    29f2:	fd 01       	movw	r30, r26
    29f4:	0d c0       	rjmp	.+26     	; 0x2a10 <__udivmodsi4_ep>

000029f6 <__udivmodsi4_loop>:
    29f6:	aa 1f       	adc	r26, r26
    29f8:	bb 1f       	adc	r27, r27
    29fa:	ee 1f       	adc	r30, r30
    29fc:	ff 1f       	adc	r31, r31
    29fe:	a2 17       	cp	r26, r18
    2a00:	b3 07       	cpc	r27, r19
    2a02:	e4 07       	cpc	r30, r20
    2a04:	f5 07       	cpc	r31, r21
    2a06:	20 f0       	brcs	.+8      	; 0x2a10 <__udivmodsi4_ep>
    2a08:	a2 1b       	sub	r26, r18
    2a0a:	b3 0b       	sbc	r27, r19
    2a0c:	e4 0b       	sbc	r30, r20
    2a0e:	f5 0b       	sbc	r31, r21

00002a10 <__udivmodsi4_ep>:
    2a10:	66 1f       	adc	r22, r22
    2a12:	77 1f       	adc	r23, r23
    2a14:	88 1f       	adc	r24, r24
    2a16:	99 1f       	adc	r25, r25
    2a18:	1a 94       	dec	r1
    2a1a:	69 f7       	brne	.-38     	; 0x29f6 <__udivmodsi4_loop>
    2a1c:	60 95       	com	r22
    2a1e:	70 95       	com	r23
    2a20:	80 95       	com	r24
    2a22:	90 95       	com	r25
    2a24:	9b 01       	movw	r18, r22
    2a26:	ac 01       	movw	r20, r24
    2a28:	bd 01       	movw	r22, r26
    2a2a:	cf 01       	movw	r24, r30
    2a2c:	08 95       	ret

00002a2e <__udivmodhi4>:
    2a2e:	aa 1b       	sub	r26, r26
    2a30:	bb 1b       	sub	r27, r27
    2a32:	51 e1       	ldi	r21, 0x11	; 17
    2a34:	07 c0       	rjmp	.+14     	; 0x2a44 <__udivmodhi4_ep>

00002a36 <__udivmodhi4_loop>:
    2a36:	aa 1f       	adc	r26, r26
    2a38:	bb 1f       	adc	r27, r27
    2a3a:	a6 17       	cp	r26, r22
    2a3c:	b7 07       	cpc	r27, r23
    2a3e:	10 f0       	brcs	.+4      	; 0x2a44 <__udivmodhi4_ep>
    2a40:	a6 1b       	sub	r26, r22
    2a42:	b7 0b       	sbc	r27, r23

00002a44 <__udivmodhi4_ep>:
    2a44:	88 1f       	adc	r24, r24
    2a46:	99 1f       	adc	r25, r25
    2a48:	5a 95       	dec	r21
    2a4a:	a9 f7       	brne	.-22     	; 0x2a36 <__udivmodhi4_loop>
    2a4c:	80 95       	com	r24
    2a4e:	90 95       	com	r25
    2a50:	bc 01       	movw	r22, r24
    2a52:	cd 01       	movw	r24, r26
    2a54:	08 95       	ret

00002a56 <__prologue_saves__>:
    2a56:	2f 92       	push	r2
    2a58:	3f 92       	push	r3
    2a5a:	4f 92       	push	r4
    2a5c:	5f 92       	push	r5
    2a5e:	6f 92       	push	r6
    2a60:	7f 92       	push	r7
    2a62:	8f 92       	push	r8
    2a64:	9f 92       	push	r9
    2a66:	af 92       	push	r10
    2a68:	bf 92       	push	r11
    2a6a:	cf 92       	push	r12
    2a6c:	df 92       	push	r13
    2a6e:	ef 92       	push	r14
    2a70:	ff 92       	push	r15
    2a72:	0f 93       	push	r16
    2a74:	1f 93       	push	r17
    2a76:	cf 93       	push	r28
    2a78:	df 93       	push	r29
    2a7a:	cd b7       	in	r28, 0x3d	; 61
    2a7c:	de b7       	in	r29, 0x3e	; 62
    2a7e:	ca 1b       	sub	r28, r26
    2a80:	db 0b       	sbc	r29, r27
    2a82:	0f b6       	in	r0, 0x3f	; 63
    2a84:	f8 94       	cli
    2a86:	de bf       	out	0x3e, r29	; 62
    2a88:	0f be       	out	0x3f, r0	; 63
    2a8a:	cd bf       	out	0x3d, r28	; 61
    2a8c:	09 94       	ijmp

00002a8e <__epilogue_restores__>:
    2a8e:	2a 88       	ldd	r2, Y+18	; 0x12
    2a90:	39 88       	ldd	r3, Y+17	; 0x11
    2a92:	48 88       	ldd	r4, Y+16	; 0x10
    2a94:	5f 84       	ldd	r5, Y+15	; 0x0f
    2a96:	6e 84       	ldd	r6, Y+14	; 0x0e
    2a98:	7d 84       	ldd	r7, Y+13	; 0x0d
    2a9a:	8c 84       	ldd	r8, Y+12	; 0x0c
    2a9c:	9b 84       	ldd	r9, Y+11	; 0x0b
    2a9e:	aa 84       	ldd	r10, Y+10	; 0x0a
    2aa0:	b9 84       	ldd	r11, Y+9	; 0x09
    2aa2:	c8 84       	ldd	r12, Y+8	; 0x08
    2aa4:	df 80       	ldd	r13, Y+7	; 0x07
    2aa6:	ee 80       	ldd	r14, Y+6	; 0x06
    2aa8:	fd 80       	ldd	r15, Y+5	; 0x05
    2aaa:	0c 81       	ldd	r16, Y+4	; 0x04
    2aac:	1b 81       	ldd	r17, Y+3	; 0x03
    2aae:	aa 81       	ldd	r26, Y+2	; 0x02
    2ab0:	b9 81       	ldd	r27, Y+1	; 0x01
    2ab2:	ce 0f       	add	r28, r30
    2ab4:	d1 1d       	adc	r29, r1
    2ab6:	0f b6       	in	r0, 0x3f	; 63
    2ab8:	f8 94       	cli
    2aba:	de bf       	out	0x3e, r29	; 62
    2abc:	0f be       	out	0x3f, r0	; 63
    2abe:	cd bf       	out	0x3d, r28	; 61
    2ac0:	ed 01       	movw	r28, r26
    2ac2:	08 95       	ret

00002ac4 <_exit>:
    2ac4:	f8 94       	cli

00002ac6 <__stop_program>:
    2ac6:	ff cf       	rjmp	.-2      	; 0x2ac6 <__stop_program>
