
EEPROM_Check_Eclipse_Project.elf:     file format elf32-avr

Sections:
Idx Name          Size      VMA       LMA       File off  Algn
  0 .text         00003100  00000000  00000000  00000094  2**1
                  CONTENTS, ALLOC, LOAD, READONLY, CODE
  1 .data         00000178  00800060  00003100  00003194  2**0
                  CONTENTS, ALLOC, LOAD, DATA
  2 .bss          0000000d  008001d8  008001d8  0000330c  2**0
                  ALLOC
  3 .stab         00004104  00000000  00000000  0000330c  2**2
                  CONTENTS, READONLY, DEBUGGING
  4 .stabstr      00001d42  00000000  00000000  00007410  2**0
                  CONTENTS, READONLY, DEBUGGING
  5 .debug_aranges 000000c0  00000000  00000000  00009152  2**0
                  CONTENTS, READONLY, DEBUGGING
  6 .debug_pubnames 00000103  00000000  00000000  00009212  2**0
                  CONTENTS, READONLY, DEBUGGING
  7 .debug_info   000012a3  00000000  00000000  00009315  2**0
                  CONTENTS, READONLY, DEBUGGING
  8 .debug_abbrev 00000a77  00000000  00000000  0000a5b8  2**0
                  CONTENTS, READONLY, DEBUGGING
  9 .debug_line   000009c7  00000000  00000000  0000b02f  2**0
                  CONTENTS, READONLY, DEBUGGING
 10 .debug_frame  000000c0  00000000  00000000  0000b9f8  2**2
                  CONTENTS, READONLY, DEBUGGING
 11 .debug_str    00000264  00000000  00000000  0000bab8  2**0
                  CONTENTS, READONLY, DEBUGGING
 12 .debug_loc    0000048e  00000000  00000000  0000bd1c  2**0
                  CONTENTS, READONLY, DEBUGGING
 13 .debug_ranges 00000050  00000000  00000000  0000c1aa  2**0
                  CONTENTS, READONLY, DEBUGGING

Disassembly of section .text:

00000000 <__vectors>:
       0:	0c 94 2a 00 	jmp	0x54	; 0x54 <__ctors_end>
       4:	0c 94 a2 0e 	jmp	0x1d44	; 0x1d44 <__vector_1>
       8:	0c 94 75 0e 	jmp	0x1cea	; 0x1cea <__vector_2>
       c:	0c 94 48 0e 	jmp	0x1c90	; 0x1c90 <__vector_3>
      10:	0c 94 47 00 	jmp	0x8e	; 0x8e <__bad_interrupt>
      14:	0c 94 47 00 	jmp	0x8e	; 0x8e <__bad_interrupt>
      18:	0c 94 47 00 	jmp	0x8e	; 0x8e <__bad_interrupt>
      1c:	0c 94 47 00 	jmp	0x8e	; 0x8e <__bad_interrupt>
      20:	0c 94 47 00 	jmp	0x8e	; 0x8e <__bad_interrupt>
      24:	0c 94 47 00 	jmp	0x8e	; 0x8e <__bad_interrupt>
      28:	0c 94 f8 0a 	jmp	0x15f0	; 0x15f0 <__vector_10>
      2c:	0c 94 56 0b 	jmp	0x16ac	; 0x16ac <__vector_11>
      30:	0c 94 47 00 	jmp	0x8e	; 0x8e <__bad_interrupt>
      34:	0c 94 47 00 	jmp	0x8e	; 0x8e <__bad_interrupt>
      38:	0c 94 47 00 	jmp	0x8e	; 0x8e <__bad_interrupt>
      3c:	0c 94 47 00 	jmp	0x8e	; 0x8e <__bad_interrupt>
      40:	0c 94 47 00 	jmp	0x8e	; 0x8e <__bad_interrupt>
      44:	0c 94 47 00 	jmp	0x8e	; 0x8e <__bad_interrupt>
      48:	0c 94 47 00 	jmp	0x8e	; 0x8e <__bad_interrupt>
      4c:	0c 94 47 00 	jmp	0x8e	; 0x8e <__bad_interrupt>
      50:	0c 94 47 00 	jmp	0x8e	; 0x8e <__bad_interrupt>

00000054 <__ctors_end>:
      54:	11 24       	eor	r1, r1
      56:	1f be       	out	0x3f, r1	; 63
      58:	cf e5       	ldi	r28, 0x5F	; 95
      5a:	d8 e0       	ldi	r29, 0x08	; 8
      5c:	de bf       	out	0x3e, r29	; 62
      5e:	cd bf       	out	0x3d, r28	; 61

00000060 <__do_copy_data>:
      60:	11 e0       	ldi	r17, 0x01	; 1
      62:	a0 e6       	ldi	r26, 0x60	; 96
      64:	b0 e0       	ldi	r27, 0x00	; 0
      66:	e0 e0       	ldi	r30, 0x00	; 0
      68:	f1 e3       	ldi	r31, 0x31	; 49
      6a:	02 c0       	rjmp	.+4      	; 0x70 <.do_copy_data_start>

0000006c <.do_copy_data_loop>:
      6c:	05 90       	lpm	r0, Z+
      6e:	0d 92       	st	X+, r0

00000070 <.do_copy_data_start>:
      70:	a8 3d       	cpi	r26, 0xD8	; 216
      72:	b1 07       	cpc	r27, r17
      74:	d9 f7       	brne	.-10     	; 0x6c <.do_copy_data_loop>

00000076 <__do_clear_bss>:
      76:	11 e0       	ldi	r17, 0x01	; 1
      78:	a8 ed       	ldi	r26, 0xD8	; 216
      7a:	b1 e0       	ldi	r27, 0x01	; 1
      7c:	01 c0       	rjmp	.+2      	; 0x80 <.do_clear_bss_start>

0000007e <.do_clear_bss_loop>:
      7e:	1d 92       	st	X+, r1

00000080 <.do_clear_bss_start>:
      80:	a5 3e       	cpi	r26, 0xE5	; 229
      82:	b1 07       	cpc	r27, r17
      84:	e1 f7       	brne	.-8      	; 0x7e <.do_clear_bss_loop>
      86:	0e 94 d9 17 	call	0x2fb2	; 0x2fb2 <main>
      8a:	0c 94 7e 18 	jmp	0x30fc	; 0x30fc <_exit>

0000008e <__bad_interrupt>:
      8e:	0c 94 00 00 	jmp	0	; 0x0 <__vectors>

00000092 <__mulsf3>:
      92:	a0 e2       	ldi	r26, 0x20	; 32
      94:	b0 e0       	ldi	r27, 0x00	; 0
      96:	ef e4       	ldi	r30, 0x4F	; 79
      98:	f0 e0       	ldi	r31, 0x00	; 0
      9a:	0c 94 47 18 	jmp	0x308e	; 0x308e <__prologue_saves__>
      9e:	69 83       	std	Y+1, r22	; 0x01
      a0:	7a 83       	std	Y+2, r23	; 0x02
      a2:	8b 83       	std	Y+3, r24	; 0x03
      a4:	9c 83       	std	Y+4, r25	; 0x04
      a6:	2d 83       	std	Y+5, r18	; 0x05
      a8:	3e 83       	std	Y+6, r19	; 0x06
      aa:	4f 83       	std	Y+7, r20	; 0x07
      ac:	58 87       	std	Y+8, r21	; 0x08
      ae:	ce 01       	movw	r24, r28
      b0:	01 96       	adiw	r24, 0x01	; 1
      b2:	be 01       	movw	r22, r28
      b4:	67 5f       	subi	r22, 0xF7	; 247
      b6:	7f 4f       	sbci	r23, 0xFF	; 255
      b8:	0e 94 8c 03 	call	0x718	; 0x718 <__unpack_f>
      bc:	ce 01       	movw	r24, r28
      be:	05 96       	adiw	r24, 0x05	; 5
      c0:	be 01       	movw	r22, r28
      c2:	6f 5e       	subi	r22, 0xEF	; 239
      c4:	7f 4f       	sbci	r23, 0xFF	; 255
      c6:	0e 94 8c 03 	call	0x718	; 0x718 <__unpack_f>
      ca:	99 85       	ldd	r25, Y+9	; 0x09
      cc:	92 30       	cpi	r25, 0x02	; 2
      ce:	88 f0       	brcs	.+34     	; 0xf2 <__mulsf3+0x60>
      d0:	89 89       	ldd	r24, Y+17	; 0x11
      d2:	82 30       	cpi	r24, 0x02	; 2
      d4:	c8 f0       	brcs	.+50     	; 0x108 <__mulsf3+0x76>
      d6:	94 30       	cpi	r25, 0x04	; 4
      d8:	19 f4       	brne	.+6      	; 0xe0 <__mulsf3+0x4e>
      da:	82 30       	cpi	r24, 0x02	; 2
      dc:	51 f4       	brne	.+20     	; 0xf2 <__mulsf3+0x60>
      de:	04 c0       	rjmp	.+8      	; 0xe8 <__mulsf3+0x56>
      e0:	84 30       	cpi	r24, 0x04	; 4
      e2:	29 f4       	brne	.+10     	; 0xee <__mulsf3+0x5c>
      e4:	92 30       	cpi	r25, 0x02	; 2
      e6:	81 f4       	brne	.+32     	; 0x108 <__mulsf3+0x76>
      e8:	80 e6       	ldi	r24, 0x60	; 96
      ea:	90 e0       	ldi	r25, 0x00	; 0
      ec:	c6 c0       	rjmp	.+396    	; 0x27a <__mulsf3+0x1e8>
      ee:	92 30       	cpi	r25, 0x02	; 2
      f0:	49 f4       	brne	.+18     	; 0x104 <__mulsf3+0x72>
      f2:	20 e0       	ldi	r18, 0x00	; 0
      f4:	9a 85       	ldd	r25, Y+10	; 0x0a
      f6:	8a 89       	ldd	r24, Y+18	; 0x12
      f8:	98 13       	cpse	r25, r24
      fa:	21 e0       	ldi	r18, 0x01	; 1
      fc:	2a 87       	std	Y+10, r18	; 0x0a
      fe:	ce 01       	movw	r24, r28
     100:	09 96       	adiw	r24, 0x09	; 9
     102:	bb c0       	rjmp	.+374    	; 0x27a <__mulsf3+0x1e8>
     104:	82 30       	cpi	r24, 0x02	; 2
     106:	49 f4       	brne	.+18     	; 0x11a <__mulsf3+0x88>
     108:	20 e0       	ldi	r18, 0x00	; 0
     10a:	9a 85       	ldd	r25, Y+10	; 0x0a
     10c:	8a 89       	ldd	r24, Y+18	; 0x12
     10e:	98 13       	cpse	r25, r24
     110:	21 e0       	ldi	r18, 0x01	; 1
     112:	2a 8b       	std	Y+18, r18	; 0x12
     114:	ce 01       	movw	r24, r28
     116:	41 96       	adiw	r24, 0x11	; 17
     118:	b0 c0       	rjmp	.+352    	; 0x27a <__mulsf3+0x1e8>
     11a:	2d 84       	ldd	r2, Y+13	; 0x0d
     11c:	3e 84       	ldd	r3, Y+14	; 0x0e
     11e:	4f 84       	ldd	r4, Y+15	; 0x0f
     120:	58 88       	ldd	r5, Y+16	; 0x10
     122:	6d 88       	ldd	r6, Y+21	; 0x15
     124:	7e 88       	ldd	r7, Y+22	; 0x16
     126:	8f 88       	ldd	r8, Y+23	; 0x17
     128:	98 8c       	ldd	r9, Y+24	; 0x18
     12a:	ee 24       	eor	r14, r14
     12c:	ff 24       	eor	r15, r15
     12e:	87 01       	movw	r16, r14
     130:	aa 24       	eor	r10, r10
     132:	bb 24       	eor	r11, r11
     134:	65 01       	movw	r12, r10
     136:	40 e0       	ldi	r20, 0x00	; 0
     138:	50 e0       	ldi	r21, 0x00	; 0
     13a:	60 e0       	ldi	r22, 0x00	; 0
     13c:	70 e0       	ldi	r23, 0x00	; 0
     13e:	e0 e0       	ldi	r30, 0x00	; 0
     140:	f0 e0       	ldi	r31, 0x00	; 0
     142:	c1 01       	movw	r24, r2
     144:	81 70       	andi	r24, 0x01	; 1
     146:	90 70       	andi	r25, 0x00	; 0
     148:	89 2b       	or	r24, r25
     14a:	e9 f0       	breq	.+58     	; 0x186 <__mulsf3+0xf4>
     14c:	e6 0c       	add	r14, r6
     14e:	f7 1c       	adc	r15, r7
     150:	08 1d       	adc	r16, r8
     152:	19 1d       	adc	r17, r9
     154:	9a 01       	movw	r18, r20
     156:	ab 01       	movw	r20, r22
     158:	2a 0d       	add	r18, r10
     15a:	3b 1d       	adc	r19, r11
     15c:	4c 1d       	adc	r20, r12
     15e:	5d 1d       	adc	r21, r13
     160:	80 e0       	ldi	r24, 0x00	; 0
     162:	90 e0       	ldi	r25, 0x00	; 0
     164:	a0 e0       	ldi	r26, 0x00	; 0
     166:	b0 e0       	ldi	r27, 0x00	; 0
     168:	e6 14       	cp	r14, r6
     16a:	f7 04       	cpc	r15, r7
     16c:	08 05       	cpc	r16, r8
     16e:	19 05       	cpc	r17, r9
     170:	20 f4       	brcc	.+8      	; 0x17a <__mulsf3+0xe8>
     172:	81 e0       	ldi	r24, 0x01	; 1
     174:	90 e0       	ldi	r25, 0x00	; 0
     176:	a0 e0       	ldi	r26, 0x00	; 0
     178:	b0 e0       	ldi	r27, 0x00	; 0
     17a:	ba 01       	movw	r22, r20
     17c:	a9 01       	movw	r20, r18
     17e:	48 0f       	add	r20, r24
     180:	59 1f       	adc	r21, r25
     182:	6a 1f       	adc	r22, r26
     184:	7b 1f       	adc	r23, r27
     186:	aa 0c       	add	r10, r10
     188:	bb 1c       	adc	r11, r11
     18a:	cc 1c       	adc	r12, r12
     18c:	dd 1c       	adc	r13, r13
     18e:	97 fe       	sbrs	r9, 7
     190:	08 c0       	rjmp	.+16     	; 0x1a2 <__mulsf3+0x110>
     192:	81 e0       	ldi	r24, 0x01	; 1
     194:	90 e0       	ldi	r25, 0x00	; 0
     196:	a0 e0       	ldi	r26, 0x00	; 0
     198:	b0 e0       	ldi	r27, 0x00	; 0
     19a:	a8 2a       	or	r10, r24
     19c:	b9 2a       	or	r11, r25
     19e:	ca 2a       	or	r12, r26
     1a0:	db 2a       	or	r13, r27
     1a2:	31 96       	adiw	r30, 0x01	; 1
     1a4:	e0 32       	cpi	r30, 0x20	; 32
     1a6:	f1 05       	cpc	r31, r1
     1a8:	49 f0       	breq	.+18     	; 0x1bc <__mulsf3+0x12a>
     1aa:	66 0c       	add	r6, r6
     1ac:	77 1c       	adc	r7, r7
     1ae:	88 1c       	adc	r8, r8
     1b0:	99 1c       	adc	r9, r9
     1b2:	56 94       	lsr	r5
     1b4:	47 94       	ror	r4
     1b6:	37 94       	ror	r3
     1b8:	27 94       	ror	r2
     1ba:	c3 cf       	rjmp	.-122    	; 0x142 <__mulsf3+0xb0>
     1bc:	fa 85       	ldd	r31, Y+10	; 0x0a
     1be:	ea 89       	ldd	r30, Y+18	; 0x12
     1c0:	2b 89       	ldd	r18, Y+19	; 0x13
     1c2:	3c 89       	ldd	r19, Y+20	; 0x14
     1c4:	8b 85       	ldd	r24, Y+11	; 0x0b
     1c6:	9c 85       	ldd	r25, Y+12	; 0x0c
     1c8:	28 0f       	add	r18, r24
     1ca:	39 1f       	adc	r19, r25
     1cc:	2e 5f       	subi	r18, 0xFE	; 254
     1ce:	3f 4f       	sbci	r19, 0xFF	; 255
     1d0:	17 c0       	rjmp	.+46     	; 0x200 <__mulsf3+0x16e>
     1d2:	ca 01       	movw	r24, r20
     1d4:	81 70       	andi	r24, 0x01	; 1
     1d6:	90 70       	andi	r25, 0x00	; 0
     1d8:	89 2b       	or	r24, r25
     1da:	61 f0       	breq	.+24     	; 0x1f4 <__mulsf3+0x162>
     1dc:	16 95       	lsr	r17
     1de:	07 95       	ror	r16
     1e0:	f7 94       	ror	r15
     1e2:	e7 94       	ror	r14
     1e4:	80 e0       	ldi	r24, 0x00	; 0
     1e6:	90 e0       	ldi	r25, 0x00	; 0
     1e8:	a0 e0       	ldi	r26, 0x00	; 0
     1ea:	b0 e8       	ldi	r27, 0x80	; 128
     1ec:	e8 2a       	or	r14, r24
     1ee:	f9 2a       	or	r15, r25
     1f0:	0a 2b       	or	r16, r26
     1f2:	1b 2b       	or	r17, r27
     1f4:	76 95       	lsr	r23
     1f6:	67 95       	ror	r22
     1f8:	57 95       	ror	r21
     1fa:	47 95       	ror	r20
     1fc:	2f 5f       	subi	r18, 0xFF	; 255
     1fe:	3f 4f       	sbci	r19, 0xFF	; 255
     200:	77 fd       	sbrc	r23, 7
     202:	e7 cf       	rjmp	.-50     	; 0x1d2 <__mulsf3+0x140>
     204:	0c c0       	rjmp	.+24     	; 0x21e <__mulsf3+0x18c>
     206:	44 0f       	add	r20, r20
     208:	55 1f       	adc	r21, r21
     20a:	66 1f       	adc	r22, r22
     20c:	77 1f       	adc	r23, r23
     20e:	17 fd       	sbrc	r17, 7
     210:	41 60       	ori	r20, 0x01	; 1
     212:	ee 0c       	add	r14, r14
     214:	ff 1c       	adc	r15, r15
     216:	00 1f       	adc	r16, r16
     218:	11 1f       	adc	r17, r17
     21a:	21 50       	subi	r18, 0x01	; 1
     21c:	30 40       	sbci	r19, 0x00	; 0
     21e:	40 30       	cpi	r20, 0x00	; 0
     220:	90 e0       	ldi	r25, 0x00	; 0
     222:	59 07       	cpc	r21, r25
     224:	90 e0       	ldi	r25, 0x00	; 0
     226:	69 07       	cpc	r22, r25
     228:	90 e4       	ldi	r25, 0x40	; 64
     22a:	79 07       	cpc	r23, r25
     22c:	60 f3       	brcs	.-40     	; 0x206 <__mulsf3+0x174>
     22e:	2b 8f       	std	Y+27, r18	; 0x1b
     230:	3c 8f       	std	Y+28, r19	; 0x1c
     232:	db 01       	movw	r26, r22
     234:	ca 01       	movw	r24, r20
     236:	8f 77       	andi	r24, 0x7F	; 127
     238:	90 70       	andi	r25, 0x00	; 0
     23a:	a0 70       	andi	r26, 0x00	; 0
     23c:	b0 70       	andi	r27, 0x00	; 0
     23e:	80 34       	cpi	r24, 0x40	; 64
     240:	91 05       	cpc	r25, r1
     242:	a1 05       	cpc	r26, r1
     244:	b1 05       	cpc	r27, r1
     246:	61 f4       	brne	.+24     	; 0x260 <__mulsf3+0x1ce>
     248:	47 fd       	sbrc	r20, 7
     24a:	0a c0       	rjmp	.+20     	; 0x260 <__mulsf3+0x1ce>
     24c:	e1 14       	cp	r14, r1
     24e:	f1 04       	cpc	r15, r1
     250:	01 05       	cpc	r16, r1
     252:	11 05       	cpc	r17, r1
     254:	29 f0       	breq	.+10     	; 0x260 <__mulsf3+0x1ce>
     256:	40 5c       	subi	r20, 0xC0	; 192
     258:	5f 4f       	sbci	r21, 0xFF	; 255
     25a:	6f 4f       	sbci	r22, 0xFF	; 255
     25c:	7f 4f       	sbci	r23, 0xFF	; 255
     25e:	40 78       	andi	r20, 0x80	; 128
     260:	1a 8e       	std	Y+26, r1	; 0x1a
     262:	fe 17       	cp	r31, r30
     264:	11 f0       	breq	.+4      	; 0x26a <__mulsf3+0x1d8>
     266:	81 e0       	ldi	r24, 0x01	; 1
     268:	8a 8f       	std	Y+26, r24	; 0x1a
     26a:	4d 8f       	std	Y+29, r20	; 0x1d
     26c:	5e 8f       	std	Y+30, r21	; 0x1e
     26e:	6f 8f       	std	Y+31, r22	; 0x1f
     270:	78 a3       	std	Y+32, r23	; 0x20
     272:	83 e0       	ldi	r24, 0x03	; 3
     274:	89 8f       	std	Y+25, r24	; 0x19
     276:	ce 01       	movw	r24, r28
     278:	49 96       	adiw	r24, 0x19	; 25
     27a:	0e 94 b7 02 	call	0x56e	; 0x56e <__pack_f>
     27e:	a0 96       	adiw	r28, 0x20	; 32
     280:	e2 e1       	ldi	r30, 0x12	; 18
     282:	0c 94 63 18 	jmp	0x30c6	; 0x30c6 <__epilogue_restores__>

00000286 <__divsf3>:
     286:	a8 e1       	ldi	r26, 0x18	; 24
     288:	b0 e0       	ldi	r27, 0x00	; 0
     28a:	e9 e4       	ldi	r30, 0x49	; 73
     28c:	f1 e0       	ldi	r31, 0x01	; 1
     28e:	0c 94 4f 18 	jmp	0x309e	; 0x309e <__prologue_saves__+0x10>
     292:	69 83       	std	Y+1, r22	; 0x01
     294:	7a 83       	std	Y+2, r23	; 0x02
     296:	8b 83       	std	Y+3, r24	; 0x03
     298:	9c 83       	std	Y+4, r25	; 0x04
     29a:	2d 83       	std	Y+5, r18	; 0x05
     29c:	3e 83       	std	Y+6, r19	; 0x06
     29e:	4f 83       	std	Y+7, r20	; 0x07
     2a0:	58 87       	std	Y+8, r21	; 0x08
     2a2:	b9 e0       	ldi	r27, 0x09	; 9
     2a4:	eb 2e       	mov	r14, r27
     2a6:	f1 2c       	mov	r15, r1
     2a8:	ec 0e       	add	r14, r28
     2aa:	fd 1e       	adc	r15, r29
     2ac:	ce 01       	movw	r24, r28
     2ae:	01 96       	adiw	r24, 0x01	; 1
     2b0:	b7 01       	movw	r22, r14
     2b2:	0e 94 8c 03 	call	0x718	; 0x718 <__unpack_f>
     2b6:	8e 01       	movw	r16, r28
     2b8:	0f 5e       	subi	r16, 0xEF	; 239
     2ba:	1f 4f       	sbci	r17, 0xFF	; 255
     2bc:	ce 01       	movw	r24, r28
     2be:	05 96       	adiw	r24, 0x05	; 5
     2c0:	b8 01       	movw	r22, r16
     2c2:	0e 94 8c 03 	call	0x718	; 0x718 <__unpack_f>
     2c6:	29 85       	ldd	r18, Y+9	; 0x09
     2c8:	22 30       	cpi	r18, 0x02	; 2
     2ca:	08 f4       	brcc	.+2      	; 0x2ce <__divsf3+0x48>
     2cc:	7e c0       	rjmp	.+252    	; 0x3ca <__divsf3+0x144>
     2ce:	39 89       	ldd	r19, Y+17	; 0x11
     2d0:	32 30       	cpi	r19, 0x02	; 2
     2d2:	10 f4       	brcc	.+4      	; 0x2d8 <__divsf3+0x52>
     2d4:	b8 01       	movw	r22, r16
     2d6:	7c c0       	rjmp	.+248    	; 0x3d0 <__divsf3+0x14a>
     2d8:	8a 85       	ldd	r24, Y+10	; 0x0a
     2da:	9a 89       	ldd	r25, Y+18	; 0x12
     2dc:	89 27       	eor	r24, r25
     2de:	8a 87       	std	Y+10, r24	; 0x0a
     2e0:	24 30       	cpi	r18, 0x04	; 4
     2e2:	11 f0       	breq	.+4      	; 0x2e8 <__divsf3+0x62>
     2e4:	22 30       	cpi	r18, 0x02	; 2
     2e6:	31 f4       	brne	.+12     	; 0x2f4 <__divsf3+0x6e>
     2e8:	23 17       	cp	r18, r19
     2ea:	09 f0       	breq	.+2      	; 0x2ee <__divsf3+0x68>
     2ec:	6e c0       	rjmp	.+220    	; 0x3ca <__divsf3+0x144>
     2ee:	60 e6       	ldi	r22, 0x60	; 96
     2f0:	70 e0       	ldi	r23, 0x00	; 0
     2f2:	6e c0       	rjmp	.+220    	; 0x3d0 <__divsf3+0x14a>
     2f4:	34 30       	cpi	r19, 0x04	; 4
     2f6:	39 f4       	brne	.+14     	; 0x306 <__divsf3+0x80>
     2f8:	1d 86       	std	Y+13, r1	; 0x0d
     2fa:	1e 86       	std	Y+14, r1	; 0x0e
     2fc:	1f 86       	std	Y+15, r1	; 0x0f
     2fe:	18 8a       	std	Y+16, r1	; 0x10
     300:	1c 86       	std	Y+12, r1	; 0x0c
     302:	1b 86       	std	Y+11, r1	; 0x0b
     304:	04 c0       	rjmp	.+8      	; 0x30e <__divsf3+0x88>
     306:	32 30       	cpi	r19, 0x02	; 2
     308:	21 f4       	brne	.+8      	; 0x312 <__divsf3+0x8c>
     30a:	84 e0       	ldi	r24, 0x04	; 4
     30c:	89 87       	std	Y+9, r24	; 0x09
     30e:	b7 01       	movw	r22, r14
     310:	5f c0       	rjmp	.+190    	; 0x3d0 <__divsf3+0x14a>
     312:	2b 85       	ldd	r18, Y+11	; 0x0b
     314:	3c 85       	ldd	r19, Y+12	; 0x0c
     316:	8b 89       	ldd	r24, Y+19	; 0x13
     318:	9c 89       	ldd	r25, Y+20	; 0x14
     31a:	28 1b       	sub	r18, r24
     31c:	39 0b       	sbc	r19, r25
     31e:	3c 87       	std	Y+12, r19	; 0x0c
     320:	2b 87       	std	Y+11, r18	; 0x0b
     322:	ed 84       	ldd	r14, Y+13	; 0x0d
     324:	fe 84       	ldd	r15, Y+14	; 0x0e
     326:	0f 85       	ldd	r16, Y+15	; 0x0f
     328:	18 89       	ldd	r17, Y+16	; 0x10
     32a:	ad 88       	ldd	r10, Y+21	; 0x15
     32c:	be 88       	ldd	r11, Y+22	; 0x16
     32e:	cf 88       	ldd	r12, Y+23	; 0x17
     330:	d8 8c       	ldd	r13, Y+24	; 0x18
     332:	ea 14       	cp	r14, r10
     334:	fb 04       	cpc	r15, r11
     336:	0c 05       	cpc	r16, r12
     338:	1d 05       	cpc	r17, r13
     33a:	40 f4       	brcc	.+16     	; 0x34c <__divsf3+0xc6>
     33c:	ee 0c       	add	r14, r14
     33e:	ff 1c       	adc	r15, r15
     340:	00 1f       	adc	r16, r16
     342:	11 1f       	adc	r17, r17
     344:	21 50       	subi	r18, 0x01	; 1
     346:	30 40       	sbci	r19, 0x00	; 0
     348:	3c 87       	std	Y+12, r19	; 0x0c
     34a:	2b 87       	std	Y+11, r18	; 0x0b
     34c:	20 e0       	ldi	r18, 0x00	; 0
     34e:	30 e0       	ldi	r19, 0x00	; 0
     350:	40 e0       	ldi	r20, 0x00	; 0
     352:	50 e0       	ldi	r21, 0x00	; 0
     354:	80 e0       	ldi	r24, 0x00	; 0
     356:	90 e0       	ldi	r25, 0x00	; 0
     358:	a0 e0       	ldi	r26, 0x00	; 0
     35a:	b0 e4       	ldi	r27, 0x40	; 64
     35c:	60 e0       	ldi	r22, 0x00	; 0
     35e:	70 e0       	ldi	r23, 0x00	; 0
     360:	ea 14       	cp	r14, r10
     362:	fb 04       	cpc	r15, r11
     364:	0c 05       	cpc	r16, r12
     366:	1d 05       	cpc	r17, r13
     368:	40 f0       	brcs	.+16     	; 0x37a <__divsf3+0xf4>
     36a:	28 2b       	or	r18, r24
     36c:	39 2b       	or	r19, r25
     36e:	4a 2b       	or	r20, r26
     370:	5b 2b       	or	r21, r27
     372:	ea 18       	sub	r14, r10
     374:	fb 08       	sbc	r15, r11
     376:	0c 09       	sbc	r16, r12
     378:	1d 09       	sbc	r17, r13
     37a:	b6 95       	lsr	r27
     37c:	a7 95       	ror	r26
     37e:	97 95       	ror	r25
     380:	87 95       	ror	r24
     382:	ee 0c       	add	r14, r14
     384:	ff 1c       	adc	r15, r15
     386:	00 1f       	adc	r16, r16
     388:	11 1f       	adc	r17, r17
     38a:	6f 5f       	subi	r22, 0xFF	; 255
     38c:	7f 4f       	sbci	r23, 0xFF	; 255
     38e:	6f 31       	cpi	r22, 0x1F	; 31
     390:	71 05       	cpc	r23, r1
     392:	31 f7       	brne	.-52     	; 0x360 <__divsf3+0xda>
     394:	da 01       	movw	r26, r20
     396:	c9 01       	movw	r24, r18
     398:	8f 77       	andi	r24, 0x7F	; 127
     39a:	90 70       	andi	r25, 0x00	; 0
     39c:	a0 70       	andi	r26, 0x00	; 0
     39e:	b0 70       	andi	r27, 0x00	; 0
     3a0:	80 34       	cpi	r24, 0x40	; 64
     3a2:	91 05       	cpc	r25, r1
     3a4:	a1 05       	cpc	r26, r1
     3a6:	b1 05       	cpc	r27, r1
     3a8:	61 f4       	brne	.+24     	; 0x3c2 <__divsf3+0x13c>
     3aa:	27 fd       	sbrc	r18, 7
     3ac:	0a c0       	rjmp	.+20     	; 0x3c2 <__divsf3+0x13c>
     3ae:	e1 14       	cp	r14, r1
     3b0:	f1 04       	cpc	r15, r1
     3b2:	01 05       	cpc	r16, r1
     3b4:	11 05       	cpc	r17, r1
     3b6:	29 f0       	breq	.+10     	; 0x3c2 <__divsf3+0x13c>
     3b8:	20 5c       	subi	r18, 0xC0	; 192
     3ba:	3f 4f       	sbci	r19, 0xFF	; 255
     3bc:	4f 4f       	sbci	r20, 0xFF	; 255
     3be:	5f 4f       	sbci	r21, 0xFF	; 255
     3c0:	20 78       	andi	r18, 0x80	; 128
     3c2:	2d 87       	std	Y+13, r18	; 0x0d
     3c4:	3e 87       	std	Y+14, r19	; 0x0e
     3c6:	4f 87       	std	Y+15, r20	; 0x0f
     3c8:	58 8b       	std	Y+16, r21	; 0x10
     3ca:	be 01       	movw	r22, r28
     3cc:	67 5f       	subi	r22, 0xF7	; 247
     3ce:	7f 4f       	sbci	r23, 0xFF	; 255
     3d0:	cb 01       	movw	r24, r22
     3d2:	0e 94 b7 02 	call	0x56e	; 0x56e <__pack_f>
     3d6:	68 96       	adiw	r28, 0x18	; 24
     3d8:	ea e0       	ldi	r30, 0x0A	; 10
     3da:	0c 94 6b 18 	jmp	0x30d6	; 0x30d6 <__epilogue_restores__+0x10>

000003de <__floatunsisf>:
     3de:	a8 e0       	ldi	r26, 0x08	; 8
     3e0:	b0 e0       	ldi	r27, 0x00	; 0
     3e2:	e5 ef       	ldi	r30, 0xF5	; 245
     3e4:	f1 e0       	ldi	r31, 0x01	; 1
     3e6:	0c 94 4f 18 	jmp	0x309e	; 0x309e <__prologue_saves__+0x10>
     3ea:	7b 01       	movw	r14, r22
     3ec:	8c 01       	movw	r16, r24
     3ee:	61 15       	cp	r22, r1
     3f0:	71 05       	cpc	r23, r1
     3f2:	81 05       	cpc	r24, r1
     3f4:	91 05       	cpc	r25, r1
     3f6:	19 f4       	brne	.+6      	; 0x3fe <__floatunsisf+0x20>
     3f8:	82 e0       	ldi	r24, 0x02	; 2
     3fa:	89 83       	std	Y+1, r24	; 0x01
     3fc:	60 c0       	rjmp	.+192    	; 0x4be <__floatunsisf+0xe0>
     3fe:	83 e0       	ldi	r24, 0x03	; 3
     400:	89 83       	std	Y+1, r24	; 0x01
     402:	8e e1       	ldi	r24, 0x1E	; 30
     404:	c8 2e       	mov	r12, r24
     406:	d1 2c       	mov	r13, r1
     408:	dc 82       	std	Y+4, r13	; 0x04
     40a:	cb 82       	std	Y+3, r12	; 0x03
     40c:	ed 82       	std	Y+5, r14	; 0x05
     40e:	fe 82       	std	Y+6, r15	; 0x06
     410:	0f 83       	std	Y+7, r16	; 0x07
     412:	18 87       	std	Y+8, r17	; 0x08
     414:	c8 01       	movw	r24, r16
     416:	b7 01       	movw	r22, r14
     418:	0e 94 68 02 	call	0x4d0	; 0x4d0 <__clzsi2>
     41c:	fc 01       	movw	r30, r24
     41e:	31 97       	sbiw	r30, 0x01	; 1
     420:	f7 ff       	sbrs	r31, 7
     422:	3b c0       	rjmp	.+118    	; 0x49a <__floatunsisf+0xbc>
     424:	22 27       	eor	r18, r18
     426:	33 27       	eor	r19, r19
     428:	2e 1b       	sub	r18, r30
     42a:	3f 0b       	sbc	r19, r31
     42c:	57 01       	movw	r10, r14
     42e:	68 01       	movw	r12, r16
     430:	02 2e       	mov	r0, r18
     432:	04 c0       	rjmp	.+8      	; 0x43c <__floatunsisf+0x5e>
     434:	d6 94       	lsr	r13
     436:	c7 94       	ror	r12
     438:	b7 94       	ror	r11
     43a:	a7 94       	ror	r10
     43c:	0a 94       	dec	r0
     43e:	d2 f7       	brpl	.-12     	; 0x434 <__floatunsisf+0x56>
     440:	40 e0       	ldi	r20, 0x00	; 0
     442:	50 e0       	ldi	r21, 0x00	; 0
     444:	60 e0       	ldi	r22, 0x00	; 0
     446:	70 e0       	ldi	r23, 0x00	; 0
     448:	81 e0       	ldi	r24, 0x01	; 1
     44a:	90 e0       	ldi	r25, 0x00	; 0
     44c:	a0 e0       	ldi	r26, 0x00	; 0
     44e:	b0 e0       	ldi	r27, 0x00	; 0
     450:	04 c0       	rjmp	.+8      	; 0x45a <__floatunsisf+0x7c>
     452:	88 0f       	add	r24, r24
     454:	99 1f       	adc	r25, r25
     456:	aa 1f       	adc	r26, r26
     458:	bb 1f       	adc	r27, r27
     45a:	2a 95       	dec	r18
     45c:	d2 f7       	brpl	.-12     	; 0x452 <__floatunsisf+0x74>
     45e:	01 97       	sbiw	r24, 0x01	; 1
     460:	a1 09       	sbc	r26, r1
     462:	b1 09       	sbc	r27, r1
     464:	8e 21       	and	r24, r14
     466:	9f 21       	and	r25, r15
     468:	a0 23       	and	r26, r16
     46a:	b1 23       	and	r27, r17
     46c:	00 97       	sbiw	r24, 0x00	; 0
     46e:	a1 05       	cpc	r26, r1
     470:	b1 05       	cpc	r27, r1
     472:	21 f0       	breq	.+8      	; 0x47c <__floatunsisf+0x9e>
     474:	41 e0       	ldi	r20, 0x01	; 1
     476:	50 e0       	ldi	r21, 0x00	; 0
     478:	60 e0       	ldi	r22, 0x00	; 0
     47a:	70 e0       	ldi	r23, 0x00	; 0
     47c:	4a 29       	or	r20, r10
     47e:	5b 29       	or	r21, r11
     480:	6c 29       	or	r22, r12
     482:	7d 29       	or	r23, r13
     484:	4d 83       	std	Y+5, r20	; 0x05
     486:	5e 83       	std	Y+6, r21	; 0x06
     488:	6f 83       	std	Y+7, r22	; 0x07
     48a:	78 87       	std	Y+8, r23	; 0x08
     48c:	8e e1       	ldi	r24, 0x1E	; 30
     48e:	90 e0       	ldi	r25, 0x00	; 0
     490:	8e 1b       	sub	r24, r30
     492:	9f 0b       	sbc	r25, r31
     494:	9c 83       	std	Y+4, r25	; 0x04
     496:	8b 83       	std	Y+3, r24	; 0x03
     498:	12 c0       	rjmp	.+36     	; 0x4be <__floatunsisf+0xe0>
     49a:	30 97       	sbiw	r30, 0x00	; 0
     49c:	81 f0       	breq	.+32     	; 0x4be <__floatunsisf+0xe0>
     49e:	0e 2e       	mov	r0, r30
     4a0:	04 c0       	rjmp	.+8      	; 0x4aa <__floatunsisf+0xcc>
     4a2:	ee 0c       	add	r14, r14
     4a4:	ff 1c       	adc	r15, r15
     4a6:	00 1f       	adc	r16, r16
     4a8:	11 1f       	adc	r17, r17
     4aa:	0a 94       	dec	r0
     4ac:	d2 f7       	brpl	.-12     	; 0x4a2 <__floatunsisf+0xc4>
     4ae:	ed 82       	std	Y+5, r14	; 0x05
     4b0:	fe 82       	std	Y+6, r15	; 0x06
     4b2:	0f 83       	std	Y+7, r16	; 0x07
     4b4:	18 87       	std	Y+8, r17	; 0x08
     4b6:	ce 1a       	sub	r12, r30
     4b8:	df 0a       	sbc	r13, r31
     4ba:	dc 82       	std	Y+4, r13	; 0x04
     4bc:	cb 82       	std	Y+3, r12	; 0x03
     4be:	1a 82       	std	Y+2, r1	; 0x02
     4c0:	ce 01       	movw	r24, r28
     4c2:	01 96       	adiw	r24, 0x01	; 1
     4c4:	0e 94 b7 02 	call	0x56e	; 0x56e <__pack_f>
     4c8:	28 96       	adiw	r28, 0x08	; 8
     4ca:	ea e0       	ldi	r30, 0x0A	; 10
     4cc:	0c 94 6b 18 	jmp	0x30d6	; 0x30d6 <__epilogue_restores__+0x10>

000004d0 <__clzsi2>:
     4d0:	ef 92       	push	r14
     4d2:	ff 92       	push	r15
     4d4:	0f 93       	push	r16
     4d6:	1f 93       	push	r17
     4d8:	7b 01       	movw	r14, r22
     4da:	8c 01       	movw	r16, r24
     4dc:	80 e0       	ldi	r24, 0x00	; 0
     4de:	e8 16       	cp	r14, r24
     4e0:	80 e0       	ldi	r24, 0x00	; 0
     4e2:	f8 06       	cpc	r15, r24
     4e4:	81 e0       	ldi	r24, 0x01	; 1
     4e6:	08 07       	cpc	r16, r24
     4e8:	80 e0       	ldi	r24, 0x00	; 0
     4ea:	18 07       	cpc	r17, r24
     4ec:	88 f4       	brcc	.+34     	; 0x510 <__clzsi2+0x40>
     4ee:	8f ef       	ldi	r24, 0xFF	; 255
     4f0:	e8 16       	cp	r14, r24
     4f2:	f1 04       	cpc	r15, r1
     4f4:	01 05       	cpc	r16, r1
     4f6:	11 05       	cpc	r17, r1
     4f8:	31 f0       	breq	.+12     	; 0x506 <__clzsi2+0x36>
     4fa:	28 f0       	brcs	.+10     	; 0x506 <__clzsi2+0x36>
     4fc:	88 e0       	ldi	r24, 0x08	; 8
     4fe:	90 e0       	ldi	r25, 0x00	; 0
     500:	a0 e0       	ldi	r26, 0x00	; 0
     502:	b0 e0       	ldi	r27, 0x00	; 0
     504:	17 c0       	rjmp	.+46     	; 0x534 <__clzsi2+0x64>
     506:	80 e0       	ldi	r24, 0x00	; 0
     508:	90 e0       	ldi	r25, 0x00	; 0
     50a:	a0 e0       	ldi	r26, 0x00	; 0
     50c:	b0 e0       	ldi	r27, 0x00	; 0
     50e:	12 c0       	rjmp	.+36     	; 0x534 <__clzsi2+0x64>
     510:	80 e0       	ldi	r24, 0x00	; 0
     512:	e8 16       	cp	r14, r24
     514:	80 e0       	ldi	r24, 0x00	; 0
     516:	f8 06       	cpc	r15, r24
     518:	80 e0       	ldi	r24, 0x00	; 0
     51a:	08 07       	cpc	r16, r24
     51c:	81 e0       	ldi	r24, 0x01	; 1
     51e:	18 07       	cpc	r17, r24
     520:	28 f0       	brcs	.+10     	; 0x52c <__clzsi2+0x5c>
     522:	88 e1       	ldi	r24, 0x18	; 24
     524:	90 e0       	ldi	r25, 0x00	; 0
     526:	a0 e0       	ldi	r26, 0x00	; 0
     528:	b0 e0       	ldi	r27, 0x00	; 0
     52a:	04 c0       	rjmp	.+8      	; 0x534 <__clzsi2+0x64>
     52c:	80 e1       	ldi	r24, 0x10	; 16
     52e:	90 e0       	ldi	r25, 0x00	; 0
     530:	a0 e0       	ldi	r26, 0x00	; 0
     532:	b0 e0       	ldi	r27, 0x00	; 0
     534:	20 e2       	ldi	r18, 0x20	; 32
     536:	30 e0       	ldi	r19, 0x00	; 0
     538:	40 e0       	ldi	r20, 0x00	; 0
     53a:	50 e0       	ldi	r21, 0x00	; 0
     53c:	28 1b       	sub	r18, r24
     53e:	39 0b       	sbc	r19, r25
     540:	4a 0b       	sbc	r20, r26
     542:	5b 0b       	sbc	r21, r27
     544:	04 c0       	rjmp	.+8      	; 0x54e <__clzsi2+0x7e>
     546:	16 95       	lsr	r17
     548:	07 95       	ror	r16
     54a:	f7 94       	ror	r15
     54c:	e7 94       	ror	r14
     54e:	8a 95       	dec	r24
     550:	d2 f7       	brpl	.-12     	; 0x546 <__clzsi2+0x76>
     552:	f7 01       	movw	r30, r14
     554:	e8 59       	subi	r30, 0x98	; 152
     556:	ff 4f       	sbci	r31, 0xFF	; 255
     558:	80 81       	ld	r24, Z
     55a:	28 1b       	sub	r18, r24
     55c:	31 09       	sbc	r19, r1
     55e:	41 09       	sbc	r20, r1
     560:	51 09       	sbc	r21, r1
     562:	c9 01       	movw	r24, r18
     564:	1f 91       	pop	r17
     566:	0f 91       	pop	r16
     568:	ff 90       	pop	r15
     56a:	ef 90       	pop	r14
     56c:	08 95       	ret

0000056e <__pack_f>:
     56e:	df 92       	push	r13
     570:	ef 92       	push	r14
     572:	ff 92       	push	r15
     574:	0f 93       	push	r16
     576:	1f 93       	push	r17
     578:	fc 01       	movw	r30, r24
     57a:	e4 80       	ldd	r14, Z+4	; 0x04
     57c:	f5 80       	ldd	r15, Z+5	; 0x05
     57e:	06 81       	ldd	r16, Z+6	; 0x06
     580:	17 81       	ldd	r17, Z+7	; 0x07
     582:	d1 80       	ldd	r13, Z+1	; 0x01
     584:	80 81       	ld	r24, Z
     586:	82 30       	cpi	r24, 0x02	; 2
     588:	48 f4       	brcc	.+18     	; 0x59c <__pack_f+0x2e>
     58a:	80 e0       	ldi	r24, 0x00	; 0
     58c:	90 e0       	ldi	r25, 0x00	; 0
     58e:	a0 e1       	ldi	r26, 0x10	; 16
     590:	b0 e0       	ldi	r27, 0x00	; 0
     592:	e8 2a       	or	r14, r24
     594:	f9 2a       	or	r15, r25
     596:	0a 2b       	or	r16, r26
     598:	1b 2b       	or	r17, r27
     59a:	a5 c0       	rjmp	.+330    	; 0x6e6 <__pack_f+0x178>
     59c:	84 30       	cpi	r24, 0x04	; 4
     59e:	09 f4       	brne	.+2      	; 0x5a2 <__pack_f+0x34>
     5a0:	9f c0       	rjmp	.+318    	; 0x6e0 <__pack_f+0x172>
     5a2:	82 30       	cpi	r24, 0x02	; 2
     5a4:	21 f4       	brne	.+8      	; 0x5ae <__pack_f+0x40>
     5a6:	ee 24       	eor	r14, r14
     5a8:	ff 24       	eor	r15, r15
     5aa:	87 01       	movw	r16, r14
     5ac:	05 c0       	rjmp	.+10     	; 0x5b8 <__pack_f+0x4a>
     5ae:	e1 14       	cp	r14, r1
     5b0:	f1 04       	cpc	r15, r1
     5b2:	01 05       	cpc	r16, r1
     5b4:	11 05       	cpc	r17, r1
     5b6:	19 f4       	brne	.+6      	; 0x5be <__pack_f+0x50>
     5b8:	e0 e0       	ldi	r30, 0x00	; 0
     5ba:	f0 e0       	ldi	r31, 0x00	; 0
     5bc:	96 c0       	rjmp	.+300    	; 0x6ea <__pack_f+0x17c>
     5be:	62 81       	ldd	r22, Z+2	; 0x02
     5c0:	73 81       	ldd	r23, Z+3	; 0x03
     5c2:	9f ef       	ldi	r25, 0xFF	; 255
     5c4:	62 38       	cpi	r22, 0x82	; 130
     5c6:	79 07       	cpc	r23, r25
     5c8:	0c f0       	brlt	.+2      	; 0x5cc <__pack_f+0x5e>
     5ca:	5b c0       	rjmp	.+182    	; 0x682 <__pack_f+0x114>
     5cc:	22 e8       	ldi	r18, 0x82	; 130
     5ce:	3f ef       	ldi	r19, 0xFF	; 255
     5d0:	26 1b       	sub	r18, r22
     5d2:	37 0b       	sbc	r19, r23
     5d4:	2a 31       	cpi	r18, 0x1A	; 26
     5d6:	31 05       	cpc	r19, r1
     5d8:	2c f0       	brlt	.+10     	; 0x5e4 <__pack_f+0x76>
     5da:	20 e0       	ldi	r18, 0x00	; 0
     5dc:	30 e0       	ldi	r19, 0x00	; 0
     5de:	40 e0       	ldi	r20, 0x00	; 0
     5e0:	50 e0       	ldi	r21, 0x00	; 0
     5e2:	2a c0       	rjmp	.+84     	; 0x638 <__pack_f+0xca>
     5e4:	b8 01       	movw	r22, r16
     5e6:	a7 01       	movw	r20, r14
     5e8:	02 2e       	mov	r0, r18
     5ea:	04 c0       	rjmp	.+8      	; 0x5f4 <__pack_f+0x86>
     5ec:	76 95       	lsr	r23
     5ee:	67 95       	ror	r22
     5f0:	57 95       	ror	r21
     5f2:	47 95       	ror	r20
     5f4:	0a 94       	dec	r0
     5f6:	d2 f7       	brpl	.-12     	; 0x5ec <__pack_f+0x7e>
     5f8:	81 e0       	ldi	r24, 0x01	; 1
     5fa:	90 e0       	ldi	r25, 0x00	; 0
     5fc:	a0 e0       	ldi	r26, 0x00	; 0
     5fe:	b0 e0       	ldi	r27, 0x00	; 0
     600:	04 c0       	rjmp	.+8      	; 0x60a <__pack_f+0x9c>
     602:	88 0f       	add	r24, r24
     604:	99 1f       	adc	r25, r25
     606:	aa 1f       	adc	r26, r26
     608:	bb 1f       	adc	r27, r27
     60a:	2a 95       	dec	r18
     60c:	d2 f7       	brpl	.-12     	; 0x602 <__pack_f+0x94>
     60e:	01 97       	sbiw	r24, 0x01	; 1
     610:	a1 09       	sbc	r26, r1
     612:	b1 09       	sbc	r27, r1
     614:	8e 21       	and	r24, r14
     616:	9f 21       	and	r25, r15
     618:	a0 23       	and	r26, r16
     61a:	b1 23       	and	r27, r17
     61c:	00 97       	sbiw	r24, 0x00	; 0
     61e:	a1 05       	cpc	r26, r1
     620:	b1 05       	cpc	r27, r1
     622:	21 f0       	breq	.+8      	; 0x62c <__pack_f+0xbe>
     624:	81 e0       	ldi	r24, 0x01	; 1
     626:	90 e0       	ldi	r25, 0x00	; 0
     628:	a0 e0       	ldi	r26, 0x00	; 0
     62a:	b0 e0       	ldi	r27, 0x00	; 0
     62c:	9a 01       	movw	r18, r20
     62e:	ab 01       	movw	r20, r22
     630:	28 2b       	or	r18, r24
     632:	39 2b       	or	r19, r25
     634:	4a 2b       	or	r20, r26
     636:	5b 2b       	or	r21, r27
     638:	da 01       	movw	r26, r20
     63a:	c9 01       	movw	r24, r18
     63c:	8f 77       	andi	r24, 0x7F	; 127
     63e:	90 70       	andi	r25, 0x00	; 0
     640:	a0 70       	andi	r26, 0x00	; 0
     642:	b0 70       	andi	r27, 0x00	; 0
     644:	80 34       	cpi	r24, 0x40	; 64
     646:	91 05       	cpc	r25, r1
     648:	a1 05       	cpc	r26, r1
     64a:	b1 05       	cpc	r27, r1
     64c:	39 f4       	brne	.+14     	; 0x65c <__pack_f+0xee>
     64e:	27 ff       	sbrs	r18, 7
     650:	09 c0       	rjmp	.+18     	; 0x664 <__pack_f+0xf6>
     652:	20 5c       	subi	r18, 0xC0	; 192
     654:	3f 4f       	sbci	r19, 0xFF	; 255
     656:	4f 4f       	sbci	r20, 0xFF	; 255
     658:	5f 4f       	sbci	r21, 0xFF	; 255
     65a:	04 c0       	rjmp	.+8      	; 0x664 <__pack_f+0xf6>
     65c:	21 5c       	subi	r18, 0xC1	; 193
     65e:	3f 4f       	sbci	r19, 0xFF	; 255
     660:	4f 4f       	sbci	r20, 0xFF	; 255
     662:	5f 4f       	sbci	r21, 0xFF	; 255
     664:	e0 e0       	ldi	r30, 0x00	; 0
     666:	f0 e0       	ldi	r31, 0x00	; 0
     668:	20 30       	cpi	r18, 0x00	; 0
     66a:	a0 e0       	ldi	r26, 0x00	; 0
     66c:	3a 07       	cpc	r19, r26
     66e:	a0 e0       	ldi	r26, 0x00	; 0
     670:	4a 07       	cpc	r20, r26
     672:	a0 e4       	ldi	r26, 0x40	; 64
     674:	5a 07       	cpc	r21, r26
     676:	10 f0       	brcs	.+4      	; 0x67c <__pack_f+0x10e>
     678:	e1 e0       	ldi	r30, 0x01	; 1
     67a:	f0 e0       	ldi	r31, 0x00	; 0
     67c:	79 01       	movw	r14, r18
     67e:	8a 01       	movw	r16, r20
     680:	27 c0       	rjmp	.+78     	; 0x6d0 <__pack_f+0x162>
     682:	60 38       	cpi	r22, 0x80	; 128
     684:	71 05       	cpc	r23, r1
     686:	64 f5       	brge	.+88     	; 0x6e0 <__pack_f+0x172>
     688:	fb 01       	movw	r30, r22
     68a:	e1 58       	subi	r30, 0x81	; 129
     68c:	ff 4f       	sbci	r31, 0xFF	; 255
     68e:	d8 01       	movw	r26, r16
     690:	c7 01       	movw	r24, r14
     692:	8f 77       	andi	r24, 0x7F	; 127
     694:	90 70       	andi	r25, 0x00	; 0
     696:	a0 70       	andi	r26, 0x00	; 0
     698:	b0 70       	andi	r27, 0x00	; 0
     69a:	80 34       	cpi	r24, 0x40	; 64
     69c:	91 05       	cpc	r25, r1
     69e:	a1 05       	cpc	r26, r1
     6a0:	b1 05       	cpc	r27, r1
     6a2:	39 f4       	brne	.+14     	; 0x6b2 <__pack_f+0x144>
     6a4:	e7 fe       	sbrs	r14, 7
     6a6:	0d c0       	rjmp	.+26     	; 0x6c2 <__pack_f+0x154>
     6a8:	80 e4       	ldi	r24, 0x40	; 64
     6aa:	90 e0       	ldi	r25, 0x00	; 0
     6ac:	a0 e0       	ldi	r26, 0x00	; 0
     6ae:	b0 e0       	ldi	r27, 0x00	; 0
     6b0:	04 c0       	rjmp	.+8      	; 0x6ba <__pack_f+0x14c>
     6b2:	8f e3       	ldi	r24, 0x3F	; 63
     6b4:	90 e0       	ldi	r25, 0x00	; 0
     6b6:	a0 e0       	ldi	r26, 0x00	; 0
     6b8:	b0 e0       	ldi	r27, 0x00	; 0
     6ba:	e8 0e       	add	r14, r24
     6bc:	f9 1e       	adc	r15, r25
     6be:	0a 1f       	adc	r16, r26
     6c0:	1b 1f       	adc	r17, r27
     6c2:	17 ff       	sbrs	r17, 7
     6c4:	05 c0       	rjmp	.+10     	; 0x6d0 <__pack_f+0x162>
     6c6:	16 95       	lsr	r17
     6c8:	07 95       	ror	r16
     6ca:	f7 94       	ror	r15
     6cc:	e7 94       	ror	r14
     6ce:	31 96       	adiw	r30, 0x01	; 1
     6d0:	87 e0       	ldi	r24, 0x07	; 7
     6d2:	16 95       	lsr	r17
     6d4:	07 95       	ror	r16
     6d6:	f7 94       	ror	r15
     6d8:	e7 94       	ror	r14
     6da:	8a 95       	dec	r24
     6dc:	d1 f7       	brne	.-12     	; 0x6d2 <__pack_f+0x164>
     6de:	05 c0       	rjmp	.+10     	; 0x6ea <__pack_f+0x17c>
     6e0:	ee 24       	eor	r14, r14
     6e2:	ff 24       	eor	r15, r15
     6e4:	87 01       	movw	r16, r14
     6e6:	ef ef       	ldi	r30, 0xFF	; 255
     6e8:	f0 e0       	ldi	r31, 0x00	; 0
     6ea:	6e 2f       	mov	r22, r30
     6ec:	67 95       	ror	r22
     6ee:	66 27       	eor	r22, r22
     6f0:	67 95       	ror	r22
     6f2:	90 2f       	mov	r25, r16
     6f4:	9f 77       	andi	r25, 0x7F	; 127
     6f6:	d7 94       	ror	r13
     6f8:	dd 24       	eor	r13, r13
     6fa:	d7 94       	ror	r13
     6fc:	8e 2f       	mov	r24, r30
     6fe:	86 95       	lsr	r24
     700:	49 2f       	mov	r20, r25
     702:	46 2b       	or	r20, r22
     704:	58 2f       	mov	r21, r24
     706:	5d 29       	or	r21, r13
     708:	b7 01       	movw	r22, r14
     70a:	ca 01       	movw	r24, r20
     70c:	1f 91       	pop	r17
     70e:	0f 91       	pop	r16
     710:	ff 90       	pop	r15
     712:	ef 90       	pop	r14
     714:	df 90       	pop	r13
     716:	08 95       	ret

00000718 <__unpack_f>:
     718:	fc 01       	movw	r30, r24
     71a:	db 01       	movw	r26, r22
     71c:	40 81       	ld	r20, Z
     71e:	51 81       	ldd	r21, Z+1	; 0x01
     720:	22 81       	ldd	r18, Z+2	; 0x02
     722:	62 2f       	mov	r22, r18
     724:	6f 77       	andi	r22, 0x7F	; 127
     726:	70 e0       	ldi	r23, 0x00	; 0
     728:	22 1f       	adc	r18, r18
     72a:	22 27       	eor	r18, r18
     72c:	22 1f       	adc	r18, r18
     72e:	93 81       	ldd	r25, Z+3	; 0x03
     730:	89 2f       	mov	r24, r25
     732:	88 0f       	add	r24, r24
     734:	82 2b       	or	r24, r18
     736:	28 2f       	mov	r18, r24
     738:	30 e0       	ldi	r19, 0x00	; 0
     73a:	99 1f       	adc	r25, r25
     73c:	99 27       	eor	r25, r25
     73e:	99 1f       	adc	r25, r25
     740:	11 96       	adiw	r26, 0x01	; 1
     742:	9c 93       	st	X, r25
     744:	11 97       	sbiw	r26, 0x01	; 1
     746:	21 15       	cp	r18, r1
     748:	31 05       	cpc	r19, r1
     74a:	a9 f5       	brne	.+106    	; 0x7b6 <__unpack_f+0x9e>
     74c:	41 15       	cp	r20, r1
     74e:	51 05       	cpc	r21, r1
     750:	61 05       	cpc	r22, r1
     752:	71 05       	cpc	r23, r1
     754:	11 f4       	brne	.+4      	; 0x75a <__unpack_f+0x42>
     756:	82 e0       	ldi	r24, 0x02	; 2
     758:	37 c0       	rjmp	.+110    	; 0x7c8 <__unpack_f+0xb0>
     75a:	82 e8       	ldi	r24, 0x82	; 130
     75c:	9f ef       	ldi	r25, 0xFF	; 255
     75e:	13 96       	adiw	r26, 0x03	; 3
     760:	9c 93       	st	X, r25
     762:	8e 93       	st	-X, r24
     764:	12 97       	sbiw	r26, 0x02	; 2
     766:	9a 01       	movw	r18, r20
     768:	ab 01       	movw	r20, r22
     76a:	67 e0       	ldi	r22, 0x07	; 7
     76c:	22 0f       	add	r18, r18
     76e:	33 1f       	adc	r19, r19
     770:	44 1f       	adc	r20, r20
     772:	55 1f       	adc	r21, r21
     774:	6a 95       	dec	r22
     776:	d1 f7       	brne	.-12     	; 0x76c <__unpack_f+0x54>
     778:	83 e0       	ldi	r24, 0x03	; 3
     77a:	8c 93       	st	X, r24
     77c:	0d c0       	rjmp	.+26     	; 0x798 <__unpack_f+0x80>
     77e:	22 0f       	add	r18, r18
     780:	33 1f       	adc	r19, r19
     782:	44 1f       	adc	r20, r20
     784:	55 1f       	adc	r21, r21
     786:	12 96       	adiw	r26, 0x02	; 2
     788:	8d 91       	ld	r24, X+
     78a:	9c 91       	ld	r25, X
     78c:	13 97       	sbiw	r26, 0x03	; 3
     78e:	01 97       	sbiw	r24, 0x01	; 1
     790:	13 96       	adiw	r26, 0x03	; 3
     792:	9c 93       	st	X, r25
     794:	8e 93       	st	-X, r24
     796:	12 97       	sbiw	r26, 0x02	; 2
     798:	20 30       	cpi	r18, 0x00	; 0
     79a:	80 e0       	ldi	r24, 0x00	; 0
     79c:	38 07       	cpc	r19, r24
     79e:	80 e0       	ldi	r24, 0x00	; 0
     7a0:	48 07       	cpc	r20, r24
     7a2:	80 e4       	ldi	r24, 0x40	; 64
     7a4:	58 07       	cpc	r21, r24
     7a6:	58 f3       	brcs	.-42     	; 0x77e <__unpack_f+0x66>
     7a8:	14 96       	adiw	r26, 0x04	; 4
     7aa:	2d 93       	st	X+, r18
     7ac:	3d 93       	st	X+, r19
     7ae:	4d 93       	st	X+, r20
     7b0:	5c 93       	st	X, r21
     7b2:	17 97       	sbiw	r26, 0x07	; 7
     7b4:	08 95       	ret
     7b6:	2f 3f       	cpi	r18, 0xFF	; 255
     7b8:	31 05       	cpc	r19, r1
     7ba:	79 f4       	brne	.+30     	; 0x7da <__unpack_f+0xc2>
     7bc:	41 15       	cp	r20, r1
     7be:	51 05       	cpc	r21, r1
     7c0:	61 05       	cpc	r22, r1
     7c2:	71 05       	cpc	r23, r1
     7c4:	19 f4       	brne	.+6      	; 0x7cc <__unpack_f+0xb4>
     7c6:	84 e0       	ldi	r24, 0x04	; 4
     7c8:	8c 93       	st	X, r24
     7ca:	08 95       	ret
     7cc:	64 ff       	sbrs	r22, 4
     7ce:	03 c0       	rjmp	.+6      	; 0x7d6 <__unpack_f+0xbe>
     7d0:	81 e0       	ldi	r24, 0x01	; 1
     7d2:	8c 93       	st	X, r24
     7d4:	12 c0       	rjmp	.+36     	; 0x7fa <__unpack_f+0xe2>
     7d6:	1c 92       	st	X, r1
     7d8:	10 c0       	rjmp	.+32     	; 0x7fa <__unpack_f+0xe2>
     7da:	2f 57       	subi	r18, 0x7F	; 127
     7dc:	30 40       	sbci	r19, 0x00	; 0
     7de:	13 96       	adiw	r26, 0x03	; 3
     7e0:	3c 93       	st	X, r19
     7e2:	2e 93       	st	-X, r18
     7e4:	12 97       	sbiw	r26, 0x02	; 2
     7e6:	83 e0       	ldi	r24, 0x03	; 3
     7e8:	8c 93       	st	X, r24
     7ea:	87 e0       	ldi	r24, 0x07	; 7
     7ec:	44 0f       	add	r20, r20
     7ee:	55 1f       	adc	r21, r21
     7f0:	66 1f       	adc	r22, r22
     7f2:	77 1f       	adc	r23, r23
     7f4:	8a 95       	dec	r24
     7f6:	d1 f7       	brne	.-12     	; 0x7ec <__unpack_f+0xd4>
     7f8:	70 64       	ori	r23, 0x40	; 64
     7fa:	14 96       	adiw	r26, 0x04	; 4
     7fc:	4d 93       	st	X+, r20
     7fe:	5d 93       	st	X+, r21
     800:	6d 93       	st	X+, r22
     802:	7c 93       	st	X, r23
     804:	17 97       	sbiw	r26, 0x07	; 7
     806:	08 95       	ret

00000808 <WATCHDOG_voidInit>:
#include "WATCHDOG_interface.h"
#include "WATCHDOG_config.h"
#include "WATCHDOG_private.h"

void WATCHDOG_voidInit()
{
     808:	df 93       	push	r29
     80a:	cf 93       	push	r28
     80c:	cd b7       	in	r28, 0x3d	; 61
     80e:	de b7       	in	r29, 0x3e	; 62
	SET_BIT(WATCHDOG_u8REG_WDTCR,WATCHDOG_u8REG_WDTCR_WDP2);
     810:	a1 e4       	ldi	r26, 0x41	; 65
     812:	b0 e0       	ldi	r27, 0x00	; 0
     814:	e1 e4       	ldi	r30, 0x41	; 65
     816:	f0 e0       	ldi	r31, 0x00	; 0
     818:	80 81       	ld	r24, Z
     81a:	84 60       	ori	r24, 0x04	; 4
     81c:	8c 93       	st	X, r24
	SET_BIT(WATCHDOG_u8REG_WDTCR,WATCHDOG_u8REG_WDTCR_WDP1);
     81e:	a1 e4       	ldi	r26, 0x41	; 65
     820:	b0 e0       	ldi	r27, 0x00	; 0
     822:	e1 e4       	ldi	r30, 0x41	; 65
     824:	f0 e0       	ldi	r31, 0x00	; 0
     826:	80 81       	ld	r24, Z
     828:	82 60       	ori	r24, 0x02	; 2
     82a:	8c 93       	st	X, r24
	CLR_BIT(WATCHDOG_u8REG_WDTCR,WATCHDOG_u8REG_WDTCR_WDP0);
     82c:	a1 e4       	ldi	r26, 0x41	; 65
     82e:	b0 e0       	ldi	r27, 0x00	; 0
     830:	e1 e4       	ldi	r30, 0x41	; 65
     832:	f0 e0       	ldi	r31, 0x00	; 0
     834:	80 81       	ld	r24, Z
     836:	8e 7f       	andi	r24, 0xFE	; 254
     838:	8c 93       	st	X, r24
}
     83a:	cf 91       	pop	r28
     83c:	df 91       	pop	r29
     83e:	08 95       	ret

00000840 <WATCHDOG_voidEnable>:
void WATCHDOG_voidEnable()
{
     840:	df 93       	push	r29
     842:	cf 93       	push	r28
     844:	cd b7       	in	r28, 0x3d	; 61
     846:	de b7       	in	r29, 0x3e	; 62
    SET_BIT(WATCHDOG_u8REG_WDTCR,WATCHDOG_u8REG_WDTCR_WDE);
     848:	a1 e4       	ldi	r26, 0x41	; 65
     84a:	b0 e0       	ldi	r27, 0x00	; 0
     84c:	e1 e4       	ldi	r30, 0x41	; 65
     84e:	f0 e0       	ldi	r31, 0x00	; 0
     850:	80 81       	ld	r24, Z
     852:	88 60       	ori	r24, 0x08	; 8
     854:	8c 93       	st	X, r24
}
     856:	cf 91       	pop	r28
     858:	df 91       	pop	r29
     85a:	08 95       	ret

0000085c <WATCHDOG_voidDisable>:
void WATCHDOG_voidDisable()
{
     85c:	df 93       	push	r29
     85e:	cf 93       	push	r28
     860:	cd b7       	in	r28, 0x3d	; 61
     862:	de b7       	in	r29, 0x3e	; 62
	WATCHDOG_u8REG_WDTCR |=(3<<3);
     864:	a1 e4       	ldi	r26, 0x41	; 65
     866:	b0 e0       	ldi	r27, 0x00	; 0
     868:	e1 e4       	ldi	r30, 0x41	; 65
     86a:	f0 e0       	ldi	r31, 0x00	; 0
     86c:	80 81       	ld	r24, Z
     86e:	88 61       	ori	r24, 0x18	; 24
     870:	8c 93       	st	X, r24
	CLR_BIT(WATCHDOG_u8REG_WDTCR,WATCHDOG_u8REG_WDTCR_WDE);
     872:	a1 e4       	ldi	r26, 0x41	; 65
     874:	b0 e0       	ldi	r27, 0x00	; 0
     876:	e1 e4       	ldi	r30, 0x41	; 65
     878:	f0 e0       	ldi	r31, 0x00	; 0
     87a:	80 81       	ld	r24, Z
     87c:	87 7f       	andi	r24, 0xF7	; 247
     87e:	8c 93       	st	X, r24
}
     880:	cf 91       	pop	r28
     882:	df 91       	pop	r29
     884:	08 95       	ret

00000886 <WATCHDOG_voidFEED>:
void WATCHDOG_voidFEED()
{
     886:	df 93       	push	r29
     888:	cf 93       	push	r28
     88a:	cd b7       	in	r28, 0x3d	; 61
     88c:	de b7       	in	r29, 0x3e	; 62
	asm("wdr");
     88e:	a8 95       	wdr
}
     890:	cf 91       	pop	r28
     892:	df 91       	pop	r29
     894:	08 95       	ret

00000896 <UART_voidInit>:
#include "UART_interface.h"
#include "UART_config.h"
#include "UART_private.h"

void UART_voidInit()
{
     896:	df 93       	push	r29
     898:	cf 93       	push	r28
     89a:	cd b7       	in	r28, 0x3d	; 61
     89c:	de b7       	in	r29, 0x3e	; 62
	// set UART Transmission speed
	CLR_BIT(UART_u8REG_UCSRA,UART_u8REG_UCSRA_U2X);
     89e:	ab e2       	ldi	r26, 0x2B	; 43
     8a0:	b0 e0       	ldi	r27, 0x00	; 0
     8a2:	eb e2       	ldi	r30, 0x2B	; 43
     8a4:	f0 e0       	ldi	r31, 0x00	; 0
     8a6:	80 81       	ld	r24, Z
     8a8:	8d 7f       	andi	r24, 0xFD	; 253
     8aa:	8c 93       	st	X, r24

	// set to 9600 baud rate
	UART_u8REG_UBRRH = 0;
     8ac:	e0 e4       	ldi	r30, 0x40	; 64
     8ae:	f0 e0       	ldi	r31, 0x00	; 0
     8b0:	10 82       	st	Z, r1
	UART_u8REG_UBRRL = 51;
     8b2:	e9 e2       	ldi	r30, 0x29	; 41
     8b4:	f0 e0       	ldi	r31, 0x00	; 0
     8b6:	83 e3       	ldi	r24, 0x33	; 51
     8b8:	80 83       	st	Z, r24

	// character size 8 bit
	CLR_BIT(UART_u8REG_UCSRB,UART_u8REG_UCSRB_UCSZ2);
     8ba:	aa e2       	ldi	r26, 0x2A	; 42
     8bc:	b0 e0       	ldi	r27, 0x00	; 0
     8be:	ea e2       	ldi	r30, 0x2A	; 42
     8c0:	f0 e0       	ldi	r31, 0x00	; 0
     8c2:	80 81       	ld	r24, Z
     8c4:	8b 7f       	andi	r24, 0xFB	; 251
     8c6:	8c 93       	st	X, r24
	UART_u8REG_UCSRC = 0b10000110;
     8c8:	e0 e4       	ldi	r30, 0x40	; 64
     8ca:	f0 e0       	ldi	r31, 0x00	; 0
     8cc:	86 e8       	ldi	r24, 0x86	; 134
     8ce:	80 83       	st	Z, r24

	// receive / transmit enable
	SET_BIT(UART_u8REG_UCSRB,UART_u8REG_UCSRB_RXEN);
     8d0:	aa e2       	ldi	r26, 0x2A	; 42
     8d2:	b0 e0       	ldi	r27, 0x00	; 0
     8d4:	ea e2       	ldi	r30, 0x2A	; 42
     8d6:	f0 e0       	ldi	r31, 0x00	; 0
     8d8:	80 81       	ld	r24, Z
     8da:	80 61       	ori	r24, 0x10	; 16
     8dc:	8c 93       	st	X, r24
	SET_BIT(UART_u8REG_UCSRB,UART_u8REG_UCSRB_TXEN);
     8de:	aa e2       	ldi	r26, 0x2A	; 42
     8e0:	b0 e0       	ldi	r27, 0x00	; 0
     8e2:	ea e2       	ldi	r30, 0x2A	; 42
     8e4:	f0 e0       	ldi	r31, 0x00	; 0
     8e6:	80 81       	ld	r24, Z
     8e8:	88 60       	ori	r24, 0x08	; 8
     8ea:	8c 93       	st	X, r24
}
     8ec:	cf 91       	pop	r28
     8ee:	df 91       	pop	r29
     8f0:	08 95       	ret

000008f2 <UART_voidTransmit>:
void UART_voidTransmit(u8 data_transmit)
{
     8f2:	df 93       	push	r29
     8f4:	cf 93       	push	r28
     8f6:	0f 92       	push	r0
     8f8:	cd b7       	in	r28, 0x3d	; 61
     8fa:	de b7       	in	r29, 0x3e	; 62
     8fc:	89 83       	std	Y+1, r24	; 0x01
	while(!GET_BIT(UART_u8REG_UCSRA,UART_u8REG_UCSRA_UDRE));
     8fe:	eb e2       	ldi	r30, 0x2B	; 43
     900:	f0 e0       	ldi	r31, 0x00	; 0
     902:	80 81       	ld	r24, Z
     904:	82 95       	swap	r24
     906:	86 95       	lsr	r24
     908:	87 70       	andi	r24, 0x07	; 7
     90a:	88 2f       	mov	r24, r24
     90c:	90 e0       	ldi	r25, 0x00	; 0
     90e:	81 70       	andi	r24, 0x01	; 1
     910:	90 70       	andi	r25, 0x00	; 0
     912:	00 97       	sbiw	r24, 0x00	; 0
     914:	a1 f3       	breq	.-24     	; 0x8fe <UART_voidTransmit+0xc>
	UART_u8REG_UDR = data_transmit;
     916:	ec e2       	ldi	r30, 0x2C	; 44
     918:	f0 e0       	ldi	r31, 0x00	; 0
     91a:	89 81       	ldd	r24, Y+1	; 0x01
     91c:	80 83       	st	Z, r24

	// optional
	while(!GET_BIT(UART_u8REG_UCSRA,UART_u8REG_UCSRA_TXC));
     91e:	eb e2       	ldi	r30, 0x2B	; 43
     920:	f0 e0       	ldi	r31, 0x00	; 0
     922:	80 81       	ld	r24, Z
     924:	82 95       	swap	r24
     926:	86 95       	lsr	r24
     928:	86 95       	lsr	r24
     92a:	83 70       	andi	r24, 0x03	; 3
     92c:	88 2f       	mov	r24, r24
     92e:	90 e0       	ldi	r25, 0x00	; 0
     930:	81 70       	andi	r24, 0x01	; 1
     932:	90 70       	andi	r25, 0x00	; 0
     934:	00 97       	sbiw	r24, 0x00	; 0
     936:	99 f3       	breq	.-26     	; 0x91e <UART_voidTransmit+0x2c>
	SET_BIT(UART_u8REG_UCSRA,UART_u8REG_UCSRA_TXC);
     938:	ab e2       	ldi	r26, 0x2B	; 43
     93a:	b0 e0       	ldi	r27, 0x00	; 0
     93c:	eb e2       	ldi	r30, 0x2B	; 43
     93e:	f0 e0       	ldi	r31, 0x00	; 0
     940:	80 81       	ld	r24, Z
     942:	80 64       	ori	r24, 0x40	; 64
     944:	8c 93       	st	X, r24
}
     946:	0f 90       	pop	r0
     948:	cf 91       	pop	r28
     94a:	df 91       	pop	r29
     94c:	08 95       	ret

0000094e <UART_voidReceive>:
void UART_voidReceive(u8* data_receive)
{
     94e:	df 93       	push	r29
     950:	cf 93       	push	r28
     952:	00 d0       	rcall	.+0      	; 0x954 <UART_voidReceive+0x6>
     954:	cd b7       	in	r28, 0x3d	; 61
     956:	de b7       	in	r29, 0x3e	; 62
     958:	9a 83       	std	Y+2, r25	; 0x02
     95a:	89 83       	std	Y+1, r24	; 0x01
	if(data_receive != NULL)
     95c:	89 81       	ldd	r24, Y+1	; 0x01
     95e:	9a 81       	ldd	r25, Y+2	; 0x02
     960:	00 97       	sbiw	r24, 0x00	; 0
     962:	59 f0       	breq	.+22     	; 0x97a <UART_voidReceive+0x2c>
	{
	    while(!GET_BIT(UART_u8REG_UCSRA,UART_u8REG_UCSRA_RXC));
     964:	eb e2       	ldi	r30, 0x2B	; 43
     966:	f0 e0       	ldi	r31, 0x00	; 0
     968:	80 81       	ld	r24, Z
     96a:	88 23       	and	r24, r24
     96c:	dc f7       	brge	.-10     	; 0x964 <UART_voidReceive+0x16>
	    *data_receive = UART_u8REG_UDR;
     96e:	ec e2       	ldi	r30, 0x2C	; 44
     970:	f0 e0       	ldi	r31, 0x00	; 0
     972:	80 81       	ld	r24, Z
     974:	e9 81       	ldd	r30, Y+1	; 0x01
     976:	fa 81       	ldd	r31, Y+2	; 0x02
     978:	80 83       	st	Z, r24
	}
}
     97a:	0f 90       	pop	r0
     97c:	0f 90       	pop	r0
     97e:	cf 91       	pop	r28
     980:	df 91       	pop	r29
     982:	08 95       	ret

00000984 <UART_voidTransmit_String>:
void UART_voidTransmit_String(u8* data_transmit)
{
     984:	df 93       	push	r29
     986:	cf 93       	push	r28
     988:	00 d0       	rcall	.+0      	; 0x98a <UART_voidTransmit_String+0x6>
     98a:	cd b7       	in	r28, 0x3d	; 61
     98c:	de b7       	in	r29, 0x3e	; 62
     98e:	9a 83       	std	Y+2, r25	; 0x02
     990:	89 83       	std	Y+1, r24	; 0x01
     992:	0a c0       	rjmp	.+20     	; 0x9a8 <UART_voidTransmit_String+0x24>
	while(*data_transmit != '\0')
	{
		UART_voidTransmit(*data_transmit);
     994:	e9 81       	ldd	r30, Y+1	; 0x01
     996:	fa 81       	ldd	r31, Y+2	; 0x02
     998:	80 81       	ld	r24, Z
     99a:	0e 94 79 04 	call	0x8f2	; 0x8f2 <UART_voidTransmit>
		++data_transmit;
     99e:	89 81       	ldd	r24, Y+1	; 0x01
     9a0:	9a 81       	ldd	r25, Y+2	; 0x02
     9a2:	01 96       	adiw	r24, 0x01	; 1
     9a4:	9a 83       	std	Y+2, r25	; 0x02
     9a6:	89 83       	std	Y+1, r24	; 0x01
	    *data_receive = UART_u8REG_UDR;
	}
}
void UART_voidTransmit_String(u8* data_transmit)
{
	while(*data_transmit != '\0')
     9a8:	e9 81       	ldd	r30, Y+1	; 0x01
     9aa:	fa 81       	ldd	r31, Y+2	; 0x02
     9ac:	80 81       	ld	r24, Z
     9ae:	88 23       	and	r24, r24
     9b0:	89 f7       	brne	.-30     	; 0x994 <UART_voidTransmit_String+0x10>
	{
		UART_voidTransmit(*data_transmit);
		++data_transmit;
	}
}
     9b2:	0f 90       	pop	r0
     9b4:	0f 90       	pop	r0
     9b6:	cf 91       	pop	r28
     9b8:	df 91       	pop	r29
     9ba:	08 95       	ret

000009bc <UART_voidSendNewLine>:
void UART_voidSendNewLine()
{
     9bc:	df 93       	push	r29
     9be:	cf 93       	push	r28
     9c0:	cd b7       	in	r28, 0x3d	; 61
     9c2:	de b7       	in	r29, 0x3e	; 62
    UART_voidTransmit('\r');
     9c4:	8d e0       	ldi	r24, 0x0D	; 13
     9c6:	0e 94 79 04 	call	0x8f2	; 0x8f2 <UART_voidTransmit>
    UART_voidTransmit('\n');
     9ca:	8a e0       	ldi	r24, 0x0A	; 10
     9cc:	0e 94 79 04 	call	0x8f2	; 0x8f2 <UART_voidTransmit>
}
     9d0:	cf 91       	pop	r28
     9d2:	df 91       	pop	r29
     9d4:	08 95       	ret

000009d6 <UART_u8DataAvailable>:
u8 UART_u8DataAvailable(void)
{
     9d6:	df 93       	push	r29
     9d8:	cf 93       	push	r28
     9da:	cd b7       	in	r28, 0x3d	; 61
     9dc:	de b7       	in	r29, 0x3e	; 62
    return GET_BIT(UART_u8REG_UCSRA,UART_u8REG_UCSRA_RXC);
     9de:	eb e2       	ldi	r30, 0x2B	; 43
     9e0:	f0 e0       	ldi	r31, 0x00	; 0
     9e2:	80 81       	ld	r24, Z
     9e4:	88 1f       	adc	r24, r24
     9e6:	88 27       	eor	r24, r24
     9e8:	88 1f       	adc	r24, r24
}
     9ea:	cf 91       	pop	r28
     9ec:	df 91       	pop	r29
     9ee:	08 95       	ret

000009f0 <TWI_voidInitMaster>:
/* Desc:This Function initialize Two wire interface (I2C) as Master Node		**/
/*********************************************************************************/
/* Copy_u8Address:Assign the address of the Master Node							**/
/*********************************************************************************/
void TWI_voidInitMaster(u8 Copy_u8Address)
{
     9f0:	df 93       	push	r29
     9f2:	cf 93       	push	r28
     9f4:	0f 92       	push	r0
     9f6:	cd b7       	in	r28, 0x3d	; 61
     9f8:	de b7       	in	r29, 0x3e	; 62
     9fa:	89 83       	std	Y+1, r24	; 0x01
	/*Enable Acknowledge Bit*/
	SET_BIT(TWI_u8_TWCR_REG, TWI_u8_TWCR_TWEA);
     9fc:	a6 e5       	ldi	r26, 0x56	; 86
     9fe:	b0 e0       	ldi	r27, 0x00	; 0
     a00:	e6 e5       	ldi	r30, 0x56	; 86
     a02:	f0 e0       	ldi	r31, 0x00	; 0
     a04:	80 81       	ld	r24, Z
     a06:	80 64       	ori	r24, 0x40	; 64
     a08:	8c 93       	st	X, r24

	/*Set SCL frequency to 100KHz, with 8MHz system frequency*/
	/*1- Set TWI_u8_TWBR = 2*/
	TWI_u8_TWBR_REG = 2;
     a0a:	e0 e2       	ldi	r30, 0x20	; 32
     a0c:	f0 e0       	ldi	r31, 0x00	; 0
     a0e:	82 e0       	ldi	r24, 0x02	; 2
     a10:	80 83       	st	Z, r24
	/*2- Clear The Prescaler bit (TWPS0 - TWPS1)*/
	SET_BIT(TWI_u8_TWSR_REG, TWI_u8_TWSR_TWPS0);
     a12:	a1 e2       	ldi	r26, 0x21	; 33
     a14:	b0 e0       	ldi	r27, 0x00	; 0
     a16:	e1 e2       	ldi	r30, 0x21	; 33
     a18:	f0 e0       	ldi	r31, 0x00	; 0
     a1a:	80 81       	ld	r24, Z
     a1c:	81 60       	ori	r24, 0x01	; 1
     a1e:	8c 93       	st	X, r24
	SET_BIT(TWI_u8_TWSR_REG, TWI_u8_TWSR_TWPS1);
     a20:	a1 e2       	ldi	r26, 0x21	; 33
     a22:	b0 e0       	ldi	r27, 0x00	; 0
     a24:	e1 e2       	ldi	r30, 0x21	; 33
     a26:	f0 e0       	ldi	r31, 0x00	; 0
     a28:	80 81       	ld	r24, Z
     a2a:	82 60       	ori	r24, 0x02	; 2
     a2c:	8c 93       	st	X, r24

	/*Check if the master node will be addressed or not*/
	if(Copy_u8Address == 0)
     a2e:	89 81       	ldd	r24, Y+1	; 0x01
     a30:	88 23       	and	r24, r24
     a32:	29 f0       	breq	.+10     	; 0xa3e <TWI_voidInitMaster+0x4e>
		/*Do Nothing*/
	}
	else
	{
		/*Set The Required Address to The Master*/
		TWI_u8_TWAR_REG = (Copy_u8Address << 1);
     a34:	e2 e2       	ldi	r30, 0x22	; 34
     a36:	f0 e0       	ldi	r31, 0x00	; 0
     a38:	89 81       	ldd	r24, Y+1	; 0x01
     a3a:	88 0f       	add	r24, r24
     a3c:	80 83       	st	Z, r24
	}

	/*Enable TWI*/
	SET_BIT(TWI_u8_TWCR_REG, TWI_u8_TWCR_TWEN);
     a3e:	a6 e5       	ldi	r26, 0x56	; 86
     a40:	b0 e0       	ldi	r27, 0x00	; 0
     a42:	e6 e5       	ldi	r30, 0x56	; 86
     a44:	f0 e0       	ldi	r31, 0x00	; 0
     a46:	80 81       	ld	r24, Z
     a48:	84 60       	ori	r24, 0x04	; 4
     a4a:	8c 93       	st	X, r24
}
     a4c:	0f 90       	pop	r0
     a4e:	cf 91       	pop	r28
     a50:	df 91       	pop	r29
     a52:	08 95       	ret

00000a54 <TWI_voidInitSlave>:
/* Desc:This Function initialize Two wire interface (I2C) as Slave Node			**/
/*********************************************************************************/
/* Copy_u8Address:Assign the address of the Slave Node							**/
/*********************************************************************************/
void TWI_voidInitSlave(u8 Copy_u8Address)
{
     a54:	df 93       	push	r29
     a56:	cf 93       	push	r28
     a58:	0f 92       	push	r0
     a5a:	cd b7       	in	r28, 0x3d	; 61
     a5c:	de b7       	in	r29, 0x3e	; 62
     a5e:	89 83       	std	Y+1, r24	; 0x01
	/*Set The Required Address to The Slave*/
	TWI_u8_TWAR_REG = Copy_u8Address << 1;
     a60:	e2 e2       	ldi	r30, 0x22	; 34
     a62:	f0 e0       	ldi	r31, 0x00	; 0
     a64:	89 81       	ldd	r24, Y+1	; 0x01
     a66:	88 0f       	add	r24, r24
     a68:	80 83       	st	Z, r24

	/*Enable Acknowledge Bit*/
	SET_BIT(TWI_u8_TWCR_REG, TWI_u8_TWCR_TWEA);
     a6a:	a6 e5       	ldi	r26, 0x56	; 86
     a6c:	b0 e0       	ldi	r27, 0x00	; 0
     a6e:	e6 e5       	ldi	r30, 0x56	; 86
     a70:	f0 e0       	ldi	r31, 0x00	; 0
     a72:	80 81       	ld	r24, Z
     a74:	80 64       	ori	r24, 0x40	; 64
     a76:	8c 93       	st	X, r24

	/*Enable TWI*/
	SET_BIT(TWI_u8_TWCR_REG, TWI_u8_TWCR_TWEN);
     a78:	a6 e5       	ldi	r26, 0x56	; 86
     a7a:	b0 e0       	ldi	r27, 0x00	; 0
     a7c:	e6 e5       	ldi	r30, 0x56	; 86
     a7e:	f0 e0       	ldi	r31, 0x00	; 0
     a80:	80 81       	ld	r24, Z
     a82:	84 60       	ori	r24, 0x04	; 4
     a84:	8c 93       	st	X, r24
}
     a86:	0f 90       	pop	r0
     a88:	cf 91       	pop	r28
     a8a:	df 91       	pop	r29
     a8c:	08 95       	ret

00000a8e <TWI_ErrorStatusSendStartConditionWithACK>:
/* I/P Parameters: Nothing									          		    **/
/* Returns:it returns TWI_ErrorStatus_t                        				    **/
/* Desc:This Function Send Start Condition With ACK								**/
/*********************************************************************************/
TWI_ErrorStatus_t TWI_ErrorStatusSendStartConditionWithACK(void)
{
     a8e:	df 93       	push	r29
     a90:	cf 93       	push	r28
     a92:	0f 92       	push	r0
     a94:	cd b7       	in	r28, 0x3d	; 61
     a96:	de b7       	in	r29, 0x3e	; 62
	TWI_ErrorStatus_t Local_ErrorStatus = NoError;
     a98:	19 82       	std	Y+1, r1	; 0x01
//	TWI_u8_TWCR |= (1 << TWI_u8_TWCR_TWINT) | (1 << TWI_u8_TWCR_TWSTA) | (1 << TWI_u8_TWCR_TWEN);
	/*Send Start Condition Bit*/
		SET_BIT(TWI_u8_TWCR_REG, TWI_u8_TWCR_TWSTA);
     a9a:	a6 e5       	ldi	r26, 0x56	; 86
     a9c:	b0 e0       	ldi	r27, 0x00	; 0
     a9e:	e6 e5       	ldi	r30, 0x56	; 86
     aa0:	f0 e0       	ldi	r31, 0x00	; 0
     aa2:	80 81       	ld	r24, Z
     aa4:	80 62       	ori	r24, 0x20	; 32
     aa6:	8c 93       	st	X, r24

	/*Clear The TWINT Flag*/
	SET_BIT(TWI_u8_TWCR_REG, TWI_u8_TWCR_TWINT);
     aa8:	a6 e5       	ldi	r26, 0x56	; 86
     aaa:	b0 e0       	ldi	r27, 0x00	; 0
     aac:	e6 e5       	ldi	r30, 0x56	; 86
     aae:	f0 e0       	ldi	r31, 0x00	; 0
     ab0:	80 81       	ld	r24, Z
     ab2:	80 68       	ori	r24, 0x80	; 128
     ab4:	8c 93       	st	X, r24

	/*wait until the operation finishes and the flag is raised again*/
	while(GET_BIT(TWI_u8_TWCR_REG, TWI_u8_TWCR_TWINT) == 0 );
     ab6:	e6 e5       	ldi	r30, 0x56	; 86
     ab8:	f0 e0       	ldi	r31, 0x00	; 0
     aba:	80 81       	ld	r24, Z
     abc:	88 23       	and	r24, r24
     abe:	dc f7       	brge	.-10     	; 0xab6 <TWI_ErrorStatusSendStartConditionWithACK+0x28>

	if((TWI_u8_TWSR_REG & STATUS_BIT_MASK) != START_ACK)
     ac0:	e1 e2       	ldi	r30, 0x21	; 33
     ac2:	f0 e0       	ldi	r31, 0x00	; 0
     ac4:	80 81       	ld	r24, Z
     ac6:	88 2f       	mov	r24, r24
     ac8:	90 e0       	ldi	r25, 0x00	; 0
     aca:	88 7f       	andi	r24, 0xF8	; 248
     acc:	90 70       	andi	r25, 0x00	; 0
     ace:	88 30       	cpi	r24, 0x08	; 8
     ad0:	91 05       	cpc	r25, r1
     ad2:	11 f0       	breq	.+4      	; 0xad8 <TWI_ErrorStatusSendStartConditionWithACK+0x4a>
	{
		Local_ErrorStatus = StartConditionError;
     ad4:	81 e0       	ldi	r24, 0x01	; 1
     ad6:	89 83       	std	Y+1, r24	; 0x01
	}
	else
	{
		/*Do Nothing*/
	}
	return Local_ErrorStatus;
     ad8:	89 81       	ldd	r24, Y+1	; 0x01
}
     ada:	0f 90       	pop	r0
     adc:	cf 91       	pop	r28
     ade:	df 91       	pop	r29
     ae0:	08 95       	ret

00000ae2 <TWI_ErrorStatusSendRepeatedStartConditionWithACK>:
/* I/P Parameters: Nothing									          		    **/
/* Returns:it returns TWI_ErrorStatus_t                        				    **/
/* Desc:This Function Send repeated Start Condition With ACK					**/
/*********************************************************************************/
TWI_ErrorStatus_t TWI_ErrorStatusSendRepeatedStartConditionWithACK(void)
{
     ae2:	df 93       	push	r29
     ae4:	cf 93       	push	r28
     ae6:	0f 92       	push	r0
     ae8:	cd b7       	in	r28, 0x3d	; 61
     aea:	de b7       	in	r29, 0x3e	; 62
	TWI_ErrorStatus_t Local_ErrorStatus = NoError;
     aec:	19 82       	std	Y+1, r1	; 0x01
	TWI_u8_TWCR_REG |= (1 << TWI_u8_TWCR_TWINT) | (1 << TWI_u8_TWCR_TWSTA) | (1 << TWI_u8_TWCR_TWEN);
     aee:	a6 e5       	ldi	r26, 0x56	; 86
     af0:	b0 e0       	ldi	r27, 0x00	; 0
     af2:	e6 e5       	ldi	r30, 0x56	; 86
     af4:	f0 e0       	ldi	r31, 0x00	; 0
     af6:	80 81       	ld	r24, Z
     af8:	84 6a       	ori	r24, 0xA4	; 164
     afa:	8c 93       	st	X, r24

	/*Clear The TWINT Flag*/
	//	SET_BIT(TWI_u8_TWCR, TWI_u8_TWCR_TWINT);

	/*wait until the operation finishes and the flag is raised again*/
	while(GET_BIT(TWI_u8_TWCR_REG, TWI_u8_TWCR_TWINT) == 0 );
     afc:	e6 e5       	ldi	r30, 0x56	; 86
     afe:	f0 e0       	ldi	r31, 0x00	; 0
     b00:	80 81       	ld	r24, Z
     b02:	88 23       	and	r24, r24
     b04:	dc f7       	brge	.-10     	; 0xafc <TWI_ErrorStatusSendRepeatedStartConditionWithACK+0x1a>

	/*Check For The Condition Status Code*/
	if((TWI_u8_TWSR_REG & STATUS_BIT_MASK) != REP_START_ACK)
     b06:	e1 e2       	ldi	r30, 0x21	; 33
     b08:	f0 e0       	ldi	r31, 0x00	; 0
     b0a:	80 81       	ld	r24, Z
     b0c:	88 2f       	mov	r24, r24
     b0e:	90 e0       	ldi	r25, 0x00	; 0
     b10:	88 7f       	andi	r24, 0xF8	; 248
     b12:	90 70       	andi	r25, 0x00	; 0
     b14:	80 31       	cpi	r24, 0x10	; 16
     b16:	91 05       	cpc	r25, r1
     b18:	11 f0       	breq	.+4      	; 0xb1e <TWI_ErrorStatusSendRepeatedStartConditionWithACK+0x3c>
	{
		Local_ErrorStatus = RepeatedStartError;
     b1a:	82 e0       	ldi	r24, 0x02	; 2
     b1c:	89 83       	std	Y+1, r24	; 0x01
	}
	return Local_ErrorStatus;
     b1e:	89 81       	ldd	r24, Y+1	; 0x01
}
     b20:	0f 90       	pop	r0
     b22:	cf 91       	pop	r28
     b24:	df 91       	pop	r29
     b26:	08 95       	ret

00000b28 <TWI_ErrorStatusSendSlaveAddressWithWriteACK>:
/* I/P Parameters: Nothing									          		    **/
/* Returns:it returns TWI_ErrorStatus_t                        				    **/
/* Desc:This Function Send Slave Address With Write ACK							**/
/*********************************************************************************/
TWI_ErrorStatus_t TWI_ErrorStatusSendSlaveAddressWithWriteACK(u8 Copy_u8SlaveAddress)
{
     b28:	df 93       	push	r29
     b2a:	cf 93       	push	r28
     b2c:	00 d0       	rcall	.+0      	; 0xb2e <TWI_ErrorStatusSendSlaveAddressWithWriteACK+0x6>
     b2e:	0f 92       	push	r0
     b30:	cd b7       	in	r28, 0x3d	; 61
     b32:	de b7       	in	r29, 0x3e	; 62
     b34:	8b 83       	std	Y+3, r24	; 0x03
	TWI_ErrorStatus_t Local_ErrorStatus = NoError;
     b36:	1a 82       	std	Y+2, r1	; 0x02
	u8 Local_u8TWI_u8_TWCRValue = 0;
     b38:	19 82       	std	Y+1, r1	; 0x01

	/*Set 7 bits slave address to the bus*/
	TWI_u8_TWDR_REG = (Copy_u8SlaveAddress << 1);
     b3a:	e3 e2       	ldi	r30, 0x23	; 35
     b3c:	f0 e0       	ldi	r31, 0x00	; 0
     b3e:	8b 81       	ldd	r24, Y+3	; 0x03
     b40:	88 0f       	add	r24, r24
     b42:	80 83       	st	Z, r24

	/*Set The Write Request in the LSB in the data Register*/
	CLR_BIT(TWI_u8_TWDR_REG, TWI_u8_TWDR_TWD0);
     b44:	a3 e2       	ldi	r26, 0x23	; 35
     b46:	b0 e0       	ldi	r27, 0x00	; 0
     b48:	e3 e2       	ldi	r30, 0x23	; 35
     b4a:	f0 e0       	ldi	r31, 0x00	; 0
     b4c:	80 81       	ld	r24, Z
     b4e:	8e 7f       	andi	r24, 0xFE	; 254
     b50:	8c 93       	st	X, r24

	/*Clear The Start Condition Bit*/
	CLR_BIT(TWI_u8_TWCR_REG, TWI_u8_TWCR_TWSTA);
     b52:	a6 e5       	ldi	r26, 0x56	; 86
     b54:	b0 e0       	ldi	r27, 0x00	; 0
     b56:	e6 e5       	ldi	r30, 0x56	; 86
     b58:	f0 e0       	ldi	r31, 0x00	; 0
     b5a:	80 81       	ld	r24, Z
     b5c:	8f 7d       	andi	r24, 0xDF	; 223
     b5e:	8c 93       	st	X, r24

	/*Clear The TWINT Flag*/
	SET_BIT(TWI_u8_TWCR_REG, TWI_u8_TWCR_TWINT);
     b60:	a6 e5       	ldi	r26, 0x56	; 86
     b62:	b0 e0       	ldi	r27, 0x00	; 0
     b64:	e6 e5       	ldi	r30, 0x56	; 86
     b66:	f0 e0       	ldi	r31, 0x00	; 0
     b68:	80 81       	ld	r24, Z
     b6a:	80 68       	ori	r24, 0x80	; 128
     b6c:	8c 93       	st	X, r24

	/*wait until the operation finishes and the flag is raised again*/
	while(GET_BIT(TWI_u8_TWCR_REG, TWI_u8_TWCR_TWINT) == 0 );
     b6e:	e6 e5       	ldi	r30, 0x56	; 86
     b70:	f0 e0       	ldi	r31, 0x00	; 0
     b72:	80 81       	ld	r24, Z
     b74:	88 23       	and	r24, r24
     b76:	dc f7       	brge	.-10     	; 0xb6e <TWI_ErrorStatusSendSlaveAddressWithWriteACK+0x46>

	/*Check For The Condition Status Code*/
	if((TWI_u8_TWSR_REG & STATUS_BIT_MASK) != SLAVE_ADD_AND_WR_ACK)
     b78:	e1 e2       	ldi	r30, 0x21	; 33
     b7a:	f0 e0       	ldi	r31, 0x00	; 0
     b7c:	80 81       	ld	r24, Z
     b7e:	88 2f       	mov	r24, r24
     b80:	90 e0       	ldi	r25, 0x00	; 0
     b82:	88 7f       	andi	r24, 0xF8	; 248
     b84:	90 70       	andi	r25, 0x00	; 0
     b86:	88 31       	cpi	r24, 0x18	; 24
     b88:	91 05       	cpc	r25, r1
     b8a:	11 f0       	breq	.+4      	; 0xb90 <TWI_ErrorStatusSendSlaveAddressWithWriteACK+0x68>
	{
		Local_ErrorStatus = SlaveAddressWithWriteError;
     b8c:	83 e0       	ldi	r24, 0x03	; 3
     b8e:	8a 83       	std	Y+2, r24	; 0x02
	}
	return Local_ErrorStatus;
     b90:	8a 81       	ldd	r24, Y+2	; 0x02
}
     b92:	0f 90       	pop	r0
     b94:	0f 90       	pop	r0
     b96:	0f 90       	pop	r0
     b98:	cf 91       	pop	r28
     b9a:	df 91       	pop	r29
     b9c:	08 95       	ret

00000b9e <TWI_ErrorStatusSendSlaveAddressWithReadACK>:
/* I/P Parameters: Nothing									          		    **/
/* Returns:it returns TWI_ErrorStatus_t                        				    **/
/* Desc:This Function Send Slave Address With Read ACK							**/
/*********************************************************************************/
TWI_ErrorStatus_t TWI_ErrorStatusSendSlaveAddressWithReadACK(u8 Copy_u8SlaveAddress)
{
     b9e:	df 93       	push	r29
     ba0:	cf 93       	push	r28
     ba2:	00 d0       	rcall	.+0      	; 0xba4 <TWI_ErrorStatusSendSlaveAddressWithReadACK+0x6>
     ba4:	cd b7       	in	r28, 0x3d	; 61
     ba6:	de b7       	in	r29, 0x3e	; 62
     ba8:	8a 83       	std	Y+2, r24	; 0x02
	TWI_ErrorStatus_t Local_ErrorStatus = NoError;
     baa:	19 82       	std	Y+1, r1	; 0x01

	/*Set 7 bits slave address to the bus*/
	TWI_u8_TWDR_REG = Copy_u8SlaveAddress << 1;
     bac:	e3 e2       	ldi	r30, 0x23	; 35
     bae:	f0 e0       	ldi	r31, 0x00	; 0
     bb0:	8a 81       	ldd	r24, Y+2	; 0x02
     bb2:	88 0f       	add	r24, r24
     bb4:	80 83       	st	Z, r24

	/*Set The Read Request in the LSB in the data Register*/
	SET_BIT(TWI_u8_TWDR_REG, TWI_u8_TWDR_TWD0);
     bb6:	a3 e2       	ldi	r26, 0x23	; 35
     bb8:	b0 e0       	ldi	r27, 0x00	; 0
     bba:	e3 e2       	ldi	r30, 0x23	; 35
     bbc:	f0 e0       	ldi	r31, 0x00	; 0
     bbe:	80 81       	ld	r24, Z
     bc0:	81 60       	ori	r24, 0x01	; 1
     bc2:	8c 93       	st	X, r24

	/*Clear The Start Condition Bit*/
	CLR_BIT(TWI_u8_TWCR_REG, TWI_u8_TWCR_TWSTA);
     bc4:	a6 e5       	ldi	r26, 0x56	; 86
     bc6:	b0 e0       	ldi	r27, 0x00	; 0
     bc8:	e6 e5       	ldi	r30, 0x56	; 86
     bca:	f0 e0       	ldi	r31, 0x00	; 0
     bcc:	80 81       	ld	r24, Z
     bce:	8f 7d       	andi	r24, 0xDF	; 223
     bd0:	8c 93       	st	X, r24

	/*Clear The TWINT Flag*/
	SET_BIT(TWI_u8_TWCR_REG, TWI_u8_TWCR_TWINT);
     bd2:	a6 e5       	ldi	r26, 0x56	; 86
     bd4:	b0 e0       	ldi	r27, 0x00	; 0
     bd6:	e6 e5       	ldi	r30, 0x56	; 86
     bd8:	f0 e0       	ldi	r31, 0x00	; 0
     bda:	80 81       	ld	r24, Z
     bdc:	80 68       	ori	r24, 0x80	; 128
     bde:	8c 93       	st	X, r24

	/*wait until the operation finishes and the flag is raised again*/
	while(GET_BIT(TWI_u8_TWCR_REG, TWI_u8_TWCR_TWINT) == 0 );
     be0:	e6 e5       	ldi	r30, 0x56	; 86
     be2:	f0 e0       	ldi	r31, 0x00	; 0
     be4:	80 81       	ld	r24, Z
     be6:	88 23       	and	r24, r24
     be8:	dc f7       	brge	.-10     	; 0xbe0 <TWI_ErrorStatusSendSlaveAddressWithReadACK+0x42>

	/*Check For The Condition Status Code*/
	if((TWI_u8_TWSR_REG & STATUS_BIT_MASK) != SLAVE_ADD_AND_RD_ACK)
     bea:	e1 e2       	ldi	r30, 0x21	; 33
     bec:	f0 e0       	ldi	r31, 0x00	; 0
     bee:	80 81       	ld	r24, Z
     bf0:	88 2f       	mov	r24, r24
     bf2:	90 e0       	ldi	r25, 0x00	; 0
     bf4:	88 7f       	andi	r24, 0xF8	; 248
     bf6:	90 70       	andi	r25, 0x00	; 0
     bf8:	80 34       	cpi	r24, 0x40	; 64
     bfa:	91 05       	cpc	r25, r1
     bfc:	11 f0       	breq	.+4      	; 0xc02 <TWI_ErrorStatusSendSlaveAddressWithReadACK+0x64>
	{
		Local_ErrorStatus = SlaveAddressWithReadError;
     bfe:	84 e0       	ldi	r24, 0x04	; 4
     c00:	89 83       	std	Y+1, r24	; 0x01
	}
	return Local_ErrorStatus;
     c02:	89 81       	ldd	r24, Y+1	; 0x01
}
     c04:	0f 90       	pop	r0
     c06:	0f 90       	pop	r0
     c08:	cf 91       	pop	r28
     c0a:	df 91       	pop	r29
     c0c:	08 95       	ret

00000c0e <TWI_ErrorStatusMasterWriteDataByteWithACK>:
/* Desc:This Function allows master to write byte of data With ACK				**/
/*********************************************************************************/
/* Copy_u8DataByte options: Byte of data to be sent			          		    **/
/*********************************************************************************/
TWI_ErrorStatus_t TWI_ErrorStatusMasterWriteDataByteWithACK(u8 Copy_u8DataByte)
{
     c0e:	df 93       	push	r29
     c10:	cf 93       	push	r28
     c12:	00 d0       	rcall	.+0      	; 0xc14 <TWI_ErrorStatusMasterWriteDataByteWithACK+0x6>
     c14:	cd b7       	in	r28, 0x3d	; 61
     c16:	de b7       	in	r29, 0x3e	; 62
     c18:	8a 83       	std	Y+2, r24	; 0x02

	TWI_ErrorStatus_t Local_ErrorStatus = NoError;
     c1a:	19 82       	std	Y+1, r1	; 0x01


	/*Set The Data To The TWI_u8_TWDR Register*/
	TWI_u8_TWDR_REG = Copy_u8DataByte;
     c1c:	e3 e2       	ldi	r30, 0x23	; 35
     c1e:	f0 e0       	ldi	r31, 0x00	; 0
     c20:	8a 81       	ldd	r24, Y+2	; 0x02
     c22:	80 83       	st	Z, r24



	/*Clear The TWINT Flag*/
	SET_BIT(TWI_u8_TWCR_REG, TWI_u8_TWCR_TWINT);
     c24:	a6 e5       	ldi	r26, 0x56	; 86
     c26:	b0 e0       	ldi	r27, 0x00	; 0
     c28:	e6 e5       	ldi	r30, 0x56	; 86
     c2a:	f0 e0       	ldi	r31, 0x00	; 0
     c2c:	80 81       	ld	r24, Z
     c2e:	80 68       	ori	r24, 0x80	; 128
     c30:	8c 93       	st	X, r24


	/*wait until the operation finishes and the flag is raised again*/
	while(GET_BIT(TWI_u8_TWCR_REG, TWI_u8_TWCR_TWINT) == 0 );
     c32:	e6 e5       	ldi	r30, 0x56	; 86
     c34:	f0 e0       	ldi	r31, 0x00	; 0
     c36:	80 81       	ld	r24, Z
     c38:	88 23       	and	r24, r24
     c3a:	dc f7       	brge	.-10     	; 0xc32 <TWI_ErrorStatusMasterWriteDataByteWithACK+0x24>

	/*Check For The Condition Status Code*/
	if((TWI_u8_TWSR_REG & STATUS_BIT_MASK) != MSTR_WR_BYTE_ACK)
     c3c:	e1 e2       	ldi	r30, 0x21	; 33
     c3e:	f0 e0       	ldi	r31, 0x00	; 0
     c40:	80 81       	ld	r24, Z
     c42:	88 2f       	mov	r24, r24
     c44:	90 e0       	ldi	r25, 0x00	; 0
     c46:	88 7f       	andi	r24, 0xF8	; 248
     c48:	90 70       	andi	r25, 0x00	; 0
     c4a:	88 32       	cpi	r24, 0x28	; 40
     c4c:	91 05       	cpc	r25, r1
     c4e:	11 f0       	breq	.+4      	; 0xc54 <TWI_ErrorStatusMasterWriteDataByteWithACK+0x46>
	{
		Local_ErrorStatus = MasterWriteByteWithACKError;
     c50:	85 e0       	ldi	r24, 0x05	; 5
     c52:	89 83       	std	Y+1, r24	; 0x01
	}
	return Local_ErrorStatus;
     c54:	89 81       	ldd	r24, Y+1	; 0x01
}
     c56:	0f 90       	pop	r0
     c58:	0f 90       	pop	r0
     c5a:	cf 91       	pop	r28
     c5c:	df 91       	pop	r29
     c5e:	08 95       	ret

00000c60 <TWI_ErrorStatusMasterReadDataByteWithACK>:
/* Desc:This Function allows master to recieve byte of data With ACK			**/
/*********************************************************************************/
/* *Copy_pu8ReceivedByte options: Address of variable to store the recieved byte**/
/*********************************************************************************/
TWI_ErrorStatus_t TWI_ErrorStatusMasterReadDataByteWithACK(u8 * Copy_pu8ReceivedByte)
{
     c60:	df 93       	push	r29
     c62:	cf 93       	push	r28
     c64:	00 d0       	rcall	.+0      	; 0xc66 <TWI_ErrorStatusMasterReadDataByteWithACK+0x6>
     c66:	0f 92       	push	r0
     c68:	cd b7       	in	r28, 0x3d	; 61
     c6a:	de b7       	in	r29, 0x3e	; 62
     c6c:	9b 83       	std	Y+3, r25	; 0x03
     c6e:	8a 83       	std	Y+2, r24	; 0x02
	TWI_ErrorStatus_t Local_ErrorStatus = NoError;
     c70:	19 82       	std	Y+1, r1	; 0x01

	/*Clear The TWINT Flag, To Make The Slave To Send its Data*/
	SET_BIT(TWI_u8_TWCR_REG, TWI_u8_TWCR_TWINT);
     c72:	a6 e5       	ldi	r26, 0x56	; 86
     c74:	b0 e0       	ldi	r27, 0x00	; 0
     c76:	e6 e5       	ldi	r30, 0x56	; 86
     c78:	f0 e0       	ldi	r31, 0x00	; 0
     c7a:	80 81       	ld	r24, Z
     c7c:	80 68       	ori	r24, 0x80	; 128
     c7e:	8c 93       	st	X, r24

	/*wait until the operation finishes and the flag is raised again*/
	while(GET_BIT(TWI_u8_TWCR_REG, TWI_u8_TWCR_TWINT) == 0 );
     c80:	e6 e5       	ldi	r30, 0x56	; 86
     c82:	f0 e0       	ldi	r31, 0x00	; 0
     c84:	80 81       	ld	r24, Z
     c86:	88 23       	and	r24, r24
     c88:	dc f7       	brge	.-10     	; 0xc80 <TWI_ErrorStatusMasterReadDataByteWithACK+0x20>

	/*Check For The Condition Status Code*/
	if((TWI_u8_TWSR_REG & STATUS_BIT_MASK) != MSTR_RD_BYTE_WITH_ACK)
     c8a:	e1 e2       	ldi	r30, 0x21	; 33
     c8c:	f0 e0       	ldi	r31, 0x00	; 0
     c8e:	80 81       	ld	r24, Z
     c90:	88 2f       	mov	r24, r24
     c92:	90 e0       	ldi	r25, 0x00	; 0
     c94:	88 7f       	andi	r24, 0xF8	; 248
     c96:	90 70       	andi	r25, 0x00	; 0
     c98:	80 35       	cpi	r24, 0x50	; 80
     c9a:	91 05       	cpc	r25, r1
     c9c:	19 f0       	breq	.+6      	; 0xca4 <TWI_ErrorStatusMasterReadDataByteWithACK+0x44>
	{
		Local_ErrorStatus = MasterReadByteWithACKError;
     c9e:	86 e0       	ldi	r24, 0x06	; 6
     ca0:	89 83       	std	Y+1, r24	; 0x01
     ca2:	06 c0       	rjmp	.+12     	; 0xcb0 <TWI_ErrorStatusMasterReadDataByteWithACK+0x50>
	}
	else
	{
		/*Read The Received Data*/
		*Copy_pu8ReceivedByte = TWI_u8_TWDR_REG;
     ca4:	e3 e2       	ldi	r30, 0x23	; 35
     ca6:	f0 e0       	ldi	r31, 0x00	; 0
     ca8:	80 81       	ld	r24, Z
     caa:	ea 81       	ldd	r30, Y+2	; 0x02
     cac:	fb 81       	ldd	r31, Y+3	; 0x03
     cae:	80 83       	st	Z, r24
	}

	return Local_ErrorStatus;
     cb0:	89 81       	ldd	r24, Y+1	; 0x01

}
     cb2:	0f 90       	pop	r0
     cb4:	0f 90       	pop	r0
     cb6:	0f 90       	pop	r0
     cb8:	cf 91       	pop	r28
     cba:	df 91       	pop	r29
     cbc:	08 95       	ret

00000cbe <TWI_ErrorStatusMasterReadDataByteWithNACK>:

TWI_ErrorStatus_t TWI_ErrorStatusMasterReadDataByteWithNACK(u8 * Copy_pu8ReceivedByte)
{
     cbe:	df 93       	push	r29
     cc0:	cf 93       	push	r28
     cc2:	00 d0       	rcall	.+0      	; 0xcc4 <TWI_ErrorStatusMasterReadDataByteWithNACK+0x6>
     cc4:	0f 92       	push	r0
     cc6:	cd b7       	in	r28, 0x3d	; 61
     cc8:	de b7       	in	r29, 0x3e	; 62
     cca:	9b 83       	std	Y+3, r25	; 0x03
     ccc:	8a 83       	std	Y+2, r24	; 0x02
	TWI_ErrorStatus_t Local_ErrorStatus = NoError;
     cce:	19 82       	std	Y+1, r1	; 0x01
	CLR_BIT(TWI_u8_TWCR_REG, TWI_u8_TWCR_TWEA);
     cd0:	a6 e5       	ldi	r26, 0x56	; 86
     cd2:	b0 e0       	ldi	r27, 0x00	; 0
     cd4:	e6 e5       	ldi	r30, 0x56	; 86
     cd6:	f0 e0       	ldi	r31, 0x00	; 0
     cd8:	80 81       	ld	r24, Z
     cda:	8f 7b       	andi	r24, 0xBF	; 191
     cdc:	8c 93       	st	X, r24
	/*Clear The TWINT Flag, To Make The Slave To Send its Data*/
	SET_BIT(TWI_u8_TWCR_REG, TWI_u8_TWCR_TWINT);
     cde:	a6 e5       	ldi	r26, 0x56	; 86
     ce0:	b0 e0       	ldi	r27, 0x00	; 0
     ce2:	e6 e5       	ldi	r30, 0x56	; 86
     ce4:	f0 e0       	ldi	r31, 0x00	; 0
     ce6:	80 81       	ld	r24, Z
     ce8:	80 68       	ori	r24, 0x80	; 128
     cea:	8c 93       	st	X, r24

	/*wait until the operation finishes and the flag is raised again*/
	while(GET_BIT(TWI_u8_TWCR_REG, TWI_u8_TWCR_TWINT) == 0 );
     cec:	e6 e5       	ldi	r30, 0x56	; 86
     cee:	f0 e0       	ldi	r31, 0x00	; 0
     cf0:	80 81       	ld	r24, Z
     cf2:	88 23       	and	r24, r24
     cf4:	dc f7       	brge	.-10     	; 0xcec <TWI_ErrorStatusMasterReadDataByteWithNACK+0x2e>
	SET_BIT(TWI_u8_TWCR_REG, TWI_u8_TWCR_TWEA);
     cf6:	a6 e5       	ldi	r26, 0x56	; 86
     cf8:	b0 e0       	ldi	r27, 0x00	; 0
     cfa:	e6 e5       	ldi	r30, 0x56	; 86
     cfc:	f0 e0       	ldi	r31, 0x00	; 0
     cfe:	80 81       	ld	r24, Z
     d00:	80 64       	ori	r24, 0x40	; 64
     d02:	8c 93       	st	X, r24
	/*Check For The Condition Status Code*/
	if((TWI_u8_TWSR_REG & STATUS_BIT_MASK) != MSTR_RD_BYTE_WITH_NACK)
     d04:	e1 e2       	ldi	r30, 0x21	; 33
     d06:	f0 e0       	ldi	r31, 0x00	; 0
     d08:	80 81       	ld	r24, Z
     d0a:	88 2f       	mov	r24, r24
     d0c:	90 e0       	ldi	r25, 0x00	; 0
     d0e:	88 7f       	andi	r24, 0xF8	; 248
     d10:	90 70       	andi	r25, 0x00	; 0
     d12:	88 35       	cpi	r24, 0x58	; 88
     d14:	91 05       	cpc	r25, r1
     d16:	19 f0       	breq	.+6      	; 0xd1e <TWI_ErrorStatusMasterReadDataByteWithNACK+0x60>
	{
		Local_ErrorStatus = MasterReadByteWithNACKError;
     d18:	87 e0       	ldi	r24, 0x07	; 7
     d1a:	89 83       	std	Y+1, r24	; 0x01
     d1c:	06 c0       	rjmp	.+12     	; 0xd2a <TWI_ErrorStatusMasterReadDataByteWithNACK+0x6c>
	}
	else
	{
		/*Read The Received Data*/
		*Copy_pu8ReceivedByte = TWI_u8_TWDR_REG;
     d1e:	e3 e2       	ldi	r30, 0x23	; 35
     d20:	f0 e0       	ldi	r31, 0x00	; 0
     d22:	80 81       	ld	r24, Z
     d24:	ea 81       	ldd	r30, Y+2	; 0x02
     d26:	fb 81       	ldd	r31, Y+3	; 0x03
     d28:	80 83       	st	Z, r24
	}

	return Local_ErrorStatus;
     d2a:	89 81       	ldd	r24, Y+1	; 0x01
}
     d2c:	0f 90       	pop	r0
     d2e:	0f 90       	pop	r0
     d30:	0f 90       	pop	r0
     d32:	cf 91       	pop	r28
     d34:	df 91       	pop	r29
     d36:	08 95       	ret

00000d38 <TWI_voidSendStopCondition>:
/* I/P Parameters: Nothing									          		    **/
/* Returns:it returns No thing                                				    **/
/* Desc:This Function Sends a stop condition to the bus							**/
/*********************************************************************************/
void TWI_voidSendStopCondition(void)
{
     d38:	df 93       	push	r29
     d3a:	cf 93       	push	r28
     d3c:	cd b7       	in	r28, 0x3d	; 61
     d3e:	de b7       	in	r29, 0x3e	; 62

	/*Send a stop condition on the bus*/
	SET_BIT(TWI_u8_TWCR_REG, TWI_u8_TWCR_TWSTO);
     d40:	a6 e5       	ldi	r26, 0x56	; 86
     d42:	b0 e0       	ldi	r27, 0x00	; 0
     d44:	e6 e5       	ldi	r30, 0x56	; 86
     d46:	f0 e0       	ldi	r31, 0x00	; 0
     d48:	80 81       	ld	r24, Z
     d4a:	80 61       	ori	r24, 0x10	; 16
     d4c:	8c 93       	st	X, r24

	/*Clear The TWINT Flag*/
	SET_BIT(TWI_u8_TWCR_REG, TWI_u8_TWCR_TWINT);
     d4e:	a6 e5       	ldi	r26, 0x56	; 86
     d50:	b0 e0       	ldi	r27, 0x00	; 0
     d52:	e6 e5       	ldi	r30, 0x56	; 86
     d54:	f0 e0       	ldi	r31, 0x00	; 0
     d56:	80 81       	ld	r24, Z
     d58:	80 68       	ori	r24, 0x80	; 128
     d5a:	8c 93       	st	X, r24
}
     d5c:	cf 91       	pop	r28
     d5e:	df 91       	pop	r29
     d60:	08 95       	ret

00000d62 <TIMER1_voidInit>:
#include "TIMER1_interface.h"
#include "TIMER1_config.h"
#include "TIMER1_private.h"

void TIMER1_voidInit(u8 Mode , u8 Prescalar)
{
     d62:	df 93       	push	r29
     d64:	cf 93       	push	r28
     d66:	00 d0       	rcall	.+0      	; 0xd68 <TIMER1_voidInit+0x6>
     d68:	00 d0       	rcall	.+0      	; 0xd6a <TIMER1_voidInit+0x8>
     d6a:	cd b7       	in	r28, 0x3d	; 61
     d6c:	de b7       	in	r29, 0x3e	; 62
     d6e:	89 83       	std	Y+1, r24	; 0x01
     d70:	6a 83       	std	Y+2, r22	; 0x02
	if(Mode == TIMER1_u8_NORMAL_MODE)
     d72:	89 81       	ldd	r24, Y+1	; 0x01
     d74:	88 23       	and	r24, r24
     d76:	e1 f4       	brne	.+56     	; 0xdb0 <TIMER1_voidInit+0x4e>
	{
           CLR_BIT(TIMER1_u8REG_TCCR1A,TIMER1_u8REG_TCCR1A_WGM10);
     d78:	af e4       	ldi	r26, 0x4F	; 79
     d7a:	b0 e0       	ldi	r27, 0x00	; 0
     d7c:	ef e4       	ldi	r30, 0x4F	; 79
     d7e:	f0 e0       	ldi	r31, 0x00	; 0
     d80:	80 81       	ld	r24, Z
     d82:	8e 7f       	andi	r24, 0xFE	; 254
     d84:	8c 93       	st	X, r24
           CLR_BIT(TIMER1_u8REG_TCCR1A,TIMER1_u8REG_TCCR1A_WGM11);
     d86:	af e4       	ldi	r26, 0x4F	; 79
     d88:	b0 e0       	ldi	r27, 0x00	; 0
     d8a:	ef e4       	ldi	r30, 0x4F	; 79
     d8c:	f0 e0       	ldi	r31, 0x00	; 0
     d8e:	80 81       	ld	r24, Z
     d90:	8d 7f       	andi	r24, 0xFD	; 253
     d92:	8c 93       	st	X, r24
           CLR_BIT(TIMER1_u8REG_TCCR1B,TIMER1_u8REG_TCCR1B_WGM12);
     d94:	ae e4       	ldi	r26, 0x4E	; 78
     d96:	b0 e0       	ldi	r27, 0x00	; 0
     d98:	ee e4       	ldi	r30, 0x4E	; 78
     d9a:	f0 e0       	ldi	r31, 0x00	; 0
     d9c:	80 81       	ld	r24, Z
     d9e:	87 7f       	andi	r24, 0xF7	; 247
     da0:	8c 93       	st	X, r24
           CLR_BIT(TIMER1_u8REG_TCCR1B,TIMER1_u8REG_TCCR1B_WGM13);
     da2:	ae e4       	ldi	r26, 0x4E	; 78
     da4:	b0 e0       	ldi	r27, 0x00	; 0
     da6:	ee e4       	ldi	r30, 0x4E	; 78
     da8:	f0 e0       	ldi	r31, 0x00	; 0
     daa:	80 81       	ld	r24, Z
     dac:	8f 7e       	andi	r24, 0xEF	; 239
     dae:	8c 93       	st	X, r24
	}
	switch(Prescalar)
     db0:	8a 81       	ldd	r24, Y+2	; 0x02
     db2:	28 2f       	mov	r18, r24
     db4:	30 e0       	ldi	r19, 0x00	; 0
     db6:	3c 83       	std	Y+4, r19	; 0x04
     db8:	2b 83       	std	Y+3, r18	; 0x03
     dba:	8b 81       	ldd	r24, Y+3	; 0x03
     dbc:	9c 81       	ldd	r25, Y+4	; 0x04
     dbe:	83 30       	cpi	r24, 0x03	; 3
     dc0:	91 05       	cpc	r25, r1
     dc2:	09 f4       	brne	.+2      	; 0xdc6 <TIMER1_voidInit+0x64>
     dc4:	70 c0       	rjmp	.+224    	; 0xea6 <TIMER1_voidInit+0x144>
     dc6:	2b 81       	ldd	r18, Y+3	; 0x03
     dc8:	3c 81       	ldd	r19, Y+4	; 0x04
     dca:	24 30       	cpi	r18, 0x04	; 4
     dcc:	31 05       	cpc	r19, r1
     dce:	84 f4       	brge	.+32     	; 0xdf0 <TIMER1_voidInit+0x8e>
     dd0:	8b 81       	ldd	r24, Y+3	; 0x03
     dd2:	9c 81       	ldd	r25, Y+4	; 0x04
     dd4:	81 30       	cpi	r24, 0x01	; 1
     dd6:	91 05       	cpc	r25, r1
     dd8:	d1 f1       	breq	.+116    	; 0xe4e <TIMER1_voidInit+0xec>
     dda:	2b 81       	ldd	r18, Y+3	; 0x03
     ddc:	3c 81       	ldd	r19, Y+4	; 0x04
     dde:	22 30       	cpi	r18, 0x02	; 2
     de0:	31 05       	cpc	r19, r1
     de2:	0c f0       	brlt	.+2      	; 0xde6 <TIMER1_voidInit+0x84>
     de4:	4a c0       	rjmp	.+148    	; 0xe7a <TIMER1_voidInit+0x118>
     de6:	8b 81       	ldd	r24, Y+3	; 0x03
     de8:	9c 81       	ldd	r25, Y+4	; 0x04
     dea:	00 97       	sbiw	r24, 0x00	; 0
     dec:	d1 f0       	breq	.+52     	; 0xe22 <TIMER1_voidInit+0xc0>
     dee:	c8 c0       	rjmp	.+400    	; 0xf80 <TIMER1_voidInit+0x21e>
     df0:	2b 81       	ldd	r18, Y+3	; 0x03
     df2:	3c 81       	ldd	r19, Y+4	; 0x04
     df4:	25 30       	cpi	r18, 0x05	; 5
     df6:	31 05       	cpc	r19, r1
     df8:	09 f4       	brne	.+2      	; 0xdfc <TIMER1_voidInit+0x9a>
     dfa:	81 c0       	rjmp	.+258    	; 0xefe <TIMER1_voidInit+0x19c>
     dfc:	8b 81       	ldd	r24, Y+3	; 0x03
     dfe:	9c 81       	ldd	r25, Y+4	; 0x04
     e00:	85 30       	cpi	r24, 0x05	; 5
     e02:	91 05       	cpc	r25, r1
     e04:	0c f4       	brge	.+2      	; 0xe08 <TIMER1_voidInit+0xa6>
     e06:	65 c0       	rjmp	.+202    	; 0xed2 <TIMER1_voidInit+0x170>
     e08:	2b 81       	ldd	r18, Y+3	; 0x03
     e0a:	3c 81       	ldd	r19, Y+4	; 0x04
     e0c:	26 30       	cpi	r18, 0x06	; 6
     e0e:	31 05       	cpc	r19, r1
     e10:	09 f4       	brne	.+2      	; 0xe14 <TIMER1_voidInit+0xb2>
     e12:	8b c0       	rjmp	.+278    	; 0xf2a <TIMER1_voidInit+0x1c8>
     e14:	8b 81       	ldd	r24, Y+3	; 0x03
     e16:	9c 81       	ldd	r25, Y+4	; 0x04
     e18:	87 30       	cpi	r24, 0x07	; 7
     e1a:	91 05       	cpc	r25, r1
     e1c:	09 f4       	brne	.+2      	; 0xe20 <TIMER1_voidInit+0xbe>
     e1e:	9b c0       	rjmp	.+310    	; 0xf56 <TIMER1_voidInit+0x1f4>
     e20:	af c0       	rjmp	.+350    	; 0xf80 <TIMER1_voidInit+0x21e>
	{
	    case TIMER1_u8_STOP:
		    CLR_BIT(TIMER1_u8REG_TCCR1B,TIMER1_u8REG_TCCR1B_CS10);
     e22:	ae e4       	ldi	r26, 0x4E	; 78
     e24:	b0 e0       	ldi	r27, 0x00	; 0
     e26:	ee e4       	ldi	r30, 0x4E	; 78
     e28:	f0 e0       	ldi	r31, 0x00	; 0
     e2a:	80 81       	ld	r24, Z
     e2c:	8e 7f       	andi	r24, 0xFE	; 254
     e2e:	8c 93       	st	X, r24
		    CLR_BIT(TIMER1_u8REG_TCCR1B,TIMER1_u8REG_TCCR1B_CS11);
     e30:	ae e4       	ldi	r26, 0x4E	; 78
     e32:	b0 e0       	ldi	r27, 0x00	; 0
     e34:	ee e4       	ldi	r30, 0x4E	; 78
     e36:	f0 e0       	ldi	r31, 0x00	; 0
     e38:	80 81       	ld	r24, Z
     e3a:	8d 7f       	andi	r24, 0xFD	; 253
     e3c:	8c 93       	st	X, r24
		    CLR_BIT(TIMER1_u8REG_TCCR1B,TIMER1_u8REG_TCCR1B_CS12);
     e3e:	ae e4       	ldi	r26, 0x4E	; 78
     e40:	b0 e0       	ldi	r27, 0x00	; 0
     e42:	ee e4       	ldi	r30, 0x4E	; 78
     e44:	f0 e0       	ldi	r31, 0x00	; 0
     e46:	80 81       	ld	r24, Z
     e48:	8b 7f       	andi	r24, 0xFB	; 251
     e4a:	8c 93       	st	X, r24
     e4c:	99 c0       	rjmp	.+306    	; 0xf80 <TIMER1_voidInit+0x21e>
		    break;
	    case TIMER1_u8_DIV_1:
		    SET_BIT(TIMER1_u8REG_TCCR1B,TIMER1_u8REG_TCCR1B_CS10);
     e4e:	ae e4       	ldi	r26, 0x4E	; 78
     e50:	b0 e0       	ldi	r27, 0x00	; 0
     e52:	ee e4       	ldi	r30, 0x4E	; 78
     e54:	f0 e0       	ldi	r31, 0x00	; 0
     e56:	80 81       	ld	r24, Z
     e58:	81 60       	ori	r24, 0x01	; 1
     e5a:	8c 93       	st	X, r24
		    CLR_BIT(TIMER1_u8REG_TCCR1B,TIMER1_u8REG_TCCR1B_CS11);
     e5c:	ae e4       	ldi	r26, 0x4E	; 78
     e5e:	b0 e0       	ldi	r27, 0x00	; 0
     e60:	ee e4       	ldi	r30, 0x4E	; 78
     e62:	f0 e0       	ldi	r31, 0x00	; 0
     e64:	80 81       	ld	r24, Z
     e66:	8d 7f       	andi	r24, 0xFD	; 253
     e68:	8c 93       	st	X, r24
		    CLR_BIT(TIMER1_u8REG_TCCR1B,TIMER1_u8REG_TCCR1B_CS12);
     e6a:	ae e4       	ldi	r26, 0x4E	; 78
     e6c:	b0 e0       	ldi	r27, 0x00	; 0
     e6e:	ee e4       	ldi	r30, 0x4E	; 78
     e70:	f0 e0       	ldi	r31, 0x00	; 0
     e72:	80 81       	ld	r24, Z
     e74:	8b 7f       	andi	r24, 0xFB	; 251
     e76:	8c 93       	st	X, r24
     e78:	83 c0       	rjmp	.+262    	; 0xf80 <TIMER1_voidInit+0x21e>
		    break;
	    case TIMER1_u8_DIV_8:
		    CLR_BIT(TIMER1_u8REG_TCCR1B,TIMER1_u8REG_TCCR1B_CS10);
     e7a:	ae e4       	ldi	r26, 0x4E	; 78
     e7c:	b0 e0       	ldi	r27, 0x00	; 0
     e7e:	ee e4       	ldi	r30, 0x4E	; 78
     e80:	f0 e0       	ldi	r31, 0x00	; 0
     e82:	80 81       	ld	r24, Z
     e84:	8e 7f       	andi	r24, 0xFE	; 254
     e86:	8c 93       	st	X, r24
		    SET_BIT(TIMER1_u8REG_TCCR1B,TIMER1_u8REG_TCCR1B_CS11);
     e88:	ae e4       	ldi	r26, 0x4E	; 78
     e8a:	b0 e0       	ldi	r27, 0x00	; 0
     e8c:	ee e4       	ldi	r30, 0x4E	; 78
     e8e:	f0 e0       	ldi	r31, 0x00	; 0
     e90:	80 81       	ld	r24, Z
     e92:	82 60       	ori	r24, 0x02	; 2
     e94:	8c 93       	st	X, r24
		    CLR_BIT(TIMER1_u8REG_TCCR1B,TIMER1_u8REG_TCCR1B_CS12);
     e96:	ae e4       	ldi	r26, 0x4E	; 78
     e98:	b0 e0       	ldi	r27, 0x00	; 0
     e9a:	ee e4       	ldi	r30, 0x4E	; 78
     e9c:	f0 e0       	ldi	r31, 0x00	; 0
     e9e:	80 81       	ld	r24, Z
     ea0:	8b 7f       	andi	r24, 0xFB	; 251
     ea2:	8c 93       	st	X, r24
     ea4:	6d c0       	rjmp	.+218    	; 0xf80 <TIMER1_voidInit+0x21e>
		    break;
	    case TIMER1_u8_DIV_64:
		    SET_BIT(TIMER1_u8REG_TCCR1B,TIMER1_u8REG_TCCR1B_CS10);
     ea6:	ae e4       	ldi	r26, 0x4E	; 78
     ea8:	b0 e0       	ldi	r27, 0x00	; 0
     eaa:	ee e4       	ldi	r30, 0x4E	; 78
     eac:	f0 e0       	ldi	r31, 0x00	; 0
     eae:	80 81       	ld	r24, Z
     eb0:	81 60       	ori	r24, 0x01	; 1
     eb2:	8c 93       	st	X, r24
		    SET_BIT(TIMER1_u8REG_TCCR1B,TIMER1_u8REG_TCCR1B_CS11);
     eb4:	ae e4       	ldi	r26, 0x4E	; 78
     eb6:	b0 e0       	ldi	r27, 0x00	; 0
     eb8:	ee e4       	ldi	r30, 0x4E	; 78
     eba:	f0 e0       	ldi	r31, 0x00	; 0
     ebc:	80 81       	ld	r24, Z
     ebe:	82 60       	ori	r24, 0x02	; 2
     ec0:	8c 93       	st	X, r24
		    CLR_BIT(TIMER1_u8REG_TCCR1B,TIMER1_u8REG_TCCR1B_CS12);
     ec2:	ae e4       	ldi	r26, 0x4E	; 78
     ec4:	b0 e0       	ldi	r27, 0x00	; 0
     ec6:	ee e4       	ldi	r30, 0x4E	; 78
     ec8:	f0 e0       	ldi	r31, 0x00	; 0
     eca:	80 81       	ld	r24, Z
     ecc:	8b 7f       	andi	r24, 0xFB	; 251
     ece:	8c 93       	st	X, r24
     ed0:	57 c0       	rjmp	.+174    	; 0xf80 <TIMER1_voidInit+0x21e>
		    break;
	    case TIMER1_u8_DIV_256:
		    CLR_BIT(TIMER1_u8REG_TCCR1B,TIMER1_u8REG_TCCR1B_CS10);
     ed2:	ae e4       	ldi	r26, 0x4E	; 78
     ed4:	b0 e0       	ldi	r27, 0x00	; 0
     ed6:	ee e4       	ldi	r30, 0x4E	; 78
     ed8:	f0 e0       	ldi	r31, 0x00	; 0
     eda:	80 81       	ld	r24, Z
     edc:	8e 7f       	andi	r24, 0xFE	; 254
     ede:	8c 93       	st	X, r24
		    CLR_BIT(TIMER1_u8REG_TCCR1B,TIMER1_u8REG_TCCR1B_CS11);
     ee0:	ae e4       	ldi	r26, 0x4E	; 78
     ee2:	b0 e0       	ldi	r27, 0x00	; 0
     ee4:	ee e4       	ldi	r30, 0x4E	; 78
     ee6:	f0 e0       	ldi	r31, 0x00	; 0
     ee8:	80 81       	ld	r24, Z
     eea:	8d 7f       	andi	r24, 0xFD	; 253
     eec:	8c 93       	st	X, r24
		    SET_BIT(TIMER1_u8REG_TCCR1B,TIMER1_u8REG_TCCR1B_CS12);
     eee:	ae e4       	ldi	r26, 0x4E	; 78
     ef0:	b0 e0       	ldi	r27, 0x00	; 0
     ef2:	ee e4       	ldi	r30, 0x4E	; 78
     ef4:	f0 e0       	ldi	r31, 0x00	; 0
     ef6:	80 81       	ld	r24, Z
     ef8:	84 60       	ori	r24, 0x04	; 4
     efa:	8c 93       	st	X, r24
     efc:	41 c0       	rjmp	.+130    	; 0xf80 <TIMER1_voidInit+0x21e>
		    break;
	    case TIMER1_u8_DIV_1024:
		    SET_BIT(TIMER1_u8REG_TCCR1B,TIMER1_u8REG_TCCR1B_CS10);
     efe:	ae e4       	ldi	r26, 0x4E	; 78
     f00:	b0 e0       	ldi	r27, 0x00	; 0
     f02:	ee e4       	ldi	r30, 0x4E	; 78
     f04:	f0 e0       	ldi	r31, 0x00	; 0
     f06:	80 81       	ld	r24, Z
     f08:	81 60       	ori	r24, 0x01	; 1
     f0a:	8c 93       	st	X, r24
		    CLR_BIT(TIMER1_u8REG_TCCR1B,TIMER1_u8REG_TCCR1B_CS11);
     f0c:	ae e4       	ldi	r26, 0x4E	; 78
     f0e:	b0 e0       	ldi	r27, 0x00	; 0
     f10:	ee e4       	ldi	r30, 0x4E	; 78
     f12:	f0 e0       	ldi	r31, 0x00	; 0
     f14:	80 81       	ld	r24, Z
     f16:	8d 7f       	andi	r24, 0xFD	; 253
     f18:	8c 93       	st	X, r24
		    SET_BIT(TIMER1_u8REG_TCCR1B,TIMER1_u8REG_TCCR1B_CS12);
     f1a:	ae e4       	ldi	r26, 0x4E	; 78
     f1c:	b0 e0       	ldi	r27, 0x00	; 0
     f1e:	ee e4       	ldi	r30, 0x4E	; 78
     f20:	f0 e0       	ldi	r31, 0x00	; 0
     f22:	80 81       	ld	r24, Z
     f24:	84 60       	ori	r24, 0x04	; 4
     f26:	8c 93       	st	X, r24
     f28:	2b c0       	rjmp	.+86     	; 0xf80 <TIMER1_voidInit+0x21e>
		    break;
	    case TIMER1_u8_EXTERNAL_FALLING:
		    CLR_BIT(TIMER1_u8REG_TCCR1B,TIMER1_u8REG_TCCR1B_CS10);
     f2a:	ae e4       	ldi	r26, 0x4E	; 78
     f2c:	b0 e0       	ldi	r27, 0x00	; 0
     f2e:	ee e4       	ldi	r30, 0x4E	; 78
     f30:	f0 e0       	ldi	r31, 0x00	; 0
     f32:	80 81       	ld	r24, Z
     f34:	8e 7f       	andi	r24, 0xFE	; 254
     f36:	8c 93       	st	X, r24
		    SET_BIT(TIMER1_u8REG_TCCR1B,TIMER1_u8REG_TCCR1B_CS11);
     f38:	ae e4       	ldi	r26, 0x4E	; 78
     f3a:	b0 e0       	ldi	r27, 0x00	; 0
     f3c:	ee e4       	ldi	r30, 0x4E	; 78
     f3e:	f0 e0       	ldi	r31, 0x00	; 0
     f40:	80 81       	ld	r24, Z
     f42:	82 60       	ori	r24, 0x02	; 2
     f44:	8c 93       	st	X, r24
		    SET_BIT(TIMER1_u8REG_TCCR1B,TIMER1_u8REG_TCCR1B_CS12);
     f46:	ae e4       	ldi	r26, 0x4E	; 78
     f48:	b0 e0       	ldi	r27, 0x00	; 0
     f4a:	ee e4       	ldi	r30, 0x4E	; 78
     f4c:	f0 e0       	ldi	r31, 0x00	; 0
     f4e:	80 81       	ld	r24, Z
     f50:	84 60       	ori	r24, 0x04	; 4
     f52:	8c 93       	st	X, r24
     f54:	15 c0       	rjmp	.+42     	; 0xf80 <TIMER1_voidInit+0x21e>
		    break;
	    case TIMER1_u8_EXTERNAL_RISING:
		    SET_BIT(TIMER1_u8REG_TCCR1B,TIMER1_u8REG_TCCR1B_CS10);
     f56:	ae e4       	ldi	r26, 0x4E	; 78
     f58:	b0 e0       	ldi	r27, 0x00	; 0
     f5a:	ee e4       	ldi	r30, 0x4E	; 78
     f5c:	f0 e0       	ldi	r31, 0x00	; 0
     f5e:	80 81       	ld	r24, Z
     f60:	81 60       	ori	r24, 0x01	; 1
     f62:	8c 93       	st	X, r24
		    SET_BIT(TIMER1_u8REG_TCCR1B,TIMER1_u8REG_TCCR1B_CS11);
     f64:	ae e4       	ldi	r26, 0x4E	; 78
     f66:	b0 e0       	ldi	r27, 0x00	; 0
     f68:	ee e4       	ldi	r30, 0x4E	; 78
     f6a:	f0 e0       	ldi	r31, 0x00	; 0
     f6c:	80 81       	ld	r24, Z
     f6e:	82 60       	ori	r24, 0x02	; 2
     f70:	8c 93       	st	X, r24
		    SET_BIT(TIMER1_u8REG_TCCR1B,TIMER1_u8REG_TCCR1B_CS12);
     f72:	ae e4       	ldi	r26, 0x4E	; 78
     f74:	b0 e0       	ldi	r27, 0x00	; 0
     f76:	ee e4       	ldi	r30, 0x4E	; 78
     f78:	f0 e0       	ldi	r31, 0x00	; 0
     f7a:	80 81       	ld	r24, Z
     f7c:	84 60       	ori	r24, 0x04	; 4
     f7e:	8c 93       	st	X, r24
		    break;
	}
}
     f80:	0f 90       	pop	r0
     f82:	0f 90       	pop	r0
     f84:	0f 90       	pop	r0
     f86:	0f 90       	pop	r0
     f88:	cf 91       	pop	r28
     f8a:	df 91       	pop	r29
     f8c:	08 95       	ret

00000f8e <TIMER1_u16Counter_Value>:
u16   TIMER1_u16Counter_Value()
{
     f8e:	df 93       	push	r29
     f90:	cf 93       	push	r28
     f92:	00 d0       	rcall	.+0      	; 0xf94 <TIMER1_u16Counter_Value+0x6>
     f94:	cd b7       	in	r28, 0x3d	; 61
     f96:	de b7       	in	r29, 0x3e	; 62
	u16 value = 0;
     f98:	1a 82       	std	Y+2, r1	; 0x02
     f9a:	19 82       	std	Y+1, r1	; 0x01
	value |=TIMER1_u8REG_TCNT1L;
     f9c:	ec e4       	ldi	r30, 0x4C	; 76
     f9e:	f0 e0       	ldi	r31, 0x00	; 0
     fa0:	80 81       	ld	r24, Z
     fa2:	28 2f       	mov	r18, r24
     fa4:	30 e0       	ldi	r19, 0x00	; 0
     fa6:	89 81       	ldd	r24, Y+1	; 0x01
     fa8:	9a 81       	ldd	r25, Y+2	; 0x02
     faa:	82 2b       	or	r24, r18
     fac:	93 2b       	or	r25, r19
     fae:	9a 83       	std	Y+2, r25	; 0x02
     fb0:	89 83       	std	Y+1, r24	; 0x01
	value |= ((u16)TIMER1_u8REG_TCNT1H)<<8;
     fb2:	ed e4       	ldi	r30, 0x4D	; 77
     fb4:	f0 e0       	ldi	r31, 0x00	; 0
     fb6:	80 81       	ld	r24, Z
     fb8:	88 2f       	mov	r24, r24
     fba:	90 e0       	ldi	r25, 0x00	; 0
     fbc:	38 2f       	mov	r19, r24
     fbe:	22 27       	eor	r18, r18
     fc0:	89 81       	ldd	r24, Y+1	; 0x01
     fc2:	9a 81       	ldd	r25, Y+2	; 0x02
     fc4:	82 2b       	or	r24, r18
     fc6:	93 2b       	or	r25, r19
     fc8:	9a 83       	std	Y+2, r25	; 0x02
     fca:	89 83       	std	Y+1, r24	; 0x01
	return value;
     fcc:	89 81       	ldd	r24, Y+1	; 0x01
     fce:	9a 81       	ldd	r25, Y+2	; 0x02
}
     fd0:	0f 90       	pop	r0
     fd2:	0f 90       	pop	r0
     fd4:	cf 91       	pop	r28
     fd6:	df 91       	pop	r29
     fd8:	08 95       	ret

00000fda <TIMER1_voidSet_Counter>:
void  TIMER1_voidSet_Counter(u16 value)
{
     fda:	df 93       	push	r29
     fdc:	cf 93       	push	r28
     fde:	00 d0       	rcall	.+0      	; 0xfe0 <TIMER1_voidSet_Counter+0x6>
     fe0:	cd b7       	in	r28, 0x3d	; 61
     fe2:	de b7       	in	r29, 0x3e	; 62
     fe4:	9a 83       	std	Y+2, r25	; 0x02
     fe6:	89 83       	std	Y+1, r24	; 0x01
	TIMER1_u8REG_TCNT1L = ((value << 8) & 0XFF);
     fe8:	ec e4       	ldi	r30, 0x4C	; 76
     fea:	f0 e0       	ldi	r31, 0x00	; 0
     fec:	10 82       	st	Z, r1
	TIMER1_u8REG_TCNT1H = (value >> 8);
     fee:	ed e4       	ldi	r30, 0x4D	; 77
     ff0:	f0 e0       	ldi	r31, 0x00	; 0
     ff2:	89 81       	ldd	r24, Y+1	; 0x01
     ff4:	9a 81       	ldd	r25, Y+2	; 0x02
     ff6:	89 2f       	mov	r24, r25
     ff8:	99 27       	eor	r25, r25
     ffa:	80 83       	st	Z, r24
}
     ffc:	0f 90       	pop	r0
     ffe:	0f 90       	pop	r0
    1000:	cf 91       	pop	r28
    1002:	df 91       	pop	r29
    1004:	08 95       	ret

00001006 <TIMER1_u16Counter_Value_withICU>:

u16   TIMER1_u16Counter_Value_withICU()
{
    1006:	df 93       	push	r29
    1008:	cf 93       	push	r28
    100a:	00 d0       	rcall	.+0      	; 0x100c <TIMER1_u16Counter_Value_withICU+0x6>
    100c:	00 d0       	rcall	.+0      	; 0x100e <TIMER1_u16Counter_Value_withICU+0x8>
    100e:	cd b7       	in	r28, 0x3d	; 61
    1010:	de b7       	in	r29, 0x3e	; 62
	u16 value = 0;
    1012:	1c 82       	std	Y+4, r1	; 0x04
    1014:	1b 82       	std	Y+3, r1	; 0x03
	u8 lowPart = TIMER1_u8REG_ICR1L;
    1016:	e6 e4       	ldi	r30, 0x46	; 70
    1018:	f0 e0       	ldi	r31, 0x00	; 0
    101a:	80 81       	ld	r24, Z
    101c:	8a 83       	std	Y+2, r24	; 0x02
	u8 HighPart = TIMER1_u8REG_ICR1H;
    101e:	e7 e4       	ldi	r30, 0x47	; 71
    1020:	f0 e0       	ldi	r31, 0x00	; 0
    1022:	80 81       	ld	r24, Z
    1024:	89 83       	std	Y+1, r24	; 0x01
	value = (((u16)HighPart)<<8) | lowPart;
    1026:	89 81       	ldd	r24, Y+1	; 0x01
    1028:	88 2f       	mov	r24, r24
    102a:	90 e0       	ldi	r25, 0x00	; 0
    102c:	38 2f       	mov	r19, r24
    102e:	22 27       	eor	r18, r18
    1030:	8a 81       	ldd	r24, Y+2	; 0x02
    1032:	88 2f       	mov	r24, r24
    1034:	90 e0       	ldi	r25, 0x00	; 0
    1036:	82 2b       	or	r24, r18
    1038:	93 2b       	or	r25, r19
    103a:	9c 83       	std	Y+4, r25	; 0x04
    103c:	8b 83       	std	Y+3, r24	; 0x03
	return value;
    103e:	8b 81       	ldd	r24, Y+3	; 0x03
    1040:	9c 81       	ldd	r25, Y+4	; 0x04
}
    1042:	0f 90       	pop	r0
    1044:	0f 90       	pop	r0
    1046:	0f 90       	pop	r0
    1048:	0f 90       	pop	r0
    104a:	cf 91       	pop	r28
    104c:	df 91       	pop	r29
    104e:	08 95       	ret

00001050 <TIMER1_voidEnable_ICU>:
void TIMER1_voidEnable_ICU()
{
    1050:	df 93       	push	r29
    1052:	cf 93       	push	r28
    1054:	cd b7       	in	r28, 0x3d	; 61
    1056:	de b7       	in	r29, 0x3e	; 62
	SET_BIT(TIMER1_u8REG_TIMSK,5);
    1058:	a9 e5       	ldi	r26, 0x59	; 89
    105a:	b0 e0       	ldi	r27, 0x00	; 0
    105c:	e9 e5       	ldi	r30, 0x59	; 89
    105e:	f0 e0       	ldi	r31, 0x00	; 0
    1060:	80 81       	ld	r24, Z
    1062:	80 62       	ori	r24, 0x20	; 32
    1064:	8c 93       	st	X, r24
	SET_BIT(TIMER1_u8REG_TIFR,5);
    1066:	a8 e5       	ldi	r26, 0x58	; 88
    1068:	b0 e0       	ldi	r27, 0x00	; 0
    106a:	e8 e5       	ldi	r30, 0x58	; 88
    106c:	f0 e0       	ldi	r31, 0x00	; 0
    106e:	80 81       	ld	r24, Z
    1070:	80 62       	ori	r24, 0x20	; 32
    1072:	8c 93       	st	X, r24
}
    1074:	cf 91       	pop	r28
    1076:	df 91       	pop	r29
    1078:	08 95       	ret

0000107a <TIMER1_voidSet_ICU_Edge>:
void TIMER1_voidSet_ICU_Edge(u8 Edge)
{
    107a:	df 93       	push	r29
    107c:	cf 93       	push	r28
    107e:	00 d0       	rcall	.+0      	; 0x1080 <TIMER1_voidSet_ICU_Edge+0x6>
    1080:	0f 92       	push	r0
    1082:	cd b7       	in	r28, 0x3d	; 61
    1084:	de b7       	in	r29, 0x3e	; 62
    1086:	89 83       	std	Y+1, r24	; 0x01
	switch(Edge)
    1088:	89 81       	ldd	r24, Y+1	; 0x01
    108a:	28 2f       	mov	r18, r24
    108c:	30 e0       	ldi	r19, 0x00	; 0
    108e:	3b 83       	std	Y+3, r19	; 0x03
    1090:	2a 83       	std	Y+2, r18	; 0x02
    1092:	8a 81       	ldd	r24, Y+2	; 0x02
    1094:	9b 81       	ldd	r25, Y+3	; 0x03
    1096:	88 30       	cpi	r24, 0x08	; 8
    1098:	91 05       	cpc	r25, r1
    109a:	31 f0       	breq	.+12     	; 0x10a8 <TIMER1_voidSet_ICU_Edge+0x2e>
    109c:	2a 81       	ldd	r18, Y+2	; 0x02
    109e:	3b 81       	ldd	r19, Y+3	; 0x03
    10a0:	29 30       	cpi	r18, 0x09	; 9
    10a2:	31 05       	cpc	r19, r1
    10a4:	49 f0       	breq	.+18     	; 0x10b8 <TIMER1_voidSet_ICU_Edge+0x3e>
    10a6:	0f c0       	rjmp	.+30     	; 0x10c6 <TIMER1_voidSet_ICU_Edge+0x4c>
	{
		case TIMER1_u8_ICU_FALLING:
			CLR_BIT(TIMER1_u8REG_TCCR1B,TIMER1_u8REG_TCCR1B_ICES1);
    10a8:	ae e4       	ldi	r26, 0x4E	; 78
    10aa:	b0 e0       	ldi	r27, 0x00	; 0
    10ac:	ee e4       	ldi	r30, 0x4E	; 78
    10ae:	f0 e0       	ldi	r31, 0x00	; 0
    10b0:	80 81       	ld	r24, Z
    10b2:	8f 7b       	andi	r24, 0xBF	; 191
    10b4:	8c 93       	st	X, r24
    10b6:	07 c0       	rjmp	.+14     	; 0x10c6 <TIMER1_voidSet_ICU_Edge+0x4c>
			break;
		case TIMER1_u8_ICU_RISING:
			SET_BIT(TIMER1_u8REG_TCCR1B,TIMER1_u8REG_TCCR1B_ICES1);
    10b8:	ae e4       	ldi	r26, 0x4E	; 78
    10ba:	b0 e0       	ldi	r27, 0x00	; 0
    10bc:	ee e4       	ldi	r30, 0x4E	; 78
    10be:	f0 e0       	ldi	r31, 0x00	; 0
    10c0:	80 81       	ld	r24, Z
    10c2:	80 64       	ori	r24, 0x40	; 64
    10c4:	8c 93       	st	X, r24
			break;
	}
}
    10c6:	0f 90       	pop	r0
    10c8:	0f 90       	pop	r0
    10ca:	0f 90       	pop	r0
    10cc:	cf 91       	pop	r28
    10ce:	df 91       	pop	r29
    10d0:	08 95       	ret

000010d2 <TIMER_voidInit>:
static u32 counter = 0;

static void (*ptrFuncNormal) (void) = NULL;

void TIMER_voidInit(u8 Mode , u8 Prescalar)
{
    10d2:	df 93       	push	r29
    10d4:	cf 93       	push	r28
    10d6:	00 d0       	rcall	.+0      	; 0x10d8 <TIMER_voidInit+0x6>
    10d8:	00 d0       	rcall	.+0      	; 0x10da <TIMER_voidInit+0x8>
    10da:	00 d0       	rcall	.+0      	; 0x10dc <TIMER_voidInit+0xa>
    10dc:	cd b7       	in	r28, 0x3d	; 61
    10de:	de b7       	in	r29, 0x3e	; 62
    10e0:	89 83       	std	Y+1, r24	; 0x01
    10e2:	6a 83       	std	Y+2, r22	; 0x02
	switch(Mode)
    10e4:	89 81       	ldd	r24, Y+1	; 0x01
    10e6:	28 2f       	mov	r18, r24
    10e8:	30 e0       	ldi	r19, 0x00	; 0
    10ea:	3e 83       	std	Y+6, r19	; 0x06
    10ec:	2d 83       	std	Y+5, r18	; 0x05
    10ee:	8d 81       	ldd	r24, Y+5	; 0x05
    10f0:	9e 81       	ldd	r25, Y+6	; 0x06
    10f2:	81 30       	cpi	r24, 0x01	; 1
    10f4:	91 05       	cpc	r25, r1
    10f6:	21 f1       	breq	.+72     	; 0x1140 <TIMER_voidInit+0x6e>
    10f8:	2d 81       	ldd	r18, Y+5	; 0x05
    10fa:	3e 81       	ldd	r19, Y+6	; 0x06
    10fc:	22 30       	cpi	r18, 0x02	; 2
    10fe:	31 05       	cpc	r19, r1
    1100:	2c f4       	brge	.+10     	; 0x110c <TIMER_voidInit+0x3a>
    1102:	8d 81       	ldd	r24, Y+5	; 0x05
    1104:	9e 81       	ldd	r25, Y+6	; 0x06
    1106:	00 97       	sbiw	r24, 0x00	; 0
    1108:	61 f0       	breq	.+24     	; 0x1122 <TIMER_voidInit+0x50>
    110a:	46 c0       	rjmp	.+140    	; 0x1198 <TIMER_voidInit+0xc6>
    110c:	2d 81       	ldd	r18, Y+5	; 0x05
    110e:	3e 81       	ldd	r19, Y+6	; 0x06
    1110:	22 30       	cpi	r18, 0x02	; 2
    1112:	31 05       	cpc	r19, r1
    1114:	21 f1       	breq	.+72     	; 0x115e <TIMER_voidInit+0x8c>
    1116:	8d 81       	ldd	r24, Y+5	; 0x05
    1118:	9e 81       	ldd	r25, Y+6	; 0x06
    111a:	83 30       	cpi	r24, 0x03	; 3
    111c:	91 05       	cpc	r25, r1
    111e:	71 f1       	breq	.+92     	; 0x117c <TIMER_voidInit+0xaa>
    1120:	3b c0       	rjmp	.+118    	; 0x1198 <TIMER_voidInit+0xc6>
	{
	    case TIMER_u8_NORMAL_MODE:
		    CLR_BIT(TIMER_u8REG_TCCR0,TIMER_u8REG_TCCR0_WGM00);
    1122:	a3 e5       	ldi	r26, 0x53	; 83
    1124:	b0 e0       	ldi	r27, 0x00	; 0
    1126:	e3 e5       	ldi	r30, 0x53	; 83
    1128:	f0 e0       	ldi	r31, 0x00	; 0
    112a:	80 81       	ld	r24, Z
    112c:	8f 7b       	andi	r24, 0xBF	; 191
    112e:	8c 93       	st	X, r24
		    CLR_BIT(TIMER_u8REG_TCCR0,TIMER_u8REG_TCCR0_WGM01);
    1130:	a3 e5       	ldi	r26, 0x53	; 83
    1132:	b0 e0       	ldi	r27, 0x00	; 0
    1134:	e3 e5       	ldi	r30, 0x53	; 83
    1136:	f0 e0       	ldi	r31, 0x00	; 0
    1138:	80 81       	ld	r24, Z
    113a:	87 7f       	andi	r24, 0xF7	; 247
    113c:	8c 93       	st	X, r24
    113e:	2c c0       	rjmp	.+88     	; 0x1198 <TIMER_voidInit+0xc6>
		    break;
	    case TIMER_u8_PHASE_CORRECT_MODE:
		    SET_BIT(TIMER_u8REG_TCCR0,TIMER_u8REG_TCCR0_WGM00);
    1140:	a3 e5       	ldi	r26, 0x53	; 83
    1142:	b0 e0       	ldi	r27, 0x00	; 0
    1144:	e3 e5       	ldi	r30, 0x53	; 83
    1146:	f0 e0       	ldi	r31, 0x00	; 0
    1148:	80 81       	ld	r24, Z
    114a:	80 64       	ori	r24, 0x40	; 64
    114c:	8c 93       	st	X, r24
		    CLR_BIT(TIMER_u8REG_TCCR0,TIMER_u8REG_TCCR0_WGM01);
    114e:	a3 e5       	ldi	r26, 0x53	; 83
    1150:	b0 e0       	ldi	r27, 0x00	; 0
    1152:	e3 e5       	ldi	r30, 0x53	; 83
    1154:	f0 e0       	ldi	r31, 0x00	; 0
    1156:	80 81       	ld	r24, Z
    1158:	87 7f       	andi	r24, 0xF7	; 247
    115a:	8c 93       	st	X, r24
    115c:	1d c0       	rjmp	.+58     	; 0x1198 <TIMER_voidInit+0xc6>
		    break;
	    case TIMER_u8_CTC_MODE:
		    CLR_BIT(TIMER_u8REG_TCCR0,TIMER_u8REG_TCCR0_WGM00);
    115e:	a3 e5       	ldi	r26, 0x53	; 83
    1160:	b0 e0       	ldi	r27, 0x00	; 0
    1162:	e3 e5       	ldi	r30, 0x53	; 83
    1164:	f0 e0       	ldi	r31, 0x00	; 0
    1166:	80 81       	ld	r24, Z
    1168:	8f 7b       	andi	r24, 0xBF	; 191
    116a:	8c 93       	st	X, r24
		    SET_BIT(TIMER_u8REG_TCCR0,TIMER_u8REG_TCCR0_WGM01);
    116c:	a3 e5       	ldi	r26, 0x53	; 83
    116e:	b0 e0       	ldi	r27, 0x00	; 0
    1170:	e3 e5       	ldi	r30, 0x53	; 83
    1172:	f0 e0       	ldi	r31, 0x00	; 0
    1174:	80 81       	ld	r24, Z
    1176:	88 60       	ori	r24, 0x08	; 8
    1178:	8c 93       	st	X, r24
    117a:	0e c0       	rjmp	.+28     	; 0x1198 <TIMER_voidInit+0xc6>
		    break;
	    case TIMER_u8_FAST_PWM:
		    SET_BIT(TIMER_u8REG_TCCR0,TIMER_u8REG_TCCR0_WGM00);
    117c:	a3 e5       	ldi	r26, 0x53	; 83
    117e:	b0 e0       	ldi	r27, 0x00	; 0
    1180:	e3 e5       	ldi	r30, 0x53	; 83
    1182:	f0 e0       	ldi	r31, 0x00	; 0
    1184:	80 81       	ld	r24, Z
    1186:	80 64       	ori	r24, 0x40	; 64
    1188:	8c 93       	st	X, r24
		    SET_BIT(TIMER_u8REG_TCCR0,TIMER_u8REG_TCCR0_WGM01);
    118a:	a3 e5       	ldi	r26, 0x53	; 83
    118c:	b0 e0       	ldi	r27, 0x00	; 0
    118e:	e3 e5       	ldi	r30, 0x53	; 83
    1190:	f0 e0       	ldi	r31, 0x00	; 0
    1192:	80 81       	ld	r24, Z
    1194:	88 60       	ori	r24, 0x08	; 8
    1196:	8c 93       	st	X, r24
		    break;
	}
	switch(Prescalar)
    1198:	8a 81       	ldd	r24, Y+2	; 0x02
    119a:	28 2f       	mov	r18, r24
    119c:	30 e0       	ldi	r19, 0x00	; 0
    119e:	3c 83       	std	Y+4, r19	; 0x04
    11a0:	2b 83       	std	Y+3, r18	; 0x03
    11a2:	8b 81       	ldd	r24, Y+3	; 0x03
    11a4:	9c 81       	ldd	r25, Y+4	; 0x04
    11a6:	83 30       	cpi	r24, 0x03	; 3
    11a8:	91 05       	cpc	r25, r1
    11aa:	09 f4       	brne	.+2      	; 0x11ae <TIMER_voidInit+0xdc>
    11ac:	70 c0       	rjmp	.+224    	; 0x128e <TIMER_voidInit+0x1bc>
    11ae:	2b 81       	ldd	r18, Y+3	; 0x03
    11b0:	3c 81       	ldd	r19, Y+4	; 0x04
    11b2:	24 30       	cpi	r18, 0x04	; 4
    11b4:	31 05       	cpc	r19, r1
    11b6:	84 f4       	brge	.+32     	; 0x11d8 <TIMER_voidInit+0x106>
    11b8:	8b 81       	ldd	r24, Y+3	; 0x03
    11ba:	9c 81       	ldd	r25, Y+4	; 0x04
    11bc:	81 30       	cpi	r24, 0x01	; 1
    11be:	91 05       	cpc	r25, r1
    11c0:	d1 f1       	breq	.+116    	; 0x1236 <TIMER_voidInit+0x164>
    11c2:	2b 81       	ldd	r18, Y+3	; 0x03
    11c4:	3c 81       	ldd	r19, Y+4	; 0x04
    11c6:	22 30       	cpi	r18, 0x02	; 2
    11c8:	31 05       	cpc	r19, r1
    11ca:	0c f0       	brlt	.+2      	; 0x11ce <TIMER_voidInit+0xfc>
    11cc:	4a c0       	rjmp	.+148    	; 0x1262 <TIMER_voidInit+0x190>
    11ce:	8b 81       	ldd	r24, Y+3	; 0x03
    11d0:	9c 81       	ldd	r25, Y+4	; 0x04
    11d2:	00 97       	sbiw	r24, 0x00	; 0
    11d4:	d1 f0       	breq	.+52     	; 0x120a <TIMER_voidInit+0x138>
    11d6:	c8 c0       	rjmp	.+400    	; 0x1368 <TIMER_voidInit+0x296>
    11d8:	2b 81       	ldd	r18, Y+3	; 0x03
    11da:	3c 81       	ldd	r19, Y+4	; 0x04
    11dc:	25 30       	cpi	r18, 0x05	; 5
    11de:	31 05       	cpc	r19, r1
    11e0:	09 f4       	brne	.+2      	; 0x11e4 <TIMER_voidInit+0x112>
    11e2:	81 c0       	rjmp	.+258    	; 0x12e6 <TIMER_voidInit+0x214>
    11e4:	8b 81       	ldd	r24, Y+3	; 0x03
    11e6:	9c 81       	ldd	r25, Y+4	; 0x04
    11e8:	85 30       	cpi	r24, 0x05	; 5
    11ea:	91 05       	cpc	r25, r1
    11ec:	0c f4       	brge	.+2      	; 0x11f0 <TIMER_voidInit+0x11e>
    11ee:	65 c0       	rjmp	.+202    	; 0x12ba <TIMER_voidInit+0x1e8>
    11f0:	2b 81       	ldd	r18, Y+3	; 0x03
    11f2:	3c 81       	ldd	r19, Y+4	; 0x04
    11f4:	26 30       	cpi	r18, 0x06	; 6
    11f6:	31 05       	cpc	r19, r1
    11f8:	09 f4       	brne	.+2      	; 0x11fc <TIMER_voidInit+0x12a>
    11fa:	8b c0       	rjmp	.+278    	; 0x1312 <TIMER_voidInit+0x240>
    11fc:	8b 81       	ldd	r24, Y+3	; 0x03
    11fe:	9c 81       	ldd	r25, Y+4	; 0x04
    1200:	87 30       	cpi	r24, 0x07	; 7
    1202:	91 05       	cpc	r25, r1
    1204:	09 f4       	brne	.+2      	; 0x1208 <TIMER_voidInit+0x136>
    1206:	9b c0       	rjmp	.+310    	; 0x133e <TIMER_voidInit+0x26c>
    1208:	af c0       	rjmp	.+350    	; 0x1368 <TIMER_voidInit+0x296>
	{
	    case TIMER_u8_STOP:
		    CLR_BIT(TIMER_u8REG_TCCR0,TIMER_u8REG_TCCR0_CS00);
    120a:	a3 e5       	ldi	r26, 0x53	; 83
    120c:	b0 e0       	ldi	r27, 0x00	; 0
    120e:	e3 e5       	ldi	r30, 0x53	; 83
    1210:	f0 e0       	ldi	r31, 0x00	; 0
    1212:	80 81       	ld	r24, Z
    1214:	8e 7f       	andi	r24, 0xFE	; 254
    1216:	8c 93       	st	X, r24
		    CLR_BIT(TIMER_u8REG_TCCR0,TIMER_u8REG_TCCR0_CS01);
    1218:	a3 e5       	ldi	r26, 0x53	; 83
    121a:	b0 e0       	ldi	r27, 0x00	; 0
    121c:	e3 e5       	ldi	r30, 0x53	; 83
    121e:	f0 e0       	ldi	r31, 0x00	; 0
    1220:	80 81       	ld	r24, Z
    1222:	8d 7f       	andi	r24, 0xFD	; 253
    1224:	8c 93       	st	X, r24
		    CLR_BIT(TIMER_u8REG_TCCR0,TIMER_u8REG_TCCR0_CS02);
    1226:	a3 e5       	ldi	r26, 0x53	; 83
    1228:	b0 e0       	ldi	r27, 0x00	; 0
    122a:	e3 e5       	ldi	r30, 0x53	; 83
    122c:	f0 e0       	ldi	r31, 0x00	; 0
    122e:	80 81       	ld	r24, Z
    1230:	8b 7f       	andi	r24, 0xFB	; 251
    1232:	8c 93       	st	X, r24
    1234:	99 c0       	rjmp	.+306    	; 0x1368 <TIMER_voidInit+0x296>
		    break;
	    case TIMER_u8_DIV_1:
		    SET_BIT(TIMER_u8REG_TCCR0,TIMER_u8REG_TCCR0_CS00);
    1236:	a3 e5       	ldi	r26, 0x53	; 83
    1238:	b0 e0       	ldi	r27, 0x00	; 0
    123a:	e3 e5       	ldi	r30, 0x53	; 83
    123c:	f0 e0       	ldi	r31, 0x00	; 0
    123e:	80 81       	ld	r24, Z
    1240:	81 60       	ori	r24, 0x01	; 1
    1242:	8c 93       	st	X, r24
		    CLR_BIT(TIMER_u8REG_TCCR0,TIMER_u8REG_TCCR0_CS01);
    1244:	a3 e5       	ldi	r26, 0x53	; 83
    1246:	b0 e0       	ldi	r27, 0x00	; 0
    1248:	e3 e5       	ldi	r30, 0x53	; 83
    124a:	f0 e0       	ldi	r31, 0x00	; 0
    124c:	80 81       	ld	r24, Z
    124e:	8d 7f       	andi	r24, 0xFD	; 253
    1250:	8c 93       	st	X, r24
		    CLR_BIT(TIMER_u8REG_TCCR0,TIMER_u8REG_TCCR0_CS02);
    1252:	a3 e5       	ldi	r26, 0x53	; 83
    1254:	b0 e0       	ldi	r27, 0x00	; 0
    1256:	e3 e5       	ldi	r30, 0x53	; 83
    1258:	f0 e0       	ldi	r31, 0x00	; 0
    125a:	80 81       	ld	r24, Z
    125c:	8b 7f       	andi	r24, 0xFB	; 251
    125e:	8c 93       	st	X, r24
    1260:	83 c0       	rjmp	.+262    	; 0x1368 <TIMER_voidInit+0x296>
		    break;
	    case TIMER_u8_DIV_8:
		    CLR_BIT(TIMER_u8REG_TCCR0,TIMER_u8REG_TCCR0_CS00);
    1262:	a3 e5       	ldi	r26, 0x53	; 83
    1264:	b0 e0       	ldi	r27, 0x00	; 0
    1266:	e3 e5       	ldi	r30, 0x53	; 83
    1268:	f0 e0       	ldi	r31, 0x00	; 0
    126a:	80 81       	ld	r24, Z
    126c:	8e 7f       	andi	r24, 0xFE	; 254
    126e:	8c 93       	st	X, r24
		    SET_BIT(TIMER_u8REG_TCCR0,TIMER_u8REG_TCCR0_CS01);
    1270:	a3 e5       	ldi	r26, 0x53	; 83
    1272:	b0 e0       	ldi	r27, 0x00	; 0
    1274:	e3 e5       	ldi	r30, 0x53	; 83
    1276:	f0 e0       	ldi	r31, 0x00	; 0
    1278:	80 81       	ld	r24, Z
    127a:	82 60       	ori	r24, 0x02	; 2
    127c:	8c 93       	st	X, r24
		    CLR_BIT(TIMER_u8REG_TCCR0,TIMER_u8REG_TCCR0_CS02);
    127e:	a3 e5       	ldi	r26, 0x53	; 83
    1280:	b0 e0       	ldi	r27, 0x00	; 0
    1282:	e3 e5       	ldi	r30, 0x53	; 83
    1284:	f0 e0       	ldi	r31, 0x00	; 0
    1286:	80 81       	ld	r24, Z
    1288:	8b 7f       	andi	r24, 0xFB	; 251
    128a:	8c 93       	st	X, r24
    128c:	6d c0       	rjmp	.+218    	; 0x1368 <TIMER_voidInit+0x296>
		    break;
	    case TIMER_u8_DIV_64:
		    SET_BIT(TIMER_u8REG_TCCR0,TIMER_u8REG_TCCR0_CS00);
    128e:	a3 e5       	ldi	r26, 0x53	; 83
    1290:	b0 e0       	ldi	r27, 0x00	; 0
    1292:	e3 e5       	ldi	r30, 0x53	; 83
    1294:	f0 e0       	ldi	r31, 0x00	; 0
    1296:	80 81       	ld	r24, Z
    1298:	81 60       	ori	r24, 0x01	; 1
    129a:	8c 93       	st	X, r24
		    SET_BIT(TIMER_u8REG_TCCR0,TIMER_u8REG_TCCR0_CS01);
    129c:	a3 e5       	ldi	r26, 0x53	; 83
    129e:	b0 e0       	ldi	r27, 0x00	; 0
    12a0:	e3 e5       	ldi	r30, 0x53	; 83
    12a2:	f0 e0       	ldi	r31, 0x00	; 0
    12a4:	80 81       	ld	r24, Z
    12a6:	82 60       	ori	r24, 0x02	; 2
    12a8:	8c 93       	st	X, r24
		    CLR_BIT(TIMER_u8REG_TCCR0,TIMER_u8REG_TCCR0_CS02);
    12aa:	a3 e5       	ldi	r26, 0x53	; 83
    12ac:	b0 e0       	ldi	r27, 0x00	; 0
    12ae:	e3 e5       	ldi	r30, 0x53	; 83
    12b0:	f0 e0       	ldi	r31, 0x00	; 0
    12b2:	80 81       	ld	r24, Z
    12b4:	8b 7f       	andi	r24, 0xFB	; 251
    12b6:	8c 93       	st	X, r24
    12b8:	57 c0       	rjmp	.+174    	; 0x1368 <TIMER_voidInit+0x296>
		    break;
	    case TIMER_u8_DIV_256:
		    CLR_BIT(TIMER_u8REG_TCCR0,TIMER_u8REG_TCCR0_CS00);
    12ba:	a3 e5       	ldi	r26, 0x53	; 83
    12bc:	b0 e0       	ldi	r27, 0x00	; 0
    12be:	e3 e5       	ldi	r30, 0x53	; 83
    12c0:	f0 e0       	ldi	r31, 0x00	; 0
    12c2:	80 81       	ld	r24, Z
    12c4:	8e 7f       	andi	r24, 0xFE	; 254
    12c6:	8c 93       	st	X, r24
		    CLR_BIT(TIMER_u8REG_TCCR0,TIMER_u8REG_TCCR0_CS01);
    12c8:	a3 e5       	ldi	r26, 0x53	; 83
    12ca:	b0 e0       	ldi	r27, 0x00	; 0
    12cc:	e3 e5       	ldi	r30, 0x53	; 83
    12ce:	f0 e0       	ldi	r31, 0x00	; 0
    12d0:	80 81       	ld	r24, Z
    12d2:	8d 7f       	andi	r24, 0xFD	; 253
    12d4:	8c 93       	st	X, r24
		    SET_BIT(TIMER_u8REG_TCCR0,TIMER_u8REG_TCCR0_CS02);
    12d6:	a3 e5       	ldi	r26, 0x53	; 83
    12d8:	b0 e0       	ldi	r27, 0x00	; 0
    12da:	e3 e5       	ldi	r30, 0x53	; 83
    12dc:	f0 e0       	ldi	r31, 0x00	; 0
    12de:	80 81       	ld	r24, Z
    12e0:	84 60       	ori	r24, 0x04	; 4
    12e2:	8c 93       	st	X, r24
    12e4:	41 c0       	rjmp	.+130    	; 0x1368 <TIMER_voidInit+0x296>
		    break;
	    case TIMER_u8_DIV_1024:
		    SET_BIT(TIMER_u8REG_TCCR0,TIMER_u8REG_TCCR0_CS00);
    12e6:	a3 e5       	ldi	r26, 0x53	; 83
    12e8:	b0 e0       	ldi	r27, 0x00	; 0
    12ea:	e3 e5       	ldi	r30, 0x53	; 83
    12ec:	f0 e0       	ldi	r31, 0x00	; 0
    12ee:	80 81       	ld	r24, Z
    12f0:	81 60       	ori	r24, 0x01	; 1
    12f2:	8c 93       	st	X, r24
		    CLR_BIT(TIMER_u8REG_TCCR0,TIMER_u8REG_TCCR0_CS01);
    12f4:	a3 e5       	ldi	r26, 0x53	; 83
    12f6:	b0 e0       	ldi	r27, 0x00	; 0
    12f8:	e3 e5       	ldi	r30, 0x53	; 83
    12fa:	f0 e0       	ldi	r31, 0x00	; 0
    12fc:	80 81       	ld	r24, Z
    12fe:	8d 7f       	andi	r24, 0xFD	; 253
    1300:	8c 93       	st	X, r24
		    SET_BIT(TIMER_u8REG_TCCR0,TIMER_u8REG_TCCR0_CS02);
    1302:	a3 e5       	ldi	r26, 0x53	; 83
    1304:	b0 e0       	ldi	r27, 0x00	; 0
    1306:	e3 e5       	ldi	r30, 0x53	; 83
    1308:	f0 e0       	ldi	r31, 0x00	; 0
    130a:	80 81       	ld	r24, Z
    130c:	84 60       	ori	r24, 0x04	; 4
    130e:	8c 93       	st	X, r24
    1310:	2b c0       	rjmp	.+86     	; 0x1368 <TIMER_voidInit+0x296>
		    break;
	    case TIMER_u8_EXTERNAL_FALLING:
		    CLR_BIT(TIMER_u8REG_TCCR0,TIMER_u8REG_TCCR0_CS00);
    1312:	a3 e5       	ldi	r26, 0x53	; 83
    1314:	b0 e0       	ldi	r27, 0x00	; 0
    1316:	e3 e5       	ldi	r30, 0x53	; 83
    1318:	f0 e0       	ldi	r31, 0x00	; 0
    131a:	80 81       	ld	r24, Z
    131c:	8e 7f       	andi	r24, 0xFE	; 254
    131e:	8c 93       	st	X, r24
		    SET_BIT(TIMER_u8REG_TCCR0,TIMER_u8REG_TCCR0_CS01);
    1320:	a3 e5       	ldi	r26, 0x53	; 83
    1322:	b0 e0       	ldi	r27, 0x00	; 0
    1324:	e3 e5       	ldi	r30, 0x53	; 83
    1326:	f0 e0       	ldi	r31, 0x00	; 0
    1328:	80 81       	ld	r24, Z
    132a:	82 60       	ori	r24, 0x02	; 2
    132c:	8c 93       	st	X, r24
		    SET_BIT(TIMER_u8REG_TCCR0,TIMER_u8REG_TCCR0_CS02);
    132e:	a3 e5       	ldi	r26, 0x53	; 83
    1330:	b0 e0       	ldi	r27, 0x00	; 0
    1332:	e3 e5       	ldi	r30, 0x53	; 83
    1334:	f0 e0       	ldi	r31, 0x00	; 0
    1336:	80 81       	ld	r24, Z
    1338:	84 60       	ori	r24, 0x04	; 4
    133a:	8c 93       	st	X, r24
    133c:	15 c0       	rjmp	.+42     	; 0x1368 <TIMER_voidInit+0x296>
		    break;
	    case TIMER_u8_EXTERNAL_RISING:
		    SET_BIT(TIMER_u8REG_TCCR0,TIMER_u8REG_TCCR0_CS00);
    133e:	a3 e5       	ldi	r26, 0x53	; 83
    1340:	b0 e0       	ldi	r27, 0x00	; 0
    1342:	e3 e5       	ldi	r30, 0x53	; 83
    1344:	f0 e0       	ldi	r31, 0x00	; 0
    1346:	80 81       	ld	r24, Z
    1348:	81 60       	ori	r24, 0x01	; 1
    134a:	8c 93       	st	X, r24
		    SET_BIT(TIMER_u8REG_TCCR0,TIMER_u8REG_TCCR0_CS01);
    134c:	a3 e5       	ldi	r26, 0x53	; 83
    134e:	b0 e0       	ldi	r27, 0x00	; 0
    1350:	e3 e5       	ldi	r30, 0x53	; 83
    1352:	f0 e0       	ldi	r31, 0x00	; 0
    1354:	80 81       	ld	r24, Z
    1356:	82 60       	ori	r24, 0x02	; 2
    1358:	8c 93       	st	X, r24
		    SET_BIT(TIMER_u8REG_TCCR0,TIMER_u8REG_TCCR0_CS02);
    135a:	a3 e5       	ldi	r26, 0x53	; 83
    135c:	b0 e0       	ldi	r27, 0x00	; 0
    135e:	e3 e5       	ldi	r30, 0x53	; 83
    1360:	f0 e0       	ldi	r31, 0x00	; 0
    1362:	80 81       	ld	r24, Z
    1364:	84 60       	ori	r24, 0x04	; 4
    1366:	8c 93       	st	X, r24
		    break;
	}
}
    1368:	26 96       	adiw	r28, 0x06	; 6
    136a:	0f b6       	in	r0, 0x3f	; 63
    136c:	f8 94       	cli
    136e:	de bf       	out	0x3e, r29	; 62
    1370:	0f be       	out	0x3f, r0	; 63
    1372:	cd bf       	out	0x3d, r28	; 61
    1374:	cf 91       	pop	r28
    1376:	df 91       	pop	r29
    1378:	08 95       	ret

0000137a <TIMER_voidSet_CompareMode>:
void TIMER_voidSet_CompareMode(u8 Mode,u8 CompareMode)
{
    137a:	df 93       	push	r29
    137c:	cf 93       	push	r28
    137e:	cd b7       	in	r28, 0x3d	; 61
    1380:	de b7       	in	r29, 0x3e	; 62
    1382:	28 97       	sbiw	r28, 0x08	; 8
    1384:	0f b6       	in	r0, 0x3f	; 63
    1386:	f8 94       	cli
    1388:	de bf       	out	0x3e, r29	; 62
    138a:	0f be       	out	0x3f, r0	; 63
    138c:	cd bf       	out	0x3d, r28	; 61
    138e:	89 83       	std	Y+1, r24	; 0x01
    1390:	6a 83       	std	Y+2, r22	; 0x02
	switch(Mode)
    1392:	89 81       	ldd	r24, Y+1	; 0x01
    1394:	28 2f       	mov	r18, r24
    1396:	30 e0       	ldi	r19, 0x00	; 0
    1398:	38 87       	std	Y+8, r19	; 0x08
    139a:	2f 83       	std	Y+7, r18	; 0x07
    139c:	8f 81       	ldd	r24, Y+7	; 0x07
    139e:	98 85       	ldd	r25, Y+8	; 0x08
    13a0:	81 30       	cpi	r24, 0x01	; 1
    13a2:	91 05       	cpc	r25, r1
    13a4:	09 f4       	brne	.+2      	; 0x13a8 <TIMER_voidSet_CompareMode+0x2e>
    13a6:	72 c0       	rjmp	.+228    	; 0x148c <TIMER_voidSet_CompareMode+0x112>
    13a8:	2f 81       	ldd	r18, Y+7	; 0x07
    13aa:	38 85       	ldd	r19, Y+8	; 0x08
    13ac:	22 30       	cpi	r18, 0x02	; 2
    13ae:	31 05       	cpc	r19, r1
    13b0:	2c f4       	brge	.+10     	; 0x13bc <TIMER_voidSet_CompareMode+0x42>
    13b2:	8f 81       	ldd	r24, Y+7	; 0x07
    13b4:	98 85       	ldd	r25, Y+8	; 0x08
    13b6:	00 97       	sbiw	r24, 0x00	; 0
    13b8:	69 f0       	breq	.+26     	; 0x13d4 <TIMER_voidSet_CompareMode+0x5a>
    13ba:	c3 c0       	rjmp	.+390    	; 0x1542 <TIMER_voidSet_CompareMode+0x1c8>
    13bc:	2f 81       	ldd	r18, Y+7	; 0x07
    13be:	38 85       	ldd	r19, Y+8	; 0x08
    13c0:	22 30       	cpi	r18, 0x02	; 2
    13c2:	31 05       	cpc	r19, r1
    13c4:	39 f0       	breq	.+14     	; 0x13d4 <TIMER_voidSet_CompareMode+0x5a>
    13c6:	8f 81       	ldd	r24, Y+7	; 0x07
    13c8:	98 85       	ldd	r25, Y+8	; 0x08
    13ca:	83 30       	cpi	r24, 0x03	; 3
    13cc:	91 05       	cpc	r25, r1
    13ce:	09 f4       	brne	.+2      	; 0x13d2 <TIMER_voidSet_CompareMode+0x58>
    13d0:	5d c0       	rjmp	.+186    	; 0x148c <TIMER_voidSet_CompareMode+0x112>
    13d2:	b7 c0       	rjmp	.+366    	; 0x1542 <TIMER_voidSet_CompareMode+0x1c8>
	{
	    case TIMER_u8_NORMAL_MODE:
	    case TIMER_u8_CTC_MODE:
	    	switch(CompareMode)
    13d4:	8a 81       	ldd	r24, Y+2	; 0x02
    13d6:	28 2f       	mov	r18, r24
    13d8:	30 e0       	ldi	r19, 0x00	; 0
    13da:	3e 83       	std	Y+6, r19	; 0x06
    13dc:	2d 83       	std	Y+5, r18	; 0x05
    13de:	8d 81       	ldd	r24, Y+5	; 0x05
    13e0:	9e 81       	ldd	r25, Y+6	; 0x06
    13e2:	81 30       	cpi	r24, 0x01	; 1
    13e4:	91 05       	cpc	r25, r1
    13e6:	09 f4       	brne	.+2      	; 0x13ea <TIMER_voidSet_CompareMode+0x70>
    13e8:	42 c0       	rjmp	.+132    	; 0x146e <TIMER_voidSet_CompareMode+0xf4>
    13ea:	2d 81       	ldd	r18, Y+5	; 0x05
    13ec:	3e 81       	ldd	r19, Y+6	; 0x06
    13ee:	22 30       	cpi	r18, 0x02	; 2
    13f0:	31 05       	cpc	r19, r1
    13f2:	2c f4       	brge	.+10     	; 0x13fe <TIMER_voidSet_CompareMode+0x84>
    13f4:	8d 81       	ldd	r24, Y+5	; 0x05
    13f6:	9e 81       	ldd	r25, Y+6	; 0x06
    13f8:	00 97       	sbiw	r24, 0x00	; 0
    13fa:	d9 f0       	breq	.+54     	; 0x1432 <TIMER_voidSet_CompareMode+0xb8>
    13fc:	a2 c0       	rjmp	.+324    	; 0x1542 <TIMER_voidSet_CompareMode+0x1c8>
    13fe:	2d 81       	ldd	r18, Y+5	; 0x05
    1400:	3e 81       	ldd	r19, Y+6	; 0x06
    1402:	22 30       	cpi	r18, 0x02	; 2
    1404:	31 05       	cpc	r19, r1
    1406:	21 f1       	breq	.+72     	; 0x1450 <TIMER_voidSet_CompareMode+0xd6>
    1408:	8d 81       	ldd	r24, Y+5	; 0x05
    140a:	9e 81       	ldd	r25, Y+6	; 0x06
    140c:	83 30       	cpi	r24, 0x03	; 3
    140e:	91 05       	cpc	r25, r1
    1410:	09 f0       	breq	.+2      	; 0x1414 <TIMER_voidSet_CompareMode+0x9a>
    1412:	97 c0       	rjmp	.+302    	; 0x1542 <TIMER_voidSet_CompareMode+0x1c8>
	    	{
	    	    case TIMER_u8_NORMAL_OCO_DISCONNET:
	    		    CLR_BIT(TIMER_u8REG_TCCR0,TIMER_u8REG_TCCR0_COM00);
    1414:	a3 e5       	ldi	r26, 0x53	; 83
    1416:	b0 e0       	ldi	r27, 0x00	; 0
    1418:	e3 e5       	ldi	r30, 0x53	; 83
    141a:	f0 e0       	ldi	r31, 0x00	; 0
    141c:	80 81       	ld	r24, Z
    141e:	8f 7e       	andi	r24, 0xEF	; 239
    1420:	8c 93       	st	X, r24
	    		    CLR_BIT(TIMER_u8REG_TCCR0,TIMER_u8REG_TCCR0_COM01);
    1422:	a3 e5       	ldi	r26, 0x53	; 83
    1424:	b0 e0       	ldi	r27, 0x00	; 0
    1426:	e3 e5       	ldi	r30, 0x53	; 83
    1428:	f0 e0       	ldi	r31, 0x00	; 0
    142a:	80 81       	ld	r24, Z
    142c:	8f 7d       	andi	r24, 0xDF	; 223
    142e:	8c 93       	st	X, r24
    1430:	88 c0       	rjmp	.+272    	; 0x1542 <TIMER_voidSet_CompareMode+0x1c8>
	    		    break;
	    	    case TIMER_u8_TOGGLE_OCO:
	    		    SET_BIT(TIMER_u8REG_TCCR0,TIMER_u8REG_TCCR0_COM00);
    1432:	a3 e5       	ldi	r26, 0x53	; 83
    1434:	b0 e0       	ldi	r27, 0x00	; 0
    1436:	e3 e5       	ldi	r30, 0x53	; 83
    1438:	f0 e0       	ldi	r31, 0x00	; 0
    143a:	80 81       	ld	r24, Z
    143c:	80 61       	ori	r24, 0x10	; 16
    143e:	8c 93       	st	X, r24
	    		    CLR_BIT(TIMER_u8REG_TCCR0,TIMER_u8REG_TCCR0_COM01);
    1440:	a3 e5       	ldi	r26, 0x53	; 83
    1442:	b0 e0       	ldi	r27, 0x00	; 0
    1444:	e3 e5       	ldi	r30, 0x53	; 83
    1446:	f0 e0       	ldi	r31, 0x00	; 0
    1448:	80 81       	ld	r24, Z
    144a:	8f 7d       	andi	r24, 0xDF	; 223
    144c:	8c 93       	st	X, r24
    144e:	79 c0       	rjmp	.+242    	; 0x1542 <TIMER_voidSet_CompareMode+0x1c8>
	    		    break;
	    	    case TIMER_u8_CLEAR_OCO:
	    		    CLR_BIT(TIMER_u8REG_TCCR0,TIMER_u8REG_TCCR0_COM00);
    1450:	a3 e5       	ldi	r26, 0x53	; 83
    1452:	b0 e0       	ldi	r27, 0x00	; 0
    1454:	e3 e5       	ldi	r30, 0x53	; 83
    1456:	f0 e0       	ldi	r31, 0x00	; 0
    1458:	80 81       	ld	r24, Z
    145a:	8f 7e       	andi	r24, 0xEF	; 239
    145c:	8c 93       	st	X, r24
	    		    SET_BIT(TIMER_u8REG_TCCR0,TIMER_u8REG_TCCR0_COM01);
    145e:	a3 e5       	ldi	r26, 0x53	; 83
    1460:	b0 e0       	ldi	r27, 0x00	; 0
    1462:	e3 e5       	ldi	r30, 0x53	; 83
    1464:	f0 e0       	ldi	r31, 0x00	; 0
    1466:	80 81       	ld	r24, Z
    1468:	80 62       	ori	r24, 0x20	; 32
    146a:	8c 93       	st	X, r24
    146c:	6a c0       	rjmp	.+212    	; 0x1542 <TIMER_voidSet_CompareMode+0x1c8>
	    		    break;
	    	    case TIMER_u8_SET_OCO:
	    		    SET_BIT(TIMER_u8REG_TCCR0,TIMER_u8REG_TCCR0_COM00);
    146e:	a3 e5       	ldi	r26, 0x53	; 83
    1470:	b0 e0       	ldi	r27, 0x00	; 0
    1472:	e3 e5       	ldi	r30, 0x53	; 83
    1474:	f0 e0       	ldi	r31, 0x00	; 0
    1476:	80 81       	ld	r24, Z
    1478:	80 61       	ori	r24, 0x10	; 16
    147a:	8c 93       	st	X, r24
	    		    SET_BIT(TIMER_u8REG_TCCR0,TIMER_u8REG_TCCR0_COM01);
    147c:	a3 e5       	ldi	r26, 0x53	; 83
    147e:	b0 e0       	ldi	r27, 0x00	; 0
    1480:	e3 e5       	ldi	r30, 0x53	; 83
    1482:	f0 e0       	ldi	r31, 0x00	; 0
    1484:	80 81       	ld	r24, Z
    1486:	80 62       	ori	r24, 0x20	; 32
    1488:	8c 93       	st	X, r24
    148a:	5b c0       	rjmp	.+182    	; 0x1542 <TIMER_voidSet_CompareMode+0x1c8>
	    		    break;
	    	}
		    break;
	    case TIMER_u8_FAST_PWM:
	    case TIMER_u8_PHASE_CORRECT_MODE:
	    	switch(CompareMode)
    148c:	8a 81       	ldd	r24, Y+2	; 0x02
    148e:	28 2f       	mov	r18, r24
    1490:	30 e0       	ldi	r19, 0x00	; 0
    1492:	3c 83       	std	Y+4, r19	; 0x04
    1494:	2b 83       	std	Y+3, r18	; 0x03
    1496:	8b 81       	ldd	r24, Y+3	; 0x03
    1498:	9c 81       	ldd	r25, Y+4	; 0x04
    149a:	82 30       	cpi	r24, 0x02	; 2
    149c:	91 05       	cpc	r25, r1
    149e:	a1 f1       	breq	.+104    	; 0x1508 <TIMER_voidSet_CompareMode+0x18e>
    14a0:	2b 81       	ldd	r18, Y+3	; 0x03
    14a2:	3c 81       	ldd	r19, Y+4	; 0x04
    14a4:	23 30       	cpi	r18, 0x03	; 3
    14a6:	31 05       	cpc	r19, r1
    14a8:	34 f4       	brge	.+12     	; 0x14b6 <TIMER_voidSet_CompareMode+0x13c>
    14aa:	8b 81       	ldd	r24, Y+3	; 0x03
    14ac:	9c 81       	ldd	r25, Y+4	; 0x04
    14ae:	81 30       	cpi	r24, 0x01	; 1
    14b0:	91 05       	cpc	r25, r1
    14b2:	c9 f1       	breq	.+114    	; 0x1526 <TIMER_voidSet_CompareMode+0x1ac>
    14b4:	46 c0       	rjmp	.+140    	; 0x1542 <TIMER_voidSet_CompareMode+0x1c8>
    14b6:	2b 81       	ldd	r18, Y+3	; 0x03
    14b8:	3c 81       	ldd	r19, Y+4	; 0x04
    14ba:	23 30       	cpi	r18, 0x03	; 3
    14bc:	31 05       	cpc	r19, r1
    14be:	31 f0       	breq	.+12     	; 0x14cc <TIMER_voidSet_CompareMode+0x152>
    14c0:	8b 81       	ldd	r24, Y+3	; 0x03
    14c2:	9c 81       	ldd	r25, Y+4	; 0x04
    14c4:	84 30       	cpi	r24, 0x04	; 4
    14c6:	91 05       	cpc	r25, r1
    14c8:	81 f0       	breq	.+32     	; 0x14ea <TIMER_voidSet_CompareMode+0x170>
    14ca:	3b c0       	rjmp	.+118    	; 0x1542 <TIMER_voidSet_CompareMode+0x1c8>
	    	{
	    	    case TIMER_u8_NORMAL_OCO_DISCONNET:
	    		    CLR_BIT(TIMER_u8REG_TCCR0,TIMER_u8REG_TCCR0_COM00);
    14cc:	a3 e5       	ldi	r26, 0x53	; 83
    14ce:	b0 e0       	ldi	r27, 0x00	; 0
    14d0:	e3 e5       	ldi	r30, 0x53	; 83
    14d2:	f0 e0       	ldi	r31, 0x00	; 0
    14d4:	80 81       	ld	r24, Z
    14d6:	8f 7e       	andi	r24, 0xEF	; 239
    14d8:	8c 93       	st	X, r24
	    		    CLR_BIT(TIMER_u8REG_TCCR0,TIMER_u8REG_TCCR0_COM01);
    14da:	a3 e5       	ldi	r26, 0x53	; 83
    14dc:	b0 e0       	ldi	r27, 0x00	; 0
    14de:	e3 e5       	ldi	r30, 0x53	; 83
    14e0:	f0 e0       	ldi	r31, 0x00	; 0
    14e2:	80 81       	ld	r24, Z
    14e4:	8f 7d       	andi	r24, 0xDF	; 223
    14e6:	8c 93       	st	X, r24
    14e8:	2c c0       	rjmp	.+88     	; 0x1542 <TIMER_voidSet_CompareMode+0x1c8>
	    		    break;
	    	    case TIMER_u8_RESERVED_OCO:
	    		    SET_BIT(TIMER_u8REG_TCCR0,TIMER_u8REG_TCCR0_COM00);
    14ea:	a3 e5       	ldi	r26, 0x53	; 83
    14ec:	b0 e0       	ldi	r27, 0x00	; 0
    14ee:	e3 e5       	ldi	r30, 0x53	; 83
    14f0:	f0 e0       	ldi	r31, 0x00	; 0
    14f2:	80 81       	ld	r24, Z
    14f4:	80 61       	ori	r24, 0x10	; 16
    14f6:	8c 93       	st	X, r24
	    		    CLR_BIT(TIMER_u8REG_TCCR0,TIMER_u8REG_TCCR0_COM01);
    14f8:	a3 e5       	ldi	r26, 0x53	; 83
    14fa:	b0 e0       	ldi	r27, 0x00	; 0
    14fc:	e3 e5       	ldi	r30, 0x53	; 83
    14fe:	f0 e0       	ldi	r31, 0x00	; 0
    1500:	80 81       	ld	r24, Z
    1502:	8f 7d       	andi	r24, 0xDF	; 223
    1504:	8c 93       	st	X, r24
    1506:	1d c0       	rjmp	.+58     	; 0x1542 <TIMER_voidSet_CompareMode+0x1c8>
	    		    break;
	    	    case TIMER_u8_CLEAR_OCO:
	    		    CLR_BIT(TIMER_u8REG_TCCR0,TIMER_u8REG_TCCR0_COM00);
    1508:	a3 e5       	ldi	r26, 0x53	; 83
    150a:	b0 e0       	ldi	r27, 0x00	; 0
    150c:	e3 e5       	ldi	r30, 0x53	; 83
    150e:	f0 e0       	ldi	r31, 0x00	; 0
    1510:	80 81       	ld	r24, Z
    1512:	8f 7e       	andi	r24, 0xEF	; 239
    1514:	8c 93       	st	X, r24
	    		    SET_BIT(TIMER_u8REG_TCCR0,TIMER_u8REG_TCCR0_COM01);
    1516:	a3 e5       	ldi	r26, 0x53	; 83
    1518:	b0 e0       	ldi	r27, 0x00	; 0
    151a:	e3 e5       	ldi	r30, 0x53	; 83
    151c:	f0 e0       	ldi	r31, 0x00	; 0
    151e:	80 81       	ld	r24, Z
    1520:	80 62       	ori	r24, 0x20	; 32
    1522:	8c 93       	st	X, r24
    1524:	0e c0       	rjmp	.+28     	; 0x1542 <TIMER_voidSet_CompareMode+0x1c8>
	    		    break;
	    	    case TIMER_u8_SET_OCO:
	    		    SET_BIT(TIMER_u8REG_TCCR0,TIMER_u8REG_TCCR0_COM00);
    1526:	a3 e5       	ldi	r26, 0x53	; 83
    1528:	b0 e0       	ldi	r27, 0x00	; 0
    152a:	e3 e5       	ldi	r30, 0x53	; 83
    152c:	f0 e0       	ldi	r31, 0x00	; 0
    152e:	80 81       	ld	r24, Z
    1530:	80 61       	ori	r24, 0x10	; 16
    1532:	8c 93       	st	X, r24
	    		    SET_BIT(TIMER_u8REG_TCCR0,TIMER_u8REG_TCCR0_COM01);
    1534:	a3 e5       	ldi	r26, 0x53	; 83
    1536:	b0 e0       	ldi	r27, 0x00	; 0
    1538:	e3 e5       	ldi	r30, 0x53	; 83
    153a:	f0 e0       	ldi	r31, 0x00	; 0
    153c:	80 81       	ld	r24, Z
    153e:	80 62       	ori	r24, 0x20	; 32
    1540:	8c 93       	st	X, r24
	    		    break;
	    	}
		    break;
	}
}
    1542:	28 96       	adiw	r28, 0x08	; 8
    1544:	0f b6       	in	r0, 0x3f	; 63
    1546:	f8 94       	cli
    1548:	de bf       	out	0x3e, r29	; 62
    154a:	0f be       	out	0x3f, r0	; 63
    154c:	cd bf       	out	0x3d, r28	; 61
    154e:	cf 91       	pop	r28
    1550:	df 91       	pop	r29
    1552:	08 95       	ret

00001554 <TIMER_voidSetCallBack>:
void TIMER_voidSetCallBack(void (*ptr) (void))
{
    1554:	df 93       	push	r29
    1556:	cf 93       	push	r28
    1558:	00 d0       	rcall	.+0      	; 0x155a <TIMER_voidSetCallBack+0x6>
    155a:	cd b7       	in	r28, 0x3d	; 61
    155c:	de b7       	in	r29, 0x3e	; 62
    155e:	9a 83       	std	Y+2, r25	; 0x02
    1560:	89 83       	std	Y+1, r24	; 0x01
	if (ptr != NULL)
    1562:	89 81       	ldd	r24, Y+1	; 0x01
    1564:	9a 81       	ldd	r25, Y+2	; 0x02
    1566:	00 97       	sbiw	r24, 0x00	; 0
    1568:	31 f0       	breq	.+12     	; 0x1576 <TIMER_voidSetCallBack+0x22>
	{
		ptrFuncNormal = ptr;
    156a:	89 81       	ldd	r24, Y+1	; 0x01
    156c:	9a 81       	ldd	r25, Y+2	; 0x02
    156e:	90 93 dd 01 	sts	0x01DD, r25
    1572:	80 93 dc 01 	sts	0x01DC, r24
	}
}
    1576:	0f 90       	pop	r0
    1578:	0f 90       	pop	r0
    157a:	cf 91       	pop	r28
    157c:	df 91       	pop	r29
    157e:	08 95       	ret

00001580 <TIMER_voidEnable>:
void TIMER_voidEnable()
{
    1580:	df 93       	push	r29
    1582:	cf 93       	push	r28
    1584:	cd b7       	in	r28, 0x3d	; 61
    1586:	de b7       	in	r29, 0x3e	; 62
	SET_BIT(TIMER_u8REG_TIMSK,TIMER_u8REG_TIMSK_OCIEO);
    1588:	a9 e5       	ldi	r26, 0x59	; 89
    158a:	b0 e0       	ldi	r27, 0x00	; 0
    158c:	e9 e5       	ldi	r30, 0x59	; 89
    158e:	f0 e0       	ldi	r31, 0x00	; 0
    1590:	80 81       	ld	r24, Z
    1592:	82 60       	ori	r24, 0x02	; 2
    1594:	8c 93       	st	X, r24
	SET_BIT(TIMER_u8REG_TIMSK,TIMER_u8REG_TIMSK_TOIEO);
    1596:	a9 e5       	ldi	r26, 0x59	; 89
    1598:	b0 e0       	ldi	r27, 0x00	; 0
    159a:	e9 e5       	ldi	r30, 0x59	; 89
    159c:	f0 e0       	ldi	r31, 0x00	; 0
    159e:	80 81       	ld	r24, Z
    15a0:	81 60       	ori	r24, 0x01	; 1
    15a2:	8c 93       	st	X, r24
}
    15a4:	cf 91       	pop	r28
    15a6:	df 91       	pop	r29
    15a8:	08 95       	ret

000015aa <TIMER_voidDisable>:
void TIMER_voidDisable()
{
    15aa:	df 93       	push	r29
    15ac:	cf 93       	push	r28
    15ae:	cd b7       	in	r28, 0x3d	; 61
    15b0:	de b7       	in	r29, 0x3e	; 62
	CLR_BIT(TIMER_u8REG_TIMSK,TIMER_u8REG_TIMSK_OCIEO);
    15b2:	a9 e5       	ldi	r26, 0x59	; 89
    15b4:	b0 e0       	ldi	r27, 0x00	; 0
    15b6:	e9 e5       	ldi	r30, 0x59	; 89
    15b8:	f0 e0       	ldi	r31, 0x00	; 0
    15ba:	80 81       	ld	r24, Z
    15bc:	8d 7f       	andi	r24, 0xFD	; 253
    15be:	8c 93       	st	X, r24
	CLR_BIT(TIMER_u8REG_TIMSK,TIMER_u8REG_TIMSK_TOIEO);
    15c0:	a9 e5       	ldi	r26, 0x59	; 89
    15c2:	b0 e0       	ldi	r27, 0x00	; 0
    15c4:	e9 e5       	ldi	r30, 0x59	; 89
    15c6:	f0 e0       	ldi	r31, 0x00	; 0
    15c8:	80 81       	ld	r24, Z
    15ca:	8e 7f       	andi	r24, 0xFE	; 254
    15cc:	8c 93       	st	X, r24
}
    15ce:	cf 91       	pop	r28
    15d0:	df 91       	pop	r29
    15d2:	08 95       	ret

000015d4 <TIMER_voidSetOCR0>:
void TIMER_voidSetOCR0(u8 value)
{
    15d4:	df 93       	push	r29
    15d6:	cf 93       	push	r28
    15d8:	0f 92       	push	r0
    15da:	cd b7       	in	r28, 0x3d	; 61
    15dc:	de b7       	in	r29, 0x3e	; 62
    15de:	89 83       	std	Y+1, r24	; 0x01
	TIMER_u8REG_OCR0 = value;
    15e0:	ec e5       	ldi	r30, 0x5C	; 92
    15e2:	f0 e0       	ldi	r31, 0x00	; 0
    15e4:	89 81       	ldd	r24, Y+1	; 0x01
    15e6:	80 83       	st	Z, r24
}
    15e8:	0f 90       	pop	r0
    15ea:	cf 91       	pop	r28
    15ec:	df 91       	pop	r29
    15ee:	08 95       	ret

000015f0 <__vector_10>:
void __vector_10(void)  __attribute__((used,signal));

void __vector_10(void)
{
    15f0:	1f 92       	push	r1
    15f2:	0f 92       	push	r0
    15f4:	0f b6       	in	r0, 0x3f	; 63
    15f6:	0f 92       	push	r0
    15f8:	11 24       	eor	r1, r1
    15fa:	2f 93       	push	r18
    15fc:	3f 93       	push	r19
    15fe:	4f 93       	push	r20
    1600:	5f 93       	push	r21
    1602:	6f 93       	push	r22
    1604:	7f 93       	push	r23
    1606:	8f 93       	push	r24
    1608:	9f 93       	push	r25
    160a:	af 93       	push	r26
    160c:	bf 93       	push	r27
    160e:	ef 93       	push	r30
    1610:	ff 93       	push	r31
    1612:	df 93       	push	r29
    1614:	cf 93       	push	r28
    1616:	cd b7       	in	r28, 0x3d	; 61
    1618:	de b7       	in	r29, 0x3e	; 62
	++counter;
    161a:	80 91 d8 01 	lds	r24, 0x01D8
    161e:	90 91 d9 01 	lds	r25, 0x01D9
    1622:	a0 91 da 01 	lds	r26, 0x01DA
    1626:	b0 91 db 01 	lds	r27, 0x01DB
    162a:	01 96       	adiw	r24, 0x01	; 1
    162c:	a1 1d       	adc	r26, r1
    162e:	b1 1d       	adc	r27, r1
    1630:	80 93 d8 01 	sts	0x01D8, r24
    1634:	90 93 d9 01 	sts	0x01D9, r25
    1638:	a0 93 da 01 	sts	0x01DA, r26
    163c:	b0 93 db 01 	sts	0x01DB, r27
	if(counter == 1000)
    1640:	80 91 d8 01 	lds	r24, 0x01D8
    1644:	90 91 d9 01 	lds	r25, 0x01D9
    1648:	a0 91 da 01 	lds	r26, 0x01DA
    164c:	b0 91 db 01 	lds	r27, 0x01DB
    1650:	88 3e       	cpi	r24, 0xE8	; 232
    1652:	23 e0       	ldi	r18, 0x03	; 3
    1654:	92 07       	cpc	r25, r18
    1656:	20 e0       	ldi	r18, 0x00	; 0
    1658:	a2 07       	cpc	r26, r18
    165a:	20 e0       	ldi	r18, 0x00	; 0
    165c:	b2 07       	cpc	r27, r18
    165e:	99 f4       	brne	.+38     	; 0x1686 <__vector_10+0x96>
	{
	   if(ptrFuncNormal != NULL)
    1660:	80 91 dc 01 	lds	r24, 0x01DC
    1664:	90 91 dd 01 	lds	r25, 0x01DD
    1668:	00 97       	sbiw	r24, 0x00	; 0
    166a:	29 f0       	breq	.+10     	; 0x1676 <__vector_10+0x86>
		  (*ptrFuncNormal)();
    166c:	e0 91 dc 01 	lds	r30, 0x01DC
    1670:	f0 91 dd 01 	lds	r31, 0x01DD
    1674:	09 95       	icall
	   counter = 0;
    1676:	10 92 d8 01 	sts	0x01D8, r1
    167a:	10 92 d9 01 	sts	0x01D9, r1
    167e:	10 92 da 01 	sts	0x01DA, r1
    1682:	10 92 db 01 	sts	0x01DB, r1
	}
}
    1686:	cf 91       	pop	r28
    1688:	df 91       	pop	r29
    168a:	ff 91       	pop	r31
    168c:	ef 91       	pop	r30
    168e:	bf 91       	pop	r27
    1690:	af 91       	pop	r26
    1692:	9f 91       	pop	r25
    1694:	8f 91       	pop	r24
    1696:	7f 91       	pop	r23
    1698:	6f 91       	pop	r22
    169a:	5f 91       	pop	r21
    169c:	4f 91       	pop	r20
    169e:	3f 91       	pop	r19
    16a0:	2f 91       	pop	r18
    16a2:	0f 90       	pop	r0
    16a4:	0f be       	out	0x3f, r0	; 63
    16a6:	0f 90       	pop	r0
    16a8:	1f 90       	pop	r1
    16aa:	18 95       	reti

000016ac <__vector_11>:

void __vector_11(void)  __attribute__((used,signal));

void __vector_11(void)
{
    16ac:	1f 92       	push	r1
    16ae:	0f 92       	push	r0
    16b0:	0f b6       	in	r0, 0x3f	; 63
    16b2:	0f 92       	push	r0
    16b4:	11 24       	eor	r1, r1
    16b6:	df 93       	push	r29
    16b8:	cf 93       	push	r28
    16ba:	cd b7       	in	r28, 0x3d	; 61
    16bc:	de b7       	in	r29, 0x3e	; 62

}
    16be:	cf 91       	pop	r28
    16c0:	df 91       	pop	r29
    16c2:	0f 90       	pop	r0
    16c4:	0f be       	out	0x3f, r0	; 63
    16c6:	0f 90       	pop	r0
    16c8:	1f 90       	pop	r1
    16ca:	18 95       	reti

000016cc <TIMER_delay_ms>:
void TIMER_delay_ms(u32 ms)
{
    16cc:	df 93       	push	r29
    16ce:	cf 93       	push	r28
    16d0:	cd b7       	in	r28, 0x3d	; 61
    16d2:	de b7       	in	r29, 0x3e	; 62
    16d4:	28 97       	sbiw	r28, 0x08	; 8
    16d6:	0f b6       	in	r0, 0x3f	; 63
    16d8:	f8 94       	cli
    16da:	de bf       	out	0x3e, r29	; 62
    16dc:	0f be       	out	0x3f, r0	; 63
    16de:	cd bf       	out	0x3d, r28	; 61
    16e0:	6d 83       	std	Y+5, r22	; 0x05
    16e2:	7e 83       	std	Y+6, r23	; 0x06
    16e4:	8f 83       	std	Y+7, r24	; 0x07
    16e6:	98 87       	std	Y+8, r25	; 0x08
	u32 currentC = counter;
    16e8:	80 91 d8 01 	lds	r24, 0x01D8
    16ec:	90 91 d9 01 	lds	r25, 0x01D9
    16f0:	a0 91 da 01 	lds	r26, 0x01DA
    16f4:	b0 91 db 01 	lds	r27, 0x01DB
    16f8:	89 83       	std	Y+1, r24	; 0x01
    16fa:	9a 83       	std	Y+2, r25	; 0x02
    16fc:	ab 83       	std	Y+3, r26	; 0x03
    16fe:	bc 83       	std	Y+4, r27	; 0x04
	while(ms > counter-currentC);
    1700:	20 91 d8 01 	lds	r18, 0x01D8
    1704:	30 91 d9 01 	lds	r19, 0x01D9
    1708:	40 91 da 01 	lds	r20, 0x01DA
    170c:	50 91 db 01 	lds	r21, 0x01DB
    1710:	89 81       	ldd	r24, Y+1	; 0x01
    1712:	9a 81       	ldd	r25, Y+2	; 0x02
    1714:	ab 81       	ldd	r26, Y+3	; 0x03
    1716:	bc 81       	ldd	r27, Y+4	; 0x04
    1718:	28 1b       	sub	r18, r24
    171a:	39 0b       	sbc	r19, r25
    171c:	4a 0b       	sbc	r20, r26
    171e:	5b 0b       	sbc	r21, r27
    1720:	8d 81       	ldd	r24, Y+5	; 0x05
    1722:	9e 81       	ldd	r25, Y+6	; 0x06
    1724:	af 81       	ldd	r26, Y+7	; 0x07
    1726:	b8 85       	ldd	r27, Y+8	; 0x08
    1728:	28 17       	cp	r18, r24
    172a:	39 07       	cpc	r19, r25
    172c:	4a 07       	cpc	r20, r26
    172e:	5b 07       	cpc	r21, r27
    1730:	38 f3       	brcs	.-50     	; 0x1700 <TIMER_delay_ms+0x34>
}
    1732:	28 96       	adiw	r28, 0x08	; 8
    1734:	0f b6       	in	r0, 0x3f	; 63
    1736:	f8 94       	cli
    1738:	de bf       	out	0x3e, r29	; 62
    173a:	0f be       	out	0x3f, r0	; 63
    173c:	cd bf       	out	0x3d, r28	; 61
    173e:	cf 91       	pop	r28
    1740:	df 91       	pop	r29
    1742:	08 95       	ret

00001744 <SPI_voidInit>:
#include "SPI_config.h"
#include "SPI_private.h"
#include "MCAL/DIO/DIO_interface.h"

void SPI_voidInit(u8 SPI_Mode)
{
    1744:	df 93       	push	r29
    1746:	cf 93       	push	r28
    1748:	00 d0       	rcall	.+0      	; 0x174a <SPI_voidInit+0x6>
    174a:	0f 92       	push	r0
    174c:	cd b7       	in	r28, 0x3d	; 61
    174e:	de b7       	in	r29, 0x3e	; 62
    1750:	89 83       	std	Y+1, r24	; 0x01
	// SPI_Mode
	switch(SPI_Mode)
    1752:	89 81       	ldd	r24, Y+1	; 0x01
    1754:	28 2f       	mov	r18, r24
    1756:	30 e0       	ldi	r19, 0x00	; 0
    1758:	3b 83       	std	Y+3, r19	; 0x03
    175a:	2a 83       	std	Y+2, r18	; 0x02
    175c:	8a 81       	ldd	r24, Y+2	; 0x02
    175e:	9b 81       	ldd	r25, Y+3	; 0x03
    1760:	00 97       	sbiw	r24, 0x00	; 0
    1762:	b1 f1       	breq	.+108    	; 0x17d0 <SPI_voidInit+0x8c>
    1764:	2a 81       	ldd	r18, Y+2	; 0x02
    1766:	3b 81       	ldd	r19, Y+3	; 0x03
    1768:	21 30       	cpi	r18, 0x01	; 1
    176a:	31 05       	cpc	r19, r1
    176c:	09 f0       	breq	.+2      	; 0x1770 <SPI_voidInit+0x2c>
    176e:	5f c0       	rjmp	.+190    	; 0x182e <SPI_voidInit+0xea>
	{
	   case SPI_u8MASTER:
		  SET_BIT(SPI_u8REG_SPCR,SPI_u8REG_SPCR_MSTR);
    1770:	ad e2       	ldi	r26, 0x2D	; 45
    1772:	b0 e0       	ldi	r27, 0x00	; 0
    1774:	ed e2       	ldi	r30, 0x2D	; 45
    1776:	f0 e0       	ldi	r31, 0x00	; 0
    1778:	80 81       	ld	r24, Z
    177a:	80 61       	ori	r24, 0x10	; 16
    177c:	8c 93       	st	X, r24
		  // pins direction
		  DIO_u8SetPinDirection(DIO_u8_PORTB,DIO_u8_PIN4,DIO_u8_OUTPUT);
    177e:	81 e0       	ldi	r24, 0x01	; 1
    1780:	64 e0       	ldi	r22, 0x04	; 4
    1782:	41 e0       	ldi	r20, 0x01	; 1
    1784:	0e 94 f5 0e 	call	0x1dea	; 0x1dea <DIO_u8SetPinDirection>
		  DIO_u8SetPinDirection(DIO_u8_PORTB,DIO_u8_PIN5,DIO_u8_OUTPUT);
    1788:	81 e0       	ldi	r24, 0x01	; 1
    178a:	65 e0       	ldi	r22, 0x05	; 5
    178c:	41 e0       	ldi	r20, 0x01	; 1
    178e:	0e 94 f5 0e 	call	0x1dea	; 0x1dea <DIO_u8SetPinDirection>
		  DIO_u8SetPinDirection(DIO_u8_PORTB,DIO_u8_PIN6,DIO_u8_INPUT);
    1792:	81 e0       	ldi	r24, 0x01	; 1
    1794:	66 e0       	ldi	r22, 0x06	; 6
    1796:	40 e0       	ldi	r20, 0x00	; 0
    1798:	0e 94 f5 0e 	call	0x1dea	; 0x1dea <DIO_u8SetPinDirection>
		  DIO_u8SetPinDirection(DIO_u8_PORTB,DIO_u8_PIN7,DIO_u8_OUTPUT);
    179c:	81 e0       	ldi	r24, 0x01	; 1
    179e:	67 e0       	ldi	r22, 0x07	; 7
    17a0:	41 e0       	ldi	r20, 0x01	; 1
    17a2:	0e 94 f5 0e 	call	0x1dea	; 0x1dea <DIO_u8SetPinDirection>
		  // pin Values
		  DIO_u8SetPinValue(DIO_u8_PORTB,DIO_u8_PIN4,DIO_u8_LOW);
    17a6:	81 e0       	ldi	r24, 0x01	; 1
    17a8:	64 e0       	ldi	r22, 0x04	; 4
    17aa:	40 e0       	ldi	r20, 0x00	; 0
    17ac:	0e 94 1f 10 	call	0x203e	; 0x203e <DIO_u8SetPinValue>
		  DIO_u8SetPinValue(DIO_u8_PORTB,DIO_u8_PIN5,DIO_u8_LOW);
    17b0:	81 e0       	ldi	r24, 0x01	; 1
    17b2:	65 e0       	ldi	r22, 0x05	; 5
    17b4:	40 e0       	ldi	r20, 0x00	; 0
    17b6:	0e 94 1f 10 	call	0x203e	; 0x203e <DIO_u8SetPinValue>
		  DIO_u8SetPinValue(DIO_u8_PORTB,DIO_u8_PIN6,DIO_u8_HIGH);
    17ba:	81 e0       	ldi	r24, 0x01	; 1
    17bc:	66 e0       	ldi	r22, 0x06	; 6
    17be:	41 e0       	ldi	r20, 0x01	; 1
    17c0:	0e 94 1f 10 	call	0x203e	; 0x203e <DIO_u8SetPinValue>
		  DIO_u8SetPinValue(DIO_u8_PORTB,DIO_u8_PIN7,DIO_u8_LOW);
    17c4:	81 e0       	ldi	r24, 0x01	; 1
    17c6:	67 e0       	ldi	r22, 0x07	; 7
    17c8:	40 e0       	ldi	r20, 0x00	; 0
    17ca:	0e 94 1f 10 	call	0x203e	; 0x203e <DIO_u8SetPinValue>
    17ce:	2f c0       	rjmp	.+94     	; 0x182e <SPI_voidInit+0xea>
		  break;
	   case SPI_u8SLAVE:
		  CLR_BIT(SPI_u8REG_SPCR,SPI_u8REG_SPCR_MSTR);
    17d0:	ad e2       	ldi	r26, 0x2D	; 45
    17d2:	b0 e0       	ldi	r27, 0x00	; 0
    17d4:	ed e2       	ldi	r30, 0x2D	; 45
    17d6:	f0 e0       	ldi	r31, 0x00	; 0
    17d8:	80 81       	ld	r24, Z
    17da:	8f 7e       	andi	r24, 0xEF	; 239
    17dc:	8c 93       	st	X, r24
		  // pins direction
		  DIO_u8SetPinDirection(DIO_u8_PORTB,DIO_u8_PIN4,DIO_u8_INPUT);
    17de:	81 e0       	ldi	r24, 0x01	; 1
    17e0:	64 e0       	ldi	r22, 0x04	; 4
    17e2:	40 e0       	ldi	r20, 0x00	; 0
    17e4:	0e 94 f5 0e 	call	0x1dea	; 0x1dea <DIO_u8SetPinDirection>
		  DIO_u8SetPinDirection(DIO_u8_PORTB,DIO_u8_PIN5,DIO_u8_INPUT);
    17e8:	81 e0       	ldi	r24, 0x01	; 1
    17ea:	65 e0       	ldi	r22, 0x05	; 5
    17ec:	40 e0       	ldi	r20, 0x00	; 0
    17ee:	0e 94 f5 0e 	call	0x1dea	; 0x1dea <DIO_u8SetPinDirection>
		  DIO_u8SetPinDirection(DIO_u8_PORTB,DIO_u8_PIN6,DIO_u8_OUTPUT);
    17f2:	81 e0       	ldi	r24, 0x01	; 1
    17f4:	66 e0       	ldi	r22, 0x06	; 6
    17f6:	41 e0       	ldi	r20, 0x01	; 1
    17f8:	0e 94 f5 0e 	call	0x1dea	; 0x1dea <DIO_u8SetPinDirection>
		  DIO_u8SetPinDirection(DIO_u8_PORTB,DIO_u8_PIN7,DIO_u8_INPUT);
    17fc:	81 e0       	ldi	r24, 0x01	; 1
    17fe:	67 e0       	ldi	r22, 0x07	; 7
    1800:	40 e0       	ldi	r20, 0x00	; 0
    1802:	0e 94 f5 0e 	call	0x1dea	; 0x1dea <DIO_u8SetPinDirection>
		  // pin Values
		  DIO_u8SetPinValue(DIO_u8_PORTB,DIO_u8_PIN4,DIO_u8_HIGH);
    1806:	81 e0       	ldi	r24, 0x01	; 1
    1808:	64 e0       	ldi	r22, 0x04	; 4
    180a:	41 e0       	ldi	r20, 0x01	; 1
    180c:	0e 94 1f 10 	call	0x203e	; 0x203e <DIO_u8SetPinValue>
		  DIO_u8SetPinValue(DIO_u8_PORTB,DIO_u8_PIN5,DIO_u8_HIGH);
    1810:	81 e0       	ldi	r24, 0x01	; 1
    1812:	65 e0       	ldi	r22, 0x05	; 5
    1814:	41 e0       	ldi	r20, 0x01	; 1
    1816:	0e 94 1f 10 	call	0x203e	; 0x203e <DIO_u8SetPinValue>
		  DIO_u8SetPinValue(DIO_u8_PORTB,DIO_u8_PIN6,DIO_u8_LOW);
    181a:	81 e0       	ldi	r24, 0x01	; 1
    181c:	66 e0       	ldi	r22, 0x06	; 6
    181e:	40 e0       	ldi	r20, 0x00	; 0
    1820:	0e 94 1f 10 	call	0x203e	; 0x203e <DIO_u8SetPinValue>
		  DIO_u8SetPinValue(DIO_u8_PORTB,DIO_u8_PIN7,DIO_u8_HIGH);
    1824:	81 e0       	ldi	r24, 0x01	; 1
    1826:	67 e0       	ldi	r22, 0x07	; 7
    1828:	41 e0       	ldi	r20, 0x01	; 1
    182a:	0e 94 1f 10 	call	0x203e	; 0x203e <DIO_u8SetPinValue>
		  break;
	}
	// SPI_enable
	SET_BIT(SPI_u8REG_SPCR,SPI_u8REG_SPCR_SPE);
    182e:	ad e2       	ldi	r26, 0x2D	; 45
    1830:	b0 e0       	ldi	r27, 0x00	; 0
    1832:	ed e2       	ldi	r30, 0x2D	; 45
    1834:	f0 e0       	ldi	r31, 0x00	; 0
    1836:	80 81       	ld	r24, Z
    1838:	80 64       	ori	r24, 0x40	; 64
    183a:	8c 93       	st	X, r24
	// SPI_Data order
	SET_BIT(SPI_u8REG_SPCR,SPI_u8REG_SPCR_DORD);
    183c:	ad e2       	ldi	r26, 0x2D	; 45
    183e:	b0 e0       	ldi	r27, 0x00	; 0
    1840:	ed e2       	ldi	r30, 0x2D	; 45
    1842:	f0 e0       	ldi	r31, 0x00	; 0
    1844:	80 81       	ld	r24, Z
    1846:	80 62       	ori	r24, 0x20	; 32
    1848:	8c 93       	st	X, r24
	// SPI_Mode 1
	CLR_BIT(SPI_u8REG_SPCR,SPI_u8REG_SPCR_CPOL);
    184a:	ad e2       	ldi	r26, 0x2D	; 45
    184c:	b0 e0       	ldi	r27, 0x00	; 0
    184e:	ed e2       	ldi	r30, 0x2D	; 45
    1850:	f0 e0       	ldi	r31, 0x00	; 0
    1852:	80 81       	ld	r24, Z
    1854:	87 7f       	andi	r24, 0xF7	; 247
    1856:	8c 93       	st	X, r24
	SET_BIT(SPI_u8REG_SPCR,SPI_u8REG_SPCR_CPHA);
    1858:	ad e2       	ldi	r26, 0x2D	; 45
    185a:	b0 e0       	ldi	r27, 0x00	; 0
    185c:	ed e2       	ldi	r30, 0x2D	; 45
    185e:	f0 e0       	ldi	r31, 0x00	; 0
    1860:	80 81       	ld	r24, Z
    1862:	84 60       	ori	r24, 0x04	; 4
    1864:	8c 93       	st	X, r24
	// SPI CLOCK rate
	SET_BIT(SPI_u8REG_SPCR,SPI_u8REG_SPCR_SPR0);
    1866:	ad e2       	ldi	r26, 0x2D	; 45
    1868:	b0 e0       	ldi	r27, 0x00	; 0
    186a:	ed e2       	ldi	r30, 0x2D	; 45
    186c:	f0 e0       	ldi	r31, 0x00	; 0
    186e:	80 81       	ld	r24, Z
    1870:	81 60       	ori	r24, 0x01	; 1
    1872:	8c 93       	st	X, r24
	CLR_BIT(SPI_u8REG_SPCR,SPI_u8REG_SPCR_SPR1);
    1874:	ad e2       	ldi	r26, 0x2D	; 45
    1876:	b0 e0       	ldi	r27, 0x00	; 0
    1878:	ed e2       	ldi	r30, 0x2D	; 45
    187a:	f0 e0       	ldi	r31, 0x00	; 0
    187c:	80 81       	ld	r24, Z
    187e:	8d 7f       	andi	r24, 0xFD	; 253
    1880:	8c 93       	st	X, r24
	CLR_BIT(SPI_u8REG_SPSR,SPI_u8REG_SPSR_SPI2X);
    1882:	ae e2       	ldi	r26, 0x2E	; 46
    1884:	b0 e0       	ldi	r27, 0x00	; 0
    1886:	ee e2       	ldi	r30, 0x2E	; 46
    1888:	f0 e0       	ldi	r31, 0x00	; 0
    188a:	80 81       	ld	r24, Z
    188c:	8e 7f       	andi	r24, 0xFE	; 254
    188e:	8c 93       	st	X, r24
}
    1890:	0f 90       	pop	r0
    1892:	0f 90       	pop	r0
    1894:	0f 90       	pop	r0
    1896:	cf 91       	pop	r28
    1898:	df 91       	pop	r29
    189a:	08 95       	ret

0000189c <SPI_u8Transmit_receive>:

u8 SPI_u8Transmit_receive(u8 received)
{
    189c:	df 93       	push	r29
    189e:	cf 93       	push	r28
    18a0:	0f 92       	push	r0
    18a2:	cd b7       	in	r28, 0x3d	; 61
    18a4:	de b7       	in	r29, 0x3e	; 62
    18a6:	89 83       	std	Y+1, r24	; 0x01
	SPI_u8REG_SPDR = received;
    18a8:	ef e2       	ldi	r30, 0x2F	; 47
    18aa:	f0 e0       	ldi	r31, 0x00	; 0
    18ac:	89 81       	ldd	r24, Y+1	; 0x01
    18ae:	80 83       	st	Z, r24
	while(!GET_BIT(SPI_u8REG_SPSR,SPI_u8REG_SPSR_SPIF));
    18b0:	ee e2       	ldi	r30, 0x2E	; 46
    18b2:	f0 e0       	ldi	r31, 0x00	; 0
    18b4:	80 81       	ld	r24, Z
    18b6:	88 23       	and	r24, r24
    18b8:	dc f7       	brge	.-10     	; 0x18b0 <SPI_u8Transmit_receive+0x14>
	return SPI_u8REG_SPDR;
    18ba:	ef e2       	ldi	r30, 0x2F	; 47
    18bc:	f0 e0       	ldi	r31, 0x00	; 0
    18be:	80 81       	ld	r24, Z
}
    18c0:	0f 90       	pop	r0
    18c2:	cf 91       	pop	r28
    18c4:	df 91       	pop	r29
    18c6:	08 95       	ret

000018c8 <SPI_u8Transfer_Complete>:
u8 SPI_u8Transfer_Complete()
{
    18c8:	df 93       	push	r29
    18ca:	cf 93       	push	r28
    18cc:	cd b7       	in	r28, 0x3d	; 61
    18ce:	de b7       	in	r29, 0x3e	; 62
	return GET_BIT(SPI_u8REG_SPSR,SPI_u8REG_SPSR_SPIF);
    18d0:	ee e2       	ldi	r30, 0x2E	; 46
    18d2:	f0 e0       	ldi	r31, 0x00	; 0
    18d4:	80 81       	ld	r24, Z
    18d6:	88 1f       	adc	r24, r24
    18d8:	88 27       	eor	r24, r24
    18da:	88 1f       	adc	r24, r24
}
    18dc:	cf 91       	pop	r28
    18de:	df 91       	pop	r29
    18e0:	08 95       	ret

000018e2 <SPI_u8Return_Data>:
u8 SPI_u8Return_Data()
{
    18e2:	df 93       	push	r29
    18e4:	cf 93       	push	r28
    18e6:	cd b7       	in	r28, 0x3d	; 61
    18e8:	de b7       	in	r29, 0x3e	; 62
	return SPI_u8REG_SPDR;
    18ea:	ef e2       	ldi	r30, 0x2F	; 47
    18ec:	f0 e0       	ldi	r31, 0x00	; 0
    18ee:	80 81       	ld	r24, Z
}
    18f0:	cf 91       	pop	r28
    18f2:	df 91       	pop	r29
    18f4:	08 95       	ret

000018f6 <SPI_u8Set_Data>:
void SPI_u8Set_Data(u8 data)
{
    18f6:	df 93       	push	r29
    18f8:	cf 93       	push	r28
    18fa:	0f 92       	push	r0
    18fc:	cd b7       	in	r28, 0x3d	; 61
    18fe:	de b7       	in	r29, 0x3e	; 62
    1900:	89 83       	std	Y+1, r24	; 0x01
	SPI_u8REG_SPDR = data;
    1902:	ef e2       	ldi	r30, 0x2F	; 47
    1904:	f0 e0       	ldi	r31, 0x00	; 0
    1906:	89 81       	ldd	r24, Y+1	; 0x01
    1908:	80 83       	st	Z, r24
}
    190a:	0f 90       	pop	r0
    190c:	cf 91       	pop	r28
    190e:	df 91       	pop	r29
    1910:	08 95       	ret

00001912 <GINT_CON_voidInit>:
#include "GINT_CON_interface.h"
#include "GINT_CON_config.h"
#include "GINT_CON_private.h"

void GINT_CON_voidInit()
{
    1912:	df 93       	push	r29
    1914:	cf 93       	push	r28
    1916:	cd b7       	in	r28, 0x3d	; 61
    1918:	de b7       	in	r29, 0x3e	; 62
	switch(GINT_CON_u8_INTIAL_MODE)
	{
	    case GINT_CON_u8_ENABLE_INT:
		     SET_BIT(GINT_CON_u8_SREG,GINT_CON_u8_ENABLE_BIT);
    191a:	af e5       	ldi	r26, 0x5F	; 95
    191c:	b0 e0       	ldi	r27, 0x00	; 0
    191e:	ef e5       	ldi	r30, 0x5F	; 95
    1920:	f0 e0       	ldi	r31, 0x00	; 0
    1922:	80 81       	ld	r24, Z
    1924:	80 68       	ori	r24, 0x80	; 128
    1926:	8c 93       	st	X, r24
		     break;
	    case GINT_CON_u8_DISABLE_INT:
		     CLR_BIT(GINT_CON_u8_SREG,GINT_CON_u8_ENABLE_BIT);
		     break;
	}
}
    1928:	cf 91       	pop	r28
    192a:	df 91       	pop	r29
    192c:	08 95       	ret

0000192e <GINT_CON_voidEnable_INT>:

void GINT_CON_voidEnable_INT()
{
    192e:	df 93       	push	r29
    1930:	cf 93       	push	r28
    1932:	cd b7       	in	r28, 0x3d	; 61
    1934:	de b7       	in	r29, 0x3e	; 62
	SET_BIT(GINT_CON_u8_SREG,GINT_CON_u8_ENABLE_BIT);
    1936:	af e5       	ldi	r26, 0x5F	; 95
    1938:	b0 e0       	ldi	r27, 0x00	; 0
    193a:	ef e5       	ldi	r30, 0x5F	; 95
    193c:	f0 e0       	ldi	r31, 0x00	; 0
    193e:	80 81       	ld	r24, Z
    1940:	80 68       	ori	r24, 0x80	; 128
    1942:	8c 93       	st	X, r24
}
    1944:	cf 91       	pop	r28
    1946:	df 91       	pop	r29
    1948:	08 95       	ret

0000194a <GINT_CON_voidDisable_INT>:

void GINT_CON_voidDisable_INT()
{
    194a:	df 93       	push	r29
    194c:	cf 93       	push	r28
    194e:	cd b7       	in	r28, 0x3d	; 61
    1950:	de b7       	in	r29, 0x3e	; 62
	CLR_BIT(GINT_CON_u8_SREG,GINT_CON_u8_ENABLE_BIT);
    1952:	af e5       	ldi	r26, 0x5F	; 95
    1954:	b0 e0       	ldi	r27, 0x00	; 0
    1956:	ef e5       	ldi	r30, 0x5F	; 95
    1958:	f0 e0       	ldi	r31, 0x00	; 0
    195a:	80 81       	ld	r24, Z
    195c:	8f 77       	andi	r24, 0x7F	; 127
    195e:	8c 93       	st	X, r24
}
    1960:	cf 91       	pop	r28
    1962:	df 91       	pop	r29
    1964:	08 95       	ret

00001966 <EXIT_INT_voidINT_Enable>:
static void (*func1) (void) = NULL;
static void (*func2) (void) = NULL;
static void (*func3) (void) = NULL;

void EXIT_INT_voidINT_Enable(u8 INT_Num, u8 INT_Mode)
{
    1966:	df 93       	push	r29
    1968:	cf 93       	push	r28
    196a:	cd b7       	in	r28, 0x3d	; 61
    196c:	de b7       	in	r29, 0x3e	; 62
    196e:	2a 97       	sbiw	r28, 0x0a	; 10
    1970:	0f b6       	in	r0, 0x3f	; 63
    1972:	f8 94       	cli
    1974:	de bf       	out	0x3e, r29	; 62
    1976:	0f be       	out	0x3f, r0	; 63
    1978:	cd bf       	out	0x3d, r28	; 61
    197a:	89 83       	std	Y+1, r24	; 0x01
    197c:	6a 83       	std	Y+2, r22	; 0x02
	switch(INT_Num)
    197e:	89 81       	ldd	r24, Y+1	; 0x01
    1980:	28 2f       	mov	r18, r24
    1982:	30 e0       	ldi	r19, 0x00	; 0
    1984:	3a 87       	std	Y+10, r19	; 0x0a
    1986:	29 87       	std	Y+9, r18	; 0x09
    1988:	89 85       	ldd	r24, Y+9	; 0x09
    198a:	9a 85       	ldd	r25, Y+10	; 0x0a
    198c:	81 30       	cpi	r24, 0x01	; 1
    198e:	91 05       	cpc	r25, r1
    1990:	09 f4       	brne	.+2      	; 0x1994 <EXIT_INT_voidINT_Enable+0x2e>
    1992:	6d c0       	rjmp	.+218    	; 0x1a6e <EXIT_INT_voidINT_Enable+0x108>
    1994:	29 85       	ldd	r18, Y+9	; 0x09
    1996:	3a 85       	ldd	r19, Y+10	; 0x0a
    1998:	22 30       	cpi	r18, 0x02	; 2
    199a:	31 05       	cpc	r19, r1
    199c:	09 f4       	brne	.+2      	; 0x19a0 <EXIT_INT_voidINT_Enable+0x3a>
    199e:	c9 c0       	rjmp	.+402    	; 0x1b32 <EXIT_INT_voidINT_Enable+0x1cc>
    19a0:	89 85       	ldd	r24, Y+9	; 0x09
    19a2:	9a 85       	ldd	r25, Y+10	; 0x0a
    19a4:	00 97       	sbiw	r24, 0x00	; 0
    19a6:	09 f0       	breq	.+2      	; 0x19aa <EXIT_INT_voidINT_Enable+0x44>
    19a8:	ea c0       	rjmp	.+468    	; 0x1b7e <EXIT_INT_voidINT_Enable+0x218>
	{
		case EXIT_INT_u8_EXIT_INT0:
		   switch(INT_Mode)
    19aa:	8a 81       	ldd	r24, Y+2	; 0x02
    19ac:	28 2f       	mov	r18, r24
    19ae:	30 e0       	ldi	r19, 0x00	; 0
    19b0:	38 87       	std	Y+8, r19	; 0x08
    19b2:	2f 83       	std	Y+7, r18	; 0x07
    19b4:	8f 81       	ldd	r24, Y+7	; 0x07
    19b6:	98 85       	ldd	r25, Y+8	; 0x08
    19b8:	81 30       	cpi	r24, 0x01	; 1
    19ba:	91 05       	cpc	r25, r1
    19bc:	99 f1       	breq	.+102    	; 0x1a24 <EXIT_INT_voidINT_Enable+0xbe>
    19be:	2f 81       	ldd	r18, Y+7	; 0x07
    19c0:	38 85       	ldd	r19, Y+8	; 0x08
    19c2:	22 30       	cpi	r18, 0x02	; 2
    19c4:	31 05       	cpc	r19, r1
    19c6:	2c f4       	brge	.+10     	; 0x19d2 <EXIT_INT_voidINT_Enable+0x6c>
    19c8:	8f 81       	ldd	r24, Y+7	; 0x07
    19ca:	98 85       	ldd	r25, Y+8	; 0x08
    19cc:	00 97       	sbiw	r24, 0x00	; 0
    19ce:	c9 f1       	breq	.+114    	; 0x1a42 <EXIT_INT_voidINT_Enable+0xdc>
    19d0:	46 c0       	rjmp	.+140    	; 0x1a5e <EXIT_INT_voidINT_Enable+0xf8>
    19d2:	2f 81       	ldd	r18, Y+7	; 0x07
    19d4:	38 85       	ldd	r19, Y+8	; 0x08
    19d6:	22 30       	cpi	r18, 0x02	; 2
    19d8:	31 05       	cpc	r19, r1
    19da:	31 f0       	breq	.+12     	; 0x19e8 <EXIT_INT_voidINT_Enable+0x82>
    19dc:	8f 81       	ldd	r24, Y+7	; 0x07
    19de:	98 85       	ldd	r25, Y+8	; 0x08
    19e0:	83 30       	cpi	r24, 0x03	; 3
    19e2:	91 05       	cpc	r25, r1
    19e4:	81 f0       	breq	.+32     	; 0x1a06 <EXIT_INT_voidINT_Enable+0xa0>
    19e6:	3b c0       	rjmp	.+118    	; 0x1a5e <EXIT_INT_voidINT_Enable+0xf8>
		   {
			   case EXIT_INT_u8_FALLING_EDGE:
				   CLR_BIT(EXIT_INT_u8_MCUCR,EXIT_INT_u8_MCUCR_ISC00);
    19e8:	a5 e5       	ldi	r26, 0x55	; 85
    19ea:	b0 e0       	ldi	r27, 0x00	; 0
    19ec:	e5 e5       	ldi	r30, 0x55	; 85
    19ee:	f0 e0       	ldi	r31, 0x00	; 0
    19f0:	80 81       	ld	r24, Z
    19f2:	8e 7f       	andi	r24, 0xFE	; 254
    19f4:	8c 93       	st	X, r24
				   SET_BIT(EXIT_INT_u8_MCUCR,EXIT_INT_u8_MCUCR_ISC01);
    19f6:	a5 e5       	ldi	r26, 0x55	; 85
    19f8:	b0 e0       	ldi	r27, 0x00	; 0
    19fa:	e5 e5       	ldi	r30, 0x55	; 85
    19fc:	f0 e0       	ldi	r31, 0x00	; 0
    19fe:	80 81       	ld	r24, Z
    1a00:	82 60       	ori	r24, 0x02	; 2
    1a02:	8c 93       	st	X, r24
    1a04:	2c c0       	rjmp	.+88     	; 0x1a5e <EXIT_INT_voidINT_Enable+0xf8>
				   break;
			   case EXIT_INT_u8_RISING_EDGE:
				   SET_BIT(EXIT_INT_u8_MCUCR,EXIT_INT_u8_MCUCR_ISC00);
    1a06:	a5 e5       	ldi	r26, 0x55	; 85
    1a08:	b0 e0       	ldi	r27, 0x00	; 0
    1a0a:	e5 e5       	ldi	r30, 0x55	; 85
    1a0c:	f0 e0       	ldi	r31, 0x00	; 0
    1a0e:	80 81       	ld	r24, Z
    1a10:	81 60       	ori	r24, 0x01	; 1
    1a12:	8c 93       	st	X, r24
				   SET_BIT(EXIT_INT_u8_MCUCR,EXIT_INT_u8_MCUCR_ISC01);
    1a14:	a5 e5       	ldi	r26, 0x55	; 85
    1a16:	b0 e0       	ldi	r27, 0x00	; 0
    1a18:	e5 e5       	ldi	r30, 0x55	; 85
    1a1a:	f0 e0       	ldi	r31, 0x00	; 0
    1a1c:	80 81       	ld	r24, Z
    1a1e:	82 60       	ori	r24, 0x02	; 2
    1a20:	8c 93       	st	X, r24
    1a22:	1d c0       	rjmp	.+58     	; 0x1a5e <EXIT_INT_voidINT_Enable+0xf8>
				   break;
			   case EXIT_INT_u8_LOGICAL_CHANGE:
				   SET_BIT(EXIT_INT_u8_MCUCR,EXIT_INT_u8_MCUCR_ISC00);
    1a24:	a5 e5       	ldi	r26, 0x55	; 85
    1a26:	b0 e0       	ldi	r27, 0x00	; 0
    1a28:	e5 e5       	ldi	r30, 0x55	; 85
    1a2a:	f0 e0       	ldi	r31, 0x00	; 0
    1a2c:	80 81       	ld	r24, Z
    1a2e:	81 60       	ori	r24, 0x01	; 1
    1a30:	8c 93       	st	X, r24
				   CLR_BIT(EXIT_INT_u8_MCUCR,EXIT_INT_u8_MCUCR_ISC01);
    1a32:	a5 e5       	ldi	r26, 0x55	; 85
    1a34:	b0 e0       	ldi	r27, 0x00	; 0
    1a36:	e5 e5       	ldi	r30, 0x55	; 85
    1a38:	f0 e0       	ldi	r31, 0x00	; 0
    1a3a:	80 81       	ld	r24, Z
    1a3c:	8d 7f       	andi	r24, 0xFD	; 253
    1a3e:	8c 93       	st	X, r24
    1a40:	0e c0       	rjmp	.+28     	; 0x1a5e <EXIT_INT_voidINT_Enable+0xf8>
				   break;
			   case EXIT_INT_u8_LOW_LEVEL:
				   CLR_BIT(EXIT_INT_u8_MCUCR,EXIT_INT_u8_MCUCR_ISC00);
    1a42:	a5 e5       	ldi	r26, 0x55	; 85
    1a44:	b0 e0       	ldi	r27, 0x00	; 0
    1a46:	e5 e5       	ldi	r30, 0x55	; 85
    1a48:	f0 e0       	ldi	r31, 0x00	; 0
    1a4a:	80 81       	ld	r24, Z
    1a4c:	8e 7f       	andi	r24, 0xFE	; 254
    1a4e:	8c 93       	st	X, r24
				   CLR_BIT(EXIT_INT_u8_MCUCR,EXIT_INT_u8_MCUCR_ISC01);
    1a50:	a5 e5       	ldi	r26, 0x55	; 85
    1a52:	b0 e0       	ldi	r27, 0x00	; 0
    1a54:	e5 e5       	ldi	r30, 0x55	; 85
    1a56:	f0 e0       	ldi	r31, 0x00	; 0
    1a58:	80 81       	ld	r24, Z
    1a5a:	8d 7f       	andi	r24, 0xFD	; 253
    1a5c:	8c 93       	st	X, r24
				   break;
		   }
		   SET_BIT(EXIT_INT_u8_GICR,EXIT_INT_u8_GICR_INT0);
    1a5e:	ab e5       	ldi	r26, 0x5B	; 91
    1a60:	b0 e0       	ldi	r27, 0x00	; 0
    1a62:	eb e5       	ldi	r30, 0x5B	; 91
    1a64:	f0 e0       	ldi	r31, 0x00	; 0
    1a66:	80 81       	ld	r24, Z
    1a68:	80 64       	ori	r24, 0x40	; 64
    1a6a:	8c 93       	st	X, r24
    1a6c:	88 c0       	rjmp	.+272    	; 0x1b7e <EXIT_INT_voidINT_Enable+0x218>
		   break;
		case EXIT_INT_u8_EXIT_INT1:
		   switch(INT_Mode)
    1a6e:	8a 81       	ldd	r24, Y+2	; 0x02
    1a70:	28 2f       	mov	r18, r24
    1a72:	30 e0       	ldi	r19, 0x00	; 0
    1a74:	3e 83       	std	Y+6, r19	; 0x06
    1a76:	2d 83       	std	Y+5, r18	; 0x05
    1a78:	8d 81       	ldd	r24, Y+5	; 0x05
    1a7a:	9e 81       	ldd	r25, Y+6	; 0x06
    1a7c:	81 30       	cpi	r24, 0x01	; 1
    1a7e:	91 05       	cpc	r25, r1
    1a80:	99 f1       	breq	.+102    	; 0x1ae8 <EXIT_INT_voidINT_Enable+0x182>
    1a82:	2d 81       	ldd	r18, Y+5	; 0x05
    1a84:	3e 81       	ldd	r19, Y+6	; 0x06
    1a86:	22 30       	cpi	r18, 0x02	; 2
    1a88:	31 05       	cpc	r19, r1
    1a8a:	2c f4       	brge	.+10     	; 0x1a96 <EXIT_INT_voidINT_Enable+0x130>
    1a8c:	8d 81       	ldd	r24, Y+5	; 0x05
    1a8e:	9e 81       	ldd	r25, Y+6	; 0x06
    1a90:	00 97       	sbiw	r24, 0x00	; 0
    1a92:	c9 f1       	breq	.+114    	; 0x1b06 <EXIT_INT_voidINT_Enable+0x1a0>
    1a94:	46 c0       	rjmp	.+140    	; 0x1b22 <EXIT_INT_voidINT_Enable+0x1bc>
    1a96:	2d 81       	ldd	r18, Y+5	; 0x05
    1a98:	3e 81       	ldd	r19, Y+6	; 0x06
    1a9a:	22 30       	cpi	r18, 0x02	; 2
    1a9c:	31 05       	cpc	r19, r1
    1a9e:	31 f0       	breq	.+12     	; 0x1aac <EXIT_INT_voidINT_Enable+0x146>
    1aa0:	8d 81       	ldd	r24, Y+5	; 0x05
    1aa2:	9e 81       	ldd	r25, Y+6	; 0x06
    1aa4:	83 30       	cpi	r24, 0x03	; 3
    1aa6:	91 05       	cpc	r25, r1
    1aa8:	81 f0       	breq	.+32     	; 0x1aca <EXIT_INT_voidINT_Enable+0x164>
    1aaa:	3b c0       	rjmp	.+118    	; 0x1b22 <EXIT_INT_voidINT_Enable+0x1bc>
		   {
			   case EXIT_INT_u8_FALLING_EDGE:
				   CLR_BIT(EXIT_INT_u8_MCUCR,EXIT_INT_u8_MCUCR_ISC10);
    1aac:	a5 e5       	ldi	r26, 0x55	; 85
    1aae:	b0 e0       	ldi	r27, 0x00	; 0
    1ab0:	e5 e5       	ldi	r30, 0x55	; 85
    1ab2:	f0 e0       	ldi	r31, 0x00	; 0
    1ab4:	80 81       	ld	r24, Z
    1ab6:	8b 7f       	andi	r24, 0xFB	; 251
    1ab8:	8c 93       	st	X, r24
				   SET_BIT(EXIT_INT_u8_MCUCR,EXIT_INT_u8_MCUCR_ISC11);
    1aba:	a5 e5       	ldi	r26, 0x55	; 85
    1abc:	b0 e0       	ldi	r27, 0x00	; 0
    1abe:	e5 e5       	ldi	r30, 0x55	; 85
    1ac0:	f0 e0       	ldi	r31, 0x00	; 0
    1ac2:	80 81       	ld	r24, Z
    1ac4:	88 60       	ori	r24, 0x08	; 8
    1ac6:	8c 93       	st	X, r24
    1ac8:	2c c0       	rjmp	.+88     	; 0x1b22 <EXIT_INT_voidINT_Enable+0x1bc>
				   break;
			   case EXIT_INT_u8_RISING_EDGE:
				   SET_BIT(EXIT_INT_u8_MCUCR,EXIT_INT_u8_MCUCR_ISC10);
    1aca:	a5 e5       	ldi	r26, 0x55	; 85
    1acc:	b0 e0       	ldi	r27, 0x00	; 0
    1ace:	e5 e5       	ldi	r30, 0x55	; 85
    1ad0:	f0 e0       	ldi	r31, 0x00	; 0
    1ad2:	80 81       	ld	r24, Z
    1ad4:	84 60       	ori	r24, 0x04	; 4
    1ad6:	8c 93       	st	X, r24
				   SET_BIT(EXIT_INT_u8_MCUCR,EXIT_INT_u8_MCUCR_ISC11);
    1ad8:	a5 e5       	ldi	r26, 0x55	; 85
    1ada:	b0 e0       	ldi	r27, 0x00	; 0
    1adc:	e5 e5       	ldi	r30, 0x55	; 85
    1ade:	f0 e0       	ldi	r31, 0x00	; 0
    1ae0:	80 81       	ld	r24, Z
    1ae2:	88 60       	ori	r24, 0x08	; 8
    1ae4:	8c 93       	st	X, r24
    1ae6:	1d c0       	rjmp	.+58     	; 0x1b22 <EXIT_INT_voidINT_Enable+0x1bc>
				   break;
			   case EXIT_INT_u8_LOGICAL_CHANGE:
				   SET_BIT(EXIT_INT_u8_MCUCR,EXIT_INT_u8_MCUCR_ISC10);
    1ae8:	a5 e5       	ldi	r26, 0x55	; 85
    1aea:	b0 e0       	ldi	r27, 0x00	; 0
    1aec:	e5 e5       	ldi	r30, 0x55	; 85
    1aee:	f0 e0       	ldi	r31, 0x00	; 0
    1af0:	80 81       	ld	r24, Z
    1af2:	84 60       	ori	r24, 0x04	; 4
    1af4:	8c 93       	st	X, r24
				   CLR_BIT(EXIT_INT_u8_MCUCR,EXIT_INT_u8_MCUCR_ISC11);
    1af6:	a5 e5       	ldi	r26, 0x55	; 85
    1af8:	b0 e0       	ldi	r27, 0x00	; 0
    1afa:	e5 e5       	ldi	r30, 0x55	; 85
    1afc:	f0 e0       	ldi	r31, 0x00	; 0
    1afe:	80 81       	ld	r24, Z
    1b00:	87 7f       	andi	r24, 0xF7	; 247
    1b02:	8c 93       	st	X, r24
    1b04:	0e c0       	rjmp	.+28     	; 0x1b22 <EXIT_INT_voidINT_Enable+0x1bc>
				   break;
			   case EXIT_INT_u8_LOW_LEVEL:
				   CLR_BIT(EXIT_INT_u8_MCUCR,EXIT_INT_u8_MCUCR_ISC10);
    1b06:	a5 e5       	ldi	r26, 0x55	; 85
    1b08:	b0 e0       	ldi	r27, 0x00	; 0
    1b0a:	e5 e5       	ldi	r30, 0x55	; 85
    1b0c:	f0 e0       	ldi	r31, 0x00	; 0
    1b0e:	80 81       	ld	r24, Z
    1b10:	8b 7f       	andi	r24, 0xFB	; 251
    1b12:	8c 93       	st	X, r24
				   CLR_BIT(EXIT_INT_u8_MCUCR,EXIT_INT_u8_MCUCR_ISC11);
    1b14:	a5 e5       	ldi	r26, 0x55	; 85
    1b16:	b0 e0       	ldi	r27, 0x00	; 0
    1b18:	e5 e5       	ldi	r30, 0x55	; 85
    1b1a:	f0 e0       	ldi	r31, 0x00	; 0
    1b1c:	80 81       	ld	r24, Z
    1b1e:	87 7f       	andi	r24, 0xF7	; 247
    1b20:	8c 93       	st	X, r24
				   break;
		   }
		   SET_BIT(EXIT_INT_u8_GICR,EXIT_INT_u8_GICR_INT1);
    1b22:	ab e5       	ldi	r26, 0x5B	; 91
    1b24:	b0 e0       	ldi	r27, 0x00	; 0
    1b26:	eb e5       	ldi	r30, 0x5B	; 91
    1b28:	f0 e0       	ldi	r31, 0x00	; 0
    1b2a:	80 81       	ld	r24, Z
    1b2c:	80 68       	ori	r24, 0x80	; 128
    1b2e:	8c 93       	st	X, r24
    1b30:	26 c0       	rjmp	.+76     	; 0x1b7e <EXIT_INT_voidINT_Enable+0x218>
		   break;
		case EXIT_INT_u8_EXIT_INT2:
		   switch(INT_Mode)
    1b32:	8a 81       	ldd	r24, Y+2	; 0x02
    1b34:	28 2f       	mov	r18, r24
    1b36:	30 e0       	ldi	r19, 0x00	; 0
    1b38:	3c 83       	std	Y+4, r19	; 0x04
    1b3a:	2b 83       	std	Y+3, r18	; 0x03
    1b3c:	8b 81       	ldd	r24, Y+3	; 0x03
    1b3e:	9c 81       	ldd	r25, Y+4	; 0x04
    1b40:	82 30       	cpi	r24, 0x02	; 2
    1b42:	91 05       	cpc	r25, r1
    1b44:	31 f0       	breq	.+12     	; 0x1b52 <EXIT_INT_voidINT_Enable+0x1ec>
    1b46:	2b 81       	ldd	r18, Y+3	; 0x03
    1b48:	3c 81       	ldd	r19, Y+4	; 0x04
    1b4a:	23 30       	cpi	r18, 0x03	; 3
    1b4c:	31 05       	cpc	r19, r1
    1b4e:	49 f0       	breq	.+18     	; 0x1b62 <EXIT_INT_voidINT_Enable+0x1fc>
    1b50:	0f c0       	rjmp	.+30     	; 0x1b70 <EXIT_INT_voidINT_Enable+0x20a>
		   {
		       case EXIT_INT_u8_FALLING_EDGE:
		    	   CLR_BIT(EXIT_INT_u8_MCUCSR,EXIT_INT_u8_MCUCSR_ISC2);
    1b52:	a4 e5       	ldi	r26, 0x54	; 84
    1b54:	b0 e0       	ldi	r27, 0x00	; 0
    1b56:	e4 e5       	ldi	r30, 0x54	; 84
    1b58:	f0 e0       	ldi	r31, 0x00	; 0
    1b5a:	80 81       	ld	r24, Z
    1b5c:	8f 7b       	andi	r24, 0xBF	; 191
    1b5e:	8c 93       	st	X, r24
    1b60:	07 c0       	rjmp	.+14     	; 0x1b70 <EXIT_INT_voidINT_Enable+0x20a>
		    	   break;
		       case EXIT_INT_u8_RISING_EDGE:
		    	   SET_BIT(EXIT_INT_u8_MCUCSR,EXIT_INT_u8_MCUCSR_ISC2);
    1b62:	a4 e5       	ldi	r26, 0x54	; 84
    1b64:	b0 e0       	ldi	r27, 0x00	; 0
    1b66:	e4 e5       	ldi	r30, 0x54	; 84
    1b68:	f0 e0       	ldi	r31, 0x00	; 0
    1b6a:	80 81       	ld	r24, Z
    1b6c:	80 64       	ori	r24, 0x40	; 64
    1b6e:	8c 93       	st	X, r24
		    	   break;
		   }
		   SET_BIT(EXIT_INT_u8_GICR,EXIT_INT_u8_GICR_INT2);
    1b70:	ab e5       	ldi	r26, 0x5B	; 91
    1b72:	b0 e0       	ldi	r27, 0x00	; 0
    1b74:	eb e5       	ldi	r30, 0x5B	; 91
    1b76:	f0 e0       	ldi	r31, 0x00	; 0
    1b78:	80 81       	ld	r24, Z
    1b7a:	80 62       	ori	r24, 0x20	; 32
    1b7c:	8c 93       	st	X, r24
		   break;
	}
}
    1b7e:	2a 96       	adiw	r28, 0x0a	; 10
    1b80:	0f b6       	in	r0, 0x3f	; 63
    1b82:	f8 94       	cli
    1b84:	de bf       	out	0x3e, r29	; 62
    1b86:	0f be       	out	0x3f, r0	; 63
    1b88:	cd bf       	out	0x3d, r28	; 61
    1b8a:	cf 91       	pop	r28
    1b8c:	df 91       	pop	r29
    1b8e:	08 95       	ret

00001b90 <EXIT_INT_voidINT_Disable>:

void EXIT_INT_voidINT_Disable(u8 INT_Num)
{
    1b90:	df 93       	push	r29
    1b92:	cf 93       	push	r28
    1b94:	00 d0       	rcall	.+0      	; 0x1b96 <EXIT_INT_voidINT_Disable+0x6>
    1b96:	0f 92       	push	r0
    1b98:	cd b7       	in	r28, 0x3d	; 61
    1b9a:	de b7       	in	r29, 0x3e	; 62
    1b9c:	89 83       	std	Y+1, r24	; 0x01
	switch(INT_Num)
    1b9e:	89 81       	ldd	r24, Y+1	; 0x01
    1ba0:	28 2f       	mov	r18, r24
    1ba2:	30 e0       	ldi	r19, 0x00	; 0
    1ba4:	3b 83       	std	Y+3, r19	; 0x03
    1ba6:	2a 83       	std	Y+2, r18	; 0x02
    1ba8:	8a 81       	ldd	r24, Y+2	; 0x02
    1baa:	9b 81       	ldd	r25, Y+3	; 0x03
    1bac:	81 30       	cpi	r24, 0x01	; 1
    1bae:	91 05       	cpc	r25, r1
    1bb0:	89 f0       	breq	.+34     	; 0x1bd4 <EXIT_INT_voidINT_Disable+0x44>
    1bb2:	2a 81       	ldd	r18, Y+2	; 0x02
    1bb4:	3b 81       	ldd	r19, Y+3	; 0x03
    1bb6:	22 30       	cpi	r18, 0x02	; 2
    1bb8:	31 05       	cpc	r19, r1
    1bba:	a1 f0       	breq	.+40     	; 0x1be4 <EXIT_INT_voidINT_Disable+0x54>
    1bbc:	8a 81       	ldd	r24, Y+2	; 0x02
    1bbe:	9b 81       	ldd	r25, Y+3	; 0x03
    1bc0:	00 97       	sbiw	r24, 0x00	; 0
    1bc2:	b9 f4       	brne	.+46     	; 0x1bf2 <EXIT_INT_voidINT_Disable+0x62>
	{
		case EXIT_INT_u8_EXIT_INT0:
		   CLR_BIT(EXIT_INT_u8_GICR,EXIT_INT_u8_GICR_INT0);
    1bc4:	ab e5       	ldi	r26, 0x5B	; 91
    1bc6:	b0 e0       	ldi	r27, 0x00	; 0
    1bc8:	eb e5       	ldi	r30, 0x5B	; 91
    1bca:	f0 e0       	ldi	r31, 0x00	; 0
    1bcc:	80 81       	ld	r24, Z
    1bce:	8f 7b       	andi	r24, 0xBF	; 191
    1bd0:	8c 93       	st	X, r24
    1bd2:	0f c0       	rjmp	.+30     	; 0x1bf2 <EXIT_INT_voidINT_Disable+0x62>
		   break;
		case EXIT_INT_u8_EXIT_INT1:
		   CLR_BIT(EXIT_INT_u8_GICR,EXIT_INT_u8_GICR_INT1);
    1bd4:	ab e5       	ldi	r26, 0x5B	; 91
    1bd6:	b0 e0       	ldi	r27, 0x00	; 0
    1bd8:	eb e5       	ldi	r30, 0x5B	; 91
    1bda:	f0 e0       	ldi	r31, 0x00	; 0
    1bdc:	80 81       	ld	r24, Z
    1bde:	8f 77       	andi	r24, 0x7F	; 127
    1be0:	8c 93       	st	X, r24
    1be2:	07 c0       	rjmp	.+14     	; 0x1bf2 <EXIT_INT_voidINT_Disable+0x62>
		   break;
		case EXIT_INT_u8_EXIT_INT2:
		   CLR_BIT(EXIT_INT_u8_GICR,EXIT_INT_u8_GICR_INT2);
    1be4:	ab e5       	ldi	r26, 0x5B	; 91
    1be6:	b0 e0       	ldi	r27, 0x00	; 0
    1be8:	eb e5       	ldi	r30, 0x5B	; 91
    1bea:	f0 e0       	ldi	r31, 0x00	; 0
    1bec:	80 81       	ld	r24, Z
    1bee:	8f 7d       	andi	r24, 0xDF	; 223
    1bf0:	8c 93       	st	X, r24
		   break;
	}
}
    1bf2:	0f 90       	pop	r0
    1bf4:	0f 90       	pop	r0
    1bf6:	0f 90       	pop	r0
    1bf8:	cf 91       	pop	r28
    1bfa:	df 91       	pop	r29
    1bfc:	08 95       	ret

00001bfe <EXIT_INT_u8SetCallBack>:

u8 EXIT_INT_u8SetCallBack( void(*PtrFunc)(void) ,u8 INT_Num)
{
    1bfe:	df 93       	push	r29
    1c00:	cf 93       	push	r28
    1c02:	00 d0       	rcall	.+0      	; 0x1c04 <EXIT_INT_u8SetCallBack+0x6>
    1c04:	00 d0       	rcall	.+0      	; 0x1c06 <EXIT_INT_u8SetCallBack+0x8>
    1c06:	00 d0       	rcall	.+0      	; 0x1c08 <EXIT_INT_u8SetCallBack+0xa>
    1c08:	cd b7       	in	r28, 0x3d	; 61
    1c0a:	de b7       	in	r29, 0x3e	; 62
    1c0c:	9a 83       	std	Y+2, r25	; 0x02
    1c0e:	89 83       	std	Y+1, r24	; 0x01
    1c10:	6b 83       	std	Y+3, r22	; 0x03
	if(PtrFunc != NULL)
    1c12:	89 81       	ldd	r24, Y+1	; 0x01
    1c14:	9a 81       	ldd	r25, Y+2	; 0x02
    1c16:	00 97       	sbiw	r24, 0x00	; 0
    1c18:	81 f1       	breq	.+96     	; 0x1c7a <EXIT_INT_u8SetCallBack+0x7c>
	{
	    switch(INT_Num)
    1c1a:	8b 81       	ldd	r24, Y+3	; 0x03
    1c1c:	28 2f       	mov	r18, r24
    1c1e:	30 e0       	ldi	r19, 0x00	; 0
    1c20:	3e 83       	std	Y+6, r19	; 0x06
    1c22:	2d 83       	std	Y+5, r18	; 0x05
    1c24:	8d 81       	ldd	r24, Y+5	; 0x05
    1c26:	9e 81       	ldd	r25, Y+6	; 0x06
    1c28:	81 30       	cpi	r24, 0x01	; 1
    1c2a:	91 05       	cpc	r25, r1
    1c2c:	91 f0       	breq	.+36     	; 0x1c52 <EXIT_INT_u8SetCallBack+0x54>
    1c2e:	2d 81       	ldd	r18, Y+5	; 0x05
    1c30:	3e 81       	ldd	r19, Y+6	; 0x06
    1c32:	22 30       	cpi	r18, 0x02	; 2
    1c34:	31 05       	cpc	r19, r1
    1c36:	b1 f0       	breq	.+44     	; 0x1c64 <EXIT_INT_u8SetCallBack+0x66>
    1c38:	8d 81       	ldd	r24, Y+5	; 0x05
    1c3a:	9e 81       	ldd	r25, Y+6	; 0x06
    1c3c:	00 97       	sbiw	r24, 0x00	; 0
    1c3e:	d9 f4       	brne	.+54     	; 0x1c76 <EXIT_INT_u8SetCallBack+0x78>
	    {
	       case EXIT_INT_u8_EXIT_INT0:
	    	   func1=PtrFunc;
    1c40:	89 81       	ldd	r24, Y+1	; 0x01
    1c42:	9a 81       	ldd	r25, Y+2	; 0x02
    1c44:	90 93 df 01 	sts	0x01DF, r25
    1c48:	80 93 de 01 	sts	0x01DE, r24
	    	   return 1;
    1c4c:	91 e0       	ldi	r25, 0x01	; 1
    1c4e:	9c 83       	std	Y+4, r25	; 0x04
    1c50:	15 c0       	rjmp	.+42     	; 0x1c7c <EXIT_INT_u8SetCallBack+0x7e>
	       case EXIT_INT_u8_EXIT_INT1:
	    	   func2=PtrFunc;
    1c52:	89 81       	ldd	r24, Y+1	; 0x01
    1c54:	9a 81       	ldd	r25, Y+2	; 0x02
    1c56:	90 93 e1 01 	sts	0x01E1, r25
    1c5a:	80 93 e0 01 	sts	0x01E0, r24
	    	   return 1;
    1c5e:	21 e0       	ldi	r18, 0x01	; 1
    1c60:	2c 83       	std	Y+4, r18	; 0x04
    1c62:	0c c0       	rjmp	.+24     	; 0x1c7c <EXIT_INT_u8SetCallBack+0x7e>
	       case EXIT_INT_u8_EXIT_INT2:
	    	   func3=PtrFunc;
    1c64:	89 81       	ldd	r24, Y+1	; 0x01
    1c66:	9a 81       	ldd	r25, Y+2	; 0x02
    1c68:	90 93 e3 01 	sts	0x01E3, r25
    1c6c:	80 93 e2 01 	sts	0x01E2, r24
	    	   return 1;
    1c70:	31 e0       	ldi	r19, 0x01	; 1
    1c72:	3c 83       	std	Y+4, r19	; 0x04
    1c74:	03 c0       	rjmp	.+6      	; 0x1c7c <EXIT_INT_u8SetCallBack+0x7e>
	       default:
	    	   return 0;
    1c76:	1c 82       	std	Y+4, r1	; 0x04
    1c78:	01 c0       	rjmp	.+2      	; 0x1c7c <EXIT_INT_u8SetCallBack+0x7e>
	    }
	}
	else
	{
		return 0;
    1c7a:	1c 82       	std	Y+4, r1	; 0x04
    1c7c:	8c 81       	ldd	r24, Y+4	; 0x04
	}
}
    1c7e:	26 96       	adiw	r28, 0x06	; 6
    1c80:	0f b6       	in	r0, 0x3f	; 63
    1c82:	f8 94       	cli
    1c84:	de bf       	out	0x3e, r29	; 62
    1c86:	0f be       	out	0x3f, r0	; 63
    1c88:	cd bf       	out	0x3d, r28	; 61
    1c8a:	cf 91       	pop	r28
    1c8c:	df 91       	pop	r29
    1c8e:	08 95       	ret

00001c90 <__vector_3>:

void __vector_3(void)  __attribute__((used,signal));

void __vector_3(void)
{
    1c90:	1f 92       	push	r1
    1c92:	0f 92       	push	r0
    1c94:	0f b6       	in	r0, 0x3f	; 63
    1c96:	0f 92       	push	r0
    1c98:	11 24       	eor	r1, r1
    1c9a:	2f 93       	push	r18
    1c9c:	3f 93       	push	r19
    1c9e:	4f 93       	push	r20
    1ca0:	5f 93       	push	r21
    1ca2:	6f 93       	push	r22
    1ca4:	7f 93       	push	r23
    1ca6:	8f 93       	push	r24
    1ca8:	9f 93       	push	r25
    1caa:	af 93       	push	r26
    1cac:	bf 93       	push	r27
    1cae:	ef 93       	push	r30
    1cb0:	ff 93       	push	r31
    1cb2:	df 93       	push	r29
    1cb4:	cf 93       	push	r28
    1cb6:	cd b7       	in	r28, 0x3d	; 61
    1cb8:	de b7       	in	r29, 0x3e	; 62
	(*func3)();
    1cba:	e0 91 e2 01 	lds	r30, 0x01E2
    1cbe:	f0 91 e3 01 	lds	r31, 0x01E3
    1cc2:	09 95       	icall
}
    1cc4:	cf 91       	pop	r28
    1cc6:	df 91       	pop	r29
    1cc8:	ff 91       	pop	r31
    1cca:	ef 91       	pop	r30
    1ccc:	bf 91       	pop	r27
    1cce:	af 91       	pop	r26
    1cd0:	9f 91       	pop	r25
    1cd2:	8f 91       	pop	r24
    1cd4:	7f 91       	pop	r23
    1cd6:	6f 91       	pop	r22
    1cd8:	5f 91       	pop	r21
    1cda:	4f 91       	pop	r20
    1cdc:	3f 91       	pop	r19
    1cde:	2f 91       	pop	r18
    1ce0:	0f 90       	pop	r0
    1ce2:	0f be       	out	0x3f, r0	; 63
    1ce4:	0f 90       	pop	r0
    1ce6:	1f 90       	pop	r1
    1ce8:	18 95       	reti

00001cea <__vector_2>:


void __vector_2(void)  __attribute__((used,signal));

void __vector_2(void)
{
    1cea:	1f 92       	push	r1
    1cec:	0f 92       	push	r0
    1cee:	0f b6       	in	r0, 0x3f	; 63
    1cf0:	0f 92       	push	r0
    1cf2:	11 24       	eor	r1, r1
    1cf4:	2f 93       	push	r18
    1cf6:	3f 93       	push	r19
    1cf8:	4f 93       	push	r20
    1cfa:	5f 93       	push	r21
    1cfc:	6f 93       	push	r22
    1cfe:	7f 93       	push	r23
    1d00:	8f 93       	push	r24
    1d02:	9f 93       	push	r25
    1d04:	af 93       	push	r26
    1d06:	bf 93       	push	r27
    1d08:	ef 93       	push	r30
    1d0a:	ff 93       	push	r31
    1d0c:	df 93       	push	r29
    1d0e:	cf 93       	push	r28
    1d10:	cd b7       	in	r28, 0x3d	; 61
    1d12:	de b7       	in	r29, 0x3e	; 62
	(*func2)();
    1d14:	e0 91 e0 01 	lds	r30, 0x01E0
    1d18:	f0 91 e1 01 	lds	r31, 0x01E1
    1d1c:	09 95       	icall
}
    1d1e:	cf 91       	pop	r28
    1d20:	df 91       	pop	r29
    1d22:	ff 91       	pop	r31
    1d24:	ef 91       	pop	r30
    1d26:	bf 91       	pop	r27
    1d28:	af 91       	pop	r26
    1d2a:	9f 91       	pop	r25
    1d2c:	8f 91       	pop	r24
    1d2e:	7f 91       	pop	r23
    1d30:	6f 91       	pop	r22
    1d32:	5f 91       	pop	r21
    1d34:	4f 91       	pop	r20
    1d36:	3f 91       	pop	r19
    1d38:	2f 91       	pop	r18
    1d3a:	0f 90       	pop	r0
    1d3c:	0f be       	out	0x3f, r0	; 63
    1d3e:	0f 90       	pop	r0
    1d40:	1f 90       	pop	r1
    1d42:	18 95       	reti

00001d44 <__vector_1>:


void __vector_1(void)  __attribute__((used,signal));

void __vector_1(void)
{
    1d44:	1f 92       	push	r1
    1d46:	0f 92       	push	r0
    1d48:	0f b6       	in	r0, 0x3f	; 63
    1d4a:	0f 92       	push	r0
    1d4c:	11 24       	eor	r1, r1
    1d4e:	2f 93       	push	r18
    1d50:	3f 93       	push	r19
    1d52:	4f 93       	push	r20
    1d54:	5f 93       	push	r21
    1d56:	6f 93       	push	r22
    1d58:	7f 93       	push	r23
    1d5a:	8f 93       	push	r24
    1d5c:	9f 93       	push	r25
    1d5e:	af 93       	push	r26
    1d60:	bf 93       	push	r27
    1d62:	ef 93       	push	r30
    1d64:	ff 93       	push	r31
    1d66:	df 93       	push	r29
    1d68:	cf 93       	push	r28
    1d6a:	cd b7       	in	r28, 0x3d	; 61
    1d6c:	de b7       	in	r29, 0x3e	; 62
	(*func1)();
    1d6e:	e0 91 de 01 	lds	r30, 0x01DE
    1d72:	f0 91 df 01 	lds	r31, 0x01DF
    1d76:	09 95       	icall
}
    1d78:	cf 91       	pop	r28
    1d7a:	df 91       	pop	r29
    1d7c:	ff 91       	pop	r31
    1d7e:	ef 91       	pop	r30
    1d80:	bf 91       	pop	r27
    1d82:	af 91       	pop	r26
    1d84:	9f 91       	pop	r25
    1d86:	8f 91       	pop	r24
    1d88:	7f 91       	pop	r23
    1d8a:	6f 91       	pop	r22
    1d8c:	5f 91       	pop	r21
    1d8e:	4f 91       	pop	r20
    1d90:	3f 91       	pop	r19
    1d92:	2f 91       	pop	r18
    1d94:	0f 90       	pop	r0
    1d96:	0f be       	out	0x3f, r0	; 63
    1d98:	0f 90       	pop	r0
    1d9a:	1f 90       	pop	r1
    1d9c:	18 95       	reti

00001d9e <DIO_voidInit>:
#include "DIO_interface.h"
#include "DIO_config.h"
#include "DIO_private.h"

void DIO_voidInit         (void)
{
    1d9e:	df 93       	push	r29
    1da0:	cf 93       	push	r28
    1da2:	cd b7       	in	r28, 0x3d	; 61
    1da4:	de b7       	in	r29, 0x3e	; 62
	//ADD CODE HERE
	// DDRA_init
	DIO_u8_DDRA_REG = Conc(DIO_u8_PA7_INTIAL_DIRECTION,DIO_u8_PA6_INTIAL_DIRECTION,
    1da6:	ea e3       	ldi	r30, 0x3A	; 58
    1da8:	f0 e0       	ldi	r31, 0x00	; 0
    1daa:	8f ef       	ldi	r24, 0xFF	; 255
    1dac:	80 83       	st	Z, r24
			               DIO_u8_PA5_INTIAL_DIRECTION,DIO_u8_PA4_INTIAL_DIRECTION,
			               DIO_u8_PA3_INTIAL_DIRECTION,DIO_u8_PA2_INTIAL_DIRECTION,
			               DIO_u8_PA1_INTIAL_DIRECTION,DIO_u8_PA0_INTIAL_DIRECTION);
	// DDRB_init
	DIO_u8_DDRB_REG = Conc(DIO_u8_PB7_INTIAL_DIRECTION,DIO_u8_PB6_INTIAL_DIRECTION,
    1dae:	e7 e3       	ldi	r30, 0x37	; 55
    1db0:	f0 e0       	ldi	r31, 0x00	; 0
    1db2:	8f eb       	ldi	r24, 0xBF	; 191
    1db4:	80 83       	st	Z, r24
			               DIO_u8_PB5_INTIAL_DIRECTION,DIO_u8_PB4_INTIAL_DIRECTION,
			               DIO_u8_PB3_INTIAL_DIRECTION,DIO_u8_PB2_INTIAL_DIRECTION,
			               DIO_u8_PB1_INTIAL_DIRECTION,DIO_u8_PB0_INTIAL_DIRECTION);
	// DDRC_init
	DIO_u8_DDRC_REG = Conc(DIO_u8_PC7_INTIAL_DIRECTION,DIO_u8_PC6_INTIAL_DIRECTION,
    1db6:	e4 e3       	ldi	r30, 0x34	; 52
    1db8:	f0 e0       	ldi	r31, 0x00	; 0
    1dba:	8f ef       	ldi	r24, 0xFF	; 255
    1dbc:	80 83       	st	Z, r24
			               DIO_u8_PC5_INTIAL_DIRECTION,DIO_u8_PC4_INTIAL_DIRECTION,
			               DIO_u8_PC3_INTIAL_DIRECTION,DIO_u8_PC2_INTIAL_DIRECTION,
			               DIO_u8_PC1_INTIAL_DIRECTION,DIO_u8_PC0_INTIAL_DIRECTION);
	// DDRD_init
	DIO_u8_DDRD_REG = Conc(DIO_u8_PD7_INTIAL_DIRECTION,DIO_u8_PD6_INTIAL_DIRECTION,
    1dbe:	e1 e3       	ldi	r30, 0x31	; 49
    1dc0:	f0 e0       	ldi	r31, 0x00	; 0
    1dc2:	8a e1       	ldi	r24, 0x1A	; 26
    1dc4:	80 83       	st	Z, r24
			               DIO_u8_PD5_INTIAL_DIRECTION,DIO_u8_PD4_INTIAL_DIRECTION,
			               DIO_u8_PD3_INTIAL_DIRECTION,DIO_u8_PD2_INTIAL_DIRECTION,
			               DIO_u8_PD1_INTIAL_DIRECTION,DIO_u8_PD0_INTIAL_DIRECTION);
	//PORTA_init
	DIO_u8_PORTA_REG =Conc(DIO_u8_PA7_INTIAL_VALUE,DIO_u8_PA6_INTIAL_VALUE,
    1dc6:	eb e3       	ldi	r30, 0x3B	; 59
    1dc8:	f0 e0       	ldi	r31, 0x00	; 0
    1dca:	88 e0       	ldi	r24, 0x08	; 8
    1dcc:	80 83       	st	Z, r24
			               DIO_u8_PA5_INTIAL_VALUE,DIO_u8_PA4_INTIAL_VALUE,
						   DIO_u8_PA3_INTIAL_VALUE,DIO_u8_PA2_INTIAL_VALUE,
						   DIO_u8_PA1_INTIAL_VALUE,DIO_u8_PA0_INTIAL_VALUE);
	//PORTB_init
	DIO_u8_PORTB_REG =Conc(DIO_u8_PB7_INTIAL_VALUE,DIO_u8_PB6_INTIAL_VALUE,
    1dce:	e8 e3       	ldi	r30, 0x38	; 56
    1dd0:	f0 e0       	ldi	r31, 0x00	; 0
    1dd2:	80 e4       	ldi	r24, 0x40	; 64
    1dd4:	80 83       	st	Z, r24
			               DIO_u8_PB5_INTIAL_VALUE,DIO_u8_PB4_INTIAL_VALUE,
						   DIO_u8_PB3_INTIAL_VALUE,DIO_u8_PB2_INTIAL_VALUE,
						   DIO_u8_PB1_INTIAL_VALUE,DIO_u8_PB0_INTIAL_VALUE);
	//PORTC_init
	DIO_u8_PORTC_REG =Conc(DIO_u8_PC7_INTIAL_VALUE,DIO_u8_PC6_INTIAL_VALUE,
    1dd6:	e5 e3       	ldi	r30, 0x35	; 53
    1dd8:	f0 e0       	ldi	r31, 0x00	; 0
    1dda:	10 82       	st	Z, r1
			               DIO_u8_PC5_INTIAL_VALUE,DIO_u8_PC4_INTIAL_VALUE,
						   DIO_u8_PC3_INTIAL_VALUE,DIO_u8_PC2_INTIAL_VALUE,
						   DIO_u8_PC1_INTIAL_VALUE,DIO_u8_PC0_INTIAL_VALUE);
	//PORTD_init
	DIO_u8_PORTD_REG =Conc(DIO_u8_PD7_INTIAL_VALUE,DIO_u8_PD6_INTIAL_VALUE,
    1ddc:	e2 e3       	ldi	r30, 0x32	; 50
    1dde:	f0 e0       	ldi	r31, 0x00	; 0
    1de0:	81 e5       	ldi	r24, 0x51	; 81
    1de2:	80 83       	st	Z, r24
			               DIO_u8_PD5_INTIAL_VALUE,DIO_u8_PD4_INTIAL_VALUE,
						   DIO_u8_PD3_INTIAL_VALUE,DIO_u8_PD2_INTIAL_VALUE,
						   DIO_u8_PD1_INTIAL_VALUE,DIO_u8_PD0_INTIAL_VALUE);

	return;
}
    1de4:	cf 91       	pop	r28
    1de6:	df 91       	pop	r29
    1de8:	08 95       	ret

00001dea <DIO_u8SetPinDirection>:

u8  DIO_u8SetPinDirection (u8 Copy_u8PortId, u8 Copy_u8PinId ,u8 Copy_u8PinDirection)
{
    1dea:	df 93       	push	r29
    1dec:	cf 93       	push	r28
    1dee:	cd b7       	in	r28, 0x3d	; 61
    1df0:	de b7       	in	r29, 0x3e	; 62
    1df2:	2e 97       	sbiw	r28, 0x0e	; 14
    1df4:	0f b6       	in	r0, 0x3f	; 63
    1df6:	f8 94       	cli
    1df8:	de bf       	out	0x3e, r29	; 62
    1dfa:	0f be       	out	0x3f, r0	; 63
    1dfc:	cd bf       	out	0x3d, r28	; 61
    1dfe:	8a 83       	std	Y+2, r24	; 0x02
    1e00:	6b 83       	std	Y+3, r22	; 0x03
    1e02:	4c 83       	std	Y+4, r20	; 0x04
	u8 Local_u8ErrorState = STD_TYPES_OK;
    1e04:	81 e0       	ldi	r24, 0x01	; 1
    1e06:	89 83       	std	Y+1, r24	; 0x01
	if((Copy_u8PortId <= DIO_u8_PORTD) && (Copy_u8PinId <= DIO_u8_PIN7) && ((Copy_u8PinDirection == DIO_u8_OUTPUT) || (Copy_u8PinDirection == DIO_u8_INPUT)))
    1e08:	8a 81       	ldd	r24, Y+2	; 0x02
    1e0a:	84 30       	cpi	r24, 0x04	; 4
    1e0c:	08 f0       	brcs	.+2      	; 0x1e10 <DIO_u8SetPinDirection+0x26>
    1e0e:	0c c1       	rjmp	.+536    	; 0x2028 <DIO_u8SetPinDirection+0x23e>
    1e10:	8b 81       	ldd	r24, Y+3	; 0x03
    1e12:	88 30       	cpi	r24, 0x08	; 8
    1e14:	08 f0       	brcs	.+2      	; 0x1e18 <DIO_u8SetPinDirection+0x2e>
    1e16:	08 c1       	rjmp	.+528    	; 0x2028 <DIO_u8SetPinDirection+0x23e>
    1e18:	8c 81       	ldd	r24, Y+4	; 0x04
    1e1a:	81 30       	cpi	r24, 0x01	; 1
    1e1c:	21 f0       	breq	.+8      	; 0x1e26 <DIO_u8SetPinDirection+0x3c>
    1e1e:	8c 81       	ldd	r24, Y+4	; 0x04
    1e20:	88 23       	and	r24, r24
    1e22:	09 f0       	breq	.+2      	; 0x1e26 <DIO_u8SetPinDirection+0x3c>
    1e24:	01 c1       	rjmp	.+514    	; 0x2028 <DIO_u8SetPinDirection+0x23e>
	{
		switch (Copy_u8PortId)
    1e26:	8a 81       	ldd	r24, Y+2	; 0x02
    1e28:	28 2f       	mov	r18, r24
    1e2a:	30 e0       	ldi	r19, 0x00	; 0
    1e2c:	3e 87       	std	Y+14, r19	; 0x0e
    1e2e:	2d 87       	std	Y+13, r18	; 0x0d
    1e30:	8d 85       	ldd	r24, Y+13	; 0x0d
    1e32:	9e 85       	ldd	r25, Y+14	; 0x0e
    1e34:	81 30       	cpi	r24, 0x01	; 1
    1e36:	91 05       	cpc	r25, r1
    1e38:	09 f4       	brne	.+2      	; 0x1e3c <DIO_u8SetPinDirection+0x52>
    1e3a:	4f c0       	rjmp	.+158    	; 0x1eda <DIO_u8SetPinDirection+0xf0>
    1e3c:	2d 85       	ldd	r18, Y+13	; 0x0d
    1e3e:	3e 85       	ldd	r19, Y+14	; 0x0e
    1e40:	22 30       	cpi	r18, 0x02	; 2
    1e42:	31 05       	cpc	r19, r1
    1e44:	2c f4       	brge	.+10     	; 0x1e50 <DIO_u8SetPinDirection+0x66>
    1e46:	8d 85       	ldd	r24, Y+13	; 0x0d
    1e48:	9e 85       	ldd	r25, Y+14	; 0x0e
    1e4a:	00 97       	sbiw	r24, 0x00	; 0
    1e4c:	71 f0       	breq	.+28     	; 0x1e6a <DIO_u8SetPinDirection+0x80>
    1e4e:	ed c0       	rjmp	.+474    	; 0x202a <DIO_u8SetPinDirection+0x240>
    1e50:	2d 85       	ldd	r18, Y+13	; 0x0d
    1e52:	3e 85       	ldd	r19, Y+14	; 0x0e
    1e54:	22 30       	cpi	r18, 0x02	; 2
    1e56:	31 05       	cpc	r19, r1
    1e58:	09 f4       	brne	.+2      	; 0x1e5c <DIO_u8SetPinDirection+0x72>
    1e5a:	77 c0       	rjmp	.+238    	; 0x1f4a <DIO_u8SetPinDirection+0x160>
    1e5c:	8d 85       	ldd	r24, Y+13	; 0x0d
    1e5e:	9e 85       	ldd	r25, Y+14	; 0x0e
    1e60:	83 30       	cpi	r24, 0x03	; 3
    1e62:	91 05       	cpc	r25, r1
    1e64:	09 f4       	brne	.+2      	; 0x1e68 <DIO_u8SetPinDirection+0x7e>
    1e66:	a9 c0       	rjmp	.+338    	; 0x1fba <DIO_u8SetPinDirection+0x1d0>
    1e68:	e0 c0       	rjmp	.+448    	; 0x202a <DIO_u8SetPinDirection+0x240>
		{
			case DIO_u8_PORTA:
				switch (Copy_u8PinDirection)
    1e6a:	8c 81       	ldd	r24, Y+4	; 0x04
    1e6c:	28 2f       	mov	r18, r24
    1e6e:	30 e0       	ldi	r19, 0x00	; 0
    1e70:	3c 87       	std	Y+12, r19	; 0x0c
    1e72:	2b 87       	std	Y+11, r18	; 0x0b
    1e74:	8b 85       	ldd	r24, Y+11	; 0x0b
    1e76:	9c 85       	ldd	r25, Y+12	; 0x0c
    1e78:	00 97       	sbiw	r24, 0x00	; 0
    1e7a:	d1 f0       	breq	.+52     	; 0x1eb0 <DIO_u8SetPinDirection+0xc6>
    1e7c:	2b 85       	ldd	r18, Y+11	; 0x0b
    1e7e:	3c 85       	ldd	r19, Y+12	; 0x0c
    1e80:	21 30       	cpi	r18, 0x01	; 1
    1e82:	31 05       	cpc	r19, r1
    1e84:	09 f0       	breq	.+2      	; 0x1e88 <DIO_u8SetPinDirection+0x9e>
    1e86:	d1 c0       	rjmp	.+418    	; 0x202a <DIO_u8SetPinDirection+0x240>
				{
					case DIO_u8_OUTPUT:SET_BIT(DIO_u8_DDRA_REG,Copy_u8PinId);break;
    1e88:	aa e3       	ldi	r26, 0x3A	; 58
    1e8a:	b0 e0       	ldi	r27, 0x00	; 0
    1e8c:	ea e3       	ldi	r30, 0x3A	; 58
    1e8e:	f0 e0       	ldi	r31, 0x00	; 0
    1e90:	80 81       	ld	r24, Z
    1e92:	48 2f       	mov	r20, r24
    1e94:	8b 81       	ldd	r24, Y+3	; 0x03
    1e96:	28 2f       	mov	r18, r24
    1e98:	30 e0       	ldi	r19, 0x00	; 0
    1e9a:	81 e0       	ldi	r24, 0x01	; 1
    1e9c:	90 e0       	ldi	r25, 0x00	; 0
    1e9e:	02 2e       	mov	r0, r18
    1ea0:	02 c0       	rjmp	.+4      	; 0x1ea6 <DIO_u8SetPinDirection+0xbc>
    1ea2:	88 0f       	add	r24, r24
    1ea4:	99 1f       	adc	r25, r25
    1ea6:	0a 94       	dec	r0
    1ea8:	e2 f7       	brpl	.-8      	; 0x1ea2 <DIO_u8SetPinDirection+0xb8>
    1eaa:	84 2b       	or	r24, r20
    1eac:	8c 93       	st	X, r24
    1eae:	bd c0       	rjmp	.+378    	; 0x202a <DIO_u8SetPinDirection+0x240>
					case DIO_u8_INPUT: CLR_BIT(DIO_u8_DDRA_REG,Copy_u8PinId);break;
    1eb0:	aa e3       	ldi	r26, 0x3A	; 58
    1eb2:	b0 e0       	ldi	r27, 0x00	; 0
    1eb4:	ea e3       	ldi	r30, 0x3A	; 58
    1eb6:	f0 e0       	ldi	r31, 0x00	; 0
    1eb8:	80 81       	ld	r24, Z
    1eba:	48 2f       	mov	r20, r24
    1ebc:	8b 81       	ldd	r24, Y+3	; 0x03
    1ebe:	28 2f       	mov	r18, r24
    1ec0:	30 e0       	ldi	r19, 0x00	; 0
    1ec2:	81 e0       	ldi	r24, 0x01	; 1
    1ec4:	90 e0       	ldi	r25, 0x00	; 0
    1ec6:	02 2e       	mov	r0, r18
    1ec8:	02 c0       	rjmp	.+4      	; 0x1ece <DIO_u8SetPinDirection+0xe4>
    1eca:	88 0f       	add	r24, r24
    1ecc:	99 1f       	adc	r25, r25
    1ece:	0a 94       	dec	r0
    1ed0:	e2 f7       	brpl	.-8      	; 0x1eca <DIO_u8SetPinDirection+0xe0>
    1ed2:	80 95       	com	r24
    1ed4:	84 23       	and	r24, r20
    1ed6:	8c 93       	st	X, r24
    1ed8:	a8 c0       	rjmp	.+336    	; 0x202a <DIO_u8SetPinDirection+0x240>
				}
			break;
			case DIO_u8_PORTB:
				switch (Copy_u8PinDirection)
    1eda:	8c 81       	ldd	r24, Y+4	; 0x04
    1edc:	28 2f       	mov	r18, r24
    1ede:	30 e0       	ldi	r19, 0x00	; 0
    1ee0:	3a 87       	std	Y+10, r19	; 0x0a
    1ee2:	29 87       	std	Y+9, r18	; 0x09
    1ee4:	89 85       	ldd	r24, Y+9	; 0x09
    1ee6:	9a 85       	ldd	r25, Y+10	; 0x0a
    1ee8:	00 97       	sbiw	r24, 0x00	; 0
    1eea:	d1 f0       	breq	.+52     	; 0x1f20 <DIO_u8SetPinDirection+0x136>
    1eec:	29 85       	ldd	r18, Y+9	; 0x09
    1eee:	3a 85       	ldd	r19, Y+10	; 0x0a
    1ef0:	21 30       	cpi	r18, 0x01	; 1
    1ef2:	31 05       	cpc	r19, r1
    1ef4:	09 f0       	breq	.+2      	; 0x1ef8 <DIO_u8SetPinDirection+0x10e>
    1ef6:	99 c0       	rjmp	.+306    	; 0x202a <DIO_u8SetPinDirection+0x240>
				{
					case DIO_u8_OUTPUT:SET_BIT(DIO_u8_DDRB_REG,Copy_u8PinId);break;
    1ef8:	a7 e3       	ldi	r26, 0x37	; 55
    1efa:	b0 e0       	ldi	r27, 0x00	; 0
    1efc:	e7 e3       	ldi	r30, 0x37	; 55
    1efe:	f0 e0       	ldi	r31, 0x00	; 0
    1f00:	80 81       	ld	r24, Z
    1f02:	48 2f       	mov	r20, r24
    1f04:	8b 81       	ldd	r24, Y+3	; 0x03
    1f06:	28 2f       	mov	r18, r24
    1f08:	30 e0       	ldi	r19, 0x00	; 0
    1f0a:	81 e0       	ldi	r24, 0x01	; 1
    1f0c:	90 e0       	ldi	r25, 0x00	; 0
    1f0e:	02 2e       	mov	r0, r18
    1f10:	02 c0       	rjmp	.+4      	; 0x1f16 <DIO_u8SetPinDirection+0x12c>
    1f12:	88 0f       	add	r24, r24
    1f14:	99 1f       	adc	r25, r25
    1f16:	0a 94       	dec	r0
    1f18:	e2 f7       	brpl	.-8      	; 0x1f12 <DIO_u8SetPinDirection+0x128>
    1f1a:	84 2b       	or	r24, r20
    1f1c:	8c 93       	st	X, r24
    1f1e:	85 c0       	rjmp	.+266    	; 0x202a <DIO_u8SetPinDirection+0x240>
					case DIO_u8_INPUT: CLR_BIT(DIO_u8_DDRB_REG,Copy_u8PinId);break;
    1f20:	a7 e3       	ldi	r26, 0x37	; 55
    1f22:	b0 e0       	ldi	r27, 0x00	; 0
    1f24:	e7 e3       	ldi	r30, 0x37	; 55
    1f26:	f0 e0       	ldi	r31, 0x00	; 0
    1f28:	80 81       	ld	r24, Z
    1f2a:	48 2f       	mov	r20, r24
    1f2c:	8b 81       	ldd	r24, Y+3	; 0x03
    1f2e:	28 2f       	mov	r18, r24
    1f30:	30 e0       	ldi	r19, 0x00	; 0
    1f32:	81 e0       	ldi	r24, 0x01	; 1
    1f34:	90 e0       	ldi	r25, 0x00	; 0
    1f36:	02 2e       	mov	r0, r18
    1f38:	02 c0       	rjmp	.+4      	; 0x1f3e <DIO_u8SetPinDirection+0x154>
    1f3a:	88 0f       	add	r24, r24
    1f3c:	99 1f       	adc	r25, r25
    1f3e:	0a 94       	dec	r0
    1f40:	e2 f7       	brpl	.-8      	; 0x1f3a <DIO_u8SetPinDirection+0x150>
    1f42:	80 95       	com	r24
    1f44:	84 23       	and	r24, r20
    1f46:	8c 93       	st	X, r24
    1f48:	70 c0       	rjmp	.+224    	; 0x202a <DIO_u8SetPinDirection+0x240>
				}
			break;
			case DIO_u8_PORTC:
				switch (Copy_u8PinDirection)
    1f4a:	8c 81       	ldd	r24, Y+4	; 0x04
    1f4c:	28 2f       	mov	r18, r24
    1f4e:	30 e0       	ldi	r19, 0x00	; 0
    1f50:	38 87       	std	Y+8, r19	; 0x08
    1f52:	2f 83       	std	Y+7, r18	; 0x07
    1f54:	8f 81       	ldd	r24, Y+7	; 0x07
    1f56:	98 85       	ldd	r25, Y+8	; 0x08
    1f58:	00 97       	sbiw	r24, 0x00	; 0
    1f5a:	d1 f0       	breq	.+52     	; 0x1f90 <DIO_u8SetPinDirection+0x1a6>
    1f5c:	2f 81       	ldd	r18, Y+7	; 0x07
    1f5e:	38 85       	ldd	r19, Y+8	; 0x08
    1f60:	21 30       	cpi	r18, 0x01	; 1
    1f62:	31 05       	cpc	r19, r1
    1f64:	09 f0       	breq	.+2      	; 0x1f68 <DIO_u8SetPinDirection+0x17e>
    1f66:	61 c0       	rjmp	.+194    	; 0x202a <DIO_u8SetPinDirection+0x240>
				{
					case DIO_u8_OUTPUT:SET_BIT(DIO_u8_DDRC_REG,Copy_u8PinId);break;
    1f68:	a4 e3       	ldi	r26, 0x34	; 52
    1f6a:	b0 e0       	ldi	r27, 0x00	; 0
    1f6c:	e4 e3       	ldi	r30, 0x34	; 52
    1f6e:	f0 e0       	ldi	r31, 0x00	; 0
    1f70:	80 81       	ld	r24, Z
    1f72:	48 2f       	mov	r20, r24
    1f74:	8b 81       	ldd	r24, Y+3	; 0x03
    1f76:	28 2f       	mov	r18, r24
    1f78:	30 e0       	ldi	r19, 0x00	; 0
    1f7a:	81 e0       	ldi	r24, 0x01	; 1
    1f7c:	90 e0       	ldi	r25, 0x00	; 0
    1f7e:	02 2e       	mov	r0, r18
    1f80:	02 c0       	rjmp	.+4      	; 0x1f86 <DIO_u8SetPinDirection+0x19c>
    1f82:	88 0f       	add	r24, r24
    1f84:	99 1f       	adc	r25, r25
    1f86:	0a 94       	dec	r0
    1f88:	e2 f7       	brpl	.-8      	; 0x1f82 <DIO_u8SetPinDirection+0x198>
    1f8a:	84 2b       	or	r24, r20
    1f8c:	8c 93       	st	X, r24
    1f8e:	4d c0       	rjmp	.+154    	; 0x202a <DIO_u8SetPinDirection+0x240>
					case DIO_u8_INPUT: CLR_BIT(DIO_u8_DDRC_REG,Copy_u8PinId);break;
    1f90:	a4 e3       	ldi	r26, 0x34	; 52
    1f92:	b0 e0       	ldi	r27, 0x00	; 0
    1f94:	e4 e3       	ldi	r30, 0x34	; 52
    1f96:	f0 e0       	ldi	r31, 0x00	; 0
    1f98:	80 81       	ld	r24, Z
    1f9a:	48 2f       	mov	r20, r24
    1f9c:	8b 81       	ldd	r24, Y+3	; 0x03
    1f9e:	28 2f       	mov	r18, r24
    1fa0:	30 e0       	ldi	r19, 0x00	; 0
    1fa2:	81 e0       	ldi	r24, 0x01	; 1
    1fa4:	90 e0       	ldi	r25, 0x00	; 0
    1fa6:	02 2e       	mov	r0, r18
    1fa8:	02 c0       	rjmp	.+4      	; 0x1fae <DIO_u8SetPinDirection+0x1c4>
    1faa:	88 0f       	add	r24, r24
    1fac:	99 1f       	adc	r25, r25
    1fae:	0a 94       	dec	r0
    1fb0:	e2 f7       	brpl	.-8      	; 0x1faa <DIO_u8SetPinDirection+0x1c0>
    1fb2:	80 95       	com	r24
    1fb4:	84 23       	and	r24, r20
    1fb6:	8c 93       	st	X, r24
    1fb8:	38 c0       	rjmp	.+112    	; 0x202a <DIO_u8SetPinDirection+0x240>
				}
			break;
			case DIO_u8_PORTD:
				switch (Copy_u8PinDirection)
    1fba:	8c 81       	ldd	r24, Y+4	; 0x04
    1fbc:	28 2f       	mov	r18, r24
    1fbe:	30 e0       	ldi	r19, 0x00	; 0
    1fc0:	3e 83       	std	Y+6, r19	; 0x06
    1fc2:	2d 83       	std	Y+5, r18	; 0x05
    1fc4:	8d 81       	ldd	r24, Y+5	; 0x05
    1fc6:	9e 81       	ldd	r25, Y+6	; 0x06
    1fc8:	00 97       	sbiw	r24, 0x00	; 0
    1fca:	c9 f0       	breq	.+50     	; 0x1ffe <DIO_u8SetPinDirection+0x214>
    1fcc:	2d 81       	ldd	r18, Y+5	; 0x05
    1fce:	3e 81       	ldd	r19, Y+6	; 0x06
    1fd0:	21 30       	cpi	r18, 0x01	; 1
    1fd2:	31 05       	cpc	r19, r1
    1fd4:	51 f5       	brne	.+84     	; 0x202a <DIO_u8SetPinDirection+0x240>
				{
					case DIO_u8_OUTPUT:SET_BIT(DIO_u8_DDRD_REG,Copy_u8PinId);break;
    1fd6:	a1 e3       	ldi	r26, 0x31	; 49
    1fd8:	b0 e0       	ldi	r27, 0x00	; 0
    1fda:	e1 e3       	ldi	r30, 0x31	; 49
    1fdc:	f0 e0       	ldi	r31, 0x00	; 0
    1fde:	80 81       	ld	r24, Z
    1fe0:	48 2f       	mov	r20, r24
    1fe2:	8b 81       	ldd	r24, Y+3	; 0x03
    1fe4:	28 2f       	mov	r18, r24
    1fe6:	30 e0       	ldi	r19, 0x00	; 0
    1fe8:	81 e0       	ldi	r24, 0x01	; 1
    1fea:	90 e0       	ldi	r25, 0x00	; 0
    1fec:	02 2e       	mov	r0, r18
    1fee:	02 c0       	rjmp	.+4      	; 0x1ff4 <DIO_u8SetPinDirection+0x20a>
    1ff0:	88 0f       	add	r24, r24
    1ff2:	99 1f       	adc	r25, r25
    1ff4:	0a 94       	dec	r0
    1ff6:	e2 f7       	brpl	.-8      	; 0x1ff0 <DIO_u8SetPinDirection+0x206>
    1ff8:	84 2b       	or	r24, r20
    1ffa:	8c 93       	st	X, r24
    1ffc:	16 c0       	rjmp	.+44     	; 0x202a <DIO_u8SetPinDirection+0x240>
					case DIO_u8_INPUT: CLR_BIT(DIO_u8_DDRD_REG,Copy_u8PinId);break;
    1ffe:	a1 e3       	ldi	r26, 0x31	; 49
    2000:	b0 e0       	ldi	r27, 0x00	; 0
    2002:	e1 e3       	ldi	r30, 0x31	; 49
    2004:	f0 e0       	ldi	r31, 0x00	; 0
    2006:	80 81       	ld	r24, Z
    2008:	48 2f       	mov	r20, r24
    200a:	8b 81       	ldd	r24, Y+3	; 0x03
    200c:	28 2f       	mov	r18, r24
    200e:	30 e0       	ldi	r19, 0x00	; 0
    2010:	81 e0       	ldi	r24, 0x01	; 1
    2012:	90 e0       	ldi	r25, 0x00	; 0
    2014:	02 2e       	mov	r0, r18
    2016:	02 c0       	rjmp	.+4      	; 0x201c <DIO_u8SetPinDirection+0x232>
    2018:	88 0f       	add	r24, r24
    201a:	99 1f       	adc	r25, r25
    201c:	0a 94       	dec	r0
    201e:	e2 f7       	brpl	.-8      	; 0x2018 <DIO_u8SetPinDirection+0x22e>
    2020:	80 95       	com	r24
    2022:	84 23       	and	r24, r20
    2024:	8c 93       	st	X, r24
    2026:	01 c0       	rjmp	.+2      	; 0x202a <DIO_u8SetPinDirection+0x240>
			break;
		}
	}
	else
	{
		Local_u8ErrorState = STD_TYPES_NOK;
    2028:	19 82       	std	Y+1, r1	; 0x01
	}

	return Local_u8ErrorState;
    202a:	89 81       	ldd	r24, Y+1	; 0x01
}
    202c:	2e 96       	adiw	r28, 0x0e	; 14
    202e:	0f b6       	in	r0, 0x3f	; 63
    2030:	f8 94       	cli
    2032:	de bf       	out	0x3e, r29	; 62
    2034:	0f be       	out	0x3f, r0	; 63
    2036:	cd bf       	out	0x3d, r28	; 61
    2038:	cf 91       	pop	r28
    203a:	df 91       	pop	r29
    203c:	08 95       	ret

0000203e <DIO_u8SetPinValue>:

u8  DIO_u8SetPinValue     (u8 Copy_u8PortId, u8 Copy_u8PinId ,u8 Copy_u8PinValue)
{
    203e:	df 93       	push	r29
    2040:	cf 93       	push	r28
    2042:	cd b7       	in	r28, 0x3d	; 61
    2044:	de b7       	in	r29, 0x3e	; 62
    2046:	2e 97       	sbiw	r28, 0x0e	; 14
    2048:	0f b6       	in	r0, 0x3f	; 63
    204a:	f8 94       	cli
    204c:	de bf       	out	0x3e, r29	; 62
    204e:	0f be       	out	0x3f, r0	; 63
    2050:	cd bf       	out	0x3d, r28	; 61
    2052:	8a 83       	std	Y+2, r24	; 0x02
    2054:	6b 83       	std	Y+3, r22	; 0x03
    2056:	4c 83       	std	Y+4, r20	; 0x04
	u8 Local_u8ErrorState = STD_TYPES_OK;
    2058:	81 e0       	ldi	r24, 0x01	; 1
    205a:	89 83       	std	Y+1, r24	; 0x01
	if(Copy_u8PinId <= DIO_u8_PIN7)
    205c:	8b 81       	ldd	r24, Y+3	; 0x03
    205e:	88 30       	cpi	r24, 0x08	; 8
    2060:	08 f0       	brcs	.+2      	; 0x2064 <DIO_u8SetPinValue+0x26>
    2062:	08 c1       	rjmp	.+528    	; 0x2274 <DIO_u8SetPinValue+0x236>
	{
		switch (Copy_u8PortId)
    2064:	8a 81       	ldd	r24, Y+2	; 0x02
    2066:	28 2f       	mov	r18, r24
    2068:	30 e0       	ldi	r19, 0x00	; 0
    206a:	3e 87       	std	Y+14, r19	; 0x0e
    206c:	2d 87       	std	Y+13, r18	; 0x0d
    206e:	8d 85       	ldd	r24, Y+13	; 0x0d
    2070:	9e 85       	ldd	r25, Y+14	; 0x0e
    2072:	81 30       	cpi	r24, 0x01	; 1
    2074:	91 05       	cpc	r25, r1
    2076:	09 f4       	brne	.+2      	; 0x207a <DIO_u8SetPinValue+0x3c>
    2078:	50 c0       	rjmp	.+160    	; 0x211a <DIO_u8SetPinValue+0xdc>
    207a:	2d 85       	ldd	r18, Y+13	; 0x0d
    207c:	3e 85       	ldd	r19, Y+14	; 0x0e
    207e:	22 30       	cpi	r18, 0x02	; 2
    2080:	31 05       	cpc	r19, r1
    2082:	2c f4       	brge	.+10     	; 0x208e <DIO_u8SetPinValue+0x50>
    2084:	8d 85       	ldd	r24, Y+13	; 0x0d
    2086:	9e 85       	ldd	r25, Y+14	; 0x0e
    2088:	00 97       	sbiw	r24, 0x00	; 0
    208a:	71 f0       	breq	.+28     	; 0x20a8 <DIO_u8SetPinValue+0x6a>
    208c:	f1 c0       	rjmp	.+482    	; 0x2270 <DIO_u8SetPinValue+0x232>
    208e:	2d 85       	ldd	r18, Y+13	; 0x0d
    2090:	3e 85       	ldd	r19, Y+14	; 0x0e
    2092:	22 30       	cpi	r18, 0x02	; 2
    2094:	31 05       	cpc	r19, r1
    2096:	09 f4       	brne	.+2      	; 0x209a <DIO_u8SetPinValue+0x5c>
    2098:	79 c0       	rjmp	.+242    	; 0x218c <DIO_u8SetPinValue+0x14e>
    209a:	8d 85       	ldd	r24, Y+13	; 0x0d
    209c:	9e 85       	ldd	r25, Y+14	; 0x0e
    209e:	83 30       	cpi	r24, 0x03	; 3
    20a0:	91 05       	cpc	r25, r1
    20a2:	09 f4       	brne	.+2      	; 0x20a6 <DIO_u8SetPinValue+0x68>
    20a4:	ac c0       	rjmp	.+344    	; 0x21fe <DIO_u8SetPinValue+0x1c0>
    20a6:	e4 c0       	rjmp	.+456    	; 0x2270 <DIO_u8SetPinValue+0x232>
		{
			case DIO_u8_PORTA:
				switch (Copy_u8PinValue)
    20a8:	8c 81       	ldd	r24, Y+4	; 0x04
    20aa:	28 2f       	mov	r18, r24
    20ac:	30 e0       	ldi	r19, 0x00	; 0
    20ae:	3c 87       	std	Y+12, r19	; 0x0c
    20b0:	2b 87       	std	Y+11, r18	; 0x0b
    20b2:	8b 85       	ldd	r24, Y+11	; 0x0b
    20b4:	9c 85       	ldd	r25, Y+12	; 0x0c
    20b6:	00 97       	sbiw	r24, 0x00	; 0
    20b8:	c9 f0       	breq	.+50     	; 0x20ec <DIO_u8SetPinValue+0xae>
    20ba:	2b 85       	ldd	r18, Y+11	; 0x0b
    20bc:	3c 85       	ldd	r19, Y+12	; 0x0c
    20be:	21 30       	cpi	r18, 0x01	; 1
    20c0:	31 05       	cpc	r19, r1
    20c2:	49 f5       	brne	.+82     	; 0x2116 <DIO_u8SetPinValue+0xd8>
				{
					case DIO_u8_HIGH:SET_BIT(DIO_u8_PORTA_REG,Copy_u8PinId);break;
    20c4:	ab e3       	ldi	r26, 0x3B	; 59
    20c6:	b0 e0       	ldi	r27, 0x00	; 0
    20c8:	eb e3       	ldi	r30, 0x3B	; 59
    20ca:	f0 e0       	ldi	r31, 0x00	; 0
    20cc:	80 81       	ld	r24, Z
    20ce:	48 2f       	mov	r20, r24
    20d0:	8b 81       	ldd	r24, Y+3	; 0x03
    20d2:	28 2f       	mov	r18, r24
    20d4:	30 e0       	ldi	r19, 0x00	; 0
    20d6:	81 e0       	ldi	r24, 0x01	; 1
    20d8:	90 e0       	ldi	r25, 0x00	; 0
    20da:	02 2e       	mov	r0, r18
    20dc:	02 c0       	rjmp	.+4      	; 0x20e2 <DIO_u8SetPinValue+0xa4>
    20de:	88 0f       	add	r24, r24
    20e0:	99 1f       	adc	r25, r25
    20e2:	0a 94       	dec	r0
    20e4:	e2 f7       	brpl	.-8      	; 0x20de <DIO_u8SetPinValue+0xa0>
    20e6:	84 2b       	or	r24, r20
    20e8:	8c 93       	st	X, r24
    20ea:	c5 c0       	rjmp	.+394    	; 0x2276 <DIO_u8SetPinValue+0x238>
					case DIO_u8_LOW: CLR_BIT(DIO_u8_PORTA_REG,Copy_u8PinId);break;
    20ec:	ab e3       	ldi	r26, 0x3B	; 59
    20ee:	b0 e0       	ldi	r27, 0x00	; 0
    20f0:	eb e3       	ldi	r30, 0x3B	; 59
    20f2:	f0 e0       	ldi	r31, 0x00	; 0
    20f4:	80 81       	ld	r24, Z
    20f6:	48 2f       	mov	r20, r24
    20f8:	8b 81       	ldd	r24, Y+3	; 0x03
    20fa:	28 2f       	mov	r18, r24
    20fc:	30 e0       	ldi	r19, 0x00	; 0
    20fe:	81 e0       	ldi	r24, 0x01	; 1
    2100:	90 e0       	ldi	r25, 0x00	; 0
    2102:	02 2e       	mov	r0, r18
    2104:	02 c0       	rjmp	.+4      	; 0x210a <DIO_u8SetPinValue+0xcc>
    2106:	88 0f       	add	r24, r24
    2108:	99 1f       	adc	r25, r25
    210a:	0a 94       	dec	r0
    210c:	e2 f7       	brpl	.-8      	; 0x2106 <DIO_u8SetPinValue+0xc8>
    210e:	80 95       	com	r24
    2110:	84 23       	and	r24, r20
    2112:	8c 93       	st	X, r24
    2114:	b0 c0       	rjmp	.+352    	; 0x2276 <DIO_u8SetPinValue+0x238>
					default : Local_u8ErrorState = STD_TYPES_NOK;
    2116:	19 82       	std	Y+1, r1	; 0x01
    2118:	ae c0       	rjmp	.+348    	; 0x2276 <DIO_u8SetPinValue+0x238>
				}
			break;
			case DIO_u8_PORTB:
				switch (Copy_u8PinValue)
    211a:	8c 81       	ldd	r24, Y+4	; 0x04
    211c:	28 2f       	mov	r18, r24
    211e:	30 e0       	ldi	r19, 0x00	; 0
    2120:	3a 87       	std	Y+10, r19	; 0x0a
    2122:	29 87       	std	Y+9, r18	; 0x09
    2124:	89 85       	ldd	r24, Y+9	; 0x09
    2126:	9a 85       	ldd	r25, Y+10	; 0x0a
    2128:	00 97       	sbiw	r24, 0x00	; 0
    212a:	c9 f0       	breq	.+50     	; 0x215e <DIO_u8SetPinValue+0x120>
    212c:	29 85       	ldd	r18, Y+9	; 0x09
    212e:	3a 85       	ldd	r19, Y+10	; 0x0a
    2130:	21 30       	cpi	r18, 0x01	; 1
    2132:	31 05       	cpc	r19, r1
    2134:	49 f5       	brne	.+82     	; 0x2188 <DIO_u8SetPinValue+0x14a>
				{
					case DIO_u8_HIGH:SET_BIT(DIO_u8_PORTB_REG,Copy_u8PinId);break;
    2136:	a8 e3       	ldi	r26, 0x38	; 56
    2138:	b0 e0       	ldi	r27, 0x00	; 0
    213a:	e8 e3       	ldi	r30, 0x38	; 56
    213c:	f0 e0       	ldi	r31, 0x00	; 0
    213e:	80 81       	ld	r24, Z
    2140:	48 2f       	mov	r20, r24
    2142:	8b 81       	ldd	r24, Y+3	; 0x03
    2144:	28 2f       	mov	r18, r24
    2146:	30 e0       	ldi	r19, 0x00	; 0
    2148:	81 e0       	ldi	r24, 0x01	; 1
    214a:	90 e0       	ldi	r25, 0x00	; 0
    214c:	02 2e       	mov	r0, r18
    214e:	02 c0       	rjmp	.+4      	; 0x2154 <DIO_u8SetPinValue+0x116>
    2150:	88 0f       	add	r24, r24
    2152:	99 1f       	adc	r25, r25
    2154:	0a 94       	dec	r0
    2156:	e2 f7       	brpl	.-8      	; 0x2150 <DIO_u8SetPinValue+0x112>
    2158:	84 2b       	or	r24, r20
    215a:	8c 93       	st	X, r24
    215c:	8c c0       	rjmp	.+280    	; 0x2276 <DIO_u8SetPinValue+0x238>
					case DIO_u8_LOW: CLR_BIT(DIO_u8_PORTB_REG,Copy_u8PinId);break;
    215e:	a8 e3       	ldi	r26, 0x38	; 56
    2160:	b0 e0       	ldi	r27, 0x00	; 0
    2162:	e8 e3       	ldi	r30, 0x38	; 56
    2164:	f0 e0       	ldi	r31, 0x00	; 0
    2166:	80 81       	ld	r24, Z
    2168:	48 2f       	mov	r20, r24
    216a:	8b 81       	ldd	r24, Y+3	; 0x03
    216c:	28 2f       	mov	r18, r24
    216e:	30 e0       	ldi	r19, 0x00	; 0
    2170:	81 e0       	ldi	r24, 0x01	; 1
    2172:	90 e0       	ldi	r25, 0x00	; 0
    2174:	02 2e       	mov	r0, r18
    2176:	02 c0       	rjmp	.+4      	; 0x217c <DIO_u8SetPinValue+0x13e>
    2178:	88 0f       	add	r24, r24
    217a:	99 1f       	adc	r25, r25
    217c:	0a 94       	dec	r0
    217e:	e2 f7       	brpl	.-8      	; 0x2178 <DIO_u8SetPinValue+0x13a>
    2180:	80 95       	com	r24
    2182:	84 23       	and	r24, r20
    2184:	8c 93       	st	X, r24
    2186:	77 c0       	rjmp	.+238    	; 0x2276 <DIO_u8SetPinValue+0x238>
					default : Local_u8ErrorState = STD_TYPES_NOK;
    2188:	19 82       	std	Y+1, r1	; 0x01
    218a:	75 c0       	rjmp	.+234    	; 0x2276 <DIO_u8SetPinValue+0x238>
				}
			break;
			case DIO_u8_PORTC:
				switch (Copy_u8PinValue)
    218c:	8c 81       	ldd	r24, Y+4	; 0x04
    218e:	28 2f       	mov	r18, r24
    2190:	30 e0       	ldi	r19, 0x00	; 0
    2192:	38 87       	std	Y+8, r19	; 0x08
    2194:	2f 83       	std	Y+7, r18	; 0x07
    2196:	8f 81       	ldd	r24, Y+7	; 0x07
    2198:	98 85       	ldd	r25, Y+8	; 0x08
    219a:	00 97       	sbiw	r24, 0x00	; 0
    219c:	c9 f0       	breq	.+50     	; 0x21d0 <DIO_u8SetPinValue+0x192>
    219e:	2f 81       	ldd	r18, Y+7	; 0x07
    21a0:	38 85       	ldd	r19, Y+8	; 0x08
    21a2:	21 30       	cpi	r18, 0x01	; 1
    21a4:	31 05       	cpc	r19, r1
    21a6:	49 f5       	brne	.+82     	; 0x21fa <DIO_u8SetPinValue+0x1bc>
				{
					case DIO_u8_HIGH:SET_BIT(DIO_u8_PORTC_REG,Copy_u8PinId);break;
    21a8:	a5 e3       	ldi	r26, 0x35	; 53
    21aa:	b0 e0       	ldi	r27, 0x00	; 0
    21ac:	e5 e3       	ldi	r30, 0x35	; 53
    21ae:	f0 e0       	ldi	r31, 0x00	; 0
    21b0:	80 81       	ld	r24, Z
    21b2:	48 2f       	mov	r20, r24
    21b4:	8b 81       	ldd	r24, Y+3	; 0x03
    21b6:	28 2f       	mov	r18, r24
    21b8:	30 e0       	ldi	r19, 0x00	; 0
    21ba:	81 e0       	ldi	r24, 0x01	; 1
    21bc:	90 e0       	ldi	r25, 0x00	; 0
    21be:	02 2e       	mov	r0, r18
    21c0:	02 c0       	rjmp	.+4      	; 0x21c6 <DIO_u8SetPinValue+0x188>
    21c2:	88 0f       	add	r24, r24
    21c4:	99 1f       	adc	r25, r25
    21c6:	0a 94       	dec	r0
    21c8:	e2 f7       	brpl	.-8      	; 0x21c2 <DIO_u8SetPinValue+0x184>
    21ca:	84 2b       	or	r24, r20
    21cc:	8c 93       	st	X, r24
    21ce:	53 c0       	rjmp	.+166    	; 0x2276 <DIO_u8SetPinValue+0x238>
					case DIO_u8_LOW: CLR_BIT(DIO_u8_PORTC_REG,Copy_u8PinId);break;
    21d0:	a5 e3       	ldi	r26, 0x35	; 53
    21d2:	b0 e0       	ldi	r27, 0x00	; 0
    21d4:	e5 e3       	ldi	r30, 0x35	; 53
    21d6:	f0 e0       	ldi	r31, 0x00	; 0
    21d8:	80 81       	ld	r24, Z
    21da:	48 2f       	mov	r20, r24
    21dc:	8b 81       	ldd	r24, Y+3	; 0x03
    21de:	28 2f       	mov	r18, r24
    21e0:	30 e0       	ldi	r19, 0x00	; 0
    21e2:	81 e0       	ldi	r24, 0x01	; 1
    21e4:	90 e0       	ldi	r25, 0x00	; 0
    21e6:	02 2e       	mov	r0, r18
    21e8:	02 c0       	rjmp	.+4      	; 0x21ee <DIO_u8SetPinValue+0x1b0>
    21ea:	88 0f       	add	r24, r24
    21ec:	99 1f       	adc	r25, r25
    21ee:	0a 94       	dec	r0
    21f0:	e2 f7       	brpl	.-8      	; 0x21ea <DIO_u8SetPinValue+0x1ac>
    21f2:	80 95       	com	r24
    21f4:	84 23       	and	r24, r20
    21f6:	8c 93       	st	X, r24
    21f8:	3e c0       	rjmp	.+124    	; 0x2276 <DIO_u8SetPinValue+0x238>
					default : Local_u8ErrorState = STD_TYPES_NOK;
    21fa:	19 82       	std	Y+1, r1	; 0x01
    21fc:	3c c0       	rjmp	.+120    	; 0x2276 <DIO_u8SetPinValue+0x238>
				}
			break;
			case DIO_u8_PORTD:
				switch (Copy_u8PinValue)
    21fe:	8c 81       	ldd	r24, Y+4	; 0x04
    2200:	28 2f       	mov	r18, r24
    2202:	30 e0       	ldi	r19, 0x00	; 0
    2204:	3e 83       	std	Y+6, r19	; 0x06
    2206:	2d 83       	std	Y+5, r18	; 0x05
    2208:	8d 81       	ldd	r24, Y+5	; 0x05
    220a:	9e 81       	ldd	r25, Y+6	; 0x06
    220c:	00 97       	sbiw	r24, 0x00	; 0
    220e:	c9 f0       	breq	.+50     	; 0x2242 <DIO_u8SetPinValue+0x204>
    2210:	2d 81       	ldd	r18, Y+5	; 0x05
    2212:	3e 81       	ldd	r19, Y+6	; 0x06
    2214:	21 30       	cpi	r18, 0x01	; 1
    2216:	31 05       	cpc	r19, r1
    2218:	49 f5       	brne	.+82     	; 0x226c <DIO_u8SetPinValue+0x22e>
				{
					case DIO_u8_HIGH:SET_BIT(DIO_u8_PORTD_REG,Copy_u8PinId);break;
    221a:	a2 e3       	ldi	r26, 0x32	; 50
    221c:	b0 e0       	ldi	r27, 0x00	; 0
    221e:	e2 e3       	ldi	r30, 0x32	; 50
    2220:	f0 e0       	ldi	r31, 0x00	; 0
    2222:	80 81       	ld	r24, Z
    2224:	48 2f       	mov	r20, r24
    2226:	8b 81       	ldd	r24, Y+3	; 0x03
    2228:	28 2f       	mov	r18, r24
    222a:	30 e0       	ldi	r19, 0x00	; 0
    222c:	81 e0       	ldi	r24, 0x01	; 1
    222e:	90 e0       	ldi	r25, 0x00	; 0
    2230:	02 2e       	mov	r0, r18
    2232:	02 c0       	rjmp	.+4      	; 0x2238 <DIO_u8SetPinValue+0x1fa>
    2234:	88 0f       	add	r24, r24
    2236:	99 1f       	adc	r25, r25
    2238:	0a 94       	dec	r0
    223a:	e2 f7       	brpl	.-8      	; 0x2234 <DIO_u8SetPinValue+0x1f6>
    223c:	84 2b       	or	r24, r20
    223e:	8c 93       	st	X, r24
    2240:	1a c0       	rjmp	.+52     	; 0x2276 <DIO_u8SetPinValue+0x238>
					case DIO_u8_LOW: CLR_BIT(DIO_u8_PORTD_REG,Copy_u8PinId);break;
    2242:	a2 e3       	ldi	r26, 0x32	; 50
    2244:	b0 e0       	ldi	r27, 0x00	; 0
    2246:	e2 e3       	ldi	r30, 0x32	; 50
    2248:	f0 e0       	ldi	r31, 0x00	; 0
    224a:	80 81       	ld	r24, Z
    224c:	48 2f       	mov	r20, r24
    224e:	8b 81       	ldd	r24, Y+3	; 0x03
    2250:	28 2f       	mov	r18, r24
    2252:	30 e0       	ldi	r19, 0x00	; 0
    2254:	81 e0       	ldi	r24, 0x01	; 1
    2256:	90 e0       	ldi	r25, 0x00	; 0
    2258:	02 2e       	mov	r0, r18
    225a:	02 c0       	rjmp	.+4      	; 0x2260 <DIO_u8SetPinValue+0x222>
    225c:	88 0f       	add	r24, r24
    225e:	99 1f       	adc	r25, r25
    2260:	0a 94       	dec	r0
    2262:	e2 f7       	brpl	.-8      	; 0x225c <DIO_u8SetPinValue+0x21e>
    2264:	80 95       	com	r24
    2266:	84 23       	and	r24, r20
    2268:	8c 93       	st	X, r24
    226a:	05 c0       	rjmp	.+10     	; 0x2276 <DIO_u8SetPinValue+0x238>
					default : Local_u8ErrorState = STD_TYPES_NOK;
    226c:	19 82       	std	Y+1, r1	; 0x01
    226e:	03 c0       	rjmp	.+6      	; 0x2276 <DIO_u8SetPinValue+0x238>
				}
			break;
			default :
				Local_u8ErrorState = STD_TYPES_NOK;
    2270:	19 82       	std	Y+1, r1	; 0x01
    2272:	01 c0       	rjmp	.+2      	; 0x2276 <DIO_u8SetPinValue+0x238>
		}

	}
	else
	{
		Local_u8ErrorState = STD_TYPES_NOK;
    2274:	19 82       	std	Y+1, r1	; 0x01
	}
	return Local_u8ErrorState;
    2276:	89 81       	ldd	r24, Y+1	; 0x01
}
    2278:	2e 96       	adiw	r28, 0x0e	; 14
    227a:	0f b6       	in	r0, 0x3f	; 63
    227c:	f8 94       	cli
    227e:	de bf       	out	0x3e, r29	; 62
    2280:	0f be       	out	0x3f, r0	; 63
    2282:	cd bf       	out	0x3d, r28	; 61
    2284:	cf 91       	pop	r28
    2286:	df 91       	pop	r29
    2288:	08 95       	ret

0000228a <DIO_u8GetPinValue>:

u8  DIO_u8GetPinValue     (u8 Copy_u8PortId, u8 Copy_u8PinId ,u8 * Copy_pu8ReturnedPinValue)
{
    228a:	df 93       	push	r29
    228c:	cf 93       	push	r28
    228e:	cd b7       	in	r28, 0x3d	; 61
    2290:	de b7       	in	r29, 0x3e	; 62
    2292:	28 97       	sbiw	r28, 0x08	; 8
    2294:	0f b6       	in	r0, 0x3f	; 63
    2296:	f8 94       	cli
    2298:	de bf       	out	0x3e, r29	; 62
    229a:	0f be       	out	0x3f, r0	; 63
    229c:	cd bf       	out	0x3d, r28	; 61
    229e:	8b 83       	std	Y+3, r24	; 0x03
    22a0:	6c 83       	std	Y+4, r22	; 0x04
    22a2:	5e 83       	std	Y+6, r21	; 0x06
    22a4:	4d 83       	std	Y+5, r20	; 0x05
	u8 Local_u8ErrorState = STD_TYPES_OK;
    22a6:	81 e0       	ldi	r24, 0x01	; 1
    22a8:	8a 83       	std	Y+2, r24	; 0x02
	u8 PIN_PORT_VAL;
	//ADD CODE HERE
	if(&Copy_u8PortId != NULL)
    22aa:	ce 01       	movw	r24, r28
    22ac:	03 96       	adiw	r24, 0x03	; 3
    22ae:	00 97       	sbiw	r24, 0x00	; 0
    22b0:	09 f4       	brne	.+2      	; 0x22b4 <DIO_u8GetPinValue+0x2a>
    22b2:	7b c0       	rjmp	.+246    	; 0x23aa <DIO_u8GetPinValue+0x120>
	{
		switch (Copy_u8PortId)
    22b4:	8b 81       	ldd	r24, Y+3	; 0x03
    22b6:	28 2f       	mov	r18, r24
    22b8:	30 e0       	ldi	r19, 0x00	; 0
    22ba:	38 87       	std	Y+8, r19	; 0x08
    22bc:	2f 83       	std	Y+7, r18	; 0x07
    22be:	4f 81       	ldd	r20, Y+7	; 0x07
    22c0:	58 85       	ldd	r21, Y+8	; 0x08
    22c2:	41 30       	cpi	r20, 0x01	; 1
    22c4:	51 05       	cpc	r21, r1
    22c6:	69 f1       	breq	.+90     	; 0x2322 <DIO_u8GetPinValue+0x98>
    22c8:	8f 81       	ldd	r24, Y+7	; 0x07
    22ca:	98 85       	ldd	r25, Y+8	; 0x08
    22cc:	82 30       	cpi	r24, 0x02	; 2
    22ce:	91 05       	cpc	r25, r1
    22d0:	34 f4       	brge	.+12     	; 0x22de <DIO_u8GetPinValue+0x54>
    22d2:	2f 81       	ldd	r18, Y+7	; 0x07
    22d4:	38 85       	ldd	r19, Y+8	; 0x08
    22d6:	21 15       	cp	r18, r1
    22d8:	31 05       	cpc	r19, r1
    22da:	69 f0       	breq	.+26     	; 0x22f6 <DIO_u8GetPinValue+0x6c>
    22dc:	64 c0       	rjmp	.+200    	; 0x23a6 <DIO_u8GetPinValue+0x11c>
    22de:	4f 81       	ldd	r20, Y+7	; 0x07
    22e0:	58 85       	ldd	r21, Y+8	; 0x08
    22e2:	42 30       	cpi	r20, 0x02	; 2
    22e4:	51 05       	cpc	r21, r1
    22e6:	99 f1       	breq	.+102    	; 0x234e <DIO_u8GetPinValue+0xc4>
    22e8:	8f 81       	ldd	r24, Y+7	; 0x07
    22ea:	98 85       	ldd	r25, Y+8	; 0x08
    22ec:	83 30       	cpi	r24, 0x03	; 3
    22ee:	91 05       	cpc	r25, r1
    22f0:	09 f4       	brne	.+2      	; 0x22f4 <DIO_u8GetPinValue+0x6a>
    22f2:	43 c0       	rjmp	.+134    	; 0x237a <DIO_u8GetPinValue+0xf0>
    22f4:	58 c0       	rjmp	.+176    	; 0x23a6 <DIO_u8GetPinValue+0x11c>
		{
			case DIO_u8_PORTA:
				              PIN_PORT_VAL = DIO_u8_PINA_REG;
    22f6:	e9 e3       	ldi	r30, 0x39	; 57
    22f8:	f0 e0       	ldi	r31, 0x00	; 0
    22fa:	80 81       	ld	r24, Z
    22fc:	89 83       	std	Y+1, r24	; 0x01
				              *Copy_pu8ReturnedPinValue = GET_BIT(PIN_PORT_VAL,Copy_u8PinId);
    22fe:	89 81       	ldd	r24, Y+1	; 0x01
    2300:	28 2f       	mov	r18, r24
    2302:	30 e0       	ldi	r19, 0x00	; 0
    2304:	8c 81       	ldd	r24, Y+4	; 0x04
    2306:	88 2f       	mov	r24, r24
    2308:	90 e0       	ldi	r25, 0x00	; 0
    230a:	a9 01       	movw	r20, r18
    230c:	02 c0       	rjmp	.+4      	; 0x2312 <DIO_u8GetPinValue+0x88>
    230e:	55 95       	asr	r21
    2310:	47 95       	ror	r20
    2312:	8a 95       	dec	r24
    2314:	e2 f7       	brpl	.-8      	; 0x230e <DIO_u8GetPinValue+0x84>
    2316:	ca 01       	movw	r24, r20
    2318:	81 70       	andi	r24, 0x01	; 1
    231a:	ed 81       	ldd	r30, Y+5	; 0x05
    231c:	fe 81       	ldd	r31, Y+6	; 0x06
    231e:	80 83       	st	Z, r24
    2320:	45 c0       	rjmp	.+138    	; 0x23ac <DIO_u8GetPinValue+0x122>
				              break;
			case DIO_u8_PORTB:
	                          PIN_PORT_VAL = DIO_u8_PINB_REG;
    2322:	e6 e3       	ldi	r30, 0x36	; 54
    2324:	f0 e0       	ldi	r31, 0x00	; 0
    2326:	80 81       	ld	r24, Z
    2328:	89 83       	std	Y+1, r24	; 0x01
	                          *Copy_pu8ReturnedPinValue = GET_BIT(PIN_PORT_VAL,Copy_u8PinId);
    232a:	89 81       	ldd	r24, Y+1	; 0x01
    232c:	28 2f       	mov	r18, r24
    232e:	30 e0       	ldi	r19, 0x00	; 0
    2330:	8c 81       	ldd	r24, Y+4	; 0x04
    2332:	88 2f       	mov	r24, r24
    2334:	90 e0       	ldi	r25, 0x00	; 0
    2336:	a9 01       	movw	r20, r18
    2338:	02 c0       	rjmp	.+4      	; 0x233e <DIO_u8GetPinValue+0xb4>
    233a:	55 95       	asr	r21
    233c:	47 95       	ror	r20
    233e:	8a 95       	dec	r24
    2340:	e2 f7       	brpl	.-8      	; 0x233a <DIO_u8GetPinValue+0xb0>
    2342:	ca 01       	movw	r24, r20
    2344:	81 70       	andi	r24, 0x01	; 1
    2346:	ed 81       	ldd	r30, Y+5	; 0x05
    2348:	fe 81       	ldd	r31, Y+6	; 0x06
    234a:	80 83       	st	Z, r24
    234c:	2f c0       	rjmp	.+94     	; 0x23ac <DIO_u8GetPinValue+0x122>
	                          break;
			case DIO_u8_PORTC:
                              PIN_PORT_VAL = DIO_u8_PINC_REG;
    234e:	e3 e3       	ldi	r30, 0x33	; 51
    2350:	f0 e0       	ldi	r31, 0x00	; 0
    2352:	80 81       	ld	r24, Z
    2354:	89 83       	std	Y+1, r24	; 0x01
                              *Copy_pu8ReturnedPinValue = GET_BIT(PIN_PORT_VAL,Copy_u8PinId);
    2356:	89 81       	ldd	r24, Y+1	; 0x01
    2358:	28 2f       	mov	r18, r24
    235a:	30 e0       	ldi	r19, 0x00	; 0
    235c:	8c 81       	ldd	r24, Y+4	; 0x04
    235e:	88 2f       	mov	r24, r24
    2360:	90 e0       	ldi	r25, 0x00	; 0
    2362:	a9 01       	movw	r20, r18
    2364:	02 c0       	rjmp	.+4      	; 0x236a <DIO_u8GetPinValue+0xe0>
    2366:	55 95       	asr	r21
    2368:	47 95       	ror	r20
    236a:	8a 95       	dec	r24
    236c:	e2 f7       	brpl	.-8      	; 0x2366 <DIO_u8GetPinValue+0xdc>
    236e:	ca 01       	movw	r24, r20
    2370:	81 70       	andi	r24, 0x01	; 1
    2372:	ed 81       	ldd	r30, Y+5	; 0x05
    2374:	fe 81       	ldd	r31, Y+6	; 0x06
    2376:	80 83       	st	Z, r24
    2378:	19 c0       	rjmp	.+50     	; 0x23ac <DIO_u8GetPinValue+0x122>
                              break;
			case DIO_u8_PORTD:
                              PIN_PORT_VAL = DIO_u8_PIND_REG;
    237a:	e0 e3       	ldi	r30, 0x30	; 48
    237c:	f0 e0       	ldi	r31, 0x00	; 0
    237e:	80 81       	ld	r24, Z
    2380:	89 83       	std	Y+1, r24	; 0x01
                              *Copy_pu8ReturnedPinValue = GET_BIT(PIN_PORT_VAL,Copy_u8PinId);
    2382:	89 81       	ldd	r24, Y+1	; 0x01
    2384:	28 2f       	mov	r18, r24
    2386:	30 e0       	ldi	r19, 0x00	; 0
    2388:	8c 81       	ldd	r24, Y+4	; 0x04
    238a:	88 2f       	mov	r24, r24
    238c:	90 e0       	ldi	r25, 0x00	; 0
    238e:	a9 01       	movw	r20, r18
    2390:	02 c0       	rjmp	.+4      	; 0x2396 <DIO_u8GetPinValue+0x10c>
    2392:	55 95       	asr	r21
    2394:	47 95       	ror	r20
    2396:	8a 95       	dec	r24
    2398:	e2 f7       	brpl	.-8      	; 0x2392 <DIO_u8GetPinValue+0x108>
    239a:	ca 01       	movw	r24, r20
    239c:	81 70       	andi	r24, 0x01	; 1
    239e:	ed 81       	ldd	r30, Y+5	; 0x05
    23a0:	fe 81       	ldd	r31, Y+6	; 0x06
    23a2:	80 83       	st	Z, r24
    23a4:	03 c0       	rjmp	.+6      	; 0x23ac <DIO_u8GetPinValue+0x122>
                              break;
			default : Local_u8ErrorState = STD_TYPES_NOK;
    23a6:	1a 82       	std	Y+2, r1	; 0x02
    23a8:	01 c0       	rjmp	.+2      	; 0x23ac <DIO_u8GetPinValue+0x122>
		}
	}
	else
	{
		Local_u8ErrorState = STD_TYPES_NOK;
    23aa:	1a 82       	std	Y+2, r1	; 0x02
	}
	return Local_u8ErrorState;
    23ac:	8a 81       	ldd	r24, Y+2	; 0x02
}
    23ae:	28 96       	adiw	r28, 0x08	; 8
    23b0:	0f b6       	in	r0, 0x3f	; 63
    23b2:	f8 94       	cli
    23b4:	de bf       	out	0x3e, r29	; 62
    23b6:	0f be       	out	0x3f, r0	; 63
    23b8:	cd bf       	out	0x3d, r28	; 61
    23ba:	cf 91       	pop	r28
    23bc:	df 91       	pop	r29
    23be:	08 95       	ret

000023c0 <DIO_u8SetPortDirection>:

u8  DIO_u8SetPortDirection(u8 Copy_u8PortId, u8 Copy_u8PortDirection)
{
    23c0:	df 93       	push	r29
    23c2:	cf 93       	push	r28
    23c4:	cd b7       	in	r28, 0x3d	; 61
    23c6:	de b7       	in	r29, 0x3e	; 62
    23c8:	2d 97       	sbiw	r28, 0x0d	; 13
    23ca:	0f b6       	in	r0, 0x3f	; 63
    23cc:	f8 94       	cli
    23ce:	de bf       	out	0x3e, r29	; 62
    23d0:	0f be       	out	0x3f, r0	; 63
    23d2:	cd bf       	out	0x3d, r28	; 61
    23d4:	8a 83       	std	Y+2, r24	; 0x02
    23d6:	6b 83       	std	Y+3, r22	; 0x03
	u8 Local_u8ErrorState = STD_TYPES_OK;
    23d8:	81 e0       	ldi	r24, 0x01	; 1
    23da:	89 83       	std	Y+1, r24	; 0x01
	if((Copy_u8PortDirection == DIO_u8_OUTPUT) || (Copy_u8PortDirection == DIO_u8_INPUT))
    23dc:	8b 81       	ldd	r24, Y+3	; 0x03
    23de:	81 30       	cpi	r24, 0x01	; 1
    23e0:	21 f0       	breq	.+8      	; 0x23ea <DIO_u8SetPortDirection+0x2a>
    23e2:	8b 81       	ldd	r24, Y+3	; 0x03
    23e4:	88 23       	and	r24, r24
    23e6:	09 f0       	breq	.+2      	; 0x23ea <DIO_u8SetPortDirection+0x2a>
    23e8:	7f c0       	rjmp	.+254    	; 0x24e8 <DIO_u8SetPortDirection+0x128>
	{
		switch (Copy_u8PortId)
    23ea:	8a 81       	ldd	r24, Y+2	; 0x02
    23ec:	28 2f       	mov	r18, r24
    23ee:	30 e0       	ldi	r19, 0x00	; 0
    23f0:	3d 87       	std	Y+13, r19	; 0x0d
    23f2:	2c 87       	std	Y+12, r18	; 0x0c
    23f4:	8c 85       	ldd	r24, Y+12	; 0x0c
    23f6:	9d 85       	ldd	r25, Y+13	; 0x0d
    23f8:	81 30       	cpi	r24, 0x01	; 1
    23fa:	91 05       	cpc	r25, r1
    23fc:	71 f1       	breq	.+92     	; 0x245a <DIO_u8SetPortDirection+0x9a>
    23fe:	2c 85       	ldd	r18, Y+12	; 0x0c
    2400:	3d 85       	ldd	r19, Y+13	; 0x0d
    2402:	22 30       	cpi	r18, 0x02	; 2
    2404:	31 05       	cpc	r19, r1
    2406:	2c f4       	brge	.+10     	; 0x2412 <DIO_u8SetPortDirection+0x52>
    2408:	8c 85       	ldd	r24, Y+12	; 0x0c
    240a:	9d 85       	ldd	r25, Y+13	; 0x0d
    240c:	00 97       	sbiw	r24, 0x00	; 0
    240e:	69 f0       	breq	.+26     	; 0x242a <DIO_u8SetPortDirection+0x6a>
    2410:	69 c0       	rjmp	.+210    	; 0x24e4 <DIO_u8SetPortDirection+0x124>
    2412:	2c 85       	ldd	r18, Y+12	; 0x0c
    2414:	3d 85       	ldd	r19, Y+13	; 0x0d
    2416:	22 30       	cpi	r18, 0x02	; 2
    2418:	31 05       	cpc	r19, r1
    241a:	b1 f1       	breq	.+108    	; 0x2488 <DIO_u8SetPortDirection+0xc8>
    241c:	8c 85       	ldd	r24, Y+12	; 0x0c
    241e:	9d 85       	ldd	r25, Y+13	; 0x0d
    2420:	83 30       	cpi	r24, 0x03	; 3
    2422:	91 05       	cpc	r25, r1
    2424:	09 f4       	brne	.+2      	; 0x2428 <DIO_u8SetPortDirection+0x68>
    2426:	47 c0       	rjmp	.+142    	; 0x24b6 <DIO_u8SetPortDirection+0xf6>
    2428:	5d c0       	rjmp	.+186    	; 0x24e4 <DIO_u8SetPortDirection+0x124>
		{
			case DIO_u8_PORTA:
				switch (Copy_u8PortDirection)
    242a:	8b 81       	ldd	r24, Y+3	; 0x03
    242c:	28 2f       	mov	r18, r24
    242e:	30 e0       	ldi	r19, 0x00	; 0
    2430:	3b 87       	std	Y+11, r19	; 0x0b
    2432:	2a 87       	std	Y+10, r18	; 0x0a
    2434:	8a 85       	ldd	r24, Y+10	; 0x0a
    2436:	9b 85       	ldd	r25, Y+11	; 0x0b
    2438:	00 97       	sbiw	r24, 0x00	; 0
    243a:	59 f0       	breq	.+22     	; 0x2452 <DIO_u8SetPortDirection+0x92>
    243c:	2a 85       	ldd	r18, Y+10	; 0x0a
    243e:	3b 85       	ldd	r19, Y+11	; 0x0b
    2440:	21 30       	cpi	r18, 0x01	; 1
    2442:	31 05       	cpc	r19, r1
    2444:	09 f0       	breq	.+2      	; 0x2448 <DIO_u8SetPortDirection+0x88>
    2446:	51 c0       	rjmp	.+162    	; 0x24ea <DIO_u8SetPortDirection+0x12a>
				{
					case DIO_u8_OUTPUT:DIO_u8_DDRA_REG = 0xff;break;
    2448:	ea e3       	ldi	r30, 0x3A	; 58
    244a:	f0 e0       	ldi	r31, 0x00	; 0
    244c:	8f ef       	ldi	r24, 0xFF	; 255
    244e:	80 83       	st	Z, r24
    2450:	4c c0       	rjmp	.+152    	; 0x24ea <DIO_u8SetPortDirection+0x12a>
					case DIO_u8_INPUT :DIO_u8_DDRA_REG = 0x00;break;
    2452:	ea e3       	ldi	r30, 0x3A	; 58
    2454:	f0 e0       	ldi	r31, 0x00	; 0
    2456:	10 82       	st	Z, r1
    2458:	48 c0       	rjmp	.+144    	; 0x24ea <DIO_u8SetPortDirection+0x12a>
				}
			break;
			case DIO_u8_PORTB:
				switch (Copy_u8PortDirection)
    245a:	8b 81       	ldd	r24, Y+3	; 0x03
    245c:	28 2f       	mov	r18, r24
    245e:	30 e0       	ldi	r19, 0x00	; 0
    2460:	39 87       	std	Y+9, r19	; 0x09
    2462:	28 87       	std	Y+8, r18	; 0x08
    2464:	88 85       	ldd	r24, Y+8	; 0x08
    2466:	99 85       	ldd	r25, Y+9	; 0x09
    2468:	00 97       	sbiw	r24, 0x00	; 0
    246a:	51 f0       	breq	.+20     	; 0x2480 <DIO_u8SetPortDirection+0xc0>
    246c:	28 85       	ldd	r18, Y+8	; 0x08
    246e:	39 85       	ldd	r19, Y+9	; 0x09
    2470:	21 30       	cpi	r18, 0x01	; 1
    2472:	31 05       	cpc	r19, r1
    2474:	d1 f5       	brne	.+116    	; 0x24ea <DIO_u8SetPortDirection+0x12a>
				{
					case DIO_u8_OUTPUT:DIO_u8_DDRB_REG = 0xff;break;
    2476:	e7 e3       	ldi	r30, 0x37	; 55
    2478:	f0 e0       	ldi	r31, 0x00	; 0
    247a:	8f ef       	ldi	r24, 0xFF	; 255
    247c:	80 83       	st	Z, r24
    247e:	35 c0       	rjmp	.+106    	; 0x24ea <DIO_u8SetPortDirection+0x12a>
					case DIO_u8_INPUT :DIO_u8_DDRB_REG = 0x00;break;
    2480:	e7 e3       	ldi	r30, 0x37	; 55
    2482:	f0 e0       	ldi	r31, 0x00	; 0
    2484:	10 82       	st	Z, r1
    2486:	31 c0       	rjmp	.+98     	; 0x24ea <DIO_u8SetPortDirection+0x12a>
				}
			break;
			case DIO_u8_PORTC:
				switch (Copy_u8PortDirection)
    2488:	8b 81       	ldd	r24, Y+3	; 0x03
    248a:	28 2f       	mov	r18, r24
    248c:	30 e0       	ldi	r19, 0x00	; 0
    248e:	3f 83       	std	Y+7, r19	; 0x07
    2490:	2e 83       	std	Y+6, r18	; 0x06
    2492:	8e 81       	ldd	r24, Y+6	; 0x06
    2494:	9f 81       	ldd	r25, Y+7	; 0x07
    2496:	00 97       	sbiw	r24, 0x00	; 0
    2498:	51 f0       	breq	.+20     	; 0x24ae <DIO_u8SetPortDirection+0xee>
    249a:	2e 81       	ldd	r18, Y+6	; 0x06
    249c:	3f 81       	ldd	r19, Y+7	; 0x07
    249e:	21 30       	cpi	r18, 0x01	; 1
    24a0:	31 05       	cpc	r19, r1
    24a2:	19 f5       	brne	.+70     	; 0x24ea <DIO_u8SetPortDirection+0x12a>
				{
					case DIO_u8_OUTPUT:DIO_u8_DDRC_REG = 0xff;break;
    24a4:	e4 e3       	ldi	r30, 0x34	; 52
    24a6:	f0 e0       	ldi	r31, 0x00	; 0
    24a8:	8f ef       	ldi	r24, 0xFF	; 255
    24aa:	80 83       	st	Z, r24
    24ac:	1e c0       	rjmp	.+60     	; 0x24ea <DIO_u8SetPortDirection+0x12a>
					case DIO_u8_INPUT :DIO_u8_DDRC_REG = 0x00;break;
    24ae:	e4 e3       	ldi	r30, 0x34	; 52
    24b0:	f0 e0       	ldi	r31, 0x00	; 0
    24b2:	10 82       	st	Z, r1
    24b4:	1a c0       	rjmp	.+52     	; 0x24ea <DIO_u8SetPortDirection+0x12a>
				}
			break;
			case DIO_u8_PORTD:
				switch (Copy_u8PortDirection)
    24b6:	8b 81       	ldd	r24, Y+3	; 0x03
    24b8:	28 2f       	mov	r18, r24
    24ba:	30 e0       	ldi	r19, 0x00	; 0
    24bc:	3d 83       	std	Y+5, r19	; 0x05
    24be:	2c 83       	std	Y+4, r18	; 0x04
    24c0:	8c 81       	ldd	r24, Y+4	; 0x04
    24c2:	9d 81       	ldd	r25, Y+5	; 0x05
    24c4:	00 97       	sbiw	r24, 0x00	; 0
    24c6:	51 f0       	breq	.+20     	; 0x24dc <DIO_u8SetPortDirection+0x11c>
    24c8:	2c 81       	ldd	r18, Y+4	; 0x04
    24ca:	3d 81       	ldd	r19, Y+5	; 0x05
    24cc:	21 30       	cpi	r18, 0x01	; 1
    24ce:	31 05       	cpc	r19, r1
    24d0:	61 f4       	brne	.+24     	; 0x24ea <DIO_u8SetPortDirection+0x12a>
				{
					case DIO_u8_OUTPUT:DIO_u8_DDRD_REG = 0xff;break;
    24d2:	e1 e3       	ldi	r30, 0x31	; 49
    24d4:	f0 e0       	ldi	r31, 0x00	; 0
    24d6:	8f ef       	ldi	r24, 0xFF	; 255
    24d8:	80 83       	st	Z, r24
    24da:	07 c0       	rjmp	.+14     	; 0x24ea <DIO_u8SetPortDirection+0x12a>
					case DIO_u8_INPUT :DIO_u8_DDRD_REG = 0x00;break;
    24dc:	e1 e3       	ldi	r30, 0x31	; 49
    24de:	f0 e0       	ldi	r31, 0x00	; 0
    24e0:	10 82       	st	Z, r1
    24e2:	03 c0       	rjmp	.+6      	; 0x24ea <DIO_u8SetPortDirection+0x12a>
				}
			break;
			default :Local_u8ErrorState = STD_TYPES_NOK;
    24e4:	19 82       	std	Y+1, r1	; 0x01
    24e6:	01 c0       	rjmp	.+2      	; 0x24ea <DIO_u8SetPortDirection+0x12a>
		}
	}
	else
	{
		Local_u8ErrorState = STD_TYPES_NOK;
    24e8:	19 82       	std	Y+1, r1	; 0x01
	}
	return Local_u8ErrorState;
    24ea:	89 81       	ldd	r24, Y+1	; 0x01
}
    24ec:	2d 96       	adiw	r28, 0x0d	; 13
    24ee:	0f b6       	in	r0, 0x3f	; 63
    24f0:	f8 94       	cli
    24f2:	de bf       	out	0x3e, r29	; 62
    24f4:	0f be       	out	0x3f, r0	; 63
    24f6:	cd bf       	out	0x3d, r28	; 61
    24f8:	cf 91       	pop	r28
    24fa:	df 91       	pop	r29
    24fc:	08 95       	ret

000024fe <DIO_u8SetPortValue>:

u8  DIO_u8SetPortValue    (u8 Copy_u8PortId, u8 Copy_u8PortValue)
{
    24fe:	df 93       	push	r29
    2500:	cf 93       	push	r28
    2502:	00 d0       	rcall	.+0      	; 0x2504 <DIO_u8SetPortValue+0x6>
    2504:	00 d0       	rcall	.+0      	; 0x2506 <DIO_u8SetPortValue+0x8>
    2506:	0f 92       	push	r0
    2508:	cd b7       	in	r28, 0x3d	; 61
    250a:	de b7       	in	r29, 0x3e	; 62
    250c:	8a 83       	std	Y+2, r24	; 0x02
    250e:	6b 83       	std	Y+3, r22	; 0x03
	u8 Local_u8ErrorState = STD_TYPES_OK;
    2510:	81 e0       	ldi	r24, 0x01	; 1
    2512:	89 83       	std	Y+1, r24	; 0x01
	switch (Copy_u8PortId)
    2514:	8a 81       	ldd	r24, Y+2	; 0x02
    2516:	28 2f       	mov	r18, r24
    2518:	30 e0       	ldi	r19, 0x00	; 0
    251a:	3d 83       	std	Y+5, r19	; 0x05
    251c:	2c 83       	std	Y+4, r18	; 0x04
    251e:	8c 81       	ldd	r24, Y+4	; 0x04
    2520:	9d 81       	ldd	r25, Y+5	; 0x05
    2522:	81 30       	cpi	r24, 0x01	; 1
    2524:	91 05       	cpc	r25, r1
    2526:	d1 f0       	breq	.+52     	; 0x255c <DIO_u8SetPortValue+0x5e>
    2528:	2c 81       	ldd	r18, Y+4	; 0x04
    252a:	3d 81       	ldd	r19, Y+5	; 0x05
    252c:	22 30       	cpi	r18, 0x02	; 2
    252e:	31 05       	cpc	r19, r1
    2530:	2c f4       	brge	.+10     	; 0x253c <DIO_u8SetPortValue+0x3e>
    2532:	8c 81       	ldd	r24, Y+4	; 0x04
    2534:	9d 81       	ldd	r25, Y+5	; 0x05
    2536:	00 97       	sbiw	r24, 0x00	; 0
    2538:	61 f0       	breq	.+24     	; 0x2552 <DIO_u8SetPortValue+0x54>
    253a:	1f c0       	rjmp	.+62     	; 0x257a <DIO_u8SetPortValue+0x7c>
    253c:	2c 81       	ldd	r18, Y+4	; 0x04
    253e:	3d 81       	ldd	r19, Y+5	; 0x05
    2540:	22 30       	cpi	r18, 0x02	; 2
    2542:	31 05       	cpc	r19, r1
    2544:	81 f0       	breq	.+32     	; 0x2566 <DIO_u8SetPortValue+0x68>
    2546:	8c 81       	ldd	r24, Y+4	; 0x04
    2548:	9d 81       	ldd	r25, Y+5	; 0x05
    254a:	83 30       	cpi	r24, 0x03	; 3
    254c:	91 05       	cpc	r25, r1
    254e:	81 f0       	breq	.+32     	; 0x2570 <DIO_u8SetPortValue+0x72>
    2550:	14 c0       	rjmp	.+40     	; 0x257a <DIO_u8SetPortValue+0x7c>
	{
		case DIO_u8_PORTA:DIO_u8_PORTA_REG = Copy_u8PortValue;break;
    2552:	eb e3       	ldi	r30, 0x3B	; 59
    2554:	f0 e0       	ldi	r31, 0x00	; 0
    2556:	8b 81       	ldd	r24, Y+3	; 0x03
    2558:	80 83       	st	Z, r24
    255a:	10 c0       	rjmp	.+32     	; 0x257c <DIO_u8SetPortValue+0x7e>
		case DIO_u8_PORTB:DIO_u8_PORTB_REG = Copy_u8PortValue;break;
    255c:	e8 e3       	ldi	r30, 0x38	; 56
    255e:	f0 e0       	ldi	r31, 0x00	; 0
    2560:	8b 81       	ldd	r24, Y+3	; 0x03
    2562:	80 83       	st	Z, r24
    2564:	0b c0       	rjmp	.+22     	; 0x257c <DIO_u8SetPortValue+0x7e>
		case DIO_u8_PORTC:DIO_u8_PORTC_REG = Copy_u8PortValue;break;
    2566:	e5 e3       	ldi	r30, 0x35	; 53
    2568:	f0 e0       	ldi	r31, 0x00	; 0
    256a:	8b 81       	ldd	r24, Y+3	; 0x03
    256c:	80 83       	st	Z, r24
    256e:	06 c0       	rjmp	.+12     	; 0x257c <DIO_u8SetPortValue+0x7e>
		case DIO_u8_PORTD:DIO_u8_PORTD_REG = Copy_u8PortValue;break;
    2570:	e2 e3       	ldi	r30, 0x32	; 50
    2572:	f0 e0       	ldi	r31, 0x00	; 0
    2574:	8b 81       	ldd	r24, Y+3	; 0x03
    2576:	80 83       	st	Z, r24
    2578:	01 c0       	rjmp	.+2      	; 0x257c <DIO_u8SetPortValue+0x7e>
		default : Local_u8ErrorState = STD_TYPES_NOK;
    257a:	19 82       	std	Y+1, r1	; 0x01
	}
	return Local_u8ErrorState;
    257c:	89 81       	ldd	r24, Y+1	; 0x01
}
    257e:	0f 90       	pop	r0
    2580:	0f 90       	pop	r0
    2582:	0f 90       	pop	r0
    2584:	0f 90       	pop	r0
    2586:	0f 90       	pop	r0
    2588:	cf 91       	pop	r28
    258a:	df 91       	pop	r29
    258c:	08 95       	ret

0000258e <DIO_u8GetPortValue>:

u8  DIO_u8GetPortValue    (u8 Copy_u8PortId, u8 * Copy_pu8ReturnedPortValue)
{
    258e:	df 93       	push	r29
    2590:	cf 93       	push	r28
    2592:	00 d0       	rcall	.+0      	; 0x2594 <DIO_u8GetPortValue+0x6>
    2594:	00 d0       	rcall	.+0      	; 0x2596 <DIO_u8GetPortValue+0x8>
    2596:	00 d0       	rcall	.+0      	; 0x2598 <DIO_u8GetPortValue+0xa>
    2598:	cd b7       	in	r28, 0x3d	; 61
    259a:	de b7       	in	r29, 0x3e	; 62
    259c:	8a 83       	std	Y+2, r24	; 0x02
    259e:	7c 83       	std	Y+4, r23	; 0x04
    25a0:	6b 83       	std	Y+3, r22	; 0x03
	u8 Local_u8ErrorState = STD_TYPES_OK;
    25a2:	81 e0       	ldi	r24, 0x01	; 1
    25a4:	89 83       	std	Y+1, r24	; 0x01
	if( Copy_pu8ReturnedPortValue != NULL)
    25a6:	8b 81       	ldd	r24, Y+3	; 0x03
    25a8:	9c 81       	ldd	r25, Y+4	; 0x04
    25aa:	00 97       	sbiw	r24, 0x00	; 0
    25ac:	e9 f1       	breq	.+122    	; 0x2628 <DIO_u8GetPortValue+0x9a>
	{
		switch (Copy_u8PortId)
    25ae:	8a 81       	ldd	r24, Y+2	; 0x02
    25b0:	28 2f       	mov	r18, r24
    25b2:	30 e0       	ldi	r19, 0x00	; 0
    25b4:	3e 83       	std	Y+6, r19	; 0x06
    25b6:	2d 83       	std	Y+5, r18	; 0x05
    25b8:	8d 81       	ldd	r24, Y+5	; 0x05
    25ba:	9e 81       	ldd	r25, Y+6	; 0x06
    25bc:	81 30       	cpi	r24, 0x01	; 1
    25be:	91 05       	cpc	r25, r1
    25c0:	e1 f0       	breq	.+56     	; 0x25fa <DIO_u8GetPortValue+0x6c>
    25c2:	2d 81       	ldd	r18, Y+5	; 0x05
    25c4:	3e 81       	ldd	r19, Y+6	; 0x06
    25c6:	22 30       	cpi	r18, 0x02	; 2
    25c8:	31 05       	cpc	r19, r1
    25ca:	2c f4       	brge	.+10     	; 0x25d6 <DIO_u8GetPortValue+0x48>
    25cc:	8d 81       	ldd	r24, Y+5	; 0x05
    25ce:	9e 81       	ldd	r25, Y+6	; 0x06
    25d0:	00 97       	sbiw	r24, 0x00	; 0
    25d2:	61 f0       	breq	.+24     	; 0x25ec <DIO_u8GetPortValue+0x5e>
    25d4:	27 c0       	rjmp	.+78     	; 0x2624 <DIO_u8GetPortValue+0x96>
    25d6:	2d 81       	ldd	r18, Y+5	; 0x05
    25d8:	3e 81       	ldd	r19, Y+6	; 0x06
    25da:	22 30       	cpi	r18, 0x02	; 2
    25dc:	31 05       	cpc	r19, r1
    25de:	a1 f0       	breq	.+40     	; 0x2608 <DIO_u8GetPortValue+0x7a>
    25e0:	8d 81       	ldd	r24, Y+5	; 0x05
    25e2:	9e 81       	ldd	r25, Y+6	; 0x06
    25e4:	83 30       	cpi	r24, 0x03	; 3
    25e6:	91 05       	cpc	r25, r1
    25e8:	b1 f0       	breq	.+44     	; 0x2616 <DIO_u8GetPortValue+0x88>
    25ea:	1c c0       	rjmp	.+56     	; 0x2624 <DIO_u8GetPortValue+0x96>
		{
			case DIO_u8_PORTA: *Copy_pu8ReturnedPortValue = DIO_u8_PINA_REG;break;
    25ec:	e9 e3       	ldi	r30, 0x39	; 57
    25ee:	f0 e0       	ldi	r31, 0x00	; 0
    25f0:	80 81       	ld	r24, Z
    25f2:	eb 81       	ldd	r30, Y+3	; 0x03
    25f4:	fc 81       	ldd	r31, Y+4	; 0x04
    25f6:	80 83       	st	Z, r24
    25f8:	18 c0       	rjmp	.+48     	; 0x262a <DIO_u8GetPortValue+0x9c>
			case DIO_u8_PORTB: *Copy_pu8ReturnedPortValue = DIO_u8_PINB_REG;break;
    25fa:	e6 e3       	ldi	r30, 0x36	; 54
    25fc:	f0 e0       	ldi	r31, 0x00	; 0
    25fe:	80 81       	ld	r24, Z
    2600:	eb 81       	ldd	r30, Y+3	; 0x03
    2602:	fc 81       	ldd	r31, Y+4	; 0x04
    2604:	80 83       	st	Z, r24
    2606:	11 c0       	rjmp	.+34     	; 0x262a <DIO_u8GetPortValue+0x9c>
			case DIO_u8_PORTC: *Copy_pu8ReturnedPortValue = DIO_u8_PINC_REG;break;
    2608:	e3 e3       	ldi	r30, 0x33	; 51
    260a:	f0 e0       	ldi	r31, 0x00	; 0
    260c:	80 81       	ld	r24, Z
    260e:	eb 81       	ldd	r30, Y+3	; 0x03
    2610:	fc 81       	ldd	r31, Y+4	; 0x04
    2612:	80 83       	st	Z, r24
    2614:	0a c0       	rjmp	.+20     	; 0x262a <DIO_u8GetPortValue+0x9c>
			case DIO_u8_PORTD: *Copy_pu8ReturnedPortValue = DIO_u8_PIND_REG;break;
    2616:	e0 e3       	ldi	r30, 0x30	; 48
    2618:	f0 e0       	ldi	r31, 0x00	; 0
    261a:	80 81       	ld	r24, Z
    261c:	eb 81       	ldd	r30, Y+3	; 0x03
    261e:	fc 81       	ldd	r31, Y+4	; 0x04
    2620:	80 83       	st	Z, r24
    2622:	03 c0       	rjmp	.+6      	; 0x262a <DIO_u8GetPortValue+0x9c>
			default : Local_u8ErrorState = STD_TYPES_NOK;
    2624:	19 82       	std	Y+1, r1	; 0x01
    2626:	01 c0       	rjmp	.+2      	; 0x262a <DIO_u8GetPortValue+0x9c>
		}
	}
	else
	{
		Local_u8ErrorState = STD_TYPES_NOK;
    2628:	19 82       	std	Y+1, r1	; 0x01
	}
	return Local_u8ErrorState;
    262a:	89 81       	ldd	r24, Y+1	; 0x01
}
    262c:	26 96       	adiw	r28, 0x06	; 6
    262e:	0f b6       	in	r0, 0x3f	; 63
    2630:	f8 94       	cli
    2632:	de bf       	out	0x3e, r29	; 62
    2634:	0f be       	out	0x3f, r0	; 63
    2636:	cd bf       	out	0x3d, r28	; 61
    2638:	cf 91       	pop	r28
    263a:	df 91       	pop	r29
    263c:	08 95       	ret

0000263e <ADC_voidInit>:
#include "ADC_interface.h"
#include "ADC_config.h"
#include "ADC_private.h"

void ADC_voidInit()
{
    263e:	df 93       	push	r29
    2640:	cf 93       	push	r28
    2642:	cd b7       	in	r28, 0x3d	; 61
    2644:	de b7       	in	r29, 0x3e	; 62
	// Clock config
	CLR_BIT(ADC_u8_ADCSRA,ADC_u8_ADCSRA_ADPS0);
    2646:	a6 e2       	ldi	r26, 0x26	; 38
    2648:	b0 e0       	ldi	r27, 0x00	; 0
    264a:	e6 e2       	ldi	r30, 0x26	; 38
    264c:	f0 e0       	ldi	r31, 0x00	; 0
    264e:	80 81       	ld	r24, Z
    2650:	8e 7f       	andi	r24, 0xFE	; 254
    2652:	8c 93       	st	X, r24
	CLR_BIT(ADC_u8_ADCSRA,ADC_u8_ADCSRA_ADPS1);
    2654:	a6 e2       	ldi	r26, 0x26	; 38
    2656:	b0 e0       	ldi	r27, 0x00	; 0
    2658:	e6 e2       	ldi	r30, 0x26	; 38
    265a:	f0 e0       	ldi	r31, 0x00	; 0
    265c:	80 81       	ld	r24, Z
    265e:	8d 7f       	andi	r24, 0xFD	; 253
    2660:	8c 93       	st	X, r24
	SET_BIT(ADC_u8_ADCSRA,ADC_u8_ADCSRA_ADPS2);
    2662:	a6 e2       	ldi	r26, 0x26	; 38
    2664:	b0 e0       	ldi	r27, 0x00	; 0
    2666:	e6 e2       	ldi	r30, 0x26	; 38
    2668:	f0 e0       	ldi	r31, 0x00	; 0
    266a:	80 81       	ld	r24, Z
    266c:	84 60       	ori	r24, 0x04	; 4
    266e:	8c 93       	st	X, r24
	// vref select
	CLR_BIT(ADC_u8_ADMUX,ADC_u8_ADMUX_REFS1);
    2670:	a7 e2       	ldi	r26, 0x27	; 39
    2672:	b0 e0       	ldi	r27, 0x00	; 0
    2674:	e7 e2       	ldi	r30, 0x27	; 39
    2676:	f0 e0       	ldi	r31, 0x00	; 0
    2678:	80 81       	ld	r24, Z
    267a:	8f 77       	andi	r24, 0x7F	; 127
    267c:	8c 93       	st	X, r24
	SET_BIT(ADC_u8_ADMUX,ADC_u8_ADMUX_REFS0);
    267e:	a7 e2       	ldi	r26, 0x27	; 39
    2680:	b0 e0       	ldi	r27, 0x00	; 0
    2682:	e7 e2       	ldi	r30, 0x27	; 39
    2684:	f0 e0       	ldi	r31, 0x00	; 0
    2686:	80 81       	ld	r24, Z
    2688:	80 64       	ori	r24, 0x40	; 64
    268a:	8c 93       	st	X, r24
	//ADC Enable
	SET_BIT(ADC_u8_ADCSRA,ADC_u8_ADCSRA_ADEN);
    268c:	a6 e2       	ldi	r26, 0x26	; 38
    268e:	b0 e0       	ldi	r27, 0x00	; 0
    2690:	e6 e2       	ldi	r30, 0x26	; 38
    2692:	f0 e0       	ldi	r31, 0x00	; 0
    2694:	80 81       	ld	r24, Z
    2696:	80 68       	ori	r24, 0x80	; 128
    2698:	8c 93       	st	X, r24
}
    269a:	cf 91       	pop	r28
    269c:	df 91       	pop	r29
    269e:	08 95       	ret

000026a0 <ADC_f32ADC_Read>:
f32  ADC_f32ADC_Read(u8 Copy_u8PinNum)
{
    26a0:	df 93       	push	r29
    26a2:	cf 93       	push	r28
    26a4:	00 d0       	rcall	.+0      	; 0x26a6 <ADC_f32ADC_Read+0x6>
    26a6:	00 d0       	rcall	.+0      	; 0x26a8 <ADC_f32ADC_Read+0x8>
    26a8:	0f 92       	push	r0
    26aa:	cd b7       	in	r28, 0x3d	; 61
    26ac:	de b7       	in	r29, 0x3e	; 62
    26ae:	8d 83       	std	Y+5, r24	; 0x05
	// 0-> 7  000   111
	ADC_u8_ADMUX &= 0b11100000;
    26b0:	a7 e2       	ldi	r26, 0x27	; 39
    26b2:	b0 e0       	ldi	r27, 0x00	; 0
    26b4:	e7 e2       	ldi	r30, 0x27	; 39
    26b6:	f0 e0       	ldi	r31, 0x00	; 0
    26b8:	80 81       	ld	r24, Z
    26ba:	80 7e       	andi	r24, 0xE0	; 224
    26bc:	8c 93       	st	X, r24
	ADC_u8_ADMUX |= Copy_u8PinNum;
    26be:	a7 e2       	ldi	r26, 0x27	; 39
    26c0:	b0 e0       	ldi	r27, 0x00	; 0
    26c2:	e7 e2       	ldi	r30, 0x27	; 39
    26c4:	f0 e0       	ldi	r31, 0x00	; 0
    26c6:	90 81       	ld	r25, Z
    26c8:	8d 81       	ldd	r24, Y+5	; 0x05
    26ca:	89 2b       	or	r24, r25
    26cc:	8c 93       	st	X, r24
	u16 digital_word = 0;
    26ce:	1c 82       	std	Y+4, r1	; 0x04
    26d0:	1b 82       	std	Y+3, r1	; 0x03
	// Start convertion
	SET_BIT(ADC_u8_ADCSRA,ADC_u8_ADCSRA_ADSC);
    26d2:	a6 e2       	ldi	r26, 0x26	; 38
    26d4:	b0 e0       	ldi	r27, 0x00	; 0
    26d6:	e6 e2       	ldi	r30, 0x26	; 38
    26d8:	f0 e0       	ldi	r31, 0x00	; 0
    26da:	80 81       	ld	r24, Z
    26dc:	80 64       	ori	r24, 0x40	; 64
    26de:	8c 93       	st	X, r24
	while(GET_BIT(ADC_u8_ADCSRA,ADC_u8_ADCSRA_ADSC));
    26e0:	e6 e2       	ldi	r30, 0x26	; 38
    26e2:	f0 e0       	ldi	r31, 0x00	; 0
    26e4:	80 81       	ld	r24, Z
    26e6:	82 95       	swap	r24
    26e8:	86 95       	lsr	r24
    26ea:	86 95       	lsr	r24
    26ec:	83 70       	andi	r24, 0x03	; 3
    26ee:	88 2f       	mov	r24, r24
    26f0:	90 e0       	ldi	r25, 0x00	; 0
    26f2:	81 70       	andi	r24, 0x01	; 1
    26f4:	90 70       	andi	r25, 0x00	; 0
    26f6:	88 23       	and	r24, r24
    26f8:	99 f7       	brne	.-26     	; 0x26e0 <ADC_f32ADC_Read+0x40>
	// end of converation
	u8 lowPart = ADC_u8_ADCL;
    26fa:	e4 e2       	ldi	r30, 0x24	; 36
    26fc:	f0 e0       	ldi	r31, 0x00	; 0
    26fe:	80 81       	ld	r24, Z
    2700:	8a 83       	std	Y+2, r24	; 0x02
	u8 highPart = ADC_u8_ADCH;
    2702:	e5 e2       	ldi	r30, 0x25	; 37
    2704:	f0 e0       	ldi	r31, 0x00	; 0
    2706:	80 81       	ld	r24, Z
    2708:	89 83       	std	Y+1, r24	; 0x01
	digital_word = (((u16)highPart)<< 8) | lowPart; // ADC
    270a:	89 81       	ldd	r24, Y+1	; 0x01
    270c:	88 2f       	mov	r24, r24
    270e:	90 e0       	ldi	r25, 0x00	; 0
    2710:	38 2f       	mov	r19, r24
    2712:	22 27       	eor	r18, r18
    2714:	8a 81       	ldd	r24, Y+2	; 0x02
    2716:	88 2f       	mov	r24, r24
    2718:	90 e0       	ldi	r25, 0x00	; 0
    271a:	82 2b       	or	r24, r18
    271c:	93 2b       	or	r25, r19
    271e:	9c 83       	std	Y+4, r25	; 0x04
    2720:	8b 83       	std	Y+3, r24	; 0x03
	return (digital_word *(5.0)/1024);
    2722:	8b 81       	ldd	r24, Y+3	; 0x03
    2724:	9c 81       	ldd	r25, Y+4	; 0x04
    2726:	cc 01       	movw	r24, r24
    2728:	a0 e0       	ldi	r26, 0x00	; 0
    272a:	b0 e0       	ldi	r27, 0x00	; 0
    272c:	bc 01       	movw	r22, r24
    272e:	cd 01       	movw	r24, r26
    2730:	0e 94 ef 01 	call	0x3de	; 0x3de <__floatunsisf>
    2734:	dc 01       	movw	r26, r24
    2736:	cb 01       	movw	r24, r22
    2738:	bc 01       	movw	r22, r24
    273a:	cd 01       	movw	r24, r26
    273c:	20 e0       	ldi	r18, 0x00	; 0
    273e:	30 e0       	ldi	r19, 0x00	; 0
    2740:	40 ea       	ldi	r20, 0xA0	; 160
    2742:	50 e4       	ldi	r21, 0x40	; 64
    2744:	0e 94 49 00 	call	0x92	; 0x92 <__mulsf3>
    2748:	dc 01       	movw	r26, r24
    274a:	cb 01       	movw	r24, r22
    274c:	bc 01       	movw	r22, r24
    274e:	cd 01       	movw	r24, r26
    2750:	20 e0       	ldi	r18, 0x00	; 0
    2752:	30 e0       	ldi	r19, 0x00	; 0
    2754:	40 e8       	ldi	r20, 0x80	; 128
    2756:	54 e4       	ldi	r21, 0x44	; 68
    2758:	0e 94 43 01 	call	0x286	; 0x286 <__divsf3>
    275c:	dc 01       	movw	r26, r24
    275e:	cb 01       	movw	r24, r22
}
    2760:	bc 01       	movw	r22, r24
    2762:	cd 01       	movw	r24, r26
    2764:	0f 90       	pop	r0
    2766:	0f 90       	pop	r0
    2768:	0f 90       	pop	r0
    276a:	0f 90       	pop	r0
    276c:	0f 90       	pop	r0
    276e:	cf 91       	pop	r28
    2770:	df 91       	pop	r29
    2772:	08 95       	ret

00002774 <delay_ms>:
 */
#include "STD_TYPES.h"
#include "delay.h"

void delay_ms(u32 ms)
{
    2774:	df 93       	push	r29
    2776:	cf 93       	push	r28
    2778:	cd b7       	in	r28, 0x3d	; 61
    277a:	de b7       	in	r29, 0x3e	; 62
    277c:	2c 97       	sbiw	r28, 0x0c	; 12
    277e:	0f b6       	in	r0, 0x3f	; 63
    2780:	f8 94       	cli
    2782:	de bf       	out	0x3e, r29	; 62
    2784:	0f be       	out	0x3f, r0	; 63
    2786:	cd bf       	out	0x3d, r28	; 61
    2788:	69 87       	std	Y+9, r22	; 0x09
    278a:	7a 87       	std	Y+10, r23	; 0x0a
    278c:	8b 87       	std	Y+11, r24	; 0x0b
    278e:	9c 87       	std	Y+12, r25	; 0x0c
	for(u32 i=0 ; i<ms;++i)
    2790:	1d 82       	std	Y+5, r1	; 0x05
    2792:	1e 82       	std	Y+6, r1	; 0x06
    2794:	1f 82       	std	Y+7, r1	; 0x07
    2796:	18 86       	std	Y+8, r1	; 0x08
    2798:	25 c0       	rjmp	.+74     	; 0x27e4 <delay_ms+0x70>
	{
		for(u32 j=0;j<220;++j)
    279a:	19 82       	std	Y+1, r1	; 0x01
    279c:	1a 82       	std	Y+2, r1	; 0x02
    279e:	1b 82       	std	Y+3, r1	; 0x03
    27a0:	1c 82       	std	Y+4, r1	; 0x04
    27a2:	0c c0       	rjmp	.+24     	; 0x27bc <delay_ms+0x48>
		{
			asm("Nop");
    27a4:	00 00       	nop

void delay_ms(u32 ms)
{
	for(u32 i=0 ; i<ms;++i)
	{
		for(u32 j=0;j<220;++j)
    27a6:	89 81       	ldd	r24, Y+1	; 0x01
    27a8:	9a 81       	ldd	r25, Y+2	; 0x02
    27aa:	ab 81       	ldd	r26, Y+3	; 0x03
    27ac:	bc 81       	ldd	r27, Y+4	; 0x04
    27ae:	01 96       	adiw	r24, 0x01	; 1
    27b0:	a1 1d       	adc	r26, r1
    27b2:	b1 1d       	adc	r27, r1
    27b4:	89 83       	std	Y+1, r24	; 0x01
    27b6:	9a 83       	std	Y+2, r25	; 0x02
    27b8:	ab 83       	std	Y+3, r26	; 0x03
    27ba:	bc 83       	std	Y+4, r27	; 0x04
    27bc:	89 81       	ldd	r24, Y+1	; 0x01
    27be:	9a 81       	ldd	r25, Y+2	; 0x02
    27c0:	ab 81       	ldd	r26, Y+3	; 0x03
    27c2:	bc 81       	ldd	r27, Y+4	; 0x04
    27c4:	8c 3d       	cpi	r24, 0xDC	; 220
    27c6:	91 05       	cpc	r25, r1
    27c8:	a1 05       	cpc	r26, r1
    27ca:	b1 05       	cpc	r27, r1
    27cc:	58 f3       	brcs	.-42     	; 0x27a4 <delay_ms+0x30>
#include "STD_TYPES.h"
#include "delay.h"

void delay_ms(u32 ms)
{
	for(u32 i=0 ; i<ms;++i)
    27ce:	8d 81       	ldd	r24, Y+5	; 0x05
    27d0:	9e 81       	ldd	r25, Y+6	; 0x06
    27d2:	af 81       	ldd	r26, Y+7	; 0x07
    27d4:	b8 85       	ldd	r27, Y+8	; 0x08
    27d6:	01 96       	adiw	r24, 0x01	; 1
    27d8:	a1 1d       	adc	r26, r1
    27da:	b1 1d       	adc	r27, r1
    27dc:	8d 83       	std	Y+5, r24	; 0x05
    27de:	9e 83       	std	Y+6, r25	; 0x06
    27e0:	af 83       	std	Y+7, r26	; 0x07
    27e2:	b8 87       	std	Y+8, r27	; 0x08
    27e4:	2d 81       	ldd	r18, Y+5	; 0x05
    27e6:	3e 81       	ldd	r19, Y+6	; 0x06
    27e8:	4f 81       	ldd	r20, Y+7	; 0x07
    27ea:	58 85       	ldd	r21, Y+8	; 0x08
    27ec:	89 85       	ldd	r24, Y+9	; 0x09
    27ee:	9a 85       	ldd	r25, Y+10	; 0x0a
    27f0:	ab 85       	ldd	r26, Y+11	; 0x0b
    27f2:	bc 85       	ldd	r27, Y+12	; 0x0c
    27f4:	28 17       	cp	r18, r24
    27f6:	39 07       	cpc	r19, r25
    27f8:	4a 07       	cpc	r20, r26
    27fa:	5b 07       	cpc	r21, r27
    27fc:	70 f2       	brcs	.-100    	; 0x279a <delay_ms+0x26>
		for(u32 j=0;j<220;++j)
		{
			asm("Nop");
		}
	}
}
    27fe:	2c 96       	adiw	r28, 0x0c	; 12
    2800:	0f b6       	in	r0, 0x3f	; 63
    2802:	f8 94       	cli
    2804:	de bf       	out	0x3e, r29	; 62
    2806:	0f be       	out	0x3f, r0	; 63
    2808:	cd bf       	out	0x3d, r28	; 61
    280a:	cf 91       	pop	r28
    280c:	df 91       	pop	r29
    280e:	08 95       	ret

00002810 <STEPPER_voidInit>:
#include "STEPPER_interface.h"
#include "STEPPER_config.h"
#include "STEPPER_private.h"

void STEPPER_voidInit()
{
    2810:	df 93       	push	r29
    2812:	cf 93       	push	r28
    2814:	cd b7       	in	r28, 0x3d	; 61
    2816:	de b7       	in	r29, 0x3e	; 62
	DIO_voidInit();
    2818:	0e 94 cf 0e 	call	0x1d9e	; 0x1d9e <DIO_voidInit>
}
    281c:	cf 91       	pop	r28
    281e:	df 91       	pop	r29
    2820:	08 95       	ret

00002822 <STEPPER_u8Moving_Steps>:

u8 STEPPER_u8Moving_Steps(u32 Steps,u8 direction)
{
    2822:	df 93       	push	r29
    2824:	cf 93       	push	r28
    2826:	cd b7       	in	r28, 0x3d	; 61
    2828:	de b7       	in	r29, 0x3e	; 62
    282a:	2a 97       	sbiw	r28, 0x0a	; 10
    282c:	0f b6       	in	r0, 0x3f	; 63
    282e:	f8 94       	cli
    2830:	de bf       	out	0x3e, r29	; 62
    2832:	0f be       	out	0x3f, r0	; 63
    2834:	cd bf       	out	0x3d, r28	; 61
    2836:	6b 83       	std	Y+3, r22	; 0x03
    2838:	7c 83       	std	Y+4, r23	; 0x04
    283a:	8d 83       	std	Y+5, r24	; 0x05
    283c:	9e 83       	std	Y+6, r25	; 0x06
    283e:	4f 83       	std	Y+7, r20	; 0x07
	switch(direction)
    2840:	8f 81       	ldd	r24, Y+7	; 0x07
    2842:	28 2f       	mov	r18, r24
    2844:	30 e0       	ldi	r19, 0x00	; 0
    2846:	3a 87       	std	Y+10, r19	; 0x0a
    2848:	29 87       	std	Y+9, r18	; 0x09
    284a:	89 85       	ldd	r24, Y+9	; 0x09
    284c:	9a 85       	ldd	r25, Y+10	; 0x0a
    284e:	00 97       	sbiw	r24, 0x00	; 0
    2850:	09 f4       	brne	.+2      	; 0x2854 <STEPPER_u8Moving_Steps+0x32>
    2852:	5b c0       	rjmp	.+182    	; 0x290a <STEPPER_u8Moving_Steps+0xe8>
    2854:	29 85       	ldd	r18, Y+9	; 0x09
    2856:	3a 85       	ldd	r19, Y+10	; 0x0a
    2858:	21 30       	cpi	r18, 0x01	; 1
    285a:	31 05       	cpc	r19, r1
    285c:	09 f4       	brne	.+2      	; 0x2860 <STEPPER_u8Moving_Steps+0x3e>
    285e:	c4 c0       	rjmp	.+392    	; 0x29e8 <STEPPER_u8Moving_Steps+0x1c6>
    2860:	d1 c0       	rjmp	.+418    	; 0x2a04 <STEPPER_u8Moving_Steps+0x1e2>
	{
	case STEPPER_u8CL_DIRC:
		while(Steps > 0)
		{
	          for(u8 j = STEPPER_u8PIN0 ;j < 4 && Steps > 0; ++j,--Steps)
    2862:	1a 82       	std	Y+2, r1	; 0x02
    2864:	46 c0       	rjmp	.+140    	; 0x28f2 <STEPPER_u8Moving_Steps+0xd0>
	          {
	               DIO_u8SetPinValue(STEPPER_u8PORT,j,DIO_u8_HIGH);
    2866:	83 e0       	ldi	r24, 0x03	; 3
    2868:	6a 81       	ldd	r22, Y+2	; 0x02
    286a:	41 e0       	ldi	r20, 0x01	; 1
    286c:	0e 94 1f 10 	call	0x203e	; 0x203e <DIO_u8SetPinValue>
                   DIO_u8SetPinValue(STEPPER_u8PORT,(j+1)%4,DIO_u8_LOW);
    2870:	8a 81       	ldd	r24, Y+2	; 0x02
    2872:	88 2f       	mov	r24, r24
    2874:	90 e0       	ldi	r25, 0x00	; 0
    2876:	01 96       	adiw	r24, 0x01	; 1
    2878:	24 e0       	ldi	r18, 0x04	; 4
    287a:	30 e0       	ldi	r19, 0x00	; 0
    287c:	b9 01       	movw	r22, r18
    287e:	0e 94 20 18 	call	0x3040	; 0x3040 <__divmodhi4>
    2882:	98 2f       	mov	r25, r24
    2884:	83 e0       	ldi	r24, 0x03	; 3
    2886:	69 2f       	mov	r22, r25
    2888:	40 e0       	ldi	r20, 0x00	; 0
    288a:	0e 94 1f 10 	call	0x203e	; 0x203e <DIO_u8SetPinValue>
                   DIO_u8SetPinValue(STEPPER_u8PORT,(j+2)%4,DIO_u8_LOW);
    288e:	8a 81       	ldd	r24, Y+2	; 0x02
    2890:	88 2f       	mov	r24, r24
    2892:	90 e0       	ldi	r25, 0x00	; 0
    2894:	02 96       	adiw	r24, 0x02	; 2
    2896:	24 e0       	ldi	r18, 0x04	; 4
    2898:	30 e0       	ldi	r19, 0x00	; 0
    289a:	b9 01       	movw	r22, r18
    289c:	0e 94 20 18 	call	0x3040	; 0x3040 <__divmodhi4>
    28a0:	98 2f       	mov	r25, r24
    28a2:	83 e0       	ldi	r24, 0x03	; 3
    28a4:	69 2f       	mov	r22, r25
    28a6:	40 e0       	ldi	r20, 0x00	; 0
    28a8:	0e 94 1f 10 	call	0x203e	; 0x203e <DIO_u8SetPinValue>
                   DIO_u8SetPinValue(STEPPER_u8PORT,(j+3)%4,DIO_u8_LOW);
    28ac:	8a 81       	ldd	r24, Y+2	; 0x02
    28ae:	88 2f       	mov	r24, r24
    28b0:	90 e0       	ldi	r25, 0x00	; 0
    28b2:	03 96       	adiw	r24, 0x03	; 3
    28b4:	24 e0       	ldi	r18, 0x04	; 4
    28b6:	30 e0       	ldi	r19, 0x00	; 0
    28b8:	b9 01       	movw	r22, r18
    28ba:	0e 94 20 18 	call	0x3040	; 0x3040 <__divmodhi4>
    28be:	98 2f       	mov	r25, r24
    28c0:	83 e0       	ldi	r24, 0x03	; 3
    28c2:	69 2f       	mov	r22, r25
    28c4:	40 e0       	ldi	r20, 0x00	; 0
    28c6:	0e 94 1f 10 	call	0x203e	; 0x203e <DIO_u8SetPinValue>
                   delay_ms(2);
    28ca:	62 e0       	ldi	r22, 0x02	; 2
    28cc:	70 e0       	ldi	r23, 0x00	; 0
    28ce:	80 e0       	ldi	r24, 0x00	; 0
    28d0:	90 e0       	ldi	r25, 0x00	; 0
    28d2:	0e 94 ba 13 	call	0x2774	; 0x2774 <delay_ms>
	switch(direction)
	{
	case STEPPER_u8CL_DIRC:
		while(Steps > 0)
		{
	          for(u8 j = STEPPER_u8PIN0 ;j < 4 && Steps > 0; ++j,--Steps)
    28d6:	8a 81       	ldd	r24, Y+2	; 0x02
    28d8:	8f 5f       	subi	r24, 0xFF	; 255
    28da:	8a 83       	std	Y+2, r24	; 0x02
    28dc:	8b 81       	ldd	r24, Y+3	; 0x03
    28de:	9c 81       	ldd	r25, Y+4	; 0x04
    28e0:	ad 81       	ldd	r26, Y+5	; 0x05
    28e2:	be 81       	ldd	r27, Y+6	; 0x06
    28e4:	01 97       	sbiw	r24, 0x01	; 1
    28e6:	a1 09       	sbc	r26, r1
    28e8:	b1 09       	sbc	r27, r1
    28ea:	8b 83       	std	Y+3, r24	; 0x03
    28ec:	9c 83       	std	Y+4, r25	; 0x04
    28ee:	ad 83       	std	Y+5, r26	; 0x05
    28f0:	be 83       	std	Y+6, r27	; 0x06
    28f2:	8a 81       	ldd	r24, Y+2	; 0x02
    28f4:	84 30       	cpi	r24, 0x04	; 4
    28f6:	48 f4       	brcc	.+18     	; 0x290a <STEPPER_u8Moving_Steps+0xe8>
    28f8:	8b 81       	ldd	r24, Y+3	; 0x03
    28fa:	9c 81       	ldd	r25, Y+4	; 0x04
    28fc:	ad 81       	ldd	r26, Y+5	; 0x05
    28fe:	be 81       	ldd	r27, Y+6	; 0x06
    2900:	00 97       	sbiw	r24, 0x00	; 0
    2902:	a1 05       	cpc	r26, r1
    2904:	b1 05       	cpc	r27, r1
    2906:	09 f0       	breq	.+2      	; 0x290a <STEPPER_u8Moving_Steps+0xe8>
    2908:	ae cf       	rjmp	.-164    	; 0x2866 <STEPPER_u8Moving_Steps+0x44>
u8 STEPPER_u8Moving_Steps(u32 Steps,u8 direction)
{
	switch(direction)
	{
	case STEPPER_u8CL_DIRC:
		while(Steps > 0)
    290a:	8b 81       	ldd	r24, Y+3	; 0x03
    290c:	9c 81       	ldd	r25, Y+4	; 0x04
    290e:	ad 81       	ldd	r26, Y+5	; 0x05
    2910:	be 81       	ldd	r27, Y+6	; 0x06
    2912:	00 97       	sbiw	r24, 0x00	; 0
    2914:	a1 05       	cpc	r26, r1
    2916:	b1 05       	cpc	r27, r1
    2918:	09 f0       	breq	.+2      	; 0x291c <STEPPER_u8Moving_Steps+0xfa>
    291a:	a3 cf       	rjmp	.-186    	; 0x2862 <STEPPER_u8Moving_Steps+0x40>
                   DIO_u8SetPinValue(STEPPER_u8PORT,(j+2)%4,DIO_u8_LOW);
                   DIO_u8SetPinValue(STEPPER_u8PORT,(j+3)%4,DIO_u8_LOW);
                   delay_ms(2);
	          }
	    }
		STEPPER_voidSTOP();
    291c:	0e 94 0d 15 	call	0x2a1a	; 0x2a1a <STEPPER_voidSTOP>
		return 1;
    2920:	31 e0       	ldi	r19, 0x01	; 1
    2922:	38 87       	std	Y+8, r19	; 0x08
    2924:	70 c0       	rjmp	.+224    	; 0x2a06 <STEPPER_u8Moving_Steps+0x1e4>
	case STEPPER_u8CCL_DIRC:
		while(Steps > 0)
		{
	          for(u8 j = STEPPER_u8PIN3 ;j >=0 && Steps > 0; --j,--Steps)
    2926:	83 e0       	ldi	r24, 0x03	; 3
    2928:	89 83       	std	Y+1, r24	; 0x01
    292a:	55 c0       	rjmp	.+170    	; 0x29d6 <STEPPER_u8Moving_Steps+0x1b4>
	          {
	               DIO_u8SetPinValue(STEPPER_u8PORT,j,DIO_u8_HIGH);
    292c:	83 e0       	ldi	r24, 0x03	; 3
    292e:	69 81       	ldd	r22, Y+1	; 0x01
    2930:	41 e0       	ldi	r20, 0x01	; 1
    2932:	0e 94 1f 10 	call	0x203e	; 0x203e <DIO_u8SetPinValue>
                   DIO_u8SetPinValue(STEPPER_u8PORT,(j+1)%4,DIO_u8_LOW);
    2936:	89 81       	ldd	r24, Y+1	; 0x01
    2938:	88 2f       	mov	r24, r24
    293a:	90 e0       	ldi	r25, 0x00	; 0
    293c:	01 96       	adiw	r24, 0x01	; 1
    293e:	24 e0       	ldi	r18, 0x04	; 4
    2940:	30 e0       	ldi	r19, 0x00	; 0
    2942:	b9 01       	movw	r22, r18
    2944:	0e 94 20 18 	call	0x3040	; 0x3040 <__divmodhi4>
    2948:	98 2f       	mov	r25, r24
    294a:	83 e0       	ldi	r24, 0x03	; 3
    294c:	69 2f       	mov	r22, r25
    294e:	40 e0       	ldi	r20, 0x00	; 0
    2950:	0e 94 1f 10 	call	0x203e	; 0x203e <DIO_u8SetPinValue>
                   DIO_u8SetPinValue(STEPPER_u8PORT,(j+2)%4,DIO_u8_LOW);
    2954:	89 81       	ldd	r24, Y+1	; 0x01
    2956:	88 2f       	mov	r24, r24
    2958:	90 e0       	ldi	r25, 0x00	; 0
    295a:	02 96       	adiw	r24, 0x02	; 2
    295c:	24 e0       	ldi	r18, 0x04	; 4
    295e:	30 e0       	ldi	r19, 0x00	; 0
    2960:	b9 01       	movw	r22, r18
    2962:	0e 94 20 18 	call	0x3040	; 0x3040 <__divmodhi4>
    2966:	98 2f       	mov	r25, r24
    2968:	83 e0       	ldi	r24, 0x03	; 3
    296a:	69 2f       	mov	r22, r25
    296c:	40 e0       	ldi	r20, 0x00	; 0
    296e:	0e 94 1f 10 	call	0x203e	; 0x203e <DIO_u8SetPinValue>
                   DIO_u8SetPinValue(STEPPER_u8PORT,(j+3)%4,DIO_u8_LOW);
    2972:	89 81       	ldd	r24, Y+1	; 0x01
    2974:	88 2f       	mov	r24, r24
    2976:	90 e0       	ldi	r25, 0x00	; 0
    2978:	03 96       	adiw	r24, 0x03	; 3
    297a:	24 e0       	ldi	r18, 0x04	; 4
    297c:	30 e0       	ldi	r19, 0x00	; 0
    297e:	b9 01       	movw	r22, r18
    2980:	0e 94 20 18 	call	0x3040	; 0x3040 <__divmodhi4>
    2984:	98 2f       	mov	r25, r24
    2986:	83 e0       	ldi	r24, 0x03	; 3
    2988:	69 2f       	mov	r22, r25
    298a:	40 e0       	ldi	r20, 0x00	; 0
    298c:	0e 94 1f 10 	call	0x203e	; 0x203e <DIO_u8SetPinValue>
                   delay_ms(2);
    2990:	62 e0       	ldi	r22, 0x02	; 2
    2992:	70 e0       	ldi	r23, 0x00	; 0
    2994:	80 e0       	ldi	r24, 0x00	; 0
    2996:	90 e0       	ldi	r25, 0x00	; 0
    2998:	0e 94 ba 13 	call	0x2774	; 0x2774 <delay_ms>
                   if(j== STEPPER_u8PIN0)
    299c:	89 81       	ldd	r24, Y+1	; 0x01
    299e:	88 23       	and	r24, r24
    29a0:	61 f4       	brne	.+24     	; 0x29ba <STEPPER_u8Moving_Steps+0x198>
                   {
                	   --Steps;
    29a2:	8b 81       	ldd	r24, Y+3	; 0x03
    29a4:	9c 81       	ldd	r25, Y+4	; 0x04
    29a6:	ad 81       	ldd	r26, Y+5	; 0x05
    29a8:	be 81       	ldd	r27, Y+6	; 0x06
    29aa:	01 97       	sbiw	r24, 0x01	; 1
    29ac:	a1 09       	sbc	r26, r1
    29ae:	b1 09       	sbc	r27, r1
    29b0:	8b 83       	std	Y+3, r24	; 0x03
    29b2:	9c 83       	std	Y+4, r25	; 0x04
    29b4:	ad 83       	std	Y+5, r26	; 0x05
    29b6:	be 83       	std	Y+6, r27	; 0x06
    29b8:	17 c0       	rjmp	.+46     	; 0x29e8 <STEPPER_u8Moving_Steps+0x1c6>
		STEPPER_voidSTOP();
		return 1;
	case STEPPER_u8CCL_DIRC:
		while(Steps > 0)
		{
	          for(u8 j = STEPPER_u8PIN3 ;j >=0 && Steps > 0; --j,--Steps)
    29ba:	89 81       	ldd	r24, Y+1	; 0x01
    29bc:	81 50       	subi	r24, 0x01	; 1
    29be:	89 83       	std	Y+1, r24	; 0x01
    29c0:	8b 81       	ldd	r24, Y+3	; 0x03
    29c2:	9c 81       	ldd	r25, Y+4	; 0x04
    29c4:	ad 81       	ldd	r26, Y+5	; 0x05
    29c6:	be 81       	ldd	r27, Y+6	; 0x06
    29c8:	01 97       	sbiw	r24, 0x01	; 1
    29ca:	a1 09       	sbc	r26, r1
    29cc:	b1 09       	sbc	r27, r1
    29ce:	8b 83       	std	Y+3, r24	; 0x03
    29d0:	9c 83       	std	Y+4, r25	; 0x04
    29d2:	ad 83       	std	Y+5, r26	; 0x05
    29d4:	be 83       	std	Y+6, r27	; 0x06
    29d6:	8b 81       	ldd	r24, Y+3	; 0x03
    29d8:	9c 81       	ldd	r25, Y+4	; 0x04
    29da:	ad 81       	ldd	r26, Y+5	; 0x05
    29dc:	be 81       	ldd	r27, Y+6	; 0x06
    29de:	00 97       	sbiw	r24, 0x00	; 0
    29e0:	a1 05       	cpc	r26, r1
    29e2:	b1 05       	cpc	r27, r1
    29e4:	09 f0       	breq	.+2      	; 0x29e8 <STEPPER_u8Moving_Steps+0x1c6>
    29e6:	a2 cf       	rjmp	.-188    	; 0x292c <STEPPER_u8Moving_Steps+0x10a>
	          }
	    }
		STEPPER_voidSTOP();
		return 1;
	case STEPPER_u8CCL_DIRC:
		while(Steps > 0)
    29e8:	8b 81       	ldd	r24, Y+3	; 0x03
    29ea:	9c 81       	ldd	r25, Y+4	; 0x04
    29ec:	ad 81       	ldd	r26, Y+5	; 0x05
    29ee:	be 81       	ldd	r27, Y+6	; 0x06
    29f0:	00 97       	sbiw	r24, 0x00	; 0
    29f2:	a1 05       	cpc	r26, r1
    29f4:	b1 05       	cpc	r27, r1
    29f6:	09 f0       	breq	.+2      	; 0x29fa <STEPPER_u8Moving_Steps+0x1d8>
    29f8:	96 cf       	rjmp	.-212    	; 0x2926 <STEPPER_u8Moving_Steps+0x104>
                	   --Steps;
                	   break;
                   }
	          }
	    }
		STEPPER_voidSTOP();
    29fa:	0e 94 0d 15 	call	0x2a1a	; 0x2a1a <STEPPER_voidSTOP>
		return 1;
    29fe:	81 e0       	ldi	r24, 0x01	; 1
    2a00:	88 87       	std	Y+8, r24	; 0x08
    2a02:	01 c0       	rjmp	.+2      	; 0x2a06 <STEPPER_u8Moving_Steps+0x1e4>
	default:
		return 0;
    2a04:	18 86       	std	Y+8, r1	; 0x08
    2a06:	88 85       	ldd	r24, Y+8	; 0x08
	}
}
    2a08:	2a 96       	adiw	r28, 0x0a	; 10
    2a0a:	0f b6       	in	r0, 0x3f	; 63
    2a0c:	f8 94       	cli
    2a0e:	de bf       	out	0x3e, r29	; 62
    2a10:	0f be       	out	0x3f, r0	; 63
    2a12:	cd bf       	out	0x3d, r28	; 61
    2a14:	cf 91       	pop	r28
    2a16:	df 91       	pop	r29
    2a18:	08 95       	ret

00002a1a <STEPPER_voidSTOP>:
void STEPPER_voidSTOP()
{
    2a1a:	df 93       	push	r29
    2a1c:	cf 93       	push	r28
    2a1e:	cd b7       	in	r28, 0x3d	; 61
    2a20:	de b7       	in	r29, 0x3e	; 62
    DIO_u8SetPinValue(STEPPER_u8PORT,STEPPER_u8PIN0,DIO_u8_LOW);
    2a22:	83 e0       	ldi	r24, 0x03	; 3
    2a24:	60 e0       	ldi	r22, 0x00	; 0
    2a26:	40 e0       	ldi	r20, 0x00	; 0
    2a28:	0e 94 1f 10 	call	0x203e	; 0x203e <DIO_u8SetPinValue>
    DIO_u8SetPinValue(STEPPER_u8PORT,STEPPER_u8PIN1,DIO_u8_LOW);
    2a2c:	83 e0       	ldi	r24, 0x03	; 3
    2a2e:	61 e0       	ldi	r22, 0x01	; 1
    2a30:	40 e0       	ldi	r20, 0x00	; 0
    2a32:	0e 94 1f 10 	call	0x203e	; 0x203e <DIO_u8SetPinValue>
    DIO_u8SetPinValue(STEPPER_u8PORT,STEPPER_u8PIN2,DIO_u8_LOW);
    2a36:	83 e0       	ldi	r24, 0x03	; 3
    2a38:	62 e0       	ldi	r22, 0x02	; 2
    2a3a:	40 e0       	ldi	r20, 0x00	; 0
    2a3c:	0e 94 1f 10 	call	0x203e	; 0x203e <DIO_u8SetPinValue>
    DIO_u8SetPinValue(STEPPER_u8PORT,STEPPER_u8PIN3,DIO_u8_LOW);
    2a40:	83 e0       	ldi	r24, 0x03	; 3
    2a42:	63 e0       	ldi	r22, 0x03	; 3
    2a44:	40 e0       	ldi	r20, 0x00	; 0
    2a46:	0e 94 1f 10 	call	0x203e	; 0x203e <DIO_u8SetPinValue>
}
    2a4a:	cf 91       	pop	r28
    2a4c:	df 91       	pop	r29
    2a4e:	08 95       	ret

00002a50 <SSD_voidInit>:
#include "SSD_config.h"
#include "SSD_private.h"


void SSD_voidInit   ()
{
    2a50:	df 93       	push	r29
    2a52:	cf 93       	push	r28
    2a54:	cd b7       	in	r28, 0x3d	; 61
    2a56:	de b7       	in	r29, 0x3e	; 62
	 DIO_voidInit();
    2a58:	0e 94 cf 0e 	call	0x1d9e	; 0x1d9e <DIO_voidInit>
     if(SSD_u8_Type == Common_Anode)
     {
    	 DIO_u8SetPinValue(SSD_u8_USED_PORT,DIO_u8_PIN7,DIO_u8_OUTPUT_LOW);
    2a5c:	80 e0       	ldi	r24, 0x00	; 0
    2a5e:	67 e0       	ldi	r22, 0x07	; 7
    2a60:	40 e0       	ldi	r20, 0x00	; 0
    2a62:	0e 94 1f 10 	call	0x203e	; 0x203e <DIO_u8SetPinValue>
     }
     else
     {
    	 DIO_u8SetPinValue(SSD_u8_USED_PORT,DIO_u8_PIN7,DIO_u8_OUTPUT_HIGH);
     }
}
    2a66:	cf 91       	pop	r28
    2a68:	df 91       	pop	r29
    2a6a:	08 95       	ret

00002a6c <SSD_u8WriteNum>:

u8 SSD_u8WriteNum (u8 Number)
{
    2a6c:	df 93       	push	r29
    2a6e:	cf 93       	push	r28
    2a70:	00 d0       	rcall	.+0      	; 0x2a72 <SSD_u8WriteNum+0x6>
    2a72:	00 d0       	rcall	.+0      	; 0x2a74 <SSD_u8WriteNum+0x8>
    2a74:	0f 92       	push	r0
    2a76:	cd b7       	in	r28, 0x3d	; 61
    2a78:	de b7       	in	r29, 0x3e	; 62
    2a7a:	8c 83       	std	Y+4, r24	; 0x04
	if(Number <= 9)
    2a7c:	8c 81       	ldd	r24, Y+4	; 0x04
    2a7e:	8a 30       	cpi	r24, 0x0A	; 10
    2a80:	88 f5       	brcc	.+98     	; 0x2ae4 <SSD_u8WriteNum+0x78>
	{
	    u8 PIN_N = DIO_u8_PIN0;
    2a82:	1b 82       	std	Y+3, r1	; 0x03
	    if(SSD_u8_Type == Common_Anode)
	    {
	       for(u8 i = 0;i<7;++i)
    2a84:	1a 82       	std	Y+2, r1	; 0x02
    2a86:	28 c0       	rjmp	.+80     	; 0x2ad8 <SSD_u8WriteNum+0x6c>
	       {
	          if(SSD_Digits[Number][i]== 1)
    2a88:	8c 81       	ldd	r24, Y+4	; 0x04
    2a8a:	28 2f       	mov	r18, r24
    2a8c:	30 e0       	ldi	r19, 0x00	; 0
    2a8e:	8a 81       	ldd	r24, Y+2	; 0x02
    2a90:	48 2f       	mov	r20, r24
    2a92:	50 e0       	ldi	r21, 0x00	; 0
    2a94:	c9 01       	movw	r24, r18
    2a96:	88 0f       	add	r24, r24
    2a98:	99 1f       	adc	r25, r25
    2a9a:	88 0f       	add	r24, r24
    2a9c:	99 1f       	adc	r25, r25
    2a9e:	88 0f       	add	r24, r24
    2aa0:	99 1f       	adc	r25, r25
    2aa2:	82 1b       	sub	r24, r18
    2aa4:	93 0b       	sbc	r25, r19
    2aa6:	84 0f       	add	r24, r20
    2aa8:	95 1f       	adc	r25, r21
    2aaa:	fc 01       	movw	r30, r24
    2aac:	e8 59       	subi	r30, 0x98	; 152
    2aae:	fe 4f       	sbci	r31, 0xFE	; 254
    2ab0:	80 81       	ld	r24, Z
    2ab2:	81 30       	cpi	r24, 0x01	; 1
    2ab4:	31 f4       	brne	.+12     	; 0x2ac2 <SSD_u8WriteNum+0x56>
		      DIO_u8SetPinValue(SSD_u8_USED_PORT,PIN_N,DIO_u8_OUTPUT_LOW);
    2ab6:	80 e0       	ldi	r24, 0x00	; 0
    2ab8:	6b 81       	ldd	r22, Y+3	; 0x03
    2aba:	40 e0       	ldi	r20, 0x00	; 0
    2abc:	0e 94 1f 10 	call	0x203e	; 0x203e <DIO_u8SetPinValue>
    2ac0:	05 c0       	rjmp	.+10     	; 0x2acc <SSD_u8WriteNum+0x60>
	          else
	          DIO_u8SetPinValue(SSD_u8_USED_PORT,PIN_N,DIO_u8_OUTPUT_HIGH);
    2ac2:	80 e0       	ldi	r24, 0x00	; 0
    2ac4:	6b 81       	ldd	r22, Y+3	; 0x03
    2ac6:	41 e0       	ldi	r20, 0x01	; 1
    2ac8:	0e 94 1f 10 	call	0x203e	; 0x203e <DIO_u8SetPinValue>
		      ++PIN_N;
    2acc:	8b 81       	ldd	r24, Y+3	; 0x03
    2ace:	8f 5f       	subi	r24, 0xFF	; 255
    2ad0:	8b 83       	std	Y+3, r24	; 0x03
	if(Number <= 9)
	{
	    u8 PIN_N = DIO_u8_PIN0;
	    if(SSD_u8_Type == Common_Anode)
	    {
	       for(u8 i = 0;i<7;++i)
    2ad2:	8a 81       	ldd	r24, Y+2	; 0x02
    2ad4:	8f 5f       	subi	r24, 0xFF	; 255
    2ad6:	8a 83       	std	Y+2, r24	; 0x02
    2ad8:	8a 81       	ldd	r24, Y+2	; 0x02
    2ada:	87 30       	cpi	r24, 0x07	; 7
    2adc:	a8 f2       	brcs	.-86     	; 0x2a88 <SSD_u8WriteNum+0x1c>
		      DIO_u8SetPinValue(SSD_u8_USED_PORT,PIN_N,DIO_u8_OUTPUT_LOW);
	          else
	          DIO_u8SetPinValue(SSD_u8_USED_PORT,PIN_N,DIO_u8_OUTPUT_HIGH);
		      ++PIN_N;
	       }
	       return 1;
    2ade:	81 e0       	ldi	r24, 0x01	; 1
    2ae0:	8d 83       	std	Y+5, r24	; 0x05
    2ae2:	01 c0       	rjmp	.+2      	; 0x2ae6 <SSD_u8WriteNum+0x7a>
		       }
		       return 1;
	    }
	}
	else
	return 0;
    2ae4:	1d 82       	std	Y+5, r1	; 0x05
    2ae6:	8d 81       	ldd	r24, Y+5	; 0x05
}
    2ae8:	0f 90       	pop	r0
    2aea:	0f 90       	pop	r0
    2aec:	0f 90       	pop	r0
    2aee:	0f 90       	pop	r0
    2af0:	0f 90       	pop	r0
    2af2:	cf 91       	pop	r28
    2af4:	df 91       	pop	r29
    2af6:	08 95       	ret

00002af8 <SSD_u8DisableSSD>:

u8 SSD_u8DisableSSD ()
{
    2af8:	df 93       	push	r29
    2afa:	cf 93       	push	r28
    2afc:	cd b7       	in	r28, 0x3d	; 61
    2afe:	de b7       	in	r29, 0x3e	; 62
   	 DIO_u8SetPinValue(SSD_u8_USED_PORT,DIO_u8_PIN7,DIO_u8_OUTPUT_HIGH);
   	 return 1;
    }
    else if(SSD_u8_Type == Common_Anode)
    {
   	 DIO_u8SetPinValue(SSD_u8_USED_PORT,DIO_u8_PIN7,DIO_u8_OUTPUT_LOW);
    2b00:	80 e0       	ldi	r24, 0x00	; 0
    2b02:	67 e0       	ldi	r22, 0x07	; 7
    2b04:	40 e0       	ldi	r20, 0x00	; 0
    2b06:	0e 94 1f 10 	call	0x203e	; 0x203e <DIO_u8SetPinValue>
   	 return 1;
    2b0a:	81 e0       	ldi	r24, 0x01	; 1
    }
    else
	return 0;
}
    2b0c:	cf 91       	pop	r28
    2b0e:	df 91       	pop	r29
    2b10:	08 95       	ret

00002b12 <SSD_u8EnableSSD>:

u8 SSD_u8EnableSSD ()
{
    2b12:	df 93       	push	r29
    2b14:	cf 93       	push	r28
    2b16:	cd b7       	in	r28, 0x3d	; 61
    2b18:	de b7       	in	r29, 0x3e	; 62
    if(SSD_u8_Type == Common_Anode)
    {
   	 DIO_u8SetPinValue(SSD_u8_USED_PORT,DIO_u8_PIN7,DIO_u8_OUTPUT_HIGH);
    2b1a:	80 e0       	ldi	r24, 0x00	; 0
    2b1c:	67 e0       	ldi	r22, 0x07	; 7
    2b1e:	41 e0       	ldi	r20, 0x01	; 1
    2b20:	0e 94 1f 10 	call	0x203e	; 0x203e <DIO_u8SetPinValue>
   	 return 1;
    2b24:	81 e0       	ldi	r24, 0x01	; 1
   	 DIO_u8SetPinValue(SSD_u8_USED_PORT,DIO_u8_PIN7,DIO_u8_OUTPUT_LOW);
   	 return 1;
    }
    else
	return 0;
}
    2b26:	cf 91       	pop	r28
    2b28:	df 91       	pop	r29
    2b2a:	08 95       	ret

00002b2c <LCD_voidInit>:
#include "MCAL/DIO/DIO_interface.h"

static u8 counter = 0;

void LCD_voidInit(void)
{
    2b2c:	df 93       	push	r29
    2b2e:	cf 93       	push	r28
    2b30:	cd b7       	in	r28, 0x3d	; 61
    2b32:	de b7       	in	r29, 0x3e	; 62
	delay_ms(40);
    2b34:	68 e2       	ldi	r22, 0x28	; 40
    2b36:	70 e0       	ldi	r23, 0x00	; 0
    2b38:	80 e0       	ldi	r24, 0x00	; 0
    2b3a:	90 e0       	ldi	r25, 0x00	; 0
    2b3c:	0e 94 ba 13 	call	0x2774	; 0x2774 <delay_ms>
    DIO_voidInit();
    2b40:	0e 94 cf 0e 	call	0x1d9e	; 0x1d9e <DIO_voidInit>
    LCD_u8Send_Instruction(LCD_u8_SETFUNCTION);
    2b44:	8c e3       	ldi	r24, 0x3C	; 60
    2b46:	0e 94 b4 15 	call	0x2b68	; 0x2b68 <LCD_u8Send_Instruction>
    LCD_u8Send_Instruction(LCD_u8_SETFUNCTION);
    2b4a:	8c e3       	ldi	r24, 0x3C	; 60
    2b4c:	0e 94 b4 15 	call	0x2b68	; 0x2b68 <LCD_u8Send_Instruction>
    LCD_u8Send_Instruction(LCD_u8_DISPLY_ON_Cursior_ON_BLINKING_OFF);
    2b50:	8e e0       	ldi	r24, 0x0E	; 14
    2b52:	0e 94 b4 15 	call	0x2b68	; 0x2b68 <LCD_u8Send_Instruction>
    LCD_u8Send_Instruction(LCD_u8_CLEARSCREEN);
    2b56:	81 e0       	ldi	r24, 0x01	; 1
    2b58:	0e 94 b4 15 	call	0x2b68	; 0x2b68 <LCD_u8Send_Instruction>
    LCD_u8Send_Instruction(LCD_u8_ENTRYMODE_SET);
    2b5c:	86 e0       	ldi	r24, 0x06	; 6
    2b5e:	0e 94 b4 15 	call	0x2b68	; 0x2b68 <LCD_u8Send_Instruction>
}
    2b62:	cf 91       	pop	r28
    2b64:	df 91       	pop	r29
    2b66:	08 95       	ret

00002b68 <LCD_u8Send_Instruction>:
u8 LCD_u8Send_Instruction(u8 instruction)
{
    2b68:	df 93       	push	r29
    2b6a:	cf 93       	push	r28
    2b6c:	0f 92       	push	r0
    2b6e:	cd b7       	in	r28, 0x3d	; 61
    2b70:	de b7       	in	r29, 0x3e	; 62
    2b72:	89 83       	std	Y+1, r24	; 0x01
	DIO_u8SetPinValue(LCD_u8_CONTROL_PORT,LCD_u8_RS_PIN,DIO_u8_LOW);
    2b74:	80 e0       	ldi	r24, 0x00	; 0
    2b76:	60 e0       	ldi	r22, 0x00	; 0
    2b78:	40 e0       	ldi	r20, 0x00	; 0
    2b7a:	0e 94 1f 10 	call	0x203e	; 0x203e <DIO_u8SetPinValue>
	DIO_u8SetPinValue(LCD_u8_CONTROL_PORT,LCD_u8_RW_PIN,DIO_u8_LOW);
    2b7e:	80 e0       	ldi	r24, 0x00	; 0
    2b80:	61 e0       	ldi	r22, 0x01	; 1
    2b82:	40 e0       	ldi	r20, 0x00	; 0
    2b84:	0e 94 1f 10 	call	0x203e	; 0x203e <DIO_u8SetPinValue>
	DIO_u8SetPinValue(LCD_u8_CONTROL_PORT,LCD_u8_E_PIN,DIO_u8_HIGH);
    2b88:	80 e0       	ldi	r24, 0x00	; 0
    2b8a:	62 e0       	ldi	r22, 0x02	; 2
    2b8c:	41 e0       	ldi	r20, 0x01	; 1
    2b8e:	0e 94 1f 10 	call	0x203e	; 0x203e <DIO_u8SetPinValue>

	DIO_u8SetPortValue(LCD_u8_DATAPORT,instruction);
    2b92:	81 e0       	ldi	r24, 0x01	; 1
    2b94:	69 81       	ldd	r22, Y+1	; 0x01
    2b96:	0e 94 7f 12 	call	0x24fe	; 0x24fe <DIO_u8SetPortValue>
	delay_ms(2);
    2b9a:	62 e0       	ldi	r22, 0x02	; 2
    2b9c:	70 e0       	ldi	r23, 0x00	; 0
    2b9e:	80 e0       	ldi	r24, 0x00	; 0
    2ba0:	90 e0       	ldi	r25, 0x00	; 0
    2ba2:	0e 94 ba 13 	call	0x2774	; 0x2774 <delay_ms>
	DIO_u8SetPinValue(LCD_u8_CONTROL_PORT,LCD_u8_E_PIN,DIO_u8_LOW);
    2ba6:	80 e0       	ldi	r24, 0x00	; 0
    2ba8:	62 e0       	ldi	r22, 0x02	; 2
    2baa:	40 e0       	ldi	r20, 0x00	; 0
    2bac:	0e 94 1f 10 	call	0x203e	; 0x203e <DIO_u8SetPinValue>
	delay_ms(1);
    2bb0:	61 e0       	ldi	r22, 0x01	; 1
    2bb2:	70 e0       	ldi	r23, 0x00	; 0
    2bb4:	80 e0       	ldi	r24, 0x00	; 0
    2bb6:	90 e0       	ldi	r25, 0x00	; 0
    2bb8:	0e 94 ba 13 	call	0x2774	; 0x2774 <delay_ms>
	return 1;
    2bbc:	81 e0       	ldi	r24, 0x01	; 1
}
    2bbe:	0f 90       	pop	r0
    2bc0:	cf 91       	pop	r28
    2bc2:	df 91       	pop	r29
    2bc4:	08 95       	ret

00002bc6 <LCD_u8Send_Char>:
u8 LCD_u8Send_Char(u8 MyChar)
{
    2bc6:	df 93       	push	r29
    2bc8:	cf 93       	push	r28
    2bca:	0f 92       	push	r0
    2bcc:	cd b7       	in	r28, 0x3d	; 61
    2bce:	de b7       	in	r29, 0x3e	; 62
    2bd0:	89 83       	std	Y+1, r24	; 0x01
	if(counter == 32) // to clear filled screen
    2bd2:	80 91 e4 01 	lds	r24, 0x01E4
    2bd6:	80 32       	cpi	r24, 0x20	; 32
    2bd8:	41 f4       	brne	.+16     	; 0x2bea <LCD_u8Send_Char+0x24>
	{
		LCD_voidClear_Displayed();
    2bda:	0e 94 87 16 	call	0x2d0e	; 0x2d0e <LCD_voidClear_Displayed>
		counter = 0;
    2bde:	10 92 e4 01 	sts	0x01E4, r1
		LCD_u8Go_To_XY(0,0);
    2be2:	80 e0       	ldi	r24, 0x00	; 0
    2be4:	60 e0       	ldi	r22, 0x00	; 0
    2be6:	0e 94 2b 16 	call	0x2c56	; 0x2c56 <LCD_u8Go_To_XY>
	}
	if(counter == 16) // to go to second row
    2bea:	80 91 e4 01 	lds	r24, 0x01E4
    2bee:	80 31       	cpi	r24, 0x10	; 16
    2bf0:	21 f4       	brne	.+8      	; 0x2bfa <LCD_u8Send_Char+0x34>
	{
		LCD_u8Go_To_XY(0,1);
    2bf2:	80 e0       	ldi	r24, 0x00	; 0
    2bf4:	61 e0       	ldi	r22, 0x01	; 1
    2bf6:	0e 94 2b 16 	call	0x2c56	; 0x2c56 <LCD_u8Go_To_XY>
	}
	DIO_u8SetPinValue(LCD_u8_CONTROL_PORT,LCD_u8_RS_PIN,DIO_u8_HIGH);
    2bfa:	80 e0       	ldi	r24, 0x00	; 0
    2bfc:	60 e0       	ldi	r22, 0x00	; 0
    2bfe:	41 e0       	ldi	r20, 0x01	; 1
    2c00:	0e 94 1f 10 	call	0x203e	; 0x203e <DIO_u8SetPinValue>
	DIO_u8SetPinValue(LCD_u8_CONTROL_PORT,LCD_u8_RW_PIN,DIO_u8_LOW);
    2c04:	80 e0       	ldi	r24, 0x00	; 0
    2c06:	61 e0       	ldi	r22, 0x01	; 1
    2c08:	40 e0       	ldi	r20, 0x00	; 0
    2c0a:	0e 94 1f 10 	call	0x203e	; 0x203e <DIO_u8SetPinValue>
	DIO_u8SetPinValue(LCD_u8_CONTROL_PORT,LCD_u8_E_PIN,DIO_u8_HIGH);
    2c0e:	80 e0       	ldi	r24, 0x00	; 0
    2c10:	62 e0       	ldi	r22, 0x02	; 2
    2c12:	41 e0       	ldi	r20, 0x01	; 1
    2c14:	0e 94 1f 10 	call	0x203e	; 0x203e <DIO_u8SetPinValue>
	DIO_u8SetPortValue(LCD_u8_DATAPORT,MyChar);
    2c18:	81 e0       	ldi	r24, 0x01	; 1
    2c1a:	69 81       	ldd	r22, Y+1	; 0x01
    2c1c:	0e 94 7f 12 	call	0x24fe	; 0x24fe <DIO_u8SetPortValue>
	delay_ms(2);
    2c20:	62 e0       	ldi	r22, 0x02	; 2
    2c22:	70 e0       	ldi	r23, 0x00	; 0
    2c24:	80 e0       	ldi	r24, 0x00	; 0
    2c26:	90 e0       	ldi	r25, 0x00	; 0
    2c28:	0e 94 ba 13 	call	0x2774	; 0x2774 <delay_ms>
	DIO_u8SetPinValue(LCD_u8_CONTROL_PORT,LCD_u8_E_PIN,DIO_u8_LOW);
    2c2c:	80 e0       	ldi	r24, 0x00	; 0
    2c2e:	62 e0       	ldi	r22, 0x02	; 2
    2c30:	40 e0       	ldi	r20, 0x00	; 0
    2c32:	0e 94 1f 10 	call	0x203e	; 0x203e <DIO_u8SetPinValue>
	delay_ms(1);
    2c36:	61 e0       	ldi	r22, 0x01	; 1
    2c38:	70 e0       	ldi	r23, 0x00	; 0
    2c3a:	80 e0       	ldi	r24, 0x00	; 0
    2c3c:	90 e0       	ldi	r25, 0x00	; 0
    2c3e:	0e 94 ba 13 	call	0x2774	; 0x2774 <delay_ms>
	++counter;
    2c42:	80 91 e4 01 	lds	r24, 0x01E4
    2c46:	8f 5f       	subi	r24, 0xFF	; 255
    2c48:	80 93 e4 01 	sts	0x01E4, r24
	return 1;
    2c4c:	81 e0       	ldi	r24, 0x01	; 1
}
    2c4e:	0f 90       	pop	r0
    2c50:	cf 91       	pop	r28
    2c52:	df 91       	pop	r29
    2c54:	08 95       	ret

00002c56 <LCD_u8Go_To_XY>:
u8 LCD_u8Go_To_XY(u8 column,u8 row)
{
    2c56:	df 93       	push	r29
    2c58:	cf 93       	push	r28
    2c5a:	00 d0       	rcall	.+0      	; 0x2c5c <LCD_u8Go_To_XY+0x6>
    2c5c:	0f 92       	push	r0
    2c5e:	cd b7       	in	r28, 0x3d	; 61
    2c60:	de b7       	in	r29, 0x3e	; 62
    2c62:	89 83       	std	Y+1, r24	; 0x01
    2c64:	6a 83       	std	Y+2, r22	; 0x02
	if(column<16 && row<2)
    2c66:	89 81       	ldd	r24, Y+1	; 0x01
    2c68:	80 31       	cpi	r24, 0x10	; 16
    2c6a:	c0 f4       	brcc	.+48     	; 0x2c9c <LCD_u8Go_To_XY+0x46>
    2c6c:	8a 81       	ldd	r24, Y+2	; 0x02
    2c6e:	82 30       	cpi	r24, 0x02	; 2
    2c70:	a8 f4       	brcc	.+42     	; 0x2c9c <LCD_u8Go_To_XY+0x46>
	{
		LCD_u8Send_Instruction(0x80+column+row*0x40);
    2c72:	8a 81       	ldd	r24, Y+2	; 0x02
    2c74:	88 2f       	mov	r24, r24
    2c76:	90 e0       	ldi	r25, 0x00	; 0
    2c78:	00 24       	eor	r0, r0
    2c7a:	96 95       	lsr	r25
    2c7c:	87 95       	ror	r24
    2c7e:	07 94       	ror	r0
    2c80:	96 95       	lsr	r25
    2c82:	87 95       	ror	r24
    2c84:	07 94       	ror	r0
    2c86:	98 2f       	mov	r25, r24
    2c88:	80 2d       	mov	r24, r0
    2c8a:	98 2f       	mov	r25, r24
    2c8c:	89 81       	ldd	r24, Y+1	; 0x01
    2c8e:	89 0f       	add	r24, r25
    2c90:	80 58       	subi	r24, 0x80	; 128
    2c92:	0e 94 b4 15 	call	0x2b68	; 0x2b68 <LCD_u8Send_Instruction>
		return 1;
    2c96:	81 e0       	ldi	r24, 0x01	; 1
    2c98:	8b 83       	std	Y+3, r24	; 0x03
    2c9a:	01 c0       	rjmp	.+2      	; 0x2c9e <LCD_u8Go_To_XY+0x48>
	}
	else
	return 0;
    2c9c:	1b 82       	std	Y+3, r1	; 0x03
    2c9e:	8b 81       	ldd	r24, Y+3	; 0x03
}
    2ca0:	0f 90       	pop	r0
    2ca2:	0f 90       	pop	r0
    2ca4:	0f 90       	pop	r0
    2ca6:	cf 91       	pop	r28
    2ca8:	df 91       	pop	r29
    2caa:	08 95       	ret

00002cac <LCD_u8Send_String>:
u8 LCD_u8Send_String(u8* MyStr)
{
    2cac:	df 93       	push	r29
    2cae:	cf 93       	push	r28
    2cb0:	00 d0       	rcall	.+0      	; 0x2cb2 <LCD_u8Send_String+0x6>
    2cb2:	cd b7       	in	r28, 0x3d	; 61
    2cb4:	de b7       	in	r29, 0x3e	; 62
    2cb6:	9a 83       	std	Y+2, r25	; 0x02
    2cb8:	89 83       	std	Y+1, r24	; 0x01
    2cba:	0a c0       	rjmp	.+20     	; 0x2cd0 <LCD_u8Send_String+0x24>
	while(*MyStr != '\0')
	{
		LCD_u8Send_Char(*(MyStr));
    2cbc:	e9 81       	ldd	r30, Y+1	; 0x01
    2cbe:	fa 81       	ldd	r31, Y+2	; 0x02
    2cc0:	80 81       	ld	r24, Z
    2cc2:	0e 94 e3 15 	call	0x2bc6	; 0x2bc6 <LCD_u8Send_Char>
		MyStr++;
    2cc6:	89 81       	ldd	r24, Y+1	; 0x01
    2cc8:	9a 81       	ldd	r25, Y+2	; 0x02
    2cca:	01 96       	adiw	r24, 0x01	; 1
    2ccc:	9a 83       	std	Y+2, r25	; 0x02
    2cce:	89 83       	std	Y+1, r24	; 0x01
	else
	return 0;
}
u8 LCD_u8Send_String(u8* MyStr)
{
	while(*MyStr != '\0')
    2cd0:	e9 81       	ldd	r30, Y+1	; 0x01
    2cd2:	fa 81       	ldd	r31, Y+2	; 0x02
    2cd4:	80 81       	ld	r24, Z
    2cd6:	88 23       	and	r24, r24
    2cd8:	89 f7       	brne	.-30     	; 0x2cbc <LCD_u8Send_String+0x10>
	{
		LCD_u8Send_Char(*(MyStr));
		MyStr++;
	}
	return 1;
    2cda:	81 e0       	ldi	r24, 0x01	; 1
}
    2cdc:	0f 90       	pop	r0
    2cde:	0f 90       	pop	r0
    2ce0:	cf 91       	pop	r28
    2ce2:	df 91       	pop	r29
    2ce4:	08 95       	ret

00002ce6 <LCD_voidDisable_Display>:
void LCD_voidDisable_Display()
{
    2ce6:	df 93       	push	r29
    2ce8:	cf 93       	push	r28
    2cea:	cd b7       	in	r28, 0x3d	; 61
    2cec:	de b7       	in	r29, 0x3e	; 62
	LCD_u8Send_Instruction(LCD_u8_DISPLY_OFF);
    2cee:	8b e0       	ldi	r24, 0x0B	; 11
    2cf0:	0e 94 b4 15 	call	0x2b68	; 0x2b68 <LCD_u8Send_Instruction>
}
    2cf4:	cf 91       	pop	r28
    2cf6:	df 91       	pop	r29
    2cf8:	08 95       	ret

00002cfa <LCD_voidEnable_Display>:
void LCD_voidEnable_Display()
{
    2cfa:	df 93       	push	r29
    2cfc:	cf 93       	push	r28
    2cfe:	cd b7       	in	r28, 0x3d	; 61
    2d00:	de b7       	in	r29, 0x3e	; 62
   LCD_u8Send_Instruction(LCD_u8_DISPLY_ON_Cursior_OFF);
    2d02:	8c e0       	ldi	r24, 0x0C	; 12
    2d04:	0e 94 b4 15 	call	0x2b68	; 0x2b68 <LCD_u8Send_Instruction>
}
    2d08:	cf 91       	pop	r28
    2d0a:	df 91       	pop	r29
    2d0c:	08 95       	ret

00002d0e <LCD_voidClear_Displayed>:
void LCD_voidClear_Displayed()
{
    2d0e:	df 93       	push	r29
    2d10:	cf 93       	push	r28
    2d12:	cd b7       	in	r28, 0x3d	; 61
    2d14:	de b7       	in	r29, 0x3e	; 62
	 counter = 0;
    2d16:	10 92 e4 01 	sts	0x01E4, r1
	 LCD_u8Send_Instruction(LCD_u8_CLEARSCREEN);
    2d1a:	81 e0       	ldi	r24, 0x01	; 1
    2d1c:	0e 94 b4 15 	call	0x2b68	; 0x2b68 <LCD_u8Send_Instruction>
}
    2d20:	cf 91       	pop	r28
    2d22:	df 91       	pop	r29
    2d24:	08 95       	ret

00002d26 <KEYPAD_voidInit>:
#include "KEYPAD_interface.h"
#include "KEYPAD_config.h"
#include "KEYPAD_private.h"

void KEYPAD_voidInit()
{
    2d26:	df 93       	push	r29
    2d28:	cf 93       	push	r28
    2d2a:	cd b7       	in	r28, 0x3d	; 61
    2d2c:	de b7       	in	r29, 0x3e	; 62
	DIO_voidInit();
    2d2e:	0e 94 cf 0e 	call	0x1d9e	; 0x1d9e <DIO_voidInit>
}
    2d32:	cf 91       	pop	r28
    2d34:	df 91       	pop	r29
    2d36:	08 95       	ret

00002d38 <KEYPAD_u8Get_Pressed_Key>:

u8 KEYPAD_u8Get_Pressed_Key()
{
    2d38:	df 93       	push	r29
    2d3a:	cf 93       	push	r28
    2d3c:	cd b7       	in	r28, 0x3d	; 61
    2d3e:	de b7       	in	r29, 0x3e	; 62
    2d40:	27 97       	sbiw	r28, 0x07	; 7
    2d42:	0f b6       	in	r0, 0x3f	; 63
    2d44:	f8 94       	cli
    2d46:	de bf       	out	0x3e, r29	; 62
    2d48:	0f be       	out	0x3f, r0	; 63
    2d4a:	cd bf       	out	0x3d, r28	; 61
	u8 Local_u8Button=NO_PRESSED_KEY;
    2d4c:	8f ef       	ldi	r24, 0xFF	; 255
    2d4e:	8e 83       	std	Y+6, r24	; 0x06
	u8 Local_u8PinState;
	u8 Pin_output = KEYPAD_u8C0;
    2d50:	1d 82       	std	Y+5, r1	; 0x05
	u8 Local_u8Flag = 0;
    2d52:	1c 82       	std	Y+4, r1	; 0x04
	//OUTER for loop to columns
	for(u8 i =0;i<KEYPAD_u8NUM_COLUMNS;++i,++Pin_output)
    2d54:	1b 82       	std	Y+3, r1	; 0x03
    2d56:	8e c0       	rjmp	.+284    	; 0x2e74 <KEYPAD_u8Get_Pressed_Key+0x13c>
	{
		//Activate col
		DIO_u8SetPinValue(KEYPAD_u8Keypad_PORT,Pin_output,DIO_u8_LOW);
    2d58:	82 e0       	ldi	r24, 0x02	; 2
    2d5a:	6d 81       	ldd	r22, Y+5	; 0x05
    2d5c:	40 e0       	ldi	r20, 0x00	; 0
    2d5e:	0e 94 1f 10 	call	0x203e	; 0x203e <DIO_u8SetPinValue>
		u8 Pin_input = KEYPAD_u8R0;
    2d62:	84 e0       	ldi	r24, 0x04	; 4
    2d64:	8a 83       	std	Y+2, r24	; 0x02
		for(u8 j=0;j<KEYPAD_u8NUM_ROWS;j++,++Pin_input)
    2d66:	19 82       	std	Y+1, r1	; 0x01
    2d68:	73 c0       	rjmp	.+230    	; 0x2e50 <KEYPAD_u8Get_Pressed_Key+0x118>
		{
			DIO_u8GetPinValue(KEYPAD_u8Keypad_PORT,Pin_input,&Local_u8PinState);
    2d6a:	9e 01       	movw	r18, r28
    2d6c:	29 5f       	subi	r18, 0xF9	; 249
    2d6e:	3f 4f       	sbci	r19, 0xFF	; 255
    2d70:	82 e0       	ldi	r24, 0x02	; 2
    2d72:	6a 81       	ldd	r22, Y+2	; 0x02
    2d74:	a9 01       	movw	r20, r18
    2d76:	0e 94 45 11 	call	0x228a	; 0x228a <DIO_u8GetPinValue>
			if(Local_u8PinState == DIO_u8_LOW)
    2d7a:	8f 81       	ldd	r24, Y+7	; 0x07
    2d7c:	88 23       	and	r24, r24
    2d7e:	09 f0       	breq	.+2      	; 0x2d82 <KEYPAD_u8Get_Pressed_Key+0x4a>
    2d80:	61 c0       	rjmp	.+194    	; 0x2e44 <KEYPAD_u8Get_Pressed_Key+0x10c>
			{
				delay_ms(10);
    2d82:	6a e0       	ldi	r22, 0x0A	; 10
    2d84:	70 e0       	ldi	r23, 0x00	; 0
    2d86:	80 e0       	ldi	r24, 0x00	; 0
    2d88:	90 e0       	ldi	r25, 0x00	; 0
    2d8a:	0e 94 ba 13 	call	0x2774	; 0x2774 <delay_ms>
				DIO_u8GetPinValue(KEYPAD_u8Keypad_PORT,Pin_input,&Local_u8PinState);
    2d8e:	9e 01       	movw	r18, r28
    2d90:	29 5f       	subi	r18, 0xF9	; 249
    2d92:	3f 4f       	sbci	r19, 0xFF	; 255
    2d94:	82 e0       	ldi	r24, 0x02	; 2
    2d96:	6a 81       	ldd	r22, Y+2	; 0x02
    2d98:	a9 01       	movw	r20, r18
    2d9a:	0e 94 45 11 	call	0x228a	; 0x228a <DIO_u8GetPinValue>
    2d9e:	08 c0       	rjmp	.+16     	; 0x2db0 <KEYPAD_u8Get_Pressed_Key+0x78>
				while(Local_u8PinState == DIO_u8_LOW)
				{
					DIO_u8GetPinValue(KEYPAD_u8Keypad_PORT,Pin_input,&Local_u8PinState);
    2da0:	9e 01       	movw	r18, r28
    2da2:	29 5f       	subi	r18, 0xF9	; 249
    2da4:	3f 4f       	sbci	r19, 0xFF	; 255
    2da6:	82 e0       	ldi	r24, 0x02	; 2
    2da8:	6a 81       	ldd	r22, Y+2	; 0x02
    2daa:	a9 01       	movw	r20, r18
    2dac:	0e 94 45 11 	call	0x228a	; 0x228a <DIO_u8GetPinValue>
			DIO_u8GetPinValue(KEYPAD_u8Keypad_PORT,Pin_input,&Local_u8PinState);
			if(Local_u8PinState == DIO_u8_LOW)
			{
				delay_ms(10);
				DIO_u8GetPinValue(KEYPAD_u8Keypad_PORT,Pin_input,&Local_u8PinState);
				while(Local_u8PinState == DIO_u8_LOW)
    2db0:	8f 81       	ldd	r24, Y+7	; 0x07
    2db2:	88 23       	and	r24, r24
    2db4:	a9 f3       	breq	.-22     	; 0x2da0 <KEYPAD_u8Get_Pressed_Key+0x68>
				{
					DIO_u8GetPinValue(KEYPAD_u8Keypad_PORT,Pin_input,&Local_u8PinState);
				}
				if(Mode == KEYPAD_NUM_MODE)
    2db6:	80 91 ae 01 	lds	r24, 0x01AE
    2dba:	81 30       	cpi	r24, 0x01	; 1
    2dbc:	99 f4       	brne	.+38     	; 0x2de4 <KEYPAD_u8Get_Pressed_Key+0xac>
				Local_u8Button = KEYPAD_Keypad_Symbols[j][i];
    2dbe:	89 81       	ldd	r24, Y+1	; 0x01
    2dc0:	28 2f       	mov	r18, r24
    2dc2:	30 e0       	ldi	r19, 0x00	; 0
    2dc4:	8b 81       	ldd	r24, Y+3	; 0x03
    2dc6:	48 2f       	mov	r20, r24
    2dc8:	50 e0       	ldi	r21, 0x00	; 0
    2dca:	c9 01       	movw	r24, r18
    2dcc:	88 0f       	add	r24, r24
    2dce:	99 1f       	adc	r25, r25
    2dd0:	82 0f       	add	r24, r18
    2dd2:	93 1f       	adc	r25, r19
    2dd4:	84 0f       	add	r24, r20
    2dd6:	95 1f       	adc	r25, r21
    2dd8:	fc 01       	movw	r30, r24
    2dda:	e1 55       	subi	r30, 0x51	; 81
    2ddc:	fe 4f       	sbci	r31, 0xFE	; 254
    2dde:	80 81       	ld	r24, Z
    2de0:	8e 83       	std	Y+6, r24	; 0x06
    2de2:	2d c0       	rjmp	.+90     	; 0x2e3e <KEYPAD_u8Get_Pressed_Key+0x106>
				else if (Mode == KEYPAD_LETTER_MODE)
    2de4:	80 91 ae 01 	lds	r24, 0x01AE
    2de8:	82 30       	cpi	r24, 0x02	; 2
    2dea:	99 f4       	brne	.+38     	; 0x2e12 <KEYPAD_u8Get_Pressed_Key+0xda>
		        Local_u8Button = KEYPAD_Keypad_Symbols2[j][i];
    2dec:	89 81       	ldd	r24, Y+1	; 0x01
    2dee:	28 2f       	mov	r18, r24
    2df0:	30 e0       	ldi	r19, 0x00	; 0
    2df2:	8b 81       	ldd	r24, Y+3	; 0x03
    2df4:	48 2f       	mov	r20, r24
    2df6:	50 e0       	ldi	r21, 0x00	; 0
    2df8:	c9 01       	movw	r24, r18
    2dfa:	88 0f       	add	r24, r24
    2dfc:	99 1f       	adc	r25, r25
    2dfe:	82 0f       	add	r24, r18
    2e00:	93 1f       	adc	r25, r19
    2e02:	84 0f       	add	r24, r20
    2e04:	95 1f       	adc	r25, r21
    2e06:	fc 01       	movw	r30, r24
    2e08:	e5 54       	subi	r30, 0x45	; 69
    2e0a:	fe 4f       	sbci	r31, 0xFE	; 254
    2e0c:	80 81       	ld	r24, Z
    2e0e:	8e 83       	std	Y+6, r24	; 0x06
    2e10:	16 c0       	rjmp	.+44     	; 0x2e3e <KEYPAD_u8Get_Pressed_Key+0x106>
				else if (Mode == KEYPAD_u8_CALCULATOR_MODE)
    2e12:	80 91 ae 01 	lds	r24, 0x01AE
    2e16:	83 30       	cpi	r24, 0x03	; 3
    2e18:	91 f4       	brne	.+36     	; 0x2e3e <KEYPAD_u8Get_Pressed_Key+0x106>
				Local_u8Button = KEYPAD_Keypad_Calculator[j][i];
    2e1a:	89 81       	ldd	r24, Y+1	; 0x01
    2e1c:	48 2f       	mov	r20, r24
    2e1e:	50 e0       	ldi	r21, 0x00	; 0
    2e20:	8b 81       	ldd	r24, Y+3	; 0x03
    2e22:	28 2f       	mov	r18, r24
    2e24:	30 e0       	ldi	r19, 0x00	; 0
    2e26:	ca 01       	movw	r24, r20
    2e28:	88 0f       	add	r24, r24
    2e2a:	99 1f       	adc	r25, r25
    2e2c:	88 0f       	add	r24, r24
    2e2e:	99 1f       	adc	r25, r25
    2e30:	82 0f       	add	r24, r18
    2e32:	93 1f       	adc	r25, r19
    2e34:	fc 01       	movw	r30, r24
    2e36:	e9 53       	subi	r30, 0x39	; 57
    2e38:	fe 4f       	sbci	r31, 0xFE	; 254
    2e3a:	80 81       	ld	r24, Z
    2e3c:	8e 83       	std	Y+6, r24	; 0x06
				Local_u8Flag = 1;
    2e3e:	81 e0       	ldi	r24, 0x01	; 1
    2e40:	8c 83       	std	Y+4, r24	; 0x04
    2e42:	0a c0       	rjmp	.+20     	; 0x2e58 <KEYPAD_u8Get_Pressed_Key+0x120>
	for(u8 i =0;i<KEYPAD_u8NUM_COLUMNS;++i,++Pin_output)
	{
		//Activate col
		DIO_u8SetPinValue(KEYPAD_u8Keypad_PORT,Pin_output,DIO_u8_LOW);
		u8 Pin_input = KEYPAD_u8R0;
		for(u8 j=0;j<KEYPAD_u8NUM_ROWS;j++,++Pin_input)
    2e44:	89 81       	ldd	r24, Y+1	; 0x01
    2e46:	8f 5f       	subi	r24, 0xFF	; 255
    2e48:	89 83       	std	Y+1, r24	; 0x01
    2e4a:	8a 81       	ldd	r24, Y+2	; 0x02
    2e4c:	8f 5f       	subi	r24, 0xFF	; 255
    2e4e:	8a 83       	std	Y+2, r24	; 0x02
    2e50:	89 81       	ldd	r24, Y+1	; 0x01
    2e52:	84 30       	cpi	r24, 0x04	; 4
    2e54:	08 f4       	brcc	.+2      	; 0x2e58 <KEYPAD_u8Get_Pressed_Key+0x120>
    2e56:	89 cf       	rjmp	.-238    	; 0x2d6a <KEYPAD_u8Get_Pressed_Key+0x32>
				Local_u8Flag = 1;
				break;
			}
		}
		//Deactivate col
		DIO_u8SetPinValue(KEYPAD_u8Keypad_PORT,Pin_output,DIO_u8_HIGH);
    2e58:	82 e0       	ldi	r24, 0x02	; 2
    2e5a:	6d 81       	ldd	r22, Y+5	; 0x05
    2e5c:	41 e0       	ldi	r20, 0x01	; 1
    2e5e:	0e 94 1f 10 	call	0x203e	; 0x203e <DIO_u8SetPinValue>
		if (Local_u8Flag == 1) break;
    2e62:	8c 81       	ldd	r24, Y+4	; 0x04
    2e64:	81 30       	cpi	r24, 0x01	; 1
    2e66:	51 f0       	breq	.+20     	; 0x2e7c <KEYPAD_u8Get_Pressed_Key+0x144>
	u8 Local_u8Button=NO_PRESSED_KEY;
	u8 Local_u8PinState;
	u8 Pin_output = KEYPAD_u8C0;
	u8 Local_u8Flag = 0;
	//OUTER for loop to columns
	for(u8 i =0;i<KEYPAD_u8NUM_COLUMNS;++i,++Pin_output)
    2e68:	8b 81       	ldd	r24, Y+3	; 0x03
    2e6a:	8f 5f       	subi	r24, 0xFF	; 255
    2e6c:	8b 83       	std	Y+3, r24	; 0x03
    2e6e:	8d 81       	ldd	r24, Y+5	; 0x05
    2e70:	8f 5f       	subi	r24, 0xFF	; 255
    2e72:	8d 83       	std	Y+5, r24	; 0x05
    2e74:	8b 81       	ldd	r24, Y+3	; 0x03
    2e76:	84 30       	cpi	r24, 0x04	; 4
    2e78:	08 f4       	brcc	.+2      	; 0x2e7c <KEYPAD_u8Get_Pressed_Key+0x144>
    2e7a:	6e cf       	rjmp	.-292    	; 0x2d58 <KEYPAD_u8Get_Pressed_Key+0x20>
		}
		//Deactivate col
		DIO_u8SetPinValue(KEYPAD_u8Keypad_PORT,Pin_output,DIO_u8_HIGH);
		if (Local_u8Flag == 1) break;
	}
	return Local_u8Button;
    2e7c:	8e 81       	ldd	r24, Y+6	; 0x06
}
    2e7e:	27 96       	adiw	r28, 0x07	; 7
    2e80:	0f b6       	in	r0, 0x3f	; 63
    2e82:	f8 94       	cli
    2e84:	de bf       	out	0x3e, r29	; 62
    2e86:	0f be       	out	0x3f, r0	; 63
    2e88:	cd bf       	out	0x3d, r28	; 61
    2e8a:	cf 91       	pop	r28
    2e8c:	df 91       	pop	r29
    2e8e:	08 95       	ret

00002e90 <KEYPAD_voidSetMode>:
void KEYPAD_voidSetMode(u8 Copy_Mode)
{
    2e90:	df 93       	push	r29
    2e92:	cf 93       	push	r28
    2e94:	0f 92       	push	r0
    2e96:	cd b7       	in	r28, 0x3d	; 61
    2e98:	de b7       	in	r29, 0x3e	; 62
    2e9a:	89 83       	std	Y+1, r24	; 0x01
     switch(Copy_Mode)
    2e9c:	89 81       	ldd	r24, Y+1	; 0x01
    2e9e:	88 2f       	mov	r24, r24
    2ea0:	90 e0       	ldi	r25, 0x00	; 0
    2ea2:	01 97       	sbiw	r24, 0x01	; 1
    2ea4:	83 30       	cpi	r24, 0x03	; 3
    2ea6:	91 05       	cpc	r25, r1
    2ea8:	18 f4       	brcc	.+6      	; 0x2eb0 <KEYPAD_voidSetMode+0x20>
     {
         case KEYPAD_NUM_MODE:
         case KEYPAD_LETTER_MODE:
         case KEYPAD_u8_CALCULATOR_MODE:
        	 Mode = Copy_Mode;
    2eaa:	89 81       	ldd	r24, Y+1	; 0x01
    2eac:	80 93 ae 01 	sts	0x01AE, r24
        	 break;
     }
}
    2eb0:	0f 90       	pop	r0
    2eb2:	cf 91       	pop	r28
    2eb4:	df 91       	pop	r29
    2eb6:	08 95       	ret

00002eb8 <EEPROM_voidSendDataByte>:
/*********************************************************************************/
/* Copy_u16LocationAddress:the address of the location you want to write on		**/
/* Copy_u8DataByte:Assign the Data you want to send								**/
/*********************************************************************************/
void EEPROM_voidSendDataByte(u16 Copy_u16LocationAddress, u8 Copy_u8DataByte)
{
    2eb8:	df 93       	push	r29
    2eba:	cf 93       	push	r28
    2ebc:	00 d0       	rcall	.+0      	; 0x2ebe <EEPROM_voidSendDataByte+0x6>
    2ebe:	00 d0       	rcall	.+0      	; 0x2ec0 <EEPROM_voidSendDataByte+0x8>
    2ec0:	cd b7       	in	r28, 0x3d	; 61
    2ec2:	de b7       	in	r29, 0x3e	; 62
    2ec4:	9b 83       	std	Y+3, r25	; 0x03
    2ec6:	8a 83       	std	Y+2, r24	; 0x02
    2ec8:	6c 83       	std	Y+4, r22	; 0x04
	u8 Local_u8AddressPacket;

	Local_u8AddressPacket = EEPROM_FIXED_ADDRESS | (A2_CONNECTION <<2) | (u8)(Copy_u16LocationAddress >>8);
    2eca:	8a 81       	ldd	r24, Y+2	; 0x02
    2ecc:	9b 81       	ldd	r25, Y+3	; 0x03
    2ece:	89 2f       	mov	r24, r25
    2ed0:	99 27       	eor	r25, r25
    2ed2:	80 65       	ori	r24, 0x50	; 80
    2ed4:	89 83       	std	Y+1, r24	; 0x01
	
	/*Send start condition*/
	TWI_ErrorStatusSendStartConditionWithACK();
    2ed6:	0e 94 47 05 	call	0xa8e	; 0xa8e <TWI_ErrorStatusSendStartConditionWithACK>

	/*Send the address packet*/
	TWI_ErrorStatusSendSlaveAddressWithWriteACK(Local_u8AddressPacket);
    2eda:	89 81       	ldd	r24, Y+1	; 0x01
    2edc:	0e 94 94 05 	call	0xb28	; 0xb28 <TWI_ErrorStatusSendSlaveAddressWithWriteACK>

	/*Send the rest 8bits of the location address*/
	TWI_ErrorStatusMasterWriteDataByteWithACK((u8)Copy_u16LocationAddress);
    2ee0:	8a 81       	ldd	r24, Y+2	; 0x02
    2ee2:	0e 94 07 06 	call	0xc0e	; 0xc0e <TWI_ErrorStatusMasterWriteDataByteWithACK>

	/*Send the data byte to the memory location*/
	TWI_ErrorStatusMasterWriteDataByteWithACK(Copy_u8DataByte);
    2ee6:	8c 81       	ldd	r24, Y+4	; 0x04
    2ee8:	0e 94 07 06 	call	0xc0e	; 0xc0e <TWI_ErrorStatusMasterWriteDataByteWithACK>

	/*Send stop condition*/
	TWI_voidSendStopCondition();
    2eec:	0e 94 9c 06 	call	0xd38	; 0xd38 <TWI_voidSendStopCondition>

	/*Delay until the write cycle is finished*/
	delay_ms(20);
    2ef0:	64 e1       	ldi	r22, 0x14	; 20
    2ef2:	70 e0       	ldi	r23, 0x00	; 0
    2ef4:	80 e0       	ldi	r24, 0x00	; 0
    2ef6:	90 e0       	ldi	r25, 0x00	; 0
    2ef8:	0e 94 ba 13 	call	0x2774	; 0x2774 <delay_ms>

}
    2efc:	0f 90       	pop	r0
    2efe:	0f 90       	pop	r0
    2f00:	0f 90       	pop	r0
    2f02:	0f 90       	pop	r0
    2f04:	cf 91       	pop	r28
    2f06:	df 91       	pop	r29
    2f08:	08 95       	ret

00002f0a <EEPROM_u8ReadDataByte>:
/* Desc:This Function reads a byte of data from eeprom							**/
/*********************************************************************************/
/* Copy_u16LocationAddress:the address of the location you want to read from	**/
/*********************************************************************************/
u8 EEPROM_u8ReadDataByte(u16 Copy_u16LocationAddress)
{
    2f0a:	df 93       	push	r29
    2f0c:	cf 93       	push	r28
    2f0e:	00 d0       	rcall	.+0      	; 0x2f10 <EEPROM_u8ReadDataByte+0x6>
    2f10:	00 d0       	rcall	.+0      	; 0x2f12 <EEPROM_u8ReadDataByte+0x8>
    2f12:	0f 92       	push	r0
    2f14:	cd b7       	in	r28, 0x3d	; 61
    2f16:	de b7       	in	r29, 0x3e	; 62
    2f18:	9d 83       	std	Y+5, r25	; 0x05
    2f1a:	8c 83       	std	Y+4, r24	; 0x04
	u8 Local_u8AddressPacket, Local_u8Data;

	Local_u8AddressPacket = EEPROM_FIXED_ADDRESS | (A2_CONNECTION <<2) | (u8)(Copy_u16LocationAddress >>8);
    2f1c:	8c 81       	ldd	r24, Y+4	; 0x04
    2f1e:	9d 81       	ldd	r25, Y+5	; 0x05
    2f20:	89 2f       	mov	r24, r25
    2f22:	99 27       	eor	r25, r25
    2f24:	80 65       	ori	r24, 0x50	; 80
    2f26:	89 83       	std	Y+1, r24	; 0x01

	/*Send start condition*/
	TWI_ErrorStatusSendStartConditionWithACK();
    2f28:	0e 94 47 05 	call	0xa8e	; 0xa8e <TWI_ErrorStatusSendStartConditionWithACK>

	/*Send the address packet with write request*/
	TWI_ErrorStatusSendSlaveAddressWithWriteACK(Local_u8AddressPacket);
    2f2c:	89 81       	ldd	r24, Y+1	; 0x01
    2f2e:	0e 94 94 05 	call	0xb28	; 0xb28 <TWI_ErrorStatusSendSlaveAddressWithWriteACK>

	/*Send the rest 8bits of the location address*/
	TWI_ErrorStatusMasterWriteDataByteWithACK((u8)Copy_u16LocationAddress);
    2f32:	8c 81       	ldd	r24, Y+4	; 0x04
    2f34:	0e 94 07 06 	call	0xc0e	; 0xc0e <TWI_ErrorStatusMasterWriteDataByteWithACK>

	/*Send repeated start to change write request into read request*/
	TWI_ErrorStatusSendRepeatedStartConditionWithACK();
    2f38:	0e 94 71 05 	call	0xae2	; 0xae2 <TWI_ErrorStatusSendRepeatedStartConditionWithACK>

	/*Send the address packet with read request*/
	TWI_ErrorStatusSendSlaveAddressWithReadACK(Local_u8AddressPacket);
    2f3c:	89 81       	ldd	r24, Y+1	; 0x01
    2f3e:	0e 94 cf 05 	call	0xb9e	; 0xb9e <TWI_ErrorStatusSendSlaveAddressWithReadACK>
	
	/*Get the data from memory*/
	TWI_ErrorStatusMasterReadDataByteWithACK(&Local_u8Data);
    2f42:	ce 01       	movw	r24, r28
    2f44:	02 96       	adiw	r24, 0x02	; 2
    2f46:	0e 94 30 06 	call	0xc60	; 0xc60 <TWI_ErrorStatusMasterReadDataByteWithACK>

	u8 test;

	TWI_ErrorStatusMasterReadDataByteWithNACK(&test);
    2f4a:	ce 01       	movw	r24, r28
    2f4c:	03 96       	adiw	r24, 0x03	; 3
    2f4e:	0e 94 5f 06 	call	0xcbe	; 0xcbe <TWI_ErrorStatusMasterReadDataByteWithNACK>

	/*send the stop condition*/
	TWI_voidSendStopCondition();
    2f52:	0e 94 9c 06 	call	0xd38	; 0xd38 <TWI_voidSendStopCondition>

	return Local_u8Data;
    2f56:	8a 81       	ldd	r24, Y+2	; 0x02
}
    2f58:	0f 90       	pop	r0
    2f5a:	0f 90       	pop	r0
    2f5c:	0f 90       	pop	r0
    2f5e:	0f 90       	pop	r0
    2f60:	0f 90       	pop	r0
    2f62:	cf 91       	pop	r28
    2f64:	df 91       	pop	r29
    2f66:	08 95       	ret

00002f68 <DC_voidInit>:
#include "DC_interface.h"
#include "DC_config.h"
#include "DC_private.h"

void DC_voidInit()
{
    2f68:	df 93       	push	r29
    2f6a:	cf 93       	push	r28
    2f6c:	cd b7       	in	r28, 0x3d	; 61
    2f6e:	de b7       	in	r29, 0x3e	; 62
	DIO_voidInit();
    2f70:	0e 94 cf 0e 	call	0x1d9e	; 0x1d9e <DIO_voidInit>
}
    2f74:	cf 91       	pop	r28
    2f76:	df 91       	pop	r29
    2f78:	08 95       	ret

00002f7a <DC_u8Set_State>:

u8 DC_u8Set_State(u8 state)
{
    2f7a:	df 93       	push	r29
    2f7c:	cf 93       	push	r28
    2f7e:	00 d0       	rcall	.+0      	; 0x2f80 <DC_u8Set_State+0x6>
    2f80:	cd b7       	in	r28, 0x3d	; 61
    2f82:	de b7       	in	r29, 0x3e	; 62
    2f84:	89 83       	std	Y+1, r24	; 0x01
	switch(state)
    2f86:	89 81       	ldd	r24, Y+1	; 0x01
    2f88:	88 2f       	mov	r24, r24
    2f8a:	90 e0       	ldi	r25, 0x00	; 0
    2f8c:	00 96       	adiw	r24, 0x00	; 0
    2f8e:	82 30       	cpi	r24, 0x02	; 2
    2f90:	91 05       	cpc	r25, r1
    2f92:	40 f4       	brcc	.+16     	; 0x2fa4 <DC_u8Set_State+0x2a>
	{
	     case DC_u8MOTOR_ON:
	     case DC_u8MOTOR_OFF:
		        DIO_u8SetPinValue(DC_u8PORT,DC_u8PIN,state);
    2f94:	83 e0       	ldi	r24, 0x03	; 3
    2f96:	64 e0       	ldi	r22, 0x04	; 4
    2f98:	49 81       	ldd	r20, Y+1	; 0x01
    2f9a:	0e 94 1f 10 	call	0x203e	; 0x203e <DIO_u8SetPinValue>
	            return 1;
    2f9e:	81 e0       	ldi	r24, 0x01	; 1
    2fa0:	8a 83       	std	Y+2, r24	; 0x02
    2fa2:	01 c0       	rjmp	.+2      	; 0x2fa6 <DC_u8Set_State+0x2c>
	    default:
		        return 0;
    2fa4:	1a 82       	std	Y+2, r1	; 0x02
    2fa6:	8a 81       	ldd	r24, Y+2	; 0x02
	}
}
    2fa8:	0f 90       	pop	r0
    2faa:	0f 90       	pop	r0
    2fac:	cf 91       	pop	r28
    2fae:	df 91       	pop	r29
    2fb0:	08 95       	ret

00002fb2 <main>:

#include "MCAL/TWI/TWI_interface.h"
#include "HAL/EEPROM/EEPROM_interface.h"

int main()
{
    2fb2:	df 93       	push	r29
    2fb4:	cf 93       	push	r28
    2fb6:	00 d0       	rcall	.+0      	; 0x2fb8 <main+0x6>
    2fb8:	00 d0       	rcall	.+0      	; 0x2fba <main+0x8>
    2fba:	0f 92       	push	r0
    2fbc:	cd b7       	in	r28, 0x3d	; 61
    2fbe:	de b7       	in	r29, 0x3e	; 62

	DIO_voidInit();
    2fc0:	0e 94 cf 0e 	call	0x1d9e	; 0x1d9e <DIO_voidInit>
	UART_voidInit();
    2fc4:	0e 94 4b 04 	call	0x896	; 0x896 <UART_voidInit>
	TWI_voidInitMaster(0);
    2fc8:	80 e0       	ldi	r24, 0x00	; 0
    2fca:	0e 94 f8 04 	call	0x9f0	; 0x9f0 <TWI_voidInitMaster>
	delay_ms(100);
    2fce:	64 e6       	ldi	r22, 0x64	; 100
    2fd0:	70 e0       	ldi	r23, 0x00	; 0
    2fd2:	80 e0       	ldi	r24, 0x00	; 0
    2fd4:	90 e0       	ldi	r25, 0x00	; 0
    2fd6:	0e 94 ba 13 	call	0x2774	; 0x2774 <delay_ms>
	u8 chr = 'A';
    2fda:	81 e4       	ldi	r24, 0x41	; 65
    2fdc:	8d 83       	std	Y+5, r24	; 0x05
	//EEPROM_voidSendDataByte(50,chr);
	//delay_ms(20);
	//UART_voidTransmit(EEPROM_u8ReadDataByte(50));
	while(1)
	{
		UART_voidTransmit('2');
    2fde:	82 e3       	ldi	r24, 0x32	; 50
    2fe0:	0e 94 79 04 	call	0x8f2	; 0x8f2 <UART_voidTransmit>
		for(u32 i = 0 ;i < 50 ;++i)
    2fe4:	19 82       	std	Y+1, r1	; 0x01
    2fe6:	1a 82       	std	Y+2, r1	; 0x02
    2fe8:	1b 82       	std	Y+3, r1	; 0x03
    2fea:	1c 82       	std	Y+4, r1	; 0x04
    2fec:	17 c0       	rjmp	.+46     	; 0x301c <main+0x6a>
		{
			UART_voidTransmit(EEPROM_u8ReadDataByte(i));
    2fee:	89 81       	ldd	r24, Y+1	; 0x01
    2ff0:	9a 81       	ldd	r25, Y+2	; 0x02
    2ff2:	0e 94 85 17 	call	0x2f0a	; 0x2f0a <EEPROM_u8ReadDataByte>
    2ff6:	0e 94 79 04 	call	0x8f2	; 0x8f2 <UART_voidTransmit>
			delay_ms(20);
    2ffa:	64 e1       	ldi	r22, 0x14	; 20
    2ffc:	70 e0       	ldi	r23, 0x00	; 0
    2ffe:	80 e0       	ldi	r24, 0x00	; 0
    3000:	90 e0       	ldi	r25, 0x00	; 0
    3002:	0e 94 ba 13 	call	0x2774	; 0x2774 <delay_ms>
	//delay_ms(20);
	//UART_voidTransmit(EEPROM_u8ReadDataByte(50));
	while(1)
	{
		UART_voidTransmit('2');
		for(u32 i = 0 ;i < 50 ;++i)
    3006:	89 81       	ldd	r24, Y+1	; 0x01
    3008:	9a 81       	ldd	r25, Y+2	; 0x02
    300a:	ab 81       	ldd	r26, Y+3	; 0x03
    300c:	bc 81       	ldd	r27, Y+4	; 0x04
    300e:	01 96       	adiw	r24, 0x01	; 1
    3010:	a1 1d       	adc	r26, r1
    3012:	b1 1d       	adc	r27, r1
    3014:	89 83       	std	Y+1, r24	; 0x01
    3016:	9a 83       	std	Y+2, r25	; 0x02
    3018:	ab 83       	std	Y+3, r26	; 0x03
    301a:	bc 83       	std	Y+4, r27	; 0x04
    301c:	89 81       	ldd	r24, Y+1	; 0x01
    301e:	9a 81       	ldd	r25, Y+2	; 0x02
    3020:	ab 81       	ldd	r26, Y+3	; 0x03
    3022:	bc 81       	ldd	r27, Y+4	; 0x04
    3024:	82 33       	cpi	r24, 0x32	; 50
    3026:	91 05       	cpc	r25, r1
    3028:	a1 05       	cpc	r26, r1
    302a:	b1 05       	cpc	r27, r1
    302c:	00 f3       	brcs	.-64     	; 0x2fee <main+0x3c>
		{
			UART_voidTransmit(EEPROM_u8ReadDataByte(i));
			delay_ms(20);
		}
		delay_ms(1000);
    302e:	68 ee       	ldi	r22, 0xE8	; 232
    3030:	73 e0       	ldi	r23, 0x03	; 3
    3032:	80 e0       	ldi	r24, 0x00	; 0
    3034:	90 e0       	ldi	r25, 0x00	; 0
    3036:	0e 94 ba 13 	call	0x2774	; 0x2774 <delay_ms>
		UART_voidSendNewLine();
    303a:	0e 94 de 04 	call	0x9bc	; 0x9bc <UART_voidSendNewLine>
    303e:	cf cf       	rjmp	.-98     	; 0x2fde <main+0x2c>

00003040 <__divmodhi4>:
    3040:	97 fb       	bst	r25, 7
    3042:	09 2e       	mov	r0, r25
    3044:	07 26       	eor	r0, r23
    3046:	0a d0       	rcall	.+20     	; 0x305c <__divmodhi4_neg1>
    3048:	77 fd       	sbrc	r23, 7
    304a:	04 d0       	rcall	.+8      	; 0x3054 <__divmodhi4_neg2>
    304c:	0c d0       	rcall	.+24     	; 0x3066 <__udivmodhi4>
    304e:	06 d0       	rcall	.+12     	; 0x305c <__divmodhi4_neg1>
    3050:	00 20       	and	r0, r0
    3052:	1a f4       	brpl	.+6      	; 0x305a <__divmodhi4_exit>

00003054 <__divmodhi4_neg2>:
    3054:	70 95       	com	r23
    3056:	61 95       	neg	r22
    3058:	7f 4f       	sbci	r23, 0xFF	; 255

0000305a <__divmodhi4_exit>:
    305a:	08 95       	ret

0000305c <__divmodhi4_neg1>:
    305c:	f6 f7       	brtc	.-4      	; 0x305a <__divmodhi4_exit>
    305e:	90 95       	com	r25
    3060:	81 95       	neg	r24
    3062:	9f 4f       	sbci	r25, 0xFF	; 255
    3064:	08 95       	ret

00003066 <__udivmodhi4>:
    3066:	aa 1b       	sub	r26, r26
    3068:	bb 1b       	sub	r27, r27
    306a:	51 e1       	ldi	r21, 0x11	; 17
    306c:	07 c0       	rjmp	.+14     	; 0x307c <__udivmodhi4_ep>

0000306e <__udivmodhi4_loop>:
    306e:	aa 1f       	adc	r26, r26
    3070:	bb 1f       	adc	r27, r27
    3072:	a6 17       	cp	r26, r22
    3074:	b7 07       	cpc	r27, r23
    3076:	10 f0       	brcs	.+4      	; 0x307c <__udivmodhi4_ep>
    3078:	a6 1b       	sub	r26, r22
    307a:	b7 0b       	sbc	r27, r23

0000307c <__udivmodhi4_ep>:
    307c:	88 1f       	adc	r24, r24
    307e:	99 1f       	adc	r25, r25
    3080:	5a 95       	dec	r21
    3082:	a9 f7       	brne	.-22     	; 0x306e <__udivmodhi4_loop>
    3084:	80 95       	com	r24
    3086:	90 95       	com	r25
    3088:	bc 01       	movw	r22, r24
    308a:	cd 01       	movw	r24, r26
    308c:	08 95       	ret

0000308e <__prologue_saves__>:
    308e:	2f 92       	push	r2
    3090:	3f 92       	push	r3
    3092:	4f 92       	push	r4
    3094:	5f 92       	push	r5
    3096:	6f 92       	push	r6
    3098:	7f 92       	push	r7
    309a:	8f 92       	push	r8
    309c:	9f 92       	push	r9
    309e:	af 92       	push	r10
    30a0:	bf 92       	push	r11
    30a2:	cf 92       	push	r12
    30a4:	df 92       	push	r13
    30a6:	ef 92       	push	r14
    30a8:	ff 92       	push	r15
    30aa:	0f 93       	push	r16
    30ac:	1f 93       	push	r17
    30ae:	cf 93       	push	r28
    30b0:	df 93       	push	r29
    30b2:	cd b7       	in	r28, 0x3d	; 61
    30b4:	de b7       	in	r29, 0x3e	; 62
    30b6:	ca 1b       	sub	r28, r26
    30b8:	db 0b       	sbc	r29, r27
    30ba:	0f b6       	in	r0, 0x3f	; 63
    30bc:	f8 94       	cli
    30be:	de bf       	out	0x3e, r29	; 62
    30c0:	0f be       	out	0x3f, r0	; 63
    30c2:	cd bf       	out	0x3d, r28	; 61
    30c4:	09 94       	ijmp

000030c6 <__epilogue_restores__>:
    30c6:	2a 88       	ldd	r2, Y+18	; 0x12
    30c8:	39 88       	ldd	r3, Y+17	; 0x11
    30ca:	48 88       	ldd	r4, Y+16	; 0x10
    30cc:	5f 84       	ldd	r5, Y+15	; 0x0f
    30ce:	6e 84       	ldd	r6, Y+14	; 0x0e
    30d0:	7d 84       	ldd	r7, Y+13	; 0x0d
    30d2:	8c 84       	ldd	r8, Y+12	; 0x0c
    30d4:	9b 84       	ldd	r9, Y+11	; 0x0b
    30d6:	aa 84       	ldd	r10, Y+10	; 0x0a
    30d8:	b9 84       	ldd	r11, Y+9	; 0x09
    30da:	c8 84       	ldd	r12, Y+8	; 0x08
    30dc:	df 80       	ldd	r13, Y+7	; 0x07
    30de:	ee 80       	ldd	r14, Y+6	; 0x06
    30e0:	fd 80       	ldd	r15, Y+5	; 0x05
    30e2:	0c 81       	ldd	r16, Y+4	; 0x04
    30e4:	1b 81       	ldd	r17, Y+3	; 0x03
    30e6:	aa 81       	ldd	r26, Y+2	; 0x02
    30e8:	b9 81       	ldd	r27, Y+1	; 0x01
    30ea:	ce 0f       	add	r28, r30
    30ec:	d1 1d       	adc	r29, r1
    30ee:	0f b6       	in	r0, 0x3f	; 63
    30f0:	f8 94       	cli
    30f2:	de bf       	out	0x3e, r29	; 62
    30f4:	0f be       	out	0x3f, r0	; 63
    30f6:	cd bf       	out	0x3d, r28	; 61
    30f8:	ed 01       	movw	r28, r26
    30fa:	08 95       	ret

000030fc <_exit>:
    30fc:	f8 94       	cli

000030fe <__stop_program>:
    30fe:	ff cf       	rjmp	.-2      	; 0x30fe <__stop_program>
