
voltameter.elf:     file format elf32-avr

Sections:
Idx Name          Size      VMA       LMA       File off  Algn
  0 .text         000037ea  00000000  00000000  00000094  2**1
                  CONTENTS, ALLOC, LOAD, READONLY, CODE
  1 .data         00000132  00800060  000037ea  0000387e  2**0
                  CONTENTS, ALLOC, LOAD, DATA
  2 .bss          0000000a  00800192  00800192  000039b0  2**0
                  ALLOC
  3 .stab         000033f0  00000000  00000000  000039b0  2**2
                  CONTENTS, READONLY, DEBUGGING
  4 .stabstr      00001639  00000000  00000000  00006da0  2**0
                  CONTENTS, READONLY, DEBUGGING
  5 .debug_aranges 000001c0  00000000  00000000  000083d9  2**0
                  CONTENTS, READONLY, DEBUGGING
  6 .debug_pubnames 00000214  00000000  00000000  00008599  2**0
                  CONTENTS, READONLY, DEBUGGING
  7 .debug_info   00002612  00000000  00000000  000087ad  2**0
                  CONTENTS, READONLY, DEBUGGING
  8 .debug_abbrev 000014ce  00000000  00000000  0000adbf  2**0
                  CONTENTS, READONLY, DEBUGGING
  9 .debug_line   0000130b  00000000  00000000  0000c28d  2**0
                  CONTENTS, READONLY, DEBUGGING
 10 .debug_frame  000001e0  00000000  00000000  0000d598  2**2
                  CONTENTS, READONLY, DEBUGGING
 11 .debug_str    00000307  00000000  00000000  0000d778  2**0
                  CONTENTS, READONLY, DEBUGGING
 12 .debug_loc    00000a1a  00000000  00000000  0000da7f  2**0
                  CONTENTS, READONLY, DEBUGGING
 13 .debug_ranges 00000050  00000000  00000000  0000e499  2**0
                  CONTENTS, READONLY, DEBUGGING

Disassembly of section .text:

00000000 <__vectors>:
       0:	0c 94 2a 00 	jmp	0x54	; 0x54 <__ctors_end>
       4:	0c 94 3e 09 	jmp	0x127c	; 0x127c <__vector_1>
       8:	0c 94 6b 09 	jmp	0x12d6	; 0x12d6 <__vector_2>
       c:	0c 94 98 09 	jmp	0x1330	; 0x1330 <__vector_3>
      10:	0c 94 47 00 	jmp	0x8e	; 0x8e <__bad_interrupt>
      14:	0c 94 47 00 	jmp	0x8e	; 0x8e <__bad_interrupt>
      18:	0c 94 47 00 	jmp	0x8e	; 0x8e <__bad_interrupt>
      1c:	0c 94 47 00 	jmp	0x8e	; 0x8e <__bad_interrupt>
      20:	0c 94 47 00 	jmp	0x8e	; 0x8e <__bad_interrupt>
      24:	0c 94 47 00 	jmp	0x8e	; 0x8e <__bad_interrupt>
      28:	0c 94 47 00 	jmp	0x8e	; 0x8e <__bad_interrupt>
      2c:	0c 94 47 00 	jmp	0x8e	; 0x8e <__bad_interrupt>
      30:	0c 94 47 00 	jmp	0x8e	; 0x8e <__bad_interrupt>
      34:	0c 94 47 00 	jmp	0x8e	; 0x8e <__bad_interrupt>
      38:	0c 94 47 00 	jmp	0x8e	; 0x8e <__bad_interrupt>
      3c:	0c 94 47 00 	jmp	0x8e	; 0x8e <__bad_interrupt>
      40:	0c 94 af 0e 	jmp	0x1d5e	; 0x1d5e <__vector_16>
      44:	0c 94 47 00 	jmp	0x8e	; 0x8e <__bad_interrupt>
      48:	0c 94 47 00 	jmp	0x8e	; 0x8e <__bad_interrupt>
      4c:	0c 94 47 00 	jmp	0x8e	; 0x8e <__bad_interrupt>
      50:	0c 94 47 00 	jmp	0x8e	; 0x8e <__bad_interrupt>

00000054 <__ctors_end>:
      54:	11 24       	eor	r1, r1
      56:	1f be       	out	0x3f, r1	; 63
      58:	cf e5       	ldi	r28, 0x5F	; 95
      5a:	d8 e0       	ldi	r29, 0x08	; 8
      5c:	de bf       	out	0x3e, r29	; 62
      5e:	cd bf       	out	0x3d, r28	; 61

00000060 <__do_copy_data>:
      60:	11 e0       	ldi	r17, 0x01	; 1
      62:	a0 e6       	ldi	r26, 0x60	; 96
      64:	b0 e0       	ldi	r27, 0x00	; 0
      66:	ea ee       	ldi	r30, 0xEA	; 234
      68:	f7 e3       	ldi	r31, 0x37	; 55
      6a:	02 c0       	rjmp	.+4      	; 0x70 <.do_copy_data_start>

0000006c <.do_copy_data_loop>:
      6c:	05 90       	lpm	r0, Z+
      6e:	0d 92       	st	X+, r0

00000070 <.do_copy_data_start>:
      70:	a2 39       	cpi	r26, 0x92	; 146
      72:	b1 07       	cpc	r27, r17
      74:	d9 f7       	brne	.-10     	; 0x6c <.do_copy_data_loop>

00000076 <__do_clear_bss>:
      76:	11 e0       	ldi	r17, 0x01	; 1
      78:	a2 e9       	ldi	r26, 0x92	; 146
      7a:	b1 e0       	ldi	r27, 0x01	; 1
      7c:	01 c0       	rjmp	.+2      	; 0x80 <.do_clear_bss_start>

0000007e <.do_clear_bss_loop>:
      7e:	1d 92       	st	X+, r1

00000080 <.do_clear_bss_start>:
      80:	ac 39       	cpi	r26, 0x9C	; 156
      82:	b1 07       	cpc	r27, r17
      84:	e1 f7       	brne	.-8      	; 0x7e <.do_clear_bss_loop>
      86:	0e 94 be 1a 	call	0x357c	; 0x357c <main>
      8a:	0c 94 f3 1b 	jmp	0x37e6	; 0x37e6 <_exit>

0000008e <__bad_interrupt>:
      8e:	0c 94 00 00 	jmp	0	; 0x0 <__vectors>

00000092 <__fixunssfsi>:
      92:	ef 92       	push	r14
      94:	ff 92       	push	r15
      96:	0f 93       	push	r16
      98:	1f 93       	push	r17
      9a:	7b 01       	movw	r14, r22
      9c:	8c 01       	movw	r16, r24
      9e:	20 e0       	ldi	r18, 0x00	; 0
      a0:	30 e0       	ldi	r19, 0x00	; 0
      a2:	40 e0       	ldi	r20, 0x00	; 0
      a4:	5f e4       	ldi	r21, 0x4F	; 79
      a6:	0e 94 f5 03 	call	0x7ea	; 0x7ea <__gesf2>
      aa:	88 23       	and	r24, r24
      ac:	8c f0       	brlt	.+34     	; 0xd0 <__fixunssfsi+0x3e>
      ae:	c8 01       	movw	r24, r16
      b0:	b7 01       	movw	r22, r14
      b2:	20 e0       	ldi	r18, 0x00	; 0
      b4:	30 e0       	ldi	r19, 0x00	; 0
      b6:	40 e0       	ldi	r20, 0x00	; 0
      b8:	5f e4       	ldi	r21, 0x4F	; 79
      ba:	0e 94 c1 01 	call	0x382	; 0x382 <__subsf3>
      be:	0e 94 b3 04 	call	0x966	; 0x966 <__fixsfsi>
      c2:	9b 01       	movw	r18, r22
      c4:	ac 01       	movw	r20, r24
      c6:	20 50       	subi	r18, 0x00	; 0
      c8:	30 40       	sbci	r19, 0x00	; 0
      ca:	40 40       	sbci	r20, 0x00	; 0
      cc:	50 48       	sbci	r21, 0x80	; 128
      ce:	06 c0       	rjmp	.+12     	; 0xdc <__fixunssfsi+0x4a>
      d0:	c8 01       	movw	r24, r16
      d2:	b7 01       	movw	r22, r14
      d4:	0e 94 b3 04 	call	0x966	; 0x966 <__fixsfsi>
      d8:	9b 01       	movw	r18, r22
      da:	ac 01       	movw	r20, r24
      dc:	b9 01       	movw	r22, r18
      de:	ca 01       	movw	r24, r20
      e0:	1f 91       	pop	r17
      e2:	0f 91       	pop	r16
      e4:	ff 90       	pop	r15
      e6:	ef 90       	pop	r14
      e8:	08 95       	ret

000000ea <_fpadd_parts>:
      ea:	a0 e0       	ldi	r26, 0x00	; 0
      ec:	b0 e0       	ldi	r27, 0x00	; 0
      ee:	eb e7       	ldi	r30, 0x7B	; 123
      f0:	f0 e0       	ldi	r31, 0x00	; 0
      f2:	0c 94 bc 1b 	jmp	0x3778	; 0x3778 <__prologue_saves__>
      f6:	dc 01       	movw	r26, r24
      f8:	2b 01       	movw	r4, r22
      fa:	fa 01       	movw	r30, r20
      fc:	9c 91       	ld	r25, X
      fe:	92 30       	cpi	r25, 0x02	; 2
     100:	08 f4       	brcc	.+2      	; 0x104 <_fpadd_parts+0x1a>
     102:	39 c1       	rjmp	.+626    	; 0x376 <_fpadd_parts+0x28c>
     104:	eb 01       	movw	r28, r22
     106:	88 81       	ld	r24, Y
     108:	82 30       	cpi	r24, 0x02	; 2
     10a:	08 f4       	brcc	.+2      	; 0x10e <_fpadd_parts+0x24>
     10c:	33 c1       	rjmp	.+614    	; 0x374 <_fpadd_parts+0x28a>
     10e:	94 30       	cpi	r25, 0x04	; 4
     110:	69 f4       	brne	.+26     	; 0x12c <_fpadd_parts+0x42>
     112:	84 30       	cpi	r24, 0x04	; 4
     114:	09 f0       	breq	.+2      	; 0x118 <_fpadd_parts+0x2e>
     116:	2f c1       	rjmp	.+606    	; 0x376 <_fpadd_parts+0x28c>
     118:	11 96       	adiw	r26, 0x01	; 1
     11a:	9c 91       	ld	r25, X
     11c:	11 97       	sbiw	r26, 0x01	; 1
     11e:	89 81       	ldd	r24, Y+1	; 0x01
     120:	98 17       	cp	r25, r24
     122:	09 f4       	brne	.+2      	; 0x126 <_fpadd_parts+0x3c>
     124:	28 c1       	rjmp	.+592    	; 0x376 <_fpadd_parts+0x28c>
     126:	ac e6       	ldi	r26, 0x6C	; 108
     128:	b0 e0       	ldi	r27, 0x00	; 0
     12a:	25 c1       	rjmp	.+586    	; 0x376 <_fpadd_parts+0x28c>
     12c:	84 30       	cpi	r24, 0x04	; 4
     12e:	09 f4       	brne	.+2      	; 0x132 <_fpadd_parts+0x48>
     130:	21 c1       	rjmp	.+578    	; 0x374 <_fpadd_parts+0x28a>
     132:	82 30       	cpi	r24, 0x02	; 2
     134:	a9 f4       	brne	.+42     	; 0x160 <_fpadd_parts+0x76>
     136:	92 30       	cpi	r25, 0x02	; 2
     138:	09 f0       	breq	.+2      	; 0x13c <_fpadd_parts+0x52>
     13a:	1d c1       	rjmp	.+570    	; 0x376 <_fpadd_parts+0x28c>
     13c:	9a 01       	movw	r18, r20
     13e:	ad 01       	movw	r20, r26
     140:	88 e0       	ldi	r24, 0x08	; 8
     142:	ea 01       	movw	r28, r20
     144:	09 90       	ld	r0, Y+
     146:	ae 01       	movw	r20, r28
     148:	e9 01       	movw	r28, r18
     14a:	09 92       	st	Y+, r0
     14c:	9e 01       	movw	r18, r28
     14e:	81 50       	subi	r24, 0x01	; 1
     150:	c1 f7       	brne	.-16     	; 0x142 <_fpadd_parts+0x58>
     152:	e2 01       	movw	r28, r4
     154:	89 81       	ldd	r24, Y+1	; 0x01
     156:	11 96       	adiw	r26, 0x01	; 1
     158:	9c 91       	ld	r25, X
     15a:	89 23       	and	r24, r25
     15c:	81 83       	std	Z+1, r24	; 0x01
     15e:	08 c1       	rjmp	.+528    	; 0x370 <_fpadd_parts+0x286>
     160:	92 30       	cpi	r25, 0x02	; 2
     162:	09 f4       	brne	.+2      	; 0x166 <_fpadd_parts+0x7c>
     164:	07 c1       	rjmp	.+526    	; 0x374 <_fpadd_parts+0x28a>
     166:	12 96       	adiw	r26, 0x02	; 2
     168:	2d 90       	ld	r2, X+
     16a:	3c 90       	ld	r3, X
     16c:	13 97       	sbiw	r26, 0x03	; 3
     16e:	eb 01       	movw	r28, r22
     170:	8a 81       	ldd	r24, Y+2	; 0x02
     172:	9b 81       	ldd	r25, Y+3	; 0x03
     174:	14 96       	adiw	r26, 0x04	; 4
     176:	ad 90       	ld	r10, X+
     178:	bd 90       	ld	r11, X+
     17a:	cd 90       	ld	r12, X+
     17c:	dc 90       	ld	r13, X
     17e:	17 97       	sbiw	r26, 0x07	; 7
     180:	ec 80       	ldd	r14, Y+4	; 0x04
     182:	fd 80       	ldd	r15, Y+5	; 0x05
     184:	0e 81       	ldd	r16, Y+6	; 0x06
     186:	1f 81       	ldd	r17, Y+7	; 0x07
     188:	91 01       	movw	r18, r2
     18a:	28 1b       	sub	r18, r24
     18c:	39 0b       	sbc	r19, r25
     18e:	b9 01       	movw	r22, r18
     190:	37 ff       	sbrs	r19, 7
     192:	04 c0       	rjmp	.+8      	; 0x19c <_fpadd_parts+0xb2>
     194:	66 27       	eor	r22, r22
     196:	77 27       	eor	r23, r23
     198:	62 1b       	sub	r22, r18
     19a:	73 0b       	sbc	r23, r19
     19c:	60 32       	cpi	r22, 0x20	; 32
     19e:	71 05       	cpc	r23, r1
     1a0:	0c f0       	brlt	.+2      	; 0x1a4 <_fpadd_parts+0xba>
     1a2:	61 c0       	rjmp	.+194    	; 0x266 <_fpadd_parts+0x17c>
     1a4:	12 16       	cp	r1, r18
     1a6:	13 06       	cpc	r1, r19
     1a8:	6c f5       	brge	.+90     	; 0x204 <_fpadd_parts+0x11a>
     1aa:	37 01       	movw	r6, r14
     1ac:	48 01       	movw	r8, r16
     1ae:	06 2e       	mov	r0, r22
     1b0:	04 c0       	rjmp	.+8      	; 0x1ba <_fpadd_parts+0xd0>
     1b2:	96 94       	lsr	r9
     1b4:	87 94       	ror	r8
     1b6:	77 94       	ror	r7
     1b8:	67 94       	ror	r6
     1ba:	0a 94       	dec	r0
     1bc:	d2 f7       	brpl	.-12     	; 0x1b2 <_fpadd_parts+0xc8>
     1be:	21 e0       	ldi	r18, 0x01	; 1
     1c0:	30 e0       	ldi	r19, 0x00	; 0
     1c2:	40 e0       	ldi	r20, 0x00	; 0
     1c4:	50 e0       	ldi	r21, 0x00	; 0
     1c6:	04 c0       	rjmp	.+8      	; 0x1d0 <_fpadd_parts+0xe6>
     1c8:	22 0f       	add	r18, r18
     1ca:	33 1f       	adc	r19, r19
     1cc:	44 1f       	adc	r20, r20
     1ce:	55 1f       	adc	r21, r21
     1d0:	6a 95       	dec	r22
     1d2:	d2 f7       	brpl	.-12     	; 0x1c8 <_fpadd_parts+0xde>
     1d4:	21 50       	subi	r18, 0x01	; 1
     1d6:	30 40       	sbci	r19, 0x00	; 0
     1d8:	40 40       	sbci	r20, 0x00	; 0
     1da:	50 40       	sbci	r21, 0x00	; 0
     1dc:	2e 21       	and	r18, r14
     1de:	3f 21       	and	r19, r15
     1e0:	40 23       	and	r20, r16
     1e2:	51 23       	and	r21, r17
     1e4:	21 15       	cp	r18, r1
     1e6:	31 05       	cpc	r19, r1
     1e8:	41 05       	cpc	r20, r1
     1ea:	51 05       	cpc	r21, r1
     1ec:	21 f0       	breq	.+8      	; 0x1f6 <_fpadd_parts+0x10c>
     1ee:	21 e0       	ldi	r18, 0x01	; 1
     1f0:	30 e0       	ldi	r19, 0x00	; 0
     1f2:	40 e0       	ldi	r20, 0x00	; 0
     1f4:	50 e0       	ldi	r21, 0x00	; 0
     1f6:	79 01       	movw	r14, r18
     1f8:	8a 01       	movw	r16, r20
     1fa:	e6 28       	or	r14, r6
     1fc:	f7 28       	or	r15, r7
     1fe:	08 29       	or	r16, r8
     200:	19 29       	or	r17, r9
     202:	3c c0       	rjmp	.+120    	; 0x27c <_fpadd_parts+0x192>
     204:	23 2b       	or	r18, r19
     206:	d1 f1       	breq	.+116    	; 0x27c <_fpadd_parts+0x192>
     208:	26 0e       	add	r2, r22
     20a:	37 1e       	adc	r3, r23
     20c:	35 01       	movw	r6, r10
     20e:	46 01       	movw	r8, r12
     210:	06 2e       	mov	r0, r22
     212:	04 c0       	rjmp	.+8      	; 0x21c <_fpadd_parts+0x132>
     214:	96 94       	lsr	r9
     216:	87 94       	ror	r8
     218:	77 94       	ror	r7
     21a:	67 94       	ror	r6
     21c:	0a 94       	dec	r0
     21e:	d2 f7       	brpl	.-12     	; 0x214 <_fpadd_parts+0x12a>
     220:	21 e0       	ldi	r18, 0x01	; 1
     222:	30 e0       	ldi	r19, 0x00	; 0
     224:	40 e0       	ldi	r20, 0x00	; 0
     226:	50 e0       	ldi	r21, 0x00	; 0
     228:	04 c0       	rjmp	.+8      	; 0x232 <_fpadd_parts+0x148>
     22a:	22 0f       	add	r18, r18
     22c:	33 1f       	adc	r19, r19
     22e:	44 1f       	adc	r20, r20
     230:	55 1f       	adc	r21, r21
     232:	6a 95       	dec	r22
     234:	d2 f7       	brpl	.-12     	; 0x22a <_fpadd_parts+0x140>
     236:	21 50       	subi	r18, 0x01	; 1
     238:	30 40       	sbci	r19, 0x00	; 0
     23a:	40 40       	sbci	r20, 0x00	; 0
     23c:	50 40       	sbci	r21, 0x00	; 0
     23e:	2a 21       	and	r18, r10
     240:	3b 21       	and	r19, r11
     242:	4c 21       	and	r20, r12
     244:	5d 21       	and	r21, r13
     246:	21 15       	cp	r18, r1
     248:	31 05       	cpc	r19, r1
     24a:	41 05       	cpc	r20, r1
     24c:	51 05       	cpc	r21, r1
     24e:	21 f0       	breq	.+8      	; 0x258 <_fpadd_parts+0x16e>
     250:	21 e0       	ldi	r18, 0x01	; 1
     252:	30 e0       	ldi	r19, 0x00	; 0
     254:	40 e0       	ldi	r20, 0x00	; 0
     256:	50 e0       	ldi	r21, 0x00	; 0
     258:	59 01       	movw	r10, r18
     25a:	6a 01       	movw	r12, r20
     25c:	a6 28       	or	r10, r6
     25e:	b7 28       	or	r11, r7
     260:	c8 28       	or	r12, r8
     262:	d9 28       	or	r13, r9
     264:	0b c0       	rjmp	.+22     	; 0x27c <_fpadd_parts+0x192>
     266:	82 15       	cp	r24, r2
     268:	93 05       	cpc	r25, r3
     26a:	2c f0       	brlt	.+10     	; 0x276 <_fpadd_parts+0x18c>
     26c:	1c 01       	movw	r2, r24
     26e:	aa 24       	eor	r10, r10
     270:	bb 24       	eor	r11, r11
     272:	65 01       	movw	r12, r10
     274:	03 c0       	rjmp	.+6      	; 0x27c <_fpadd_parts+0x192>
     276:	ee 24       	eor	r14, r14
     278:	ff 24       	eor	r15, r15
     27a:	87 01       	movw	r16, r14
     27c:	11 96       	adiw	r26, 0x01	; 1
     27e:	9c 91       	ld	r25, X
     280:	d2 01       	movw	r26, r4
     282:	11 96       	adiw	r26, 0x01	; 1
     284:	8c 91       	ld	r24, X
     286:	98 17       	cp	r25, r24
     288:	09 f4       	brne	.+2      	; 0x28c <_fpadd_parts+0x1a2>
     28a:	45 c0       	rjmp	.+138    	; 0x316 <_fpadd_parts+0x22c>
     28c:	99 23       	and	r25, r25
     28e:	39 f0       	breq	.+14     	; 0x29e <_fpadd_parts+0x1b4>
     290:	a8 01       	movw	r20, r16
     292:	97 01       	movw	r18, r14
     294:	2a 19       	sub	r18, r10
     296:	3b 09       	sbc	r19, r11
     298:	4c 09       	sbc	r20, r12
     29a:	5d 09       	sbc	r21, r13
     29c:	06 c0       	rjmp	.+12     	; 0x2aa <_fpadd_parts+0x1c0>
     29e:	a6 01       	movw	r20, r12
     2a0:	95 01       	movw	r18, r10
     2a2:	2e 19       	sub	r18, r14
     2a4:	3f 09       	sbc	r19, r15
     2a6:	40 0b       	sbc	r20, r16
     2a8:	51 0b       	sbc	r21, r17
     2aa:	57 fd       	sbrc	r21, 7
     2ac:	08 c0       	rjmp	.+16     	; 0x2be <_fpadd_parts+0x1d4>
     2ae:	11 82       	std	Z+1, r1	; 0x01
     2b0:	33 82       	std	Z+3, r3	; 0x03
     2b2:	22 82       	std	Z+2, r2	; 0x02
     2b4:	24 83       	std	Z+4, r18	; 0x04
     2b6:	35 83       	std	Z+5, r19	; 0x05
     2b8:	46 83       	std	Z+6, r20	; 0x06
     2ba:	57 83       	std	Z+7, r21	; 0x07
     2bc:	1d c0       	rjmp	.+58     	; 0x2f8 <_fpadd_parts+0x20e>
     2be:	81 e0       	ldi	r24, 0x01	; 1
     2c0:	81 83       	std	Z+1, r24	; 0x01
     2c2:	33 82       	std	Z+3, r3	; 0x03
     2c4:	22 82       	std	Z+2, r2	; 0x02
     2c6:	88 27       	eor	r24, r24
     2c8:	99 27       	eor	r25, r25
     2ca:	dc 01       	movw	r26, r24
     2cc:	82 1b       	sub	r24, r18
     2ce:	93 0b       	sbc	r25, r19
     2d0:	a4 0b       	sbc	r26, r20
     2d2:	b5 0b       	sbc	r27, r21
     2d4:	84 83       	std	Z+4, r24	; 0x04
     2d6:	95 83       	std	Z+5, r25	; 0x05
     2d8:	a6 83       	std	Z+6, r26	; 0x06
     2da:	b7 83       	std	Z+7, r27	; 0x07
     2dc:	0d c0       	rjmp	.+26     	; 0x2f8 <_fpadd_parts+0x20e>
     2de:	22 0f       	add	r18, r18
     2e0:	33 1f       	adc	r19, r19
     2e2:	44 1f       	adc	r20, r20
     2e4:	55 1f       	adc	r21, r21
     2e6:	24 83       	std	Z+4, r18	; 0x04
     2e8:	35 83       	std	Z+5, r19	; 0x05
     2ea:	46 83       	std	Z+6, r20	; 0x06
     2ec:	57 83       	std	Z+7, r21	; 0x07
     2ee:	82 81       	ldd	r24, Z+2	; 0x02
     2f0:	93 81       	ldd	r25, Z+3	; 0x03
     2f2:	01 97       	sbiw	r24, 0x01	; 1
     2f4:	93 83       	std	Z+3, r25	; 0x03
     2f6:	82 83       	std	Z+2, r24	; 0x02
     2f8:	24 81       	ldd	r18, Z+4	; 0x04
     2fa:	35 81       	ldd	r19, Z+5	; 0x05
     2fc:	46 81       	ldd	r20, Z+6	; 0x06
     2fe:	57 81       	ldd	r21, Z+7	; 0x07
     300:	da 01       	movw	r26, r20
     302:	c9 01       	movw	r24, r18
     304:	01 97       	sbiw	r24, 0x01	; 1
     306:	a1 09       	sbc	r26, r1
     308:	b1 09       	sbc	r27, r1
     30a:	8f 5f       	subi	r24, 0xFF	; 255
     30c:	9f 4f       	sbci	r25, 0xFF	; 255
     30e:	af 4f       	sbci	r26, 0xFF	; 255
     310:	bf 43       	sbci	r27, 0x3F	; 63
     312:	28 f3       	brcs	.-54     	; 0x2de <_fpadd_parts+0x1f4>
     314:	0b c0       	rjmp	.+22     	; 0x32c <_fpadd_parts+0x242>
     316:	91 83       	std	Z+1, r25	; 0x01
     318:	33 82       	std	Z+3, r3	; 0x03
     31a:	22 82       	std	Z+2, r2	; 0x02
     31c:	ea 0c       	add	r14, r10
     31e:	fb 1c       	adc	r15, r11
     320:	0c 1d       	adc	r16, r12
     322:	1d 1d       	adc	r17, r13
     324:	e4 82       	std	Z+4, r14	; 0x04
     326:	f5 82       	std	Z+5, r15	; 0x05
     328:	06 83       	std	Z+6, r16	; 0x06
     32a:	17 83       	std	Z+7, r17	; 0x07
     32c:	83 e0       	ldi	r24, 0x03	; 3
     32e:	80 83       	st	Z, r24
     330:	24 81       	ldd	r18, Z+4	; 0x04
     332:	35 81       	ldd	r19, Z+5	; 0x05
     334:	46 81       	ldd	r20, Z+6	; 0x06
     336:	57 81       	ldd	r21, Z+7	; 0x07
     338:	57 ff       	sbrs	r21, 7
     33a:	1a c0       	rjmp	.+52     	; 0x370 <_fpadd_parts+0x286>
     33c:	c9 01       	movw	r24, r18
     33e:	aa 27       	eor	r26, r26
     340:	97 fd       	sbrc	r25, 7
     342:	a0 95       	com	r26
     344:	ba 2f       	mov	r27, r26
     346:	81 70       	andi	r24, 0x01	; 1
     348:	90 70       	andi	r25, 0x00	; 0
     34a:	a0 70       	andi	r26, 0x00	; 0
     34c:	b0 70       	andi	r27, 0x00	; 0
     34e:	56 95       	lsr	r21
     350:	47 95       	ror	r20
     352:	37 95       	ror	r19
     354:	27 95       	ror	r18
     356:	82 2b       	or	r24, r18
     358:	93 2b       	or	r25, r19
     35a:	a4 2b       	or	r26, r20
     35c:	b5 2b       	or	r27, r21
     35e:	84 83       	std	Z+4, r24	; 0x04
     360:	95 83       	std	Z+5, r25	; 0x05
     362:	a6 83       	std	Z+6, r26	; 0x06
     364:	b7 83       	std	Z+7, r27	; 0x07
     366:	82 81       	ldd	r24, Z+2	; 0x02
     368:	93 81       	ldd	r25, Z+3	; 0x03
     36a:	01 96       	adiw	r24, 0x01	; 1
     36c:	93 83       	std	Z+3, r25	; 0x03
     36e:	82 83       	std	Z+2, r24	; 0x02
     370:	df 01       	movw	r26, r30
     372:	01 c0       	rjmp	.+2      	; 0x376 <_fpadd_parts+0x28c>
     374:	d2 01       	movw	r26, r4
     376:	cd 01       	movw	r24, r26
     378:	cd b7       	in	r28, 0x3d	; 61
     37a:	de b7       	in	r29, 0x3e	; 62
     37c:	e2 e1       	ldi	r30, 0x12	; 18
     37e:	0c 94 d8 1b 	jmp	0x37b0	; 0x37b0 <__epilogue_restores__>

00000382 <__subsf3>:
     382:	a0 e2       	ldi	r26, 0x20	; 32
     384:	b0 e0       	ldi	r27, 0x00	; 0
     386:	e7 ec       	ldi	r30, 0xC7	; 199
     388:	f1 e0       	ldi	r31, 0x01	; 1
     38a:	0c 94 c8 1b 	jmp	0x3790	; 0x3790 <__prologue_saves__+0x18>
     38e:	69 83       	std	Y+1, r22	; 0x01
     390:	7a 83       	std	Y+2, r23	; 0x02
     392:	8b 83       	std	Y+3, r24	; 0x03
     394:	9c 83       	std	Y+4, r25	; 0x04
     396:	2d 83       	std	Y+5, r18	; 0x05
     398:	3e 83       	std	Y+6, r19	; 0x06
     39a:	4f 83       	std	Y+7, r20	; 0x07
     39c:	58 87       	std	Y+8, r21	; 0x08
     39e:	e9 e0       	ldi	r30, 0x09	; 9
     3a0:	ee 2e       	mov	r14, r30
     3a2:	f1 2c       	mov	r15, r1
     3a4:	ec 0e       	add	r14, r28
     3a6:	fd 1e       	adc	r15, r29
     3a8:	ce 01       	movw	r24, r28
     3aa:	01 96       	adiw	r24, 0x01	; 1
     3ac:	b7 01       	movw	r22, r14
     3ae:	0e 94 a4 06 	call	0xd48	; 0xd48 <__unpack_f>
     3b2:	8e 01       	movw	r16, r28
     3b4:	0f 5e       	subi	r16, 0xEF	; 239
     3b6:	1f 4f       	sbci	r17, 0xFF	; 255
     3b8:	ce 01       	movw	r24, r28
     3ba:	05 96       	adiw	r24, 0x05	; 5
     3bc:	b8 01       	movw	r22, r16
     3be:	0e 94 a4 06 	call	0xd48	; 0xd48 <__unpack_f>
     3c2:	8a 89       	ldd	r24, Y+18	; 0x12
     3c4:	91 e0       	ldi	r25, 0x01	; 1
     3c6:	89 27       	eor	r24, r25
     3c8:	8a 8b       	std	Y+18, r24	; 0x12
     3ca:	c7 01       	movw	r24, r14
     3cc:	b8 01       	movw	r22, r16
     3ce:	ae 01       	movw	r20, r28
     3d0:	47 5e       	subi	r20, 0xE7	; 231
     3d2:	5f 4f       	sbci	r21, 0xFF	; 255
     3d4:	0e 94 75 00 	call	0xea	; 0xea <_fpadd_parts>
     3d8:	0e 94 cf 05 	call	0xb9e	; 0xb9e <__pack_f>
     3dc:	a0 96       	adiw	r28, 0x20	; 32
     3de:	e6 e0       	ldi	r30, 0x06	; 6
     3e0:	0c 94 e4 1b 	jmp	0x37c8	; 0x37c8 <__epilogue_restores__+0x18>

000003e4 <__addsf3>:
     3e4:	a0 e2       	ldi	r26, 0x20	; 32
     3e6:	b0 e0       	ldi	r27, 0x00	; 0
     3e8:	e8 ef       	ldi	r30, 0xF8	; 248
     3ea:	f1 e0       	ldi	r31, 0x01	; 1
     3ec:	0c 94 c8 1b 	jmp	0x3790	; 0x3790 <__prologue_saves__+0x18>
     3f0:	69 83       	std	Y+1, r22	; 0x01
     3f2:	7a 83       	std	Y+2, r23	; 0x02
     3f4:	8b 83       	std	Y+3, r24	; 0x03
     3f6:	9c 83       	std	Y+4, r25	; 0x04
     3f8:	2d 83       	std	Y+5, r18	; 0x05
     3fa:	3e 83       	std	Y+6, r19	; 0x06
     3fc:	4f 83       	std	Y+7, r20	; 0x07
     3fe:	58 87       	std	Y+8, r21	; 0x08
     400:	f9 e0       	ldi	r31, 0x09	; 9
     402:	ef 2e       	mov	r14, r31
     404:	f1 2c       	mov	r15, r1
     406:	ec 0e       	add	r14, r28
     408:	fd 1e       	adc	r15, r29
     40a:	ce 01       	movw	r24, r28
     40c:	01 96       	adiw	r24, 0x01	; 1
     40e:	b7 01       	movw	r22, r14
     410:	0e 94 a4 06 	call	0xd48	; 0xd48 <__unpack_f>
     414:	8e 01       	movw	r16, r28
     416:	0f 5e       	subi	r16, 0xEF	; 239
     418:	1f 4f       	sbci	r17, 0xFF	; 255
     41a:	ce 01       	movw	r24, r28
     41c:	05 96       	adiw	r24, 0x05	; 5
     41e:	b8 01       	movw	r22, r16
     420:	0e 94 a4 06 	call	0xd48	; 0xd48 <__unpack_f>
     424:	c7 01       	movw	r24, r14
     426:	b8 01       	movw	r22, r16
     428:	ae 01       	movw	r20, r28
     42a:	47 5e       	subi	r20, 0xE7	; 231
     42c:	5f 4f       	sbci	r21, 0xFF	; 255
     42e:	0e 94 75 00 	call	0xea	; 0xea <_fpadd_parts>
     432:	0e 94 cf 05 	call	0xb9e	; 0xb9e <__pack_f>
     436:	a0 96       	adiw	r28, 0x20	; 32
     438:	e6 e0       	ldi	r30, 0x06	; 6
     43a:	0c 94 e4 1b 	jmp	0x37c8	; 0x37c8 <__epilogue_restores__+0x18>

0000043e <__mulsf3>:
     43e:	a0 e2       	ldi	r26, 0x20	; 32
     440:	b0 e0       	ldi	r27, 0x00	; 0
     442:	e5 e2       	ldi	r30, 0x25	; 37
     444:	f2 e0       	ldi	r31, 0x02	; 2
     446:	0c 94 bc 1b 	jmp	0x3778	; 0x3778 <__prologue_saves__>
     44a:	69 83       	std	Y+1, r22	; 0x01
     44c:	7a 83       	std	Y+2, r23	; 0x02
     44e:	8b 83       	std	Y+3, r24	; 0x03
     450:	9c 83       	std	Y+4, r25	; 0x04
     452:	2d 83       	std	Y+5, r18	; 0x05
     454:	3e 83       	std	Y+6, r19	; 0x06
     456:	4f 83       	std	Y+7, r20	; 0x07
     458:	58 87       	std	Y+8, r21	; 0x08
     45a:	ce 01       	movw	r24, r28
     45c:	01 96       	adiw	r24, 0x01	; 1
     45e:	be 01       	movw	r22, r28
     460:	67 5f       	subi	r22, 0xF7	; 247
     462:	7f 4f       	sbci	r23, 0xFF	; 255
     464:	0e 94 a4 06 	call	0xd48	; 0xd48 <__unpack_f>
     468:	ce 01       	movw	r24, r28
     46a:	05 96       	adiw	r24, 0x05	; 5
     46c:	be 01       	movw	r22, r28
     46e:	6f 5e       	subi	r22, 0xEF	; 239
     470:	7f 4f       	sbci	r23, 0xFF	; 255
     472:	0e 94 a4 06 	call	0xd48	; 0xd48 <__unpack_f>
     476:	99 85       	ldd	r25, Y+9	; 0x09
     478:	92 30       	cpi	r25, 0x02	; 2
     47a:	88 f0       	brcs	.+34     	; 0x49e <__mulsf3+0x60>
     47c:	89 89       	ldd	r24, Y+17	; 0x11
     47e:	82 30       	cpi	r24, 0x02	; 2
     480:	c8 f0       	brcs	.+50     	; 0x4b4 <__mulsf3+0x76>
     482:	94 30       	cpi	r25, 0x04	; 4
     484:	19 f4       	brne	.+6      	; 0x48c <__mulsf3+0x4e>
     486:	82 30       	cpi	r24, 0x02	; 2
     488:	51 f4       	brne	.+20     	; 0x49e <__mulsf3+0x60>
     48a:	04 c0       	rjmp	.+8      	; 0x494 <__mulsf3+0x56>
     48c:	84 30       	cpi	r24, 0x04	; 4
     48e:	29 f4       	brne	.+10     	; 0x49a <__mulsf3+0x5c>
     490:	92 30       	cpi	r25, 0x02	; 2
     492:	81 f4       	brne	.+32     	; 0x4b4 <__mulsf3+0x76>
     494:	8c e6       	ldi	r24, 0x6C	; 108
     496:	90 e0       	ldi	r25, 0x00	; 0
     498:	c6 c0       	rjmp	.+396    	; 0x626 <__mulsf3+0x1e8>
     49a:	92 30       	cpi	r25, 0x02	; 2
     49c:	49 f4       	brne	.+18     	; 0x4b0 <__mulsf3+0x72>
     49e:	20 e0       	ldi	r18, 0x00	; 0
     4a0:	9a 85       	ldd	r25, Y+10	; 0x0a
     4a2:	8a 89       	ldd	r24, Y+18	; 0x12
     4a4:	98 13       	cpse	r25, r24
     4a6:	21 e0       	ldi	r18, 0x01	; 1
     4a8:	2a 87       	std	Y+10, r18	; 0x0a
     4aa:	ce 01       	movw	r24, r28
     4ac:	09 96       	adiw	r24, 0x09	; 9
     4ae:	bb c0       	rjmp	.+374    	; 0x626 <__mulsf3+0x1e8>
     4b0:	82 30       	cpi	r24, 0x02	; 2
     4b2:	49 f4       	brne	.+18     	; 0x4c6 <__mulsf3+0x88>
     4b4:	20 e0       	ldi	r18, 0x00	; 0
     4b6:	9a 85       	ldd	r25, Y+10	; 0x0a
     4b8:	8a 89       	ldd	r24, Y+18	; 0x12
     4ba:	98 13       	cpse	r25, r24
     4bc:	21 e0       	ldi	r18, 0x01	; 1
     4be:	2a 8b       	std	Y+18, r18	; 0x12
     4c0:	ce 01       	movw	r24, r28
     4c2:	41 96       	adiw	r24, 0x11	; 17
     4c4:	b0 c0       	rjmp	.+352    	; 0x626 <__mulsf3+0x1e8>
     4c6:	2d 84       	ldd	r2, Y+13	; 0x0d
     4c8:	3e 84       	ldd	r3, Y+14	; 0x0e
     4ca:	4f 84       	ldd	r4, Y+15	; 0x0f
     4cc:	58 88       	ldd	r5, Y+16	; 0x10
     4ce:	6d 88       	ldd	r6, Y+21	; 0x15
     4d0:	7e 88       	ldd	r7, Y+22	; 0x16
     4d2:	8f 88       	ldd	r8, Y+23	; 0x17
     4d4:	98 8c       	ldd	r9, Y+24	; 0x18
     4d6:	ee 24       	eor	r14, r14
     4d8:	ff 24       	eor	r15, r15
     4da:	87 01       	movw	r16, r14
     4dc:	aa 24       	eor	r10, r10
     4de:	bb 24       	eor	r11, r11
     4e0:	65 01       	movw	r12, r10
     4e2:	40 e0       	ldi	r20, 0x00	; 0
     4e4:	50 e0       	ldi	r21, 0x00	; 0
     4e6:	60 e0       	ldi	r22, 0x00	; 0
     4e8:	70 e0       	ldi	r23, 0x00	; 0
     4ea:	e0 e0       	ldi	r30, 0x00	; 0
     4ec:	f0 e0       	ldi	r31, 0x00	; 0
     4ee:	c1 01       	movw	r24, r2
     4f0:	81 70       	andi	r24, 0x01	; 1
     4f2:	90 70       	andi	r25, 0x00	; 0
     4f4:	89 2b       	or	r24, r25
     4f6:	e9 f0       	breq	.+58     	; 0x532 <__mulsf3+0xf4>
     4f8:	e6 0c       	add	r14, r6
     4fa:	f7 1c       	adc	r15, r7
     4fc:	08 1d       	adc	r16, r8
     4fe:	19 1d       	adc	r17, r9
     500:	9a 01       	movw	r18, r20
     502:	ab 01       	movw	r20, r22
     504:	2a 0d       	add	r18, r10
     506:	3b 1d       	adc	r19, r11
     508:	4c 1d       	adc	r20, r12
     50a:	5d 1d       	adc	r21, r13
     50c:	80 e0       	ldi	r24, 0x00	; 0
     50e:	90 e0       	ldi	r25, 0x00	; 0
     510:	a0 e0       	ldi	r26, 0x00	; 0
     512:	b0 e0       	ldi	r27, 0x00	; 0
     514:	e6 14       	cp	r14, r6
     516:	f7 04       	cpc	r15, r7
     518:	08 05       	cpc	r16, r8
     51a:	19 05       	cpc	r17, r9
     51c:	20 f4       	brcc	.+8      	; 0x526 <__mulsf3+0xe8>
     51e:	81 e0       	ldi	r24, 0x01	; 1
     520:	90 e0       	ldi	r25, 0x00	; 0
     522:	a0 e0       	ldi	r26, 0x00	; 0
     524:	b0 e0       	ldi	r27, 0x00	; 0
     526:	ba 01       	movw	r22, r20
     528:	a9 01       	movw	r20, r18
     52a:	48 0f       	add	r20, r24
     52c:	59 1f       	adc	r21, r25
     52e:	6a 1f       	adc	r22, r26
     530:	7b 1f       	adc	r23, r27
     532:	aa 0c       	add	r10, r10
     534:	bb 1c       	adc	r11, r11
     536:	cc 1c       	adc	r12, r12
     538:	dd 1c       	adc	r13, r13
     53a:	97 fe       	sbrs	r9, 7
     53c:	08 c0       	rjmp	.+16     	; 0x54e <__mulsf3+0x110>
     53e:	81 e0       	ldi	r24, 0x01	; 1
     540:	90 e0       	ldi	r25, 0x00	; 0
     542:	a0 e0       	ldi	r26, 0x00	; 0
     544:	b0 e0       	ldi	r27, 0x00	; 0
     546:	a8 2a       	or	r10, r24
     548:	b9 2a       	or	r11, r25
     54a:	ca 2a       	or	r12, r26
     54c:	db 2a       	or	r13, r27
     54e:	31 96       	adiw	r30, 0x01	; 1
     550:	e0 32       	cpi	r30, 0x20	; 32
     552:	f1 05       	cpc	r31, r1
     554:	49 f0       	breq	.+18     	; 0x568 <__mulsf3+0x12a>
     556:	66 0c       	add	r6, r6
     558:	77 1c       	adc	r7, r7
     55a:	88 1c       	adc	r8, r8
     55c:	99 1c       	adc	r9, r9
     55e:	56 94       	lsr	r5
     560:	47 94       	ror	r4
     562:	37 94       	ror	r3
     564:	27 94       	ror	r2
     566:	c3 cf       	rjmp	.-122    	; 0x4ee <__mulsf3+0xb0>
     568:	fa 85       	ldd	r31, Y+10	; 0x0a
     56a:	ea 89       	ldd	r30, Y+18	; 0x12
     56c:	2b 89       	ldd	r18, Y+19	; 0x13
     56e:	3c 89       	ldd	r19, Y+20	; 0x14
     570:	8b 85       	ldd	r24, Y+11	; 0x0b
     572:	9c 85       	ldd	r25, Y+12	; 0x0c
     574:	28 0f       	add	r18, r24
     576:	39 1f       	adc	r19, r25
     578:	2e 5f       	subi	r18, 0xFE	; 254
     57a:	3f 4f       	sbci	r19, 0xFF	; 255
     57c:	17 c0       	rjmp	.+46     	; 0x5ac <__mulsf3+0x16e>
     57e:	ca 01       	movw	r24, r20
     580:	81 70       	andi	r24, 0x01	; 1
     582:	90 70       	andi	r25, 0x00	; 0
     584:	89 2b       	or	r24, r25
     586:	61 f0       	breq	.+24     	; 0x5a0 <__mulsf3+0x162>
     588:	16 95       	lsr	r17
     58a:	07 95       	ror	r16
     58c:	f7 94       	ror	r15
     58e:	e7 94       	ror	r14
     590:	80 e0       	ldi	r24, 0x00	; 0
     592:	90 e0       	ldi	r25, 0x00	; 0
     594:	a0 e0       	ldi	r26, 0x00	; 0
     596:	b0 e8       	ldi	r27, 0x80	; 128
     598:	e8 2a       	or	r14, r24
     59a:	f9 2a       	or	r15, r25
     59c:	0a 2b       	or	r16, r26
     59e:	1b 2b       	or	r17, r27
     5a0:	76 95       	lsr	r23
     5a2:	67 95       	ror	r22
     5a4:	57 95       	ror	r21
     5a6:	47 95       	ror	r20
     5a8:	2f 5f       	subi	r18, 0xFF	; 255
     5aa:	3f 4f       	sbci	r19, 0xFF	; 255
     5ac:	77 fd       	sbrc	r23, 7
     5ae:	e7 cf       	rjmp	.-50     	; 0x57e <__mulsf3+0x140>
     5b0:	0c c0       	rjmp	.+24     	; 0x5ca <__mulsf3+0x18c>
     5b2:	44 0f       	add	r20, r20
     5b4:	55 1f       	adc	r21, r21
     5b6:	66 1f       	adc	r22, r22
     5b8:	77 1f       	adc	r23, r23
     5ba:	17 fd       	sbrc	r17, 7
     5bc:	41 60       	ori	r20, 0x01	; 1
     5be:	ee 0c       	add	r14, r14
     5c0:	ff 1c       	adc	r15, r15
     5c2:	00 1f       	adc	r16, r16
     5c4:	11 1f       	adc	r17, r17
     5c6:	21 50       	subi	r18, 0x01	; 1
     5c8:	30 40       	sbci	r19, 0x00	; 0
     5ca:	40 30       	cpi	r20, 0x00	; 0
     5cc:	90 e0       	ldi	r25, 0x00	; 0
     5ce:	59 07       	cpc	r21, r25
     5d0:	90 e0       	ldi	r25, 0x00	; 0
     5d2:	69 07       	cpc	r22, r25
     5d4:	90 e4       	ldi	r25, 0x40	; 64
     5d6:	79 07       	cpc	r23, r25
     5d8:	60 f3       	brcs	.-40     	; 0x5b2 <__mulsf3+0x174>
     5da:	2b 8f       	std	Y+27, r18	; 0x1b
     5dc:	3c 8f       	std	Y+28, r19	; 0x1c
     5de:	db 01       	movw	r26, r22
     5e0:	ca 01       	movw	r24, r20
     5e2:	8f 77       	andi	r24, 0x7F	; 127
     5e4:	90 70       	andi	r25, 0x00	; 0
     5e6:	a0 70       	andi	r26, 0x00	; 0
     5e8:	b0 70       	andi	r27, 0x00	; 0
     5ea:	80 34       	cpi	r24, 0x40	; 64
     5ec:	91 05       	cpc	r25, r1
     5ee:	a1 05       	cpc	r26, r1
     5f0:	b1 05       	cpc	r27, r1
     5f2:	61 f4       	brne	.+24     	; 0x60c <__mulsf3+0x1ce>
     5f4:	47 fd       	sbrc	r20, 7
     5f6:	0a c0       	rjmp	.+20     	; 0x60c <__mulsf3+0x1ce>
     5f8:	e1 14       	cp	r14, r1
     5fa:	f1 04       	cpc	r15, r1
     5fc:	01 05       	cpc	r16, r1
     5fe:	11 05       	cpc	r17, r1
     600:	29 f0       	breq	.+10     	; 0x60c <__mulsf3+0x1ce>
     602:	40 5c       	subi	r20, 0xC0	; 192
     604:	5f 4f       	sbci	r21, 0xFF	; 255
     606:	6f 4f       	sbci	r22, 0xFF	; 255
     608:	7f 4f       	sbci	r23, 0xFF	; 255
     60a:	40 78       	andi	r20, 0x80	; 128
     60c:	1a 8e       	std	Y+26, r1	; 0x1a
     60e:	fe 17       	cp	r31, r30
     610:	11 f0       	breq	.+4      	; 0x616 <__mulsf3+0x1d8>
     612:	81 e0       	ldi	r24, 0x01	; 1
     614:	8a 8f       	std	Y+26, r24	; 0x1a
     616:	4d 8f       	std	Y+29, r20	; 0x1d
     618:	5e 8f       	std	Y+30, r21	; 0x1e
     61a:	6f 8f       	std	Y+31, r22	; 0x1f
     61c:	78 a3       	std	Y+32, r23	; 0x20
     61e:	83 e0       	ldi	r24, 0x03	; 3
     620:	89 8f       	std	Y+25, r24	; 0x19
     622:	ce 01       	movw	r24, r28
     624:	49 96       	adiw	r24, 0x19	; 25
     626:	0e 94 cf 05 	call	0xb9e	; 0xb9e <__pack_f>
     62a:	a0 96       	adiw	r28, 0x20	; 32
     62c:	e2 e1       	ldi	r30, 0x12	; 18
     62e:	0c 94 d8 1b 	jmp	0x37b0	; 0x37b0 <__epilogue_restores__>

00000632 <__divsf3>:
     632:	a8 e1       	ldi	r26, 0x18	; 24
     634:	b0 e0       	ldi	r27, 0x00	; 0
     636:	ef e1       	ldi	r30, 0x1F	; 31
     638:	f3 e0       	ldi	r31, 0x03	; 3
     63a:	0c 94 c4 1b 	jmp	0x3788	; 0x3788 <__prologue_saves__+0x10>
     63e:	69 83       	std	Y+1, r22	; 0x01
     640:	7a 83       	std	Y+2, r23	; 0x02
     642:	8b 83       	std	Y+3, r24	; 0x03
     644:	9c 83       	std	Y+4, r25	; 0x04
     646:	2d 83       	std	Y+5, r18	; 0x05
     648:	3e 83       	std	Y+6, r19	; 0x06
     64a:	4f 83       	std	Y+7, r20	; 0x07
     64c:	58 87       	std	Y+8, r21	; 0x08
     64e:	b9 e0       	ldi	r27, 0x09	; 9
     650:	eb 2e       	mov	r14, r27
     652:	f1 2c       	mov	r15, r1
     654:	ec 0e       	add	r14, r28
     656:	fd 1e       	adc	r15, r29
     658:	ce 01       	movw	r24, r28
     65a:	01 96       	adiw	r24, 0x01	; 1
     65c:	b7 01       	movw	r22, r14
     65e:	0e 94 a4 06 	call	0xd48	; 0xd48 <__unpack_f>
     662:	8e 01       	movw	r16, r28
     664:	0f 5e       	subi	r16, 0xEF	; 239
     666:	1f 4f       	sbci	r17, 0xFF	; 255
     668:	ce 01       	movw	r24, r28
     66a:	05 96       	adiw	r24, 0x05	; 5
     66c:	b8 01       	movw	r22, r16
     66e:	0e 94 a4 06 	call	0xd48	; 0xd48 <__unpack_f>
     672:	29 85       	ldd	r18, Y+9	; 0x09
     674:	22 30       	cpi	r18, 0x02	; 2
     676:	08 f4       	brcc	.+2      	; 0x67a <__divsf3+0x48>
     678:	7e c0       	rjmp	.+252    	; 0x776 <__divsf3+0x144>
     67a:	39 89       	ldd	r19, Y+17	; 0x11
     67c:	32 30       	cpi	r19, 0x02	; 2
     67e:	10 f4       	brcc	.+4      	; 0x684 <__divsf3+0x52>
     680:	b8 01       	movw	r22, r16
     682:	7c c0       	rjmp	.+248    	; 0x77c <__divsf3+0x14a>
     684:	8a 85       	ldd	r24, Y+10	; 0x0a
     686:	9a 89       	ldd	r25, Y+18	; 0x12
     688:	89 27       	eor	r24, r25
     68a:	8a 87       	std	Y+10, r24	; 0x0a
     68c:	24 30       	cpi	r18, 0x04	; 4
     68e:	11 f0       	breq	.+4      	; 0x694 <__divsf3+0x62>
     690:	22 30       	cpi	r18, 0x02	; 2
     692:	31 f4       	brne	.+12     	; 0x6a0 <__divsf3+0x6e>
     694:	23 17       	cp	r18, r19
     696:	09 f0       	breq	.+2      	; 0x69a <__divsf3+0x68>
     698:	6e c0       	rjmp	.+220    	; 0x776 <__divsf3+0x144>
     69a:	6c e6       	ldi	r22, 0x6C	; 108
     69c:	70 e0       	ldi	r23, 0x00	; 0
     69e:	6e c0       	rjmp	.+220    	; 0x77c <__divsf3+0x14a>
     6a0:	34 30       	cpi	r19, 0x04	; 4
     6a2:	39 f4       	brne	.+14     	; 0x6b2 <__divsf3+0x80>
     6a4:	1d 86       	std	Y+13, r1	; 0x0d
     6a6:	1e 86       	std	Y+14, r1	; 0x0e
     6a8:	1f 86       	std	Y+15, r1	; 0x0f
     6aa:	18 8a       	std	Y+16, r1	; 0x10
     6ac:	1c 86       	std	Y+12, r1	; 0x0c
     6ae:	1b 86       	std	Y+11, r1	; 0x0b
     6b0:	04 c0       	rjmp	.+8      	; 0x6ba <__divsf3+0x88>
     6b2:	32 30       	cpi	r19, 0x02	; 2
     6b4:	21 f4       	brne	.+8      	; 0x6be <__divsf3+0x8c>
     6b6:	84 e0       	ldi	r24, 0x04	; 4
     6b8:	89 87       	std	Y+9, r24	; 0x09
     6ba:	b7 01       	movw	r22, r14
     6bc:	5f c0       	rjmp	.+190    	; 0x77c <__divsf3+0x14a>
     6be:	2b 85       	ldd	r18, Y+11	; 0x0b
     6c0:	3c 85       	ldd	r19, Y+12	; 0x0c
     6c2:	8b 89       	ldd	r24, Y+19	; 0x13
     6c4:	9c 89       	ldd	r25, Y+20	; 0x14
     6c6:	28 1b       	sub	r18, r24
     6c8:	39 0b       	sbc	r19, r25
     6ca:	3c 87       	std	Y+12, r19	; 0x0c
     6cc:	2b 87       	std	Y+11, r18	; 0x0b
     6ce:	ed 84       	ldd	r14, Y+13	; 0x0d
     6d0:	fe 84       	ldd	r15, Y+14	; 0x0e
     6d2:	0f 85       	ldd	r16, Y+15	; 0x0f
     6d4:	18 89       	ldd	r17, Y+16	; 0x10
     6d6:	ad 88       	ldd	r10, Y+21	; 0x15
     6d8:	be 88       	ldd	r11, Y+22	; 0x16
     6da:	cf 88       	ldd	r12, Y+23	; 0x17
     6dc:	d8 8c       	ldd	r13, Y+24	; 0x18
     6de:	ea 14       	cp	r14, r10
     6e0:	fb 04       	cpc	r15, r11
     6e2:	0c 05       	cpc	r16, r12
     6e4:	1d 05       	cpc	r17, r13
     6e6:	40 f4       	brcc	.+16     	; 0x6f8 <__divsf3+0xc6>
     6e8:	ee 0c       	add	r14, r14
     6ea:	ff 1c       	adc	r15, r15
     6ec:	00 1f       	adc	r16, r16
     6ee:	11 1f       	adc	r17, r17
     6f0:	21 50       	subi	r18, 0x01	; 1
     6f2:	30 40       	sbci	r19, 0x00	; 0
     6f4:	3c 87       	std	Y+12, r19	; 0x0c
     6f6:	2b 87       	std	Y+11, r18	; 0x0b
     6f8:	20 e0       	ldi	r18, 0x00	; 0
     6fa:	30 e0       	ldi	r19, 0x00	; 0
     6fc:	40 e0       	ldi	r20, 0x00	; 0
     6fe:	50 e0       	ldi	r21, 0x00	; 0
     700:	80 e0       	ldi	r24, 0x00	; 0
     702:	90 e0       	ldi	r25, 0x00	; 0
     704:	a0 e0       	ldi	r26, 0x00	; 0
     706:	b0 e4       	ldi	r27, 0x40	; 64
     708:	60 e0       	ldi	r22, 0x00	; 0
     70a:	70 e0       	ldi	r23, 0x00	; 0
     70c:	ea 14       	cp	r14, r10
     70e:	fb 04       	cpc	r15, r11
     710:	0c 05       	cpc	r16, r12
     712:	1d 05       	cpc	r17, r13
     714:	40 f0       	brcs	.+16     	; 0x726 <__divsf3+0xf4>
     716:	28 2b       	or	r18, r24
     718:	39 2b       	or	r19, r25
     71a:	4a 2b       	or	r20, r26
     71c:	5b 2b       	or	r21, r27
     71e:	ea 18       	sub	r14, r10
     720:	fb 08       	sbc	r15, r11
     722:	0c 09       	sbc	r16, r12
     724:	1d 09       	sbc	r17, r13
     726:	b6 95       	lsr	r27
     728:	a7 95       	ror	r26
     72a:	97 95       	ror	r25
     72c:	87 95       	ror	r24
     72e:	ee 0c       	add	r14, r14
     730:	ff 1c       	adc	r15, r15
     732:	00 1f       	adc	r16, r16
     734:	11 1f       	adc	r17, r17
     736:	6f 5f       	subi	r22, 0xFF	; 255
     738:	7f 4f       	sbci	r23, 0xFF	; 255
     73a:	6f 31       	cpi	r22, 0x1F	; 31
     73c:	71 05       	cpc	r23, r1
     73e:	31 f7       	brne	.-52     	; 0x70c <__divsf3+0xda>
     740:	da 01       	movw	r26, r20
     742:	c9 01       	movw	r24, r18
     744:	8f 77       	andi	r24, 0x7F	; 127
     746:	90 70       	andi	r25, 0x00	; 0
     748:	a0 70       	andi	r26, 0x00	; 0
     74a:	b0 70       	andi	r27, 0x00	; 0
     74c:	80 34       	cpi	r24, 0x40	; 64
     74e:	91 05       	cpc	r25, r1
     750:	a1 05       	cpc	r26, r1
     752:	b1 05       	cpc	r27, r1
     754:	61 f4       	brne	.+24     	; 0x76e <__divsf3+0x13c>
     756:	27 fd       	sbrc	r18, 7
     758:	0a c0       	rjmp	.+20     	; 0x76e <__divsf3+0x13c>
     75a:	e1 14       	cp	r14, r1
     75c:	f1 04       	cpc	r15, r1
     75e:	01 05       	cpc	r16, r1
     760:	11 05       	cpc	r17, r1
     762:	29 f0       	breq	.+10     	; 0x76e <__divsf3+0x13c>
     764:	20 5c       	subi	r18, 0xC0	; 192
     766:	3f 4f       	sbci	r19, 0xFF	; 255
     768:	4f 4f       	sbci	r20, 0xFF	; 255
     76a:	5f 4f       	sbci	r21, 0xFF	; 255
     76c:	20 78       	andi	r18, 0x80	; 128
     76e:	2d 87       	std	Y+13, r18	; 0x0d
     770:	3e 87       	std	Y+14, r19	; 0x0e
     772:	4f 87       	std	Y+15, r20	; 0x0f
     774:	58 8b       	std	Y+16, r21	; 0x10
     776:	be 01       	movw	r22, r28
     778:	67 5f       	subi	r22, 0xF7	; 247
     77a:	7f 4f       	sbci	r23, 0xFF	; 255
     77c:	cb 01       	movw	r24, r22
     77e:	0e 94 cf 05 	call	0xb9e	; 0xb9e <__pack_f>
     782:	68 96       	adiw	r28, 0x18	; 24
     784:	ea e0       	ldi	r30, 0x0A	; 10
     786:	0c 94 e0 1b 	jmp	0x37c0	; 0x37c0 <__epilogue_restores__+0x10>

0000078a <__gtsf2>:
     78a:	a8 e1       	ldi	r26, 0x18	; 24
     78c:	b0 e0       	ldi	r27, 0x00	; 0
     78e:	eb ec       	ldi	r30, 0xCB	; 203
     790:	f3 e0       	ldi	r31, 0x03	; 3
     792:	0c 94 c8 1b 	jmp	0x3790	; 0x3790 <__prologue_saves__+0x18>
     796:	69 83       	std	Y+1, r22	; 0x01
     798:	7a 83       	std	Y+2, r23	; 0x02
     79a:	8b 83       	std	Y+3, r24	; 0x03
     79c:	9c 83       	std	Y+4, r25	; 0x04
     79e:	2d 83       	std	Y+5, r18	; 0x05
     7a0:	3e 83       	std	Y+6, r19	; 0x06
     7a2:	4f 83       	std	Y+7, r20	; 0x07
     7a4:	58 87       	std	Y+8, r21	; 0x08
     7a6:	89 e0       	ldi	r24, 0x09	; 9
     7a8:	e8 2e       	mov	r14, r24
     7aa:	f1 2c       	mov	r15, r1
     7ac:	ec 0e       	add	r14, r28
     7ae:	fd 1e       	adc	r15, r29
     7b0:	ce 01       	movw	r24, r28
     7b2:	01 96       	adiw	r24, 0x01	; 1
     7b4:	b7 01       	movw	r22, r14
     7b6:	0e 94 a4 06 	call	0xd48	; 0xd48 <__unpack_f>
     7ba:	8e 01       	movw	r16, r28
     7bc:	0f 5e       	subi	r16, 0xEF	; 239
     7be:	1f 4f       	sbci	r17, 0xFF	; 255
     7c0:	ce 01       	movw	r24, r28
     7c2:	05 96       	adiw	r24, 0x05	; 5
     7c4:	b8 01       	movw	r22, r16
     7c6:	0e 94 a4 06 	call	0xd48	; 0xd48 <__unpack_f>
     7ca:	89 85       	ldd	r24, Y+9	; 0x09
     7cc:	82 30       	cpi	r24, 0x02	; 2
     7ce:	40 f0       	brcs	.+16     	; 0x7e0 <__gtsf2+0x56>
     7d0:	89 89       	ldd	r24, Y+17	; 0x11
     7d2:	82 30       	cpi	r24, 0x02	; 2
     7d4:	28 f0       	brcs	.+10     	; 0x7e0 <__gtsf2+0x56>
     7d6:	c7 01       	movw	r24, r14
     7d8:	b8 01       	movw	r22, r16
     7da:	0e 94 1c 07 	call	0xe38	; 0xe38 <__fpcmp_parts_f>
     7de:	01 c0       	rjmp	.+2      	; 0x7e2 <__gtsf2+0x58>
     7e0:	8f ef       	ldi	r24, 0xFF	; 255
     7e2:	68 96       	adiw	r28, 0x18	; 24
     7e4:	e6 e0       	ldi	r30, 0x06	; 6
     7e6:	0c 94 e4 1b 	jmp	0x37c8	; 0x37c8 <__epilogue_restores__+0x18>

000007ea <__gesf2>:
     7ea:	a8 e1       	ldi	r26, 0x18	; 24
     7ec:	b0 e0       	ldi	r27, 0x00	; 0
     7ee:	eb ef       	ldi	r30, 0xFB	; 251
     7f0:	f3 e0       	ldi	r31, 0x03	; 3
     7f2:	0c 94 c8 1b 	jmp	0x3790	; 0x3790 <__prologue_saves__+0x18>
     7f6:	69 83       	std	Y+1, r22	; 0x01
     7f8:	7a 83       	std	Y+2, r23	; 0x02
     7fa:	8b 83       	std	Y+3, r24	; 0x03
     7fc:	9c 83       	std	Y+4, r25	; 0x04
     7fe:	2d 83       	std	Y+5, r18	; 0x05
     800:	3e 83       	std	Y+6, r19	; 0x06
     802:	4f 83       	std	Y+7, r20	; 0x07
     804:	58 87       	std	Y+8, r21	; 0x08
     806:	89 e0       	ldi	r24, 0x09	; 9
     808:	e8 2e       	mov	r14, r24
     80a:	f1 2c       	mov	r15, r1
     80c:	ec 0e       	add	r14, r28
     80e:	fd 1e       	adc	r15, r29
     810:	ce 01       	movw	r24, r28
     812:	01 96       	adiw	r24, 0x01	; 1
     814:	b7 01       	movw	r22, r14
     816:	0e 94 a4 06 	call	0xd48	; 0xd48 <__unpack_f>
     81a:	8e 01       	movw	r16, r28
     81c:	0f 5e       	subi	r16, 0xEF	; 239
     81e:	1f 4f       	sbci	r17, 0xFF	; 255
     820:	ce 01       	movw	r24, r28
     822:	05 96       	adiw	r24, 0x05	; 5
     824:	b8 01       	movw	r22, r16
     826:	0e 94 a4 06 	call	0xd48	; 0xd48 <__unpack_f>
     82a:	89 85       	ldd	r24, Y+9	; 0x09
     82c:	82 30       	cpi	r24, 0x02	; 2
     82e:	40 f0       	brcs	.+16     	; 0x840 <__gesf2+0x56>
     830:	89 89       	ldd	r24, Y+17	; 0x11
     832:	82 30       	cpi	r24, 0x02	; 2
     834:	28 f0       	brcs	.+10     	; 0x840 <__gesf2+0x56>
     836:	c7 01       	movw	r24, r14
     838:	b8 01       	movw	r22, r16
     83a:	0e 94 1c 07 	call	0xe38	; 0xe38 <__fpcmp_parts_f>
     83e:	01 c0       	rjmp	.+2      	; 0x842 <__gesf2+0x58>
     840:	8f ef       	ldi	r24, 0xFF	; 255
     842:	68 96       	adiw	r28, 0x18	; 24
     844:	e6 e0       	ldi	r30, 0x06	; 6
     846:	0c 94 e4 1b 	jmp	0x37c8	; 0x37c8 <__epilogue_restores__+0x18>

0000084a <__ltsf2>:
     84a:	a8 e1       	ldi	r26, 0x18	; 24
     84c:	b0 e0       	ldi	r27, 0x00	; 0
     84e:	eb e2       	ldi	r30, 0x2B	; 43
     850:	f4 e0       	ldi	r31, 0x04	; 4
     852:	0c 94 c8 1b 	jmp	0x3790	; 0x3790 <__prologue_saves__+0x18>
     856:	69 83       	std	Y+1, r22	; 0x01
     858:	7a 83       	std	Y+2, r23	; 0x02
     85a:	8b 83       	std	Y+3, r24	; 0x03
     85c:	9c 83       	std	Y+4, r25	; 0x04
     85e:	2d 83       	std	Y+5, r18	; 0x05
     860:	3e 83       	std	Y+6, r19	; 0x06
     862:	4f 83       	std	Y+7, r20	; 0x07
     864:	58 87       	std	Y+8, r21	; 0x08
     866:	89 e0       	ldi	r24, 0x09	; 9
     868:	e8 2e       	mov	r14, r24
     86a:	f1 2c       	mov	r15, r1
     86c:	ec 0e       	add	r14, r28
     86e:	fd 1e       	adc	r15, r29
     870:	ce 01       	movw	r24, r28
     872:	01 96       	adiw	r24, 0x01	; 1
     874:	b7 01       	movw	r22, r14
     876:	0e 94 a4 06 	call	0xd48	; 0xd48 <__unpack_f>
     87a:	8e 01       	movw	r16, r28
     87c:	0f 5e       	subi	r16, 0xEF	; 239
     87e:	1f 4f       	sbci	r17, 0xFF	; 255
     880:	ce 01       	movw	r24, r28
     882:	05 96       	adiw	r24, 0x05	; 5
     884:	b8 01       	movw	r22, r16
     886:	0e 94 a4 06 	call	0xd48	; 0xd48 <__unpack_f>
     88a:	89 85       	ldd	r24, Y+9	; 0x09
     88c:	82 30       	cpi	r24, 0x02	; 2
     88e:	40 f0       	brcs	.+16     	; 0x8a0 <__stack+0x41>
     890:	89 89       	ldd	r24, Y+17	; 0x11
     892:	82 30       	cpi	r24, 0x02	; 2
     894:	28 f0       	brcs	.+10     	; 0x8a0 <__stack+0x41>
     896:	c7 01       	movw	r24, r14
     898:	b8 01       	movw	r22, r16
     89a:	0e 94 1c 07 	call	0xe38	; 0xe38 <__fpcmp_parts_f>
     89e:	01 c0       	rjmp	.+2      	; 0x8a2 <__stack+0x43>
     8a0:	81 e0       	ldi	r24, 0x01	; 1
     8a2:	68 96       	adiw	r28, 0x18	; 24
     8a4:	e6 e0       	ldi	r30, 0x06	; 6
     8a6:	0c 94 e4 1b 	jmp	0x37c8	; 0x37c8 <__epilogue_restores__+0x18>

000008aa <__floatsisf>:
     8aa:	a8 e0       	ldi	r26, 0x08	; 8
     8ac:	b0 e0       	ldi	r27, 0x00	; 0
     8ae:	eb e5       	ldi	r30, 0x5B	; 91
     8b0:	f4 e0       	ldi	r31, 0x04	; 4
     8b2:	0c 94 c5 1b 	jmp	0x378a	; 0x378a <__prologue_saves__+0x12>
     8b6:	9b 01       	movw	r18, r22
     8b8:	ac 01       	movw	r20, r24
     8ba:	83 e0       	ldi	r24, 0x03	; 3
     8bc:	89 83       	std	Y+1, r24	; 0x01
     8be:	da 01       	movw	r26, r20
     8c0:	c9 01       	movw	r24, r18
     8c2:	88 27       	eor	r24, r24
     8c4:	b7 fd       	sbrc	r27, 7
     8c6:	83 95       	inc	r24
     8c8:	99 27       	eor	r25, r25
     8ca:	aa 27       	eor	r26, r26
     8cc:	bb 27       	eor	r27, r27
     8ce:	b8 2e       	mov	r11, r24
     8d0:	21 15       	cp	r18, r1
     8d2:	31 05       	cpc	r19, r1
     8d4:	41 05       	cpc	r20, r1
     8d6:	51 05       	cpc	r21, r1
     8d8:	19 f4       	brne	.+6      	; 0x8e0 <__floatsisf+0x36>
     8da:	82 e0       	ldi	r24, 0x02	; 2
     8dc:	89 83       	std	Y+1, r24	; 0x01
     8de:	3a c0       	rjmp	.+116    	; 0x954 <__floatsisf+0xaa>
     8e0:	88 23       	and	r24, r24
     8e2:	a9 f0       	breq	.+42     	; 0x90e <__floatsisf+0x64>
     8e4:	20 30       	cpi	r18, 0x00	; 0
     8e6:	80 e0       	ldi	r24, 0x00	; 0
     8e8:	38 07       	cpc	r19, r24
     8ea:	80 e0       	ldi	r24, 0x00	; 0
     8ec:	48 07       	cpc	r20, r24
     8ee:	80 e8       	ldi	r24, 0x80	; 128
     8f0:	58 07       	cpc	r21, r24
     8f2:	29 f4       	brne	.+10     	; 0x8fe <__floatsisf+0x54>
     8f4:	60 e0       	ldi	r22, 0x00	; 0
     8f6:	70 e0       	ldi	r23, 0x00	; 0
     8f8:	80 e0       	ldi	r24, 0x00	; 0
     8fa:	9f ec       	ldi	r25, 0xCF	; 207
     8fc:	30 c0       	rjmp	.+96     	; 0x95e <__floatsisf+0xb4>
     8fe:	ee 24       	eor	r14, r14
     900:	ff 24       	eor	r15, r15
     902:	87 01       	movw	r16, r14
     904:	e2 1a       	sub	r14, r18
     906:	f3 0a       	sbc	r15, r19
     908:	04 0b       	sbc	r16, r20
     90a:	15 0b       	sbc	r17, r21
     90c:	02 c0       	rjmp	.+4      	; 0x912 <__floatsisf+0x68>
     90e:	79 01       	movw	r14, r18
     910:	8a 01       	movw	r16, r20
     912:	8e e1       	ldi	r24, 0x1E	; 30
     914:	c8 2e       	mov	r12, r24
     916:	d1 2c       	mov	r13, r1
     918:	dc 82       	std	Y+4, r13	; 0x04
     91a:	cb 82       	std	Y+3, r12	; 0x03
     91c:	ed 82       	std	Y+5, r14	; 0x05
     91e:	fe 82       	std	Y+6, r15	; 0x06
     920:	0f 83       	std	Y+7, r16	; 0x07
     922:	18 87       	std	Y+8, r17	; 0x08
     924:	c8 01       	movw	r24, r16
     926:	b7 01       	movw	r22, r14
     928:	0e 94 80 05 	call	0xb00	; 0xb00 <__clzsi2>
     92c:	01 97       	sbiw	r24, 0x01	; 1
     92e:	18 16       	cp	r1, r24
     930:	19 06       	cpc	r1, r25
     932:	84 f4       	brge	.+32     	; 0x954 <__floatsisf+0xaa>
     934:	08 2e       	mov	r0, r24
     936:	04 c0       	rjmp	.+8      	; 0x940 <__floatsisf+0x96>
     938:	ee 0c       	add	r14, r14
     93a:	ff 1c       	adc	r15, r15
     93c:	00 1f       	adc	r16, r16
     93e:	11 1f       	adc	r17, r17
     940:	0a 94       	dec	r0
     942:	d2 f7       	brpl	.-12     	; 0x938 <__floatsisf+0x8e>
     944:	ed 82       	std	Y+5, r14	; 0x05
     946:	fe 82       	std	Y+6, r15	; 0x06
     948:	0f 83       	std	Y+7, r16	; 0x07
     94a:	18 87       	std	Y+8, r17	; 0x08
     94c:	c8 1a       	sub	r12, r24
     94e:	d9 0a       	sbc	r13, r25
     950:	dc 82       	std	Y+4, r13	; 0x04
     952:	cb 82       	std	Y+3, r12	; 0x03
     954:	ba 82       	std	Y+2, r11	; 0x02
     956:	ce 01       	movw	r24, r28
     958:	01 96       	adiw	r24, 0x01	; 1
     95a:	0e 94 cf 05 	call	0xb9e	; 0xb9e <__pack_f>
     95e:	28 96       	adiw	r28, 0x08	; 8
     960:	e9 e0       	ldi	r30, 0x09	; 9
     962:	0c 94 e1 1b 	jmp	0x37c2	; 0x37c2 <__epilogue_restores__+0x12>

00000966 <__fixsfsi>:
     966:	ac e0       	ldi	r26, 0x0C	; 12
     968:	b0 e0       	ldi	r27, 0x00	; 0
     96a:	e9 eb       	ldi	r30, 0xB9	; 185
     96c:	f4 e0       	ldi	r31, 0x04	; 4
     96e:	0c 94 cc 1b 	jmp	0x3798	; 0x3798 <__prologue_saves__+0x20>
     972:	69 83       	std	Y+1, r22	; 0x01
     974:	7a 83       	std	Y+2, r23	; 0x02
     976:	8b 83       	std	Y+3, r24	; 0x03
     978:	9c 83       	std	Y+4, r25	; 0x04
     97a:	ce 01       	movw	r24, r28
     97c:	01 96       	adiw	r24, 0x01	; 1
     97e:	be 01       	movw	r22, r28
     980:	6b 5f       	subi	r22, 0xFB	; 251
     982:	7f 4f       	sbci	r23, 0xFF	; 255
     984:	0e 94 a4 06 	call	0xd48	; 0xd48 <__unpack_f>
     988:	8d 81       	ldd	r24, Y+5	; 0x05
     98a:	82 30       	cpi	r24, 0x02	; 2
     98c:	61 f1       	breq	.+88     	; 0x9e6 <__fixsfsi+0x80>
     98e:	82 30       	cpi	r24, 0x02	; 2
     990:	50 f1       	brcs	.+84     	; 0x9e6 <__fixsfsi+0x80>
     992:	84 30       	cpi	r24, 0x04	; 4
     994:	21 f4       	brne	.+8      	; 0x99e <__fixsfsi+0x38>
     996:	8e 81       	ldd	r24, Y+6	; 0x06
     998:	88 23       	and	r24, r24
     99a:	51 f1       	breq	.+84     	; 0x9f0 <__fixsfsi+0x8a>
     99c:	2e c0       	rjmp	.+92     	; 0x9fa <__fixsfsi+0x94>
     99e:	2f 81       	ldd	r18, Y+7	; 0x07
     9a0:	38 85       	ldd	r19, Y+8	; 0x08
     9a2:	37 fd       	sbrc	r19, 7
     9a4:	20 c0       	rjmp	.+64     	; 0x9e6 <__fixsfsi+0x80>
     9a6:	6e 81       	ldd	r22, Y+6	; 0x06
     9a8:	2f 31       	cpi	r18, 0x1F	; 31
     9aa:	31 05       	cpc	r19, r1
     9ac:	1c f0       	brlt	.+6      	; 0x9b4 <__fixsfsi+0x4e>
     9ae:	66 23       	and	r22, r22
     9b0:	f9 f0       	breq	.+62     	; 0x9f0 <__fixsfsi+0x8a>
     9b2:	23 c0       	rjmp	.+70     	; 0x9fa <__fixsfsi+0x94>
     9b4:	8e e1       	ldi	r24, 0x1E	; 30
     9b6:	90 e0       	ldi	r25, 0x00	; 0
     9b8:	82 1b       	sub	r24, r18
     9ba:	93 0b       	sbc	r25, r19
     9bc:	29 85       	ldd	r18, Y+9	; 0x09
     9be:	3a 85       	ldd	r19, Y+10	; 0x0a
     9c0:	4b 85       	ldd	r20, Y+11	; 0x0b
     9c2:	5c 85       	ldd	r21, Y+12	; 0x0c
     9c4:	04 c0       	rjmp	.+8      	; 0x9ce <__fixsfsi+0x68>
     9c6:	56 95       	lsr	r21
     9c8:	47 95       	ror	r20
     9ca:	37 95       	ror	r19
     9cc:	27 95       	ror	r18
     9ce:	8a 95       	dec	r24
     9d0:	d2 f7       	brpl	.-12     	; 0x9c6 <__fixsfsi+0x60>
     9d2:	66 23       	and	r22, r22
     9d4:	b1 f0       	breq	.+44     	; 0xa02 <__fixsfsi+0x9c>
     9d6:	50 95       	com	r21
     9d8:	40 95       	com	r20
     9da:	30 95       	com	r19
     9dc:	21 95       	neg	r18
     9de:	3f 4f       	sbci	r19, 0xFF	; 255
     9e0:	4f 4f       	sbci	r20, 0xFF	; 255
     9e2:	5f 4f       	sbci	r21, 0xFF	; 255
     9e4:	0e c0       	rjmp	.+28     	; 0xa02 <__fixsfsi+0x9c>
     9e6:	20 e0       	ldi	r18, 0x00	; 0
     9e8:	30 e0       	ldi	r19, 0x00	; 0
     9ea:	40 e0       	ldi	r20, 0x00	; 0
     9ec:	50 e0       	ldi	r21, 0x00	; 0
     9ee:	09 c0       	rjmp	.+18     	; 0xa02 <__fixsfsi+0x9c>
     9f0:	2f ef       	ldi	r18, 0xFF	; 255
     9f2:	3f ef       	ldi	r19, 0xFF	; 255
     9f4:	4f ef       	ldi	r20, 0xFF	; 255
     9f6:	5f e7       	ldi	r21, 0x7F	; 127
     9f8:	04 c0       	rjmp	.+8      	; 0xa02 <__fixsfsi+0x9c>
     9fa:	20 e0       	ldi	r18, 0x00	; 0
     9fc:	30 e0       	ldi	r19, 0x00	; 0
     9fe:	40 e0       	ldi	r20, 0x00	; 0
     a00:	50 e8       	ldi	r21, 0x80	; 128
     a02:	b9 01       	movw	r22, r18
     a04:	ca 01       	movw	r24, r20
     a06:	2c 96       	adiw	r28, 0x0c	; 12
     a08:	e2 e0       	ldi	r30, 0x02	; 2
     a0a:	0c 94 e8 1b 	jmp	0x37d0	; 0x37d0 <__epilogue_restores__+0x20>

00000a0e <__floatunsisf>:
     a0e:	a8 e0       	ldi	r26, 0x08	; 8
     a10:	b0 e0       	ldi	r27, 0x00	; 0
     a12:	ed e0       	ldi	r30, 0x0D	; 13
     a14:	f5 e0       	ldi	r31, 0x05	; 5
     a16:	0c 94 c4 1b 	jmp	0x3788	; 0x3788 <__prologue_saves__+0x10>
     a1a:	7b 01       	movw	r14, r22
     a1c:	8c 01       	movw	r16, r24
     a1e:	61 15       	cp	r22, r1
     a20:	71 05       	cpc	r23, r1
     a22:	81 05       	cpc	r24, r1
     a24:	91 05       	cpc	r25, r1
     a26:	19 f4       	brne	.+6      	; 0xa2e <__floatunsisf+0x20>
     a28:	82 e0       	ldi	r24, 0x02	; 2
     a2a:	89 83       	std	Y+1, r24	; 0x01
     a2c:	60 c0       	rjmp	.+192    	; 0xaee <__floatunsisf+0xe0>
     a2e:	83 e0       	ldi	r24, 0x03	; 3
     a30:	89 83       	std	Y+1, r24	; 0x01
     a32:	8e e1       	ldi	r24, 0x1E	; 30
     a34:	c8 2e       	mov	r12, r24
     a36:	d1 2c       	mov	r13, r1
     a38:	dc 82       	std	Y+4, r13	; 0x04
     a3a:	cb 82       	std	Y+3, r12	; 0x03
     a3c:	ed 82       	std	Y+5, r14	; 0x05
     a3e:	fe 82       	std	Y+6, r15	; 0x06
     a40:	0f 83       	std	Y+7, r16	; 0x07
     a42:	18 87       	std	Y+8, r17	; 0x08
     a44:	c8 01       	movw	r24, r16
     a46:	b7 01       	movw	r22, r14
     a48:	0e 94 80 05 	call	0xb00	; 0xb00 <__clzsi2>
     a4c:	fc 01       	movw	r30, r24
     a4e:	31 97       	sbiw	r30, 0x01	; 1
     a50:	f7 ff       	sbrs	r31, 7
     a52:	3b c0       	rjmp	.+118    	; 0xaca <__floatunsisf+0xbc>
     a54:	22 27       	eor	r18, r18
     a56:	33 27       	eor	r19, r19
     a58:	2e 1b       	sub	r18, r30
     a5a:	3f 0b       	sbc	r19, r31
     a5c:	57 01       	movw	r10, r14
     a5e:	68 01       	movw	r12, r16
     a60:	02 2e       	mov	r0, r18
     a62:	04 c0       	rjmp	.+8      	; 0xa6c <__floatunsisf+0x5e>
     a64:	d6 94       	lsr	r13
     a66:	c7 94       	ror	r12
     a68:	b7 94       	ror	r11
     a6a:	a7 94       	ror	r10
     a6c:	0a 94       	dec	r0
     a6e:	d2 f7       	brpl	.-12     	; 0xa64 <__floatunsisf+0x56>
     a70:	40 e0       	ldi	r20, 0x00	; 0
     a72:	50 e0       	ldi	r21, 0x00	; 0
     a74:	60 e0       	ldi	r22, 0x00	; 0
     a76:	70 e0       	ldi	r23, 0x00	; 0
     a78:	81 e0       	ldi	r24, 0x01	; 1
     a7a:	90 e0       	ldi	r25, 0x00	; 0
     a7c:	a0 e0       	ldi	r26, 0x00	; 0
     a7e:	b0 e0       	ldi	r27, 0x00	; 0
     a80:	04 c0       	rjmp	.+8      	; 0xa8a <__floatunsisf+0x7c>
     a82:	88 0f       	add	r24, r24
     a84:	99 1f       	adc	r25, r25
     a86:	aa 1f       	adc	r26, r26
     a88:	bb 1f       	adc	r27, r27
     a8a:	2a 95       	dec	r18
     a8c:	d2 f7       	brpl	.-12     	; 0xa82 <__floatunsisf+0x74>
     a8e:	01 97       	sbiw	r24, 0x01	; 1
     a90:	a1 09       	sbc	r26, r1
     a92:	b1 09       	sbc	r27, r1
     a94:	8e 21       	and	r24, r14
     a96:	9f 21       	and	r25, r15
     a98:	a0 23       	and	r26, r16
     a9a:	b1 23       	and	r27, r17
     a9c:	00 97       	sbiw	r24, 0x00	; 0
     a9e:	a1 05       	cpc	r26, r1
     aa0:	b1 05       	cpc	r27, r1
     aa2:	21 f0       	breq	.+8      	; 0xaac <__floatunsisf+0x9e>
     aa4:	41 e0       	ldi	r20, 0x01	; 1
     aa6:	50 e0       	ldi	r21, 0x00	; 0
     aa8:	60 e0       	ldi	r22, 0x00	; 0
     aaa:	70 e0       	ldi	r23, 0x00	; 0
     aac:	4a 29       	or	r20, r10
     aae:	5b 29       	or	r21, r11
     ab0:	6c 29       	or	r22, r12
     ab2:	7d 29       	or	r23, r13
     ab4:	4d 83       	std	Y+5, r20	; 0x05
     ab6:	5e 83       	std	Y+6, r21	; 0x06
     ab8:	6f 83       	std	Y+7, r22	; 0x07
     aba:	78 87       	std	Y+8, r23	; 0x08
     abc:	8e e1       	ldi	r24, 0x1E	; 30
     abe:	90 e0       	ldi	r25, 0x00	; 0
     ac0:	8e 1b       	sub	r24, r30
     ac2:	9f 0b       	sbc	r25, r31
     ac4:	9c 83       	std	Y+4, r25	; 0x04
     ac6:	8b 83       	std	Y+3, r24	; 0x03
     ac8:	12 c0       	rjmp	.+36     	; 0xaee <__floatunsisf+0xe0>
     aca:	30 97       	sbiw	r30, 0x00	; 0
     acc:	81 f0       	breq	.+32     	; 0xaee <__floatunsisf+0xe0>
     ace:	0e 2e       	mov	r0, r30
     ad0:	04 c0       	rjmp	.+8      	; 0xada <__floatunsisf+0xcc>
     ad2:	ee 0c       	add	r14, r14
     ad4:	ff 1c       	adc	r15, r15
     ad6:	00 1f       	adc	r16, r16
     ad8:	11 1f       	adc	r17, r17
     ada:	0a 94       	dec	r0
     adc:	d2 f7       	brpl	.-12     	; 0xad2 <__floatunsisf+0xc4>
     ade:	ed 82       	std	Y+5, r14	; 0x05
     ae0:	fe 82       	std	Y+6, r15	; 0x06
     ae2:	0f 83       	std	Y+7, r16	; 0x07
     ae4:	18 87       	std	Y+8, r17	; 0x08
     ae6:	ce 1a       	sub	r12, r30
     ae8:	df 0a       	sbc	r13, r31
     aea:	dc 82       	std	Y+4, r13	; 0x04
     aec:	cb 82       	std	Y+3, r12	; 0x03
     aee:	1a 82       	std	Y+2, r1	; 0x02
     af0:	ce 01       	movw	r24, r28
     af2:	01 96       	adiw	r24, 0x01	; 1
     af4:	0e 94 cf 05 	call	0xb9e	; 0xb9e <__pack_f>
     af8:	28 96       	adiw	r28, 0x08	; 8
     afa:	ea e0       	ldi	r30, 0x0A	; 10
     afc:	0c 94 e0 1b 	jmp	0x37c0	; 0x37c0 <__epilogue_restores__+0x10>

00000b00 <__clzsi2>:
     b00:	ef 92       	push	r14
     b02:	ff 92       	push	r15
     b04:	0f 93       	push	r16
     b06:	1f 93       	push	r17
     b08:	7b 01       	movw	r14, r22
     b0a:	8c 01       	movw	r16, r24
     b0c:	80 e0       	ldi	r24, 0x00	; 0
     b0e:	e8 16       	cp	r14, r24
     b10:	80 e0       	ldi	r24, 0x00	; 0
     b12:	f8 06       	cpc	r15, r24
     b14:	81 e0       	ldi	r24, 0x01	; 1
     b16:	08 07       	cpc	r16, r24
     b18:	80 e0       	ldi	r24, 0x00	; 0
     b1a:	18 07       	cpc	r17, r24
     b1c:	88 f4       	brcc	.+34     	; 0xb40 <__clzsi2+0x40>
     b1e:	8f ef       	ldi	r24, 0xFF	; 255
     b20:	e8 16       	cp	r14, r24
     b22:	f1 04       	cpc	r15, r1
     b24:	01 05       	cpc	r16, r1
     b26:	11 05       	cpc	r17, r1
     b28:	31 f0       	breq	.+12     	; 0xb36 <__clzsi2+0x36>
     b2a:	28 f0       	brcs	.+10     	; 0xb36 <__clzsi2+0x36>
     b2c:	88 e0       	ldi	r24, 0x08	; 8
     b2e:	90 e0       	ldi	r25, 0x00	; 0
     b30:	a0 e0       	ldi	r26, 0x00	; 0
     b32:	b0 e0       	ldi	r27, 0x00	; 0
     b34:	17 c0       	rjmp	.+46     	; 0xb64 <__clzsi2+0x64>
     b36:	80 e0       	ldi	r24, 0x00	; 0
     b38:	90 e0       	ldi	r25, 0x00	; 0
     b3a:	a0 e0       	ldi	r26, 0x00	; 0
     b3c:	b0 e0       	ldi	r27, 0x00	; 0
     b3e:	12 c0       	rjmp	.+36     	; 0xb64 <__clzsi2+0x64>
     b40:	80 e0       	ldi	r24, 0x00	; 0
     b42:	e8 16       	cp	r14, r24
     b44:	80 e0       	ldi	r24, 0x00	; 0
     b46:	f8 06       	cpc	r15, r24
     b48:	80 e0       	ldi	r24, 0x00	; 0
     b4a:	08 07       	cpc	r16, r24
     b4c:	81 e0       	ldi	r24, 0x01	; 1
     b4e:	18 07       	cpc	r17, r24
     b50:	28 f0       	brcs	.+10     	; 0xb5c <__clzsi2+0x5c>
     b52:	88 e1       	ldi	r24, 0x18	; 24
     b54:	90 e0       	ldi	r25, 0x00	; 0
     b56:	a0 e0       	ldi	r26, 0x00	; 0
     b58:	b0 e0       	ldi	r27, 0x00	; 0
     b5a:	04 c0       	rjmp	.+8      	; 0xb64 <__clzsi2+0x64>
     b5c:	80 e1       	ldi	r24, 0x10	; 16
     b5e:	90 e0       	ldi	r25, 0x00	; 0
     b60:	a0 e0       	ldi	r26, 0x00	; 0
     b62:	b0 e0       	ldi	r27, 0x00	; 0
     b64:	20 e2       	ldi	r18, 0x20	; 32
     b66:	30 e0       	ldi	r19, 0x00	; 0
     b68:	40 e0       	ldi	r20, 0x00	; 0
     b6a:	50 e0       	ldi	r21, 0x00	; 0
     b6c:	28 1b       	sub	r18, r24
     b6e:	39 0b       	sbc	r19, r25
     b70:	4a 0b       	sbc	r20, r26
     b72:	5b 0b       	sbc	r21, r27
     b74:	04 c0       	rjmp	.+8      	; 0xb7e <__clzsi2+0x7e>
     b76:	16 95       	lsr	r17
     b78:	07 95       	ror	r16
     b7a:	f7 94       	ror	r15
     b7c:	e7 94       	ror	r14
     b7e:	8a 95       	dec	r24
     b80:	d2 f7       	brpl	.-12     	; 0xb76 <__clzsi2+0x76>
     b82:	f7 01       	movw	r30, r14
     b84:	ec 58       	subi	r30, 0x8C	; 140
     b86:	ff 4f       	sbci	r31, 0xFF	; 255
     b88:	80 81       	ld	r24, Z
     b8a:	28 1b       	sub	r18, r24
     b8c:	31 09       	sbc	r19, r1
     b8e:	41 09       	sbc	r20, r1
     b90:	51 09       	sbc	r21, r1
     b92:	c9 01       	movw	r24, r18
     b94:	1f 91       	pop	r17
     b96:	0f 91       	pop	r16
     b98:	ff 90       	pop	r15
     b9a:	ef 90       	pop	r14
     b9c:	08 95       	ret

00000b9e <__pack_f>:
     b9e:	df 92       	push	r13
     ba0:	ef 92       	push	r14
     ba2:	ff 92       	push	r15
     ba4:	0f 93       	push	r16
     ba6:	1f 93       	push	r17
     ba8:	fc 01       	movw	r30, r24
     baa:	e4 80       	ldd	r14, Z+4	; 0x04
     bac:	f5 80       	ldd	r15, Z+5	; 0x05
     bae:	06 81       	ldd	r16, Z+6	; 0x06
     bb0:	17 81       	ldd	r17, Z+7	; 0x07
     bb2:	d1 80       	ldd	r13, Z+1	; 0x01
     bb4:	80 81       	ld	r24, Z
     bb6:	82 30       	cpi	r24, 0x02	; 2
     bb8:	48 f4       	brcc	.+18     	; 0xbcc <__pack_f+0x2e>
     bba:	80 e0       	ldi	r24, 0x00	; 0
     bbc:	90 e0       	ldi	r25, 0x00	; 0
     bbe:	a0 e1       	ldi	r26, 0x10	; 16
     bc0:	b0 e0       	ldi	r27, 0x00	; 0
     bc2:	e8 2a       	or	r14, r24
     bc4:	f9 2a       	or	r15, r25
     bc6:	0a 2b       	or	r16, r26
     bc8:	1b 2b       	or	r17, r27
     bca:	a5 c0       	rjmp	.+330    	; 0xd16 <__pack_f+0x178>
     bcc:	84 30       	cpi	r24, 0x04	; 4
     bce:	09 f4       	brne	.+2      	; 0xbd2 <__pack_f+0x34>
     bd0:	9f c0       	rjmp	.+318    	; 0xd10 <__pack_f+0x172>
     bd2:	82 30       	cpi	r24, 0x02	; 2
     bd4:	21 f4       	brne	.+8      	; 0xbde <__pack_f+0x40>
     bd6:	ee 24       	eor	r14, r14
     bd8:	ff 24       	eor	r15, r15
     bda:	87 01       	movw	r16, r14
     bdc:	05 c0       	rjmp	.+10     	; 0xbe8 <__pack_f+0x4a>
     bde:	e1 14       	cp	r14, r1
     be0:	f1 04       	cpc	r15, r1
     be2:	01 05       	cpc	r16, r1
     be4:	11 05       	cpc	r17, r1
     be6:	19 f4       	brne	.+6      	; 0xbee <__pack_f+0x50>
     be8:	e0 e0       	ldi	r30, 0x00	; 0
     bea:	f0 e0       	ldi	r31, 0x00	; 0
     bec:	96 c0       	rjmp	.+300    	; 0xd1a <__pack_f+0x17c>
     bee:	62 81       	ldd	r22, Z+2	; 0x02
     bf0:	73 81       	ldd	r23, Z+3	; 0x03
     bf2:	9f ef       	ldi	r25, 0xFF	; 255
     bf4:	62 38       	cpi	r22, 0x82	; 130
     bf6:	79 07       	cpc	r23, r25
     bf8:	0c f0       	brlt	.+2      	; 0xbfc <__pack_f+0x5e>
     bfa:	5b c0       	rjmp	.+182    	; 0xcb2 <__pack_f+0x114>
     bfc:	22 e8       	ldi	r18, 0x82	; 130
     bfe:	3f ef       	ldi	r19, 0xFF	; 255
     c00:	26 1b       	sub	r18, r22
     c02:	37 0b       	sbc	r19, r23
     c04:	2a 31       	cpi	r18, 0x1A	; 26
     c06:	31 05       	cpc	r19, r1
     c08:	2c f0       	brlt	.+10     	; 0xc14 <__pack_f+0x76>
     c0a:	20 e0       	ldi	r18, 0x00	; 0
     c0c:	30 e0       	ldi	r19, 0x00	; 0
     c0e:	40 e0       	ldi	r20, 0x00	; 0
     c10:	50 e0       	ldi	r21, 0x00	; 0
     c12:	2a c0       	rjmp	.+84     	; 0xc68 <__pack_f+0xca>
     c14:	b8 01       	movw	r22, r16
     c16:	a7 01       	movw	r20, r14
     c18:	02 2e       	mov	r0, r18
     c1a:	04 c0       	rjmp	.+8      	; 0xc24 <__pack_f+0x86>
     c1c:	76 95       	lsr	r23
     c1e:	67 95       	ror	r22
     c20:	57 95       	ror	r21
     c22:	47 95       	ror	r20
     c24:	0a 94       	dec	r0
     c26:	d2 f7       	brpl	.-12     	; 0xc1c <__pack_f+0x7e>
     c28:	81 e0       	ldi	r24, 0x01	; 1
     c2a:	90 e0       	ldi	r25, 0x00	; 0
     c2c:	a0 e0       	ldi	r26, 0x00	; 0
     c2e:	b0 e0       	ldi	r27, 0x00	; 0
     c30:	04 c0       	rjmp	.+8      	; 0xc3a <__pack_f+0x9c>
     c32:	88 0f       	add	r24, r24
     c34:	99 1f       	adc	r25, r25
     c36:	aa 1f       	adc	r26, r26
     c38:	bb 1f       	adc	r27, r27
     c3a:	2a 95       	dec	r18
     c3c:	d2 f7       	brpl	.-12     	; 0xc32 <__pack_f+0x94>
     c3e:	01 97       	sbiw	r24, 0x01	; 1
     c40:	a1 09       	sbc	r26, r1
     c42:	b1 09       	sbc	r27, r1
     c44:	8e 21       	and	r24, r14
     c46:	9f 21       	and	r25, r15
     c48:	a0 23       	and	r26, r16
     c4a:	b1 23       	and	r27, r17
     c4c:	00 97       	sbiw	r24, 0x00	; 0
     c4e:	a1 05       	cpc	r26, r1
     c50:	b1 05       	cpc	r27, r1
     c52:	21 f0       	breq	.+8      	; 0xc5c <__pack_f+0xbe>
     c54:	81 e0       	ldi	r24, 0x01	; 1
     c56:	90 e0       	ldi	r25, 0x00	; 0
     c58:	a0 e0       	ldi	r26, 0x00	; 0
     c5a:	b0 e0       	ldi	r27, 0x00	; 0
     c5c:	9a 01       	movw	r18, r20
     c5e:	ab 01       	movw	r20, r22
     c60:	28 2b       	or	r18, r24
     c62:	39 2b       	or	r19, r25
     c64:	4a 2b       	or	r20, r26
     c66:	5b 2b       	or	r21, r27
     c68:	da 01       	movw	r26, r20
     c6a:	c9 01       	movw	r24, r18
     c6c:	8f 77       	andi	r24, 0x7F	; 127
     c6e:	90 70       	andi	r25, 0x00	; 0
     c70:	a0 70       	andi	r26, 0x00	; 0
     c72:	b0 70       	andi	r27, 0x00	; 0
     c74:	80 34       	cpi	r24, 0x40	; 64
     c76:	91 05       	cpc	r25, r1
     c78:	a1 05       	cpc	r26, r1
     c7a:	b1 05       	cpc	r27, r1
     c7c:	39 f4       	brne	.+14     	; 0xc8c <__pack_f+0xee>
     c7e:	27 ff       	sbrs	r18, 7
     c80:	09 c0       	rjmp	.+18     	; 0xc94 <__pack_f+0xf6>
     c82:	20 5c       	subi	r18, 0xC0	; 192
     c84:	3f 4f       	sbci	r19, 0xFF	; 255
     c86:	4f 4f       	sbci	r20, 0xFF	; 255
     c88:	5f 4f       	sbci	r21, 0xFF	; 255
     c8a:	04 c0       	rjmp	.+8      	; 0xc94 <__pack_f+0xf6>
     c8c:	21 5c       	subi	r18, 0xC1	; 193
     c8e:	3f 4f       	sbci	r19, 0xFF	; 255
     c90:	4f 4f       	sbci	r20, 0xFF	; 255
     c92:	5f 4f       	sbci	r21, 0xFF	; 255
     c94:	e0 e0       	ldi	r30, 0x00	; 0
     c96:	f0 e0       	ldi	r31, 0x00	; 0
     c98:	20 30       	cpi	r18, 0x00	; 0
     c9a:	a0 e0       	ldi	r26, 0x00	; 0
     c9c:	3a 07       	cpc	r19, r26
     c9e:	a0 e0       	ldi	r26, 0x00	; 0
     ca0:	4a 07       	cpc	r20, r26
     ca2:	a0 e4       	ldi	r26, 0x40	; 64
     ca4:	5a 07       	cpc	r21, r26
     ca6:	10 f0       	brcs	.+4      	; 0xcac <__pack_f+0x10e>
     ca8:	e1 e0       	ldi	r30, 0x01	; 1
     caa:	f0 e0       	ldi	r31, 0x00	; 0
     cac:	79 01       	movw	r14, r18
     cae:	8a 01       	movw	r16, r20
     cb0:	27 c0       	rjmp	.+78     	; 0xd00 <__pack_f+0x162>
     cb2:	60 38       	cpi	r22, 0x80	; 128
     cb4:	71 05       	cpc	r23, r1
     cb6:	64 f5       	brge	.+88     	; 0xd10 <__pack_f+0x172>
     cb8:	fb 01       	movw	r30, r22
     cba:	e1 58       	subi	r30, 0x81	; 129
     cbc:	ff 4f       	sbci	r31, 0xFF	; 255
     cbe:	d8 01       	movw	r26, r16
     cc0:	c7 01       	movw	r24, r14
     cc2:	8f 77       	andi	r24, 0x7F	; 127
     cc4:	90 70       	andi	r25, 0x00	; 0
     cc6:	a0 70       	andi	r26, 0x00	; 0
     cc8:	b0 70       	andi	r27, 0x00	; 0
     cca:	80 34       	cpi	r24, 0x40	; 64
     ccc:	91 05       	cpc	r25, r1
     cce:	a1 05       	cpc	r26, r1
     cd0:	b1 05       	cpc	r27, r1
     cd2:	39 f4       	brne	.+14     	; 0xce2 <__pack_f+0x144>
     cd4:	e7 fe       	sbrs	r14, 7
     cd6:	0d c0       	rjmp	.+26     	; 0xcf2 <__pack_f+0x154>
     cd8:	80 e4       	ldi	r24, 0x40	; 64
     cda:	90 e0       	ldi	r25, 0x00	; 0
     cdc:	a0 e0       	ldi	r26, 0x00	; 0
     cde:	b0 e0       	ldi	r27, 0x00	; 0
     ce0:	04 c0       	rjmp	.+8      	; 0xcea <__pack_f+0x14c>
     ce2:	8f e3       	ldi	r24, 0x3F	; 63
     ce4:	90 e0       	ldi	r25, 0x00	; 0
     ce6:	a0 e0       	ldi	r26, 0x00	; 0
     ce8:	b0 e0       	ldi	r27, 0x00	; 0
     cea:	e8 0e       	add	r14, r24
     cec:	f9 1e       	adc	r15, r25
     cee:	0a 1f       	adc	r16, r26
     cf0:	1b 1f       	adc	r17, r27
     cf2:	17 ff       	sbrs	r17, 7
     cf4:	05 c0       	rjmp	.+10     	; 0xd00 <__pack_f+0x162>
     cf6:	16 95       	lsr	r17
     cf8:	07 95       	ror	r16
     cfa:	f7 94       	ror	r15
     cfc:	e7 94       	ror	r14
     cfe:	31 96       	adiw	r30, 0x01	; 1
     d00:	87 e0       	ldi	r24, 0x07	; 7
     d02:	16 95       	lsr	r17
     d04:	07 95       	ror	r16
     d06:	f7 94       	ror	r15
     d08:	e7 94       	ror	r14
     d0a:	8a 95       	dec	r24
     d0c:	d1 f7       	brne	.-12     	; 0xd02 <__pack_f+0x164>
     d0e:	05 c0       	rjmp	.+10     	; 0xd1a <__pack_f+0x17c>
     d10:	ee 24       	eor	r14, r14
     d12:	ff 24       	eor	r15, r15
     d14:	87 01       	movw	r16, r14
     d16:	ef ef       	ldi	r30, 0xFF	; 255
     d18:	f0 e0       	ldi	r31, 0x00	; 0
     d1a:	6e 2f       	mov	r22, r30
     d1c:	67 95       	ror	r22
     d1e:	66 27       	eor	r22, r22
     d20:	67 95       	ror	r22
     d22:	90 2f       	mov	r25, r16
     d24:	9f 77       	andi	r25, 0x7F	; 127
     d26:	d7 94       	ror	r13
     d28:	dd 24       	eor	r13, r13
     d2a:	d7 94       	ror	r13
     d2c:	8e 2f       	mov	r24, r30
     d2e:	86 95       	lsr	r24
     d30:	49 2f       	mov	r20, r25
     d32:	46 2b       	or	r20, r22
     d34:	58 2f       	mov	r21, r24
     d36:	5d 29       	or	r21, r13
     d38:	b7 01       	movw	r22, r14
     d3a:	ca 01       	movw	r24, r20
     d3c:	1f 91       	pop	r17
     d3e:	0f 91       	pop	r16
     d40:	ff 90       	pop	r15
     d42:	ef 90       	pop	r14
     d44:	df 90       	pop	r13
     d46:	08 95       	ret

00000d48 <__unpack_f>:
     d48:	fc 01       	movw	r30, r24
     d4a:	db 01       	movw	r26, r22
     d4c:	40 81       	ld	r20, Z
     d4e:	51 81       	ldd	r21, Z+1	; 0x01
     d50:	22 81       	ldd	r18, Z+2	; 0x02
     d52:	62 2f       	mov	r22, r18
     d54:	6f 77       	andi	r22, 0x7F	; 127
     d56:	70 e0       	ldi	r23, 0x00	; 0
     d58:	22 1f       	adc	r18, r18
     d5a:	22 27       	eor	r18, r18
     d5c:	22 1f       	adc	r18, r18
     d5e:	93 81       	ldd	r25, Z+3	; 0x03
     d60:	89 2f       	mov	r24, r25
     d62:	88 0f       	add	r24, r24
     d64:	82 2b       	or	r24, r18
     d66:	28 2f       	mov	r18, r24
     d68:	30 e0       	ldi	r19, 0x00	; 0
     d6a:	99 1f       	adc	r25, r25
     d6c:	99 27       	eor	r25, r25
     d6e:	99 1f       	adc	r25, r25
     d70:	11 96       	adiw	r26, 0x01	; 1
     d72:	9c 93       	st	X, r25
     d74:	11 97       	sbiw	r26, 0x01	; 1
     d76:	21 15       	cp	r18, r1
     d78:	31 05       	cpc	r19, r1
     d7a:	a9 f5       	brne	.+106    	; 0xde6 <__unpack_f+0x9e>
     d7c:	41 15       	cp	r20, r1
     d7e:	51 05       	cpc	r21, r1
     d80:	61 05       	cpc	r22, r1
     d82:	71 05       	cpc	r23, r1
     d84:	11 f4       	brne	.+4      	; 0xd8a <__unpack_f+0x42>
     d86:	82 e0       	ldi	r24, 0x02	; 2
     d88:	37 c0       	rjmp	.+110    	; 0xdf8 <__unpack_f+0xb0>
     d8a:	82 e8       	ldi	r24, 0x82	; 130
     d8c:	9f ef       	ldi	r25, 0xFF	; 255
     d8e:	13 96       	adiw	r26, 0x03	; 3
     d90:	9c 93       	st	X, r25
     d92:	8e 93       	st	-X, r24
     d94:	12 97       	sbiw	r26, 0x02	; 2
     d96:	9a 01       	movw	r18, r20
     d98:	ab 01       	movw	r20, r22
     d9a:	67 e0       	ldi	r22, 0x07	; 7
     d9c:	22 0f       	add	r18, r18
     d9e:	33 1f       	adc	r19, r19
     da0:	44 1f       	adc	r20, r20
     da2:	55 1f       	adc	r21, r21
     da4:	6a 95       	dec	r22
     da6:	d1 f7       	brne	.-12     	; 0xd9c <__unpack_f+0x54>
     da8:	83 e0       	ldi	r24, 0x03	; 3
     daa:	8c 93       	st	X, r24
     dac:	0d c0       	rjmp	.+26     	; 0xdc8 <__unpack_f+0x80>
     dae:	22 0f       	add	r18, r18
     db0:	33 1f       	adc	r19, r19
     db2:	44 1f       	adc	r20, r20
     db4:	55 1f       	adc	r21, r21
     db6:	12 96       	adiw	r26, 0x02	; 2
     db8:	8d 91       	ld	r24, X+
     dba:	9c 91       	ld	r25, X
     dbc:	13 97       	sbiw	r26, 0x03	; 3
     dbe:	01 97       	sbiw	r24, 0x01	; 1
     dc0:	13 96       	adiw	r26, 0x03	; 3
     dc2:	9c 93       	st	X, r25
     dc4:	8e 93       	st	-X, r24
     dc6:	12 97       	sbiw	r26, 0x02	; 2
     dc8:	20 30       	cpi	r18, 0x00	; 0
     dca:	80 e0       	ldi	r24, 0x00	; 0
     dcc:	38 07       	cpc	r19, r24
     dce:	80 e0       	ldi	r24, 0x00	; 0
     dd0:	48 07       	cpc	r20, r24
     dd2:	80 e4       	ldi	r24, 0x40	; 64
     dd4:	58 07       	cpc	r21, r24
     dd6:	58 f3       	brcs	.-42     	; 0xdae <__unpack_f+0x66>
     dd8:	14 96       	adiw	r26, 0x04	; 4
     dda:	2d 93       	st	X+, r18
     ddc:	3d 93       	st	X+, r19
     dde:	4d 93       	st	X+, r20
     de0:	5c 93       	st	X, r21
     de2:	17 97       	sbiw	r26, 0x07	; 7
     de4:	08 95       	ret
     de6:	2f 3f       	cpi	r18, 0xFF	; 255
     de8:	31 05       	cpc	r19, r1
     dea:	79 f4       	brne	.+30     	; 0xe0a <__unpack_f+0xc2>
     dec:	41 15       	cp	r20, r1
     dee:	51 05       	cpc	r21, r1
     df0:	61 05       	cpc	r22, r1
     df2:	71 05       	cpc	r23, r1
     df4:	19 f4       	brne	.+6      	; 0xdfc <__unpack_f+0xb4>
     df6:	84 e0       	ldi	r24, 0x04	; 4
     df8:	8c 93       	st	X, r24
     dfa:	08 95       	ret
     dfc:	64 ff       	sbrs	r22, 4
     dfe:	03 c0       	rjmp	.+6      	; 0xe06 <__unpack_f+0xbe>
     e00:	81 e0       	ldi	r24, 0x01	; 1
     e02:	8c 93       	st	X, r24
     e04:	12 c0       	rjmp	.+36     	; 0xe2a <__unpack_f+0xe2>
     e06:	1c 92       	st	X, r1
     e08:	10 c0       	rjmp	.+32     	; 0xe2a <__unpack_f+0xe2>
     e0a:	2f 57       	subi	r18, 0x7F	; 127
     e0c:	30 40       	sbci	r19, 0x00	; 0
     e0e:	13 96       	adiw	r26, 0x03	; 3
     e10:	3c 93       	st	X, r19
     e12:	2e 93       	st	-X, r18
     e14:	12 97       	sbiw	r26, 0x02	; 2
     e16:	83 e0       	ldi	r24, 0x03	; 3
     e18:	8c 93       	st	X, r24
     e1a:	87 e0       	ldi	r24, 0x07	; 7
     e1c:	44 0f       	add	r20, r20
     e1e:	55 1f       	adc	r21, r21
     e20:	66 1f       	adc	r22, r22
     e22:	77 1f       	adc	r23, r23
     e24:	8a 95       	dec	r24
     e26:	d1 f7       	brne	.-12     	; 0xe1c <__unpack_f+0xd4>
     e28:	70 64       	ori	r23, 0x40	; 64
     e2a:	14 96       	adiw	r26, 0x04	; 4
     e2c:	4d 93       	st	X+, r20
     e2e:	5d 93       	st	X+, r21
     e30:	6d 93       	st	X+, r22
     e32:	7c 93       	st	X, r23
     e34:	17 97       	sbiw	r26, 0x07	; 7
     e36:	08 95       	ret

00000e38 <__fpcmp_parts_f>:
     e38:	1f 93       	push	r17
     e3a:	dc 01       	movw	r26, r24
     e3c:	fb 01       	movw	r30, r22
     e3e:	9c 91       	ld	r25, X
     e40:	92 30       	cpi	r25, 0x02	; 2
     e42:	08 f4       	brcc	.+2      	; 0xe46 <__fpcmp_parts_f+0xe>
     e44:	47 c0       	rjmp	.+142    	; 0xed4 <__fpcmp_parts_f+0x9c>
     e46:	80 81       	ld	r24, Z
     e48:	82 30       	cpi	r24, 0x02	; 2
     e4a:	08 f4       	brcc	.+2      	; 0xe4e <__fpcmp_parts_f+0x16>
     e4c:	43 c0       	rjmp	.+134    	; 0xed4 <__fpcmp_parts_f+0x9c>
     e4e:	94 30       	cpi	r25, 0x04	; 4
     e50:	51 f4       	brne	.+20     	; 0xe66 <__fpcmp_parts_f+0x2e>
     e52:	11 96       	adiw	r26, 0x01	; 1
     e54:	1c 91       	ld	r17, X
     e56:	84 30       	cpi	r24, 0x04	; 4
     e58:	99 f5       	brne	.+102    	; 0xec0 <__fpcmp_parts_f+0x88>
     e5a:	81 81       	ldd	r24, Z+1	; 0x01
     e5c:	68 2f       	mov	r22, r24
     e5e:	70 e0       	ldi	r23, 0x00	; 0
     e60:	61 1b       	sub	r22, r17
     e62:	71 09       	sbc	r23, r1
     e64:	3f c0       	rjmp	.+126    	; 0xee4 <__fpcmp_parts_f+0xac>
     e66:	84 30       	cpi	r24, 0x04	; 4
     e68:	21 f0       	breq	.+8      	; 0xe72 <__fpcmp_parts_f+0x3a>
     e6a:	92 30       	cpi	r25, 0x02	; 2
     e6c:	31 f4       	brne	.+12     	; 0xe7a <__fpcmp_parts_f+0x42>
     e6e:	82 30       	cpi	r24, 0x02	; 2
     e70:	b9 f1       	breq	.+110    	; 0xee0 <__fpcmp_parts_f+0xa8>
     e72:	81 81       	ldd	r24, Z+1	; 0x01
     e74:	88 23       	and	r24, r24
     e76:	89 f1       	breq	.+98     	; 0xeda <__fpcmp_parts_f+0xa2>
     e78:	2d c0       	rjmp	.+90     	; 0xed4 <__fpcmp_parts_f+0x9c>
     e7a:	11 96       	adiw	r26, 0x01	; 1
     e7c:	1c 91       	ld	r17, X
     e7e:	11 97       	sbiw	r26, 0x01	; 1
     e80:	82 30       	cpi	r24, 0x02	; 2
     e82:	f1 f0       	breq	.+60     	; 0xec0 <__fpcmp_parts_f+0x88>
     e84:	81 81       	ldd	r24, Z+1	; 0x01
     e86:	18 17       	cp	r17, r24
     e88:	d9 f4       	brne	.+54     	; 0xec0 <__fpcmp_parts_f+0x88>
     e8a:	12 96       	adiw	r26, 0x02	; 2
     e8c:	2d 91       	ld	r18, X+
     e8e:	3c 91       	ld	r19, X
     e90:	13 97       	sbiw	r26, 0x03	; 3
     e92:	82 81       	ldd	r24, Z+2	; 0x02
     e94:	93 81       	ldd	r25, Z+3	; 0x03
     e96:	82 17       	cp	r24, r18
     e98:	93 07       	cpc	r25, r19
     e9a:	94 f0       	brlt	.+36     	; 0xec0 <__fpcmp_parts_f+0x88>
     e9c:	28 17       	cp	r18, r24
     e9e:	39 07       	cpc	r19, r25
     ea0:	bc f0       	brlt	.+46     	; 0xed0 <__fpcmp_parts_f+0x98>
     ea2:	14 96       	adiw	r26, 0x04	; 4
     ea4:	8d 91       	ld	r24, X+
     ea6:	9d 91       	ld	r25, X+
     ea8:	0d 90       	ld	r0, X+
     eaa:	bc 91       	ld	r27, X
     eac:	a0 2d       	mov	r26, r0
     eae:	24 81       	ldd	r18, Z+4	; 0x04
     eb0:	35 81       	ldd	r19, Z+5	; 0x05
     eb2:	46 81       	ldd	r20, Z+6	; 0x06
     eb4:	57 81       	ldd	r21, Z+7	; 0x07
     eb6:	28 17       	cp	r18, r24
     eb8:	39 07       	cpc	r19, r25
     eba:	4a 07       	cpc	r20, r26
     ebc:	5b 07       	cpc	r21, r27
     ebe:	18 f4       	brcc	.+6      	; 0xec6 <__fpcmp_parts_f+0x8e>
     ec0:	11 23       	and	r17, r17
     ec2:	41 f0       	breq	.+16     	; 0xed4 <__fpcmp_parts_f+0x9c>
     ec4:	0a c0       	rjmp	.+20     	; 0xeda <__fpcmp_parts_f+0xa2>
     ec6:	82 17       	cp	r24, r18
     ec8:	93 07       	cpc	r25, r19
     eca:	a4 07       	cpc	r26, r20
     ecc:	b5 07       	cpc	r27, r21
     ece:	40 f4       	brcc	.+16     	; 0xee0 <__fpcmp_parts_f+0xa8>
     ed0:	11 23       	and	r17, r17
     ed2:	19 f0       	breq	.+6      	; 0xeda <__fpcmp_parts_f+0xa2>
     ed4:	61 e0       	ldi	r22, 0x01	; 1
     ed6:	70 e0       	ldi	r23, 0x00	; 0
     ed8:	05 c0       	rjmp	.+10     	; 0xee4 <__fpcmp_parts_f+0xac>
     eda:	6f ef       	ldi	r22, 0xFF	; 255
     edc:	7f ef       	ldi	r23, 0xFF	; 255
     ede:	02 c0       	rjmp	.+4      	; 0xee4 <__fpcmp_parts_f+0xac>
     ee0:	60 e0       	ldi	r22, 0x00	; 0
     ee2:	70 e0       	ldi	r23, 0x00	; 0
     ee4:	cb 01       	movw	r24, r22
     ee6:	1f 91       	pop	r17
     ee8:	08 95       	ret

00000eea <EXTI_voidEnableDisable>:
static void (*GlobalPtrFunc[3])(void)={NULL};


void EXTI_voidEnableDisable(INTNUM_e Copy_eIntNum,
		MODE_e Copy_eMode)
{
     eea:	df 93       	push	r29
     eec:	cf 93       	push	r28
     eee:	cd b7       	in	r28, 0x3d	; 61
     ef0:	de b7       	in	r29, 0x3e	; 62
     ef2:	2a 97       	sbiw	r28, 0x0a	; 10
     ef4:	0f b6       	in	r0, 0x3f	; 63
     ef6:	f8 94       	cli
     ef8:	de bf       	out	0x3e, r29	; 62
     efa:	0f be       	out	0x3f, r0	; 63
     efc:	cd bf       	out	0x3d, r28	; 61
     efe:	89 83       	std	Y+1, r24	; 0x01
     f00:	6a 83       	std	Y+2, r22	; 0x02
	switch(Copy_eIntNum)
     f02:	89 81       	ldd	r24, Y+1	; 0x01
     f04:	28 2f       	mov	r18, r24
     f06:	30 e0       	ldi	r19, 0x00	; 0
     f08:	3a 87       	std	Y+10, r19	; 0x0a
     f0a:	29 87       	std	Y+9, r18	; 0x09
     f0c:	89 85       	ldd	r24, Y+9	; 0x09
     f0e:	9a 85       	ldd	r25, Y+10	; 0x0a
     f10:	81 30       	cpi	r24, 0x01	; 1
     f12:	91 05       	cpc	r25, r1
     f14:	51 f1       	breq	.+84     	; 0xf6a <EXTI_voidEnableDisable+0x80>
     f16:	29 85       	ldd	r18, Y+9	; 0x09
     f18:	3a 85       	ldd	r19, Y+10	; 0x0a
     f1a:	22 30       	cpi	r18, 0x02	; 2
     f1c:	31 05       	cpc	r19, r1
     f1e:	09 f4       	brne	.+2      	; 0xf22 <EXTI_voidEnableDisable+0x38>
     f20:	43 c0       	rjmp	.+134    	; 0xfa8 <EXTI_voidEnableDisable+0xbe>
     f22:	89 85       	ldd	r24, Y+9	; 0x09
     f24:	9a 85       	ldd	r25, Y+10	; 0x0a
     f26:	00 97       	sbiw	r24, 0x00	; 0
     f28:	09 f0       	breq	.+2      	; 0xf2c <EXTI_voidEnableDisable+0x42>
     f2a:	5c c0       	rjmp	.+184    	; 0xfe4 <EXTI_voidEnableDisable+0xfa>
	{
	case INT0:
		switch(Copy_eMode)
     f2c:	8a 81       	ldd	r24, Y+2	; 0x02
     f2e:	28 2f       	mov	r18, r24
     f30:	30 e0       	ldi	r19, 0x00	; 0
     f32:	38 87       	std	Y+8, r19	; 0x08
     f34:	2f 83       	std	Y+7, r18	; 0x07
     f36:	8f 81       	ldd	r24, Y+7	; 0x07
     f38:	98 85       	ldd	r25, Y+8	; 0x08
     f3a:	00 97       	sbiw	r24, 0x00	; 0
     f3c:	31 f0       	breq	.+12     	; 0xf4a <EXTI_voidEnableDisable+0x60>
     f3e:	2f 81       	ldd	r18, Y+7	; 0x07
     f40:	38 85       	ldd	r19, Y+8	; 0x08
     f42:	21 30       	cpi	r18, 0x01	; 1
     f44:	31 05       	cpc	r19, r1
     f46:	49 f0       	breq	.+18     	; 0xf5a <EXTI_voidEnableDisable+0x70>
     f48:	4d c0       	rjmp	.+154    	; 0xfe4 <EXTI_voidEnableDisable+0xfa>
		{
		case ENABLED:
			SET_BIT(GICR,GICR_INT0);
     f4a:	ab e5       	ldi	r26, 0x5B	; 91
     f4c:	b0 e0       	ldi	r27, 0x00	; 0
     f4e:	eb e5       	ldi	r30, 0x5B	; 91
     f50:	f0 e0       	ldi	r31, 0x00	; 0
     f52:	80 81       	ld	r24, Z
     f54:	80 64       	ori	r24, 0x40	; 64
     f56:	8c 93       	st	X, r24
     f58:	45 c0       	rjmp	.+138    	; 0xfe4 <EXTI_voidEnableDisable+0xfa>
			break;
		case DISABLED:
			CLR_BIT(GICR,GICR_INT0);
     f5a:	ab e5       	ldi	r26, 0x5B	; 91
     f5c:	b0 e0       	ldi	r27, 0x00	; 0
     f5e:	eb e5       	ldi	r30, 0x5B	; 91
     f60:	f0 e0       	ldi	r31, 0x00	; 0
     f62:	80 81       	ld	r24, Z
     f64:	8f 7b       	andi	r24, 0xBF	; 191
     f66:	8c 93       	st	X, r24
     f68:	3d c0       	rjmp	.+122    	; 0xfe4 <EXTI_voidEnableDisable+0xfa>
			break;
		}
		break;
		case INT1:
			switch(Copy_eMode)
     f6a:	8a 81       	ldd	r24, Y+2	; 0x02
     f6c:	28 2f       	mov	r18, r24
     f6e:	30 e0       	ldi	r19, 0x00	; 0
     f70:	3e 83       	std	Y+6, r19	; 0x06
     f72:	2d 83       	std	Y+5, r18	; 0x05
     f74:	8d 81       	ldd	r24, Y+5	; 0x05
     f76:	9e 81       	ldd	r25, Y+6	; 0x06
     f78:	00 97       	sbiw	r24, 0x00	; 0
     f7a:	31 f0       	breq	.+12     	; 0xf88 <EXTI_voidEnableDisable+0x9e>
     f7c:	2d 81       	ldd	r18, Y+5	; 0x05
     f7e:	3e 81       	ldd	r19, Y+6	; 0x06
     f80:	21 30       	cpi	r18, 0x01	; 1
     f82:	31 05       	cpc	r19, r1
     f84:	49 f0       	breq	.+18     	; 0xf98 <EXTI_voidEnableDisable+0xae>
     f86:	2e c0       	rjmp	.+92     	; 0xfe4 <EXTI_voidEnableDisable+0xfa>
			{
			case ENABLED:
				SET_BIT(GICR,GICR_INT1);
     f88:	ab e5       	ldi	r26, 0x5B	; 91
     f8a:	b0 e0       	ldi	r27, 0x00	; 0
     f8c:	eb e5       	ldi	r30, 0x5B	; 91
     f8e:	f0 e0       	ldi	r31, 0x00	; 0
     f90:	80 81       	ld	r24, Z
     f92:	80 68       	ori	r24, 0x80	; 128
     f94:	8c 93       	st	X, r24
     f96:	26 c0       	rjmp	.+76     	; 0xfe4 <EXTI_voidEnableDisable+0xfa>
				break;
			case DISABLED:
				CLR_BIT(GICR,GICR_INT1);
     f98:	ab e5       	ldi	r26, 0x5B	; 91
     f9a:	b0 e0       	ldi	r27, 0x00	; 0
     f9c:	eb e5       	ldi	r30, 0x5B	; 91
     f9e:	f0 e0       	ldi	r31, 0x00	; 0
     fa0:	80 81       	ld	r24, Z
     fa2:	8f 77       	andi	r24, 0x7F	; 127
     fa4:	8c 93       	st	X, r24
     fa6:	1e c0       	rjmp	.+60     	; 0xfe4 <EXTI_voidEnableDisable+0xfa>
				break;
			}
			break;
			case INT2:
				switch(Copy_eMode)
     fa8:	8a 81       	ldd	r24, Y+2	; 0x02
     faa:	28 2f       	mov	r18, r24
     fac:	30 e0       	ldi	r19, 0x00	; 0
     fae:	3c 83       	std	Y+4, r19	; 0x04
     fb0:	2b 83       	std	Y+3, r18	; 0x03
     fb2:	8b 81       	ldd	r24, Y+3	; 0x03
     fb4:	9c 81       	ldd	r25, Y+4	; 0x04
     fb6:	00 97       	sbiw	r24, 0x00	; 0
     fb8:	31 f0       	breq	.+12     	; 0xfc6 <EXTI_voidEnableDisable+0xdc>
     fba:	2b 81       	ldd	r18, Y+3	; 0x03
     fbc:	3c 81       	ldd	r19, Y+4	; 0x04
     fbe:	21 30       	cpi	r18, 0x01	; 1
     fc0:	31 05       	cpc	r19, r1
     fc2:	49 f0       	breq	.+18     	; 0xfd6 <EXTI_voidEnableDisable+0xec>
     fc4:	0f c0       	rjmp	.+30     	; 0xfe4 <EXTI_voidEnableDisable+0xfa>
				{
				case ENABLED:
					SET_BIT(GICR,GICR_INT2);
     fc6:	ab e5       	ldi	r26, 0x5B	; 91
     fc8:	b0 e0       	ldi	r27, 0x00	; 0
     fca:	eb e5       	ldi	r30, 0x5B	; 91
     fcc:	f0 e0       	ldi	r31, 0x00	; 0
     fce:	80 81       	ld	r24, Z
     fd0:	80 62       	ori	r24, 0x20	; 32
     fd2:	8c 93       	st	X, r24
     fd4:	07 c0       	rjmp	.+14     	; 0xfe4 <EXTI_voidEnableDisable+0xfa>
					break;
				case DISABLED:
					CLR_BIT(GICR,GICR_INT2);
     fd6:	ab e5       	ldi	r26, 0x5B	; 91
     fd8:	b0 e0       	ldi	r27, 0x00	; 0
     fda:	eb e5       	ldi	r30, 0x5B	; 91
     fdc:	f0 e0       	ldi	r31, 0x00	; 0
     fde:	80 81       	ld	r24, Z
     fe0:	8f 7d       	andi	r24, 0xDF	; 223
     fe2:	8c 93       	st	X, r24
					break;
				}
				break;
	}

}
     fe4:	2a 96       	adiw	r28, 0x0a	; 10
     fe6:	0f b6       	in	r0, 0x3f	; 63
     fe8:	f8 94       	cli
     fea:	de bf       	out	0x3e, r29	; 62
     fec:	0f be       	out	0x3f, r0	; 63
     fee:	cd bf       	out	0x3d, r28	; 61
     ff0:	cf 91       	pop	r28
     ff2:	df 91       	pop	r29
     ff4:	08 95       	ret

00000ff6 <EXTI_voidSetSenseCtrl>:

void EXTI_voidSetSenseCtrl(INTNUM_e Copy_eIntNum,
		SENSTIVITY_e Copy_eSenseCtrl)
{
     ff6:	df 93       	push	r29
     ff8:	cf 93       	push	r28
     ffa:	cd b7       	in	r28, 0x3d	; 61
     ffc:	de b7       	in	r29, 0x3e	; 62
     ffe:	2a 97       	sbiw	r28, 0x0a	; 10
    1000:	0f b6       	in	r0, 0x3f	; 63
    1002:	f8 94       	cli
    1004:	de bf       	out	0x3e, r29	; 62
    1006:	0f be       	out	0x3f, r0	; 63
    1008:	cd bf       	out	0x3d, r28	; 61
    100a:	89 83       	std	Y+1, r24	; 0x01
    100c:	6a 83       	std	Y+2, r22	; 0x02
	switch(Copy_eIntNum)
    100e:	89 81       	ldd	r24, Y+1	; 0x01
    1010:	28 2f       	mov	r18, r24
    1012:	30 e0       	ldi	r19, 0x00	; 0
    1014:	3a 87       	std	Y+10, r19	; 0x0a
    1016:	29 87       	std	Y+9, r18	; 0x09
    1018:	89 85       	ldd	r24, Y+9	; 0x09
    101a:	9a 85       	ldd	r25, Y+10	; 0x0a
    101c:	81 30       	cpi	r24, 0x01	; 1
    101e:	91 05       	cpc	r25, r1
    1020:	09 f4       	brne	.+2      	; 0x1024 <EXTI_voidSetSenseCtrl+0x2e>
    1022:	66 c0       	rjmp	.+204    	; 0x10f0 <EXTI_voidSetSenseCtrl+0xfa>
    1024:	29 85       	ldd	r18, Y+9	; 0x09
    1026:	3a 85       	ldd	r19, Y+10	; 0x0a
    1028:	22 30       	cpi	r18, 0x02	; 2
    102a:	31 05       	cpc	r19, r1
    102c:	09 f4       	brne	.+2      	; 0x1030 <EXTI_voidSetSenseCtrl+0x3a>
    102e:	bb c0       	rjmp	.+374    	; 0x11a6 <EXTI_voidSetSenseCtrl+0x1b0>
    1030:	89 85       	ldd	r24, Y+9	; 0x09
    1032:	9a 85       	ldd	r25, Y+10	; 0x0a
    1034:	00 97       	sbiw	r24, 0x00	; 0
    1036:	09 f0       	breq	.+2      	; 0x103a <EXTI_voidSetSenseCtrl+0x44>
    1038:	d5 c0       	rjmp	.+426    	; 0x11e4 <EXTI_voidSetSenseCtrl+0x1ee>
	{
	case INT0:
		switch(Copy_eSenseCtrl)
    103a:	8a 81       	ldd	r24, Y+2	; 0x02
    103c:	28 2f       	mov	r18, r24
    103e:	30 e0       	ldi	r19, 0x00	; 0
    1040:	38 87       	std	Y+8, r19	; 0x08
    1042:	2f 83       	std	Y+7, r18	; 0x07
    1044:	8f 81       	ldd	r24, Y+7	; 0x07
    1046:	98 85       	ldd	r25, Y+8	; 0x08
    1048:	81 30       	cpi	r24, 0x01	; 1
    104a:	91 05       	cpc	r25, r1
    104c:	21 f1       	breq	.+72     	; 0x1096 <EXTI_voidSetSenseCtrl+0xa0>
    104e:	2f 81       	ldd	r18, Y+7	; 0x07
    1050:	38 85       	ldd	r19, Y+8	; 0x08
    1052:	22 30       	cpi	r18, 0x02	; 2
    1054:	31 05       	cpc	r19, r1
    1056:	2c f4       	brge	.+10     	; 0x1062 <EXTI_voidSetSenseCtrl+0x6c>
    1058:	8f 81       	ldd	r24, Y+7	; 0x07
    105a:	98 85       	ldd	r25, Y+8	; 0x08
    105c:	00 97       	sbiw	r24, 0x00	; 0
    105e:	61 f0       	breq	.+24     	; 0x1078 <EXTI_voidSetSenseCtrl+0x82>
    1060:	c1 c0       	rjmp	.+386    	; 0x11e4 <EXTI_voidSetSenseCtrl+0x1ee>
    1062:	2f 81       	ldd	r18, Y+7	; 0x07
    1064:	38 85       	ldd	r19, Y+8	; 0x08
    1066:	22 30       	cpi	r18, 0x02	; 2
    1068:	31 05       	cpc	r19, r1
    106a:	21 f1       	breq	.+72     	; 0x10b4 <EXTI_voidSetSenseCtrl+0xbe>
    106c:	8f 81       	ldd	r24, Y+7	; 0x07
    106e:	98 85       	ldd	r25, Y+8	; 0x08
    1070:	83 30       	cpi	r24, 0x03	; 3
    1072:	91 05       	cpc	r25, r1
    1074:	71 f1       	breq	.+92     	; 0x10d2 <EXTI_voidSetSenseCtrl+0xdc>
    1076:	b6 c0       	rjmp	.+364    	; 0x11e4 <EXTI_voidSetSenseCtrl+0x1ee>
		{
		case LOW_LEVEL:
			CLR_BIT(MCUCR,MCUCR_ISC00);
    1078:	a5 e5       	ldi	r26, 0x55	; 85
    107a:	b0 e0       	ldi	r27, 0x00	; 0
    107c:	e5 e5       	ldi	r30, 0x55	; 85
    107e:	f0 e0       	ldi	r31, 0x00	; 0
    1080:	80 81       	ld	r24, Z
    1082:	8e 7f       	andi	r24, 0xFE	; 254
    1084:	8c 93       	st	X, r24
			CLR_BIT(MCUCR,MCUCR_ISC01);
    1086:	a5 e5       	ldi	r26, 0x55	; 85
    1088:	b0 e0       	ldi	r27, 0x00	; 0
    108a:	e5 e5       	ldi	r30, 0x55	; 85
    108c:	f0 e0       	ldi	r31, 0x00	; 0
    108e:	80 81       	ld	r24, Z
    1090:	8d 7f       	andi	r24, 0xFD	; 253
    1092:	8c 93       	st	X, r24
    1094:	a7 c0       	rjmp	.+334    	; 0x11e4 <EXTI_voidSetSenseCtrl+0x1ee>
			break;
		case ON_CHANGE:
			SET_BIT(MCUCR,MCUCR_ISC00);
    1096:	a5 e5       	ldi	r26, 0x55	; 85
    1098:	b0 e0       	ldi	r27, 0x00	; 0
    109a:	e5 e5       	ldi	r30, 0x55	; 85
    109c:	f0 e0       	ldi	r31, 0x00	; 0
    109e:	80 81       	ld	r24, Z
    10a0:	81 60       	ori	r24, 0x01	; 1
    10a2:	8c 93       	st	X, r24
			CLR_BIT(MCUCR,MCUCR_ISC01);
    10a4:	a5 e5       	ldi	r26, 0x55	; 85
    10a6:	b0 e0       	ldi	r27, 0x00	; 0
    10a8:	e5 e5       	ldi	r30, 0x55	; 85
    10aa:	f0 e0       	ldi	r31, 0x00	; 0
    10ac:	80 81       	ld	r24, Z
    10ae:	8d 7f       	andi	r24, 0xFD	; 253
    10b0:	8c 93       	st	X, r24
    10b2:	98 c0       	rjmp	.+304    	; 0x11e4 <EXTI_voidSetSenseCtrl+0x1ee>
			break;
		case FALLING_EDGE:
			CLR_BIT(MCUCR,MCUCR_ISC00);
    10b4:	a5 e5       	ldi	r26, 0x55	; 85
    10b6:	b0 e0       	ldi	r27, 0x00	; 0
    10b8:	e5 e5       	ldi	r30, 0x55	; 85
    10ba:	f0 e0       	ldi	r31, 0x00	; 0
    10bc:	80 81       	ld	r24, Z
    10be:	8e 7f       	andi	r24, 0xFE	; 254
    10c0:	8c 93       	st	X, r24
			SET_BIT(MCUCR,MCUCR_ISC01);
    10c2:	a5 e5       	ldi	r26, 0x55	; 85
    10c4:	b0 e0       	ldi	r27, 0x00	; 0
    10c6:	e5 e5       	ldi	r30, 0x55	; 85
    10c8:	f0 e0       	ldi	r31, 0x00	; 0
    10ca:	80 81       	ld	r24, Z
    10cc:	82 60       	ori	r24, 0x02	; 2
    10ce:	8c 93       	st	X, r24
    10d0:	89 c0       	rjmp	.+274    	; 0x11e4 <EXTI_voidSetSenseCtrl+0x1ee>
			break;
		case RISING_EDGE:
			SET_BIT(MCUCR,MCUCR_ISC00);
    10d2:	a5 e5       	ldi	r26, 0x55	; 85
    10d4:	b0 e0       	ldi	r27, 0x00	; 0
    10d6:	e5 e5       	ldi	r30, 0x55	; 85
    10d8:	f0 e0       	ldi	r31, 0x00	; 0
    10da:	80 81       	ld	r24, Z
    10dc:	81 60       	ori	r24, 0x01	; 1
    10de:	8c 93       	st	X, r24
			SET_BIT(MCUCR,MCUCR_ISC01);
    10e0:	a5 e5       	ldi	r26, 0x55	; 85
    10e2:	b0 e0       	ldi	r27, 0x00	; 0
    10e4:	e5 e5       	ldi	r30, 0x55	; 85
    10e6:	f0 e0       	ldi	r31, 0x00	; 0
    10e8:	80 81       	ld	r24, Z
    10ea:	82 60       	ori	r24, 0x02	; 2
    10ec:	8c 93       	st	X, r24
    10ee:	7a c0       	rjmp	.+244    	; 0x11e4 <EXTI_voidSetSenseCtrl+0x1ee>
			break;
		}
		break;
		case INT1:
			switch(Copy_eSenseCtrl)
    10f0:	8a 81       	ldd	r24, Y+2	; 0x02
    10f2:	28 2f       	mov	r18, r24
    10f4:	30 e0       	ldi	r19, 0x00	; 0
    10f6:	3e 83       	std	Y+6, r19	; 0x06
    10f8:	2d 83       	std	Y+5, r18	; 0x05
    10fa:	8d 81       	ldd	r24, Y+5	; 0x05
    10fc:	9e 81       	ldd	r25, Y+6	; 0x06
    10fe:	81 30       	cpi	r24, 0x01	; 1
    1100:	91 05       	cpc	r25, r1
    1102:	21 f1       	breq	.+72     	; 0x114c <EXTI_voidSetSenseCtrl+0x156>
    1104:	2d 81       	ldd	r18, Y+5	; 0x05
    1106:	3e 81       	ldd	r19, Y+6	; 0x06
    1108:	22 30       	cpi	r18, 0x02	; 2
    110a:	31 05       	cpc	r19, r1
    110c:	2c f4       	brge	.+10     	; 0x1118 <EXTI_voidSetSenseCtrl+0x122>
    110e:	8d 81       	ldd	r24, Y+5	; 0x05
    1110:	9e 81       	ldd	r25, Y+6	; 0x06
    1112:	00 97       	sbiw	r24, 0x00	; 0
    1114:	61 f0       	breq	.+24     	; 0x112e <EXTI_voidSetSenseCtrl+0x138>
    1116:	66 c0       	rjmp	.+204    	; 0x11e4 <EXTI_voidSetSenseCtrl+0x1ee>
    1118:	2d 81       	ldd	r18, Y+5	; 0x05
    111a:	3e 81       	ldd	r19, Y+6	; 0x06
    111c:	22 30       	cpi	r18, 0x02	; 2
    111e:	31 05       	cpc	r19, r1
    1120:	21 f1       	breq	.+72     	; 0x116a <EXTI_voidSetSenseCtrl+0x174>
    1122:	8d 81       	ldd	r24, Y+5	; 0x05
    1124:	9e 81       	ldd	r25, Y+6	; 0x06
    1126:	83 30       	cpi	r24, 0x03	; 3
    1128:	91 05       	cpc	r25, r1
    112a:	71 f1       	breq	.+92     	; 0x1188 <EXTI_voidSetSenseCtrl+0x192>
    112c:	5b c0       	rjmp	.+182    	; 0x11e4 <EXTI_voidSetSenseCtrl+0x1ee>
			{
			case LOW_LEVEL:
				CLR_BIT(MCUCR,MCUCR_ISC10);
    112e:	a5 e5       	ldi	r26, 0x55	; 85
    1130:	b0 e0       	ldi	r27, 0x00	; 0
    1132:	e5 e5       	ldi	r30, 0x55	; 85
    1134:	f0 e0       	ldi	r31, 0x00	; 0
    1136:	80 81       	ld	r24, Z
    1138:	8b 7f       	andi	r24, 0xFB	; 251
    113a:	8c 93       	st	X, r24
				CLR_BIT(MCUCR,MCUCR_ISC11);
    113c:	a5 e5       	ldi	r26, 0x55	; 85
    113e:	b0 e0       	ldi	r27, 0x00	; 0
    1140:	e5 e5       	ldi	r30, 0x55	; 85
    1142:	f0 e0       	ldi	r31, 0x00	; 0
    1144:	80 81       	ld	r24, Z
    1146:	87 7f       	andi	r24, 0xF7	; 247
    1148:	8c 93       	st	X, r24
    114a:	4c c0       	rjmp	.+152    	; 0x11e4 <EXTI_voidSetSenseCtrl+0x1ee>
				break;
			case ON_CHANGE:
				SET_BIT(MCUCR,MCUCR_ISC10);
    114c:	a5 e5       	ldi	r26, 0x55	; 85
    114e:	b0 e0       	ldi	r27, 0x00	; 0
    1150:	e5 e5       	ldi	r30, 0x55	; 85
    1152:	f0 e0       	ldi	r31, 0x00	; 0
    1154:	80 81       	ld	r24, Z
    1156:	84 60       	ori	r24, 0x04	; 4
    1158:	8c 93       	st	X, r24
				CLR_BIT(MCUCR,MCUCR_ISC11);
    115a:	a5 e5       	ldi	r26, 0x55	; 85
    115c:	b0 e0       	ldi	r27, 0x00	; 0
    115e:	e5 e5       	ldi	r30, 0x55	; 85
    1160:	f0 e0       	ldi	r31, 0x00	; 0
    1162:	80 81       	ld	r24, Z
    1164:	87 7f       	andi	r24, 0xF7	; 247
    1166:	8c 93       	st	X, r24
    1168:	3d c0       	rjmp	.+122    	; 0x11e4 <EXTI_voidSetSenseCtrl+0x1ee>
				break;
			case FALLING_EDGE:
				CLR_BIT(MCUCR,MCUCR_ISC10);
    116a:	a5 e5       	ldi	r26, 0x55	; 85
    116c:	b0 e0       	ldi	r27, 0x00	; 0
    116e:	e5 e5       	ldi	r30, 0x55	; 85
    1170:	f0 e0       	ldi	r31, 0x00	; 0
    1172:	80 81       	ld	r24, Z
    1174:	8b 7f       	andi	r24, 0xFB	; 251
    1176:	8c 93       	st	X, r24
				SET_BIT(MCUCR,MCUCR_ISC11);
    1178:	a5 e5       	ldi	r26, 0x55	; 85
    117a:	b0 e0       	ldi	r27, 0x00	; 0
    117c:	e5 e5       	ldi	r30, 0x55	; 85
    117e:	f0 e0       	ldi	r31, 0x00	; 0
    1180:	80 81       	ld	r24, Z
    1182:	88 60       	ori	r24, 0x08	; 8
    1184:	8c 93       	st	X, r24
    1186:	2e c0       	rjmp	.+92     	; 0x11e4 <EXTI_voidSetSenseCtrl+0x1ee>
				break;
			case RISING_EDGE:
				SET_BIT(MCUCR,MCUCR_ISC10);
    1188:	a5 e5       	ldi	r26, 0x55	; 85
    118a:	b0 e0       	ldi	r27, 0x00	; 0
    118c:	e5 e5       	ldi	r30, 0x55	; 85
    118e:	f0 e0       	ldi	r31, 0x00	; 0
    1190:	80 81       	ld	r24, Z
    1192:	84 60       	ori	r24, 0x04	; 4
    1194:	8c 93       	st	X, r24
				SET_BIT(MCUCR,MCUCR_ISC11);
    1196:	a5 e5       	ldi	r26, 0x55	; 85
    1198:	b0 e0       	ldi	r27, 0x00	; 0
    119a:	e5 e5       	ldi	r30, 0x55	; 85
    119c:	f0 e0       	ldi	r31, 0x00	; 0
    119e:	80 81       	ld	r24, Z
    11a0:	88 60       	ori	r24, 0x08	; 8
    11a2:	8c 93       	st	X, r24
    11a4:	1f c0       	rjmp	.+62     	; 0x11e4 <EXTI_voidSetSenseCtrl+0x1ee>
				break;
			}
			break;
			case INT2:
				switch(Copy_eSenseCtrl)
    11a6:	8a 81       	ldd	r24, Y+2	; 0x02
    11a8:	28 2f       	mov	r18, r24
    11aa:	30 e0       	ldi	r19, 0x00	; 0
    11ac:	3c 83       	std	Y+4, r19	; 0x04
    11ae:	2b 83       	std	Y+3, r18	; 0x03
    11b0:	8b 81       	ldd	r24, Y+3	; 0x03
    11b2:	9c 81       	ldd	r25, Y+4	; 0x04
    11b4:	82 30       	cpi	r24, 0x02	; 2
    11b6:	91 05       	cpc	r25, r1
    11b8:	31 f0       	breq	.+12     	; 0x11c6 <EXTI_voidSetSenseCtrl+0x1d0>
    11ba:	2b 81       	ldd	r18, Y+3	; 0x03
    11bc:	3c 81       	ldd	r19, Y+4	; 0x04
    11be:	23 30       	cpi	r18, 0x03	; 3
    11c0:	31 05       	cpc	r19, r1
    11c2:	49 f0       	breq	.+18     	; 0x11d6 <EXTI_voidSetSenseCtrl+0x1e0>
    11c4:	0f c0       	rjmp	.+30     	; 0x11e4 <EXTI_voidSetSenseCtrl+0x1ee>
				{
				case FALLING_EDGE:
					CLR_BIT(MCUCSR,MCUCSR_ISC2);
    11c6:	a4 e5       	ldi	r26, 0x54	; 84
    11c8:	b0 e0       	ldi	r27, 0x00	; 0
    11ca:	e4 e5       	ldi	r30, 0x54	; 84
    11cc:	f0 e0       	ldi	r31, 0x00	; 0
    11ce:	80 81       	ld	r24, Z
    11d0:	8f 7b       	andi	r24, 0xBF	; 191
    11d2:	8c 93       	st	X, r24
    11d4:	07 c0       	rjmp	.+14     	; 0x11e4 <EXTI_voidSetSenseCtrl+0x1ee>
					break;
				case RISING_EDGE:
					SET_BIT(MCUCSR,MCUCSR_ISC2);
    11d6:	a4 e5       	ldi	r26, 0x54	; 84
    11d8:	b0 e0       	ldi	r27, 0x00	; 0
    11da:	e4 e5       	ldi	r30, 0x54	; 84
    11dc:	f0 e0       	ldi	r31, 0x00	; 0
    11de:	80 81       	ld	r24, Z
    11e0:	80 64       	ori	r24, 0x40	; 64
    11e2:	8c 93       	st	X, r24
					break;
				}
				break;
	}
}
    11e4:	2a 96       	adiw	r28, 0x0a	; 10
    11e6:	0f b6       	in	r0, 0x3f	; 63
    11e8:	f8 94       	cli
    11ea:	de bf       	out	0x3e, r29	; 62
    11ec:	0f be       	out	0x3f, r0	; 63
    11ee:	cd bf       	out	0x3d, r28	; 61
    11f0:	cf 91       	pop	r28
    11f2:	df 91       	pop	r29
    11f4:	08 95       	ret

000011f6 <EXTI_voidSetCallBack>:

u8 EXTI_voidSetCallBack(INTNUM_e Copy_eIntNum,
		void (*LocalPtrFunc)(void))
{
    11f6:	df 93       	push	r29
    11f8:	cf 93       	push	r28
    11fa:	00 d0       	rcall	.+0      	; 0x11fc <EXTI_voidSetCallBack+0x6>
    11fc:	00 d0       	rcall	.+0      	; 0x11fe <EXTI_voidSetCallBack+0x8>
    11fe:	00 d0       	rcall	.+0      	; 0x1200 <EXTI_voidSetCallBack+0xa>
    1200:	cd b7       	in	r28, 0x3d	; 61
    1202:	de b7       	in	r29, 0x3e	; 62
    1204:	8a 83       	std	Y+2, r24	; 0x02
    1206:	7c 83       	std	Y+4, r23	; 0x04
    1208:	6b 83       	std	Y+3, r22	; 0x03
	u8  Local_errState=OK;
    120a:	81 e0       	ldi	r24, 0x01	; 1
    120c:	89 83       	std	Y+1, r24	; 0x01
	if(LocalPtrFunc!=NULL)
    120e:	8b 81       	ldd	r24, Y+3	; 0x03
    1210:	9c 81       	ldd	r25, Y+4	; 0x04
    1212:	00 97       	sbiw	r24, 0x00	; 0
    1214:	41 f1       	breq	.+80     	; 0x1266 <EXTI_voidSetCallBack+0x70>
	{
		switch(Copy_eIntNum)
    1216:	8a 81       	ldd	r24, Y+2	; 0x02
    1218:	28 2f       	mov	r18, r24
    121a:	30 e0       	ldi	r19, 0x00	; 0
    121c:	3e 83       	std	Y+6, r19	; 0x06
    121e:	2d 83       	std	Y+5, r18	; 0x05
    1220:	8d 81       	ldd	r24, Y+5	; 0x05
    1222:	9e 81       	ldd	r25, Y+6	; 0x06
    1224:	81 30       	cpi	r24, 0x01	; 1
    1226:	91 05       	cpc	r25, r1
    1228:	81 f0       	breq	.+32     	; 0x124a <EXTI_voidSetCallBack+0x54>
    122a:	2d 81       	ldd	r18, Y+5	; 0x05
    122c:	3e 81       	ldd	r19, Y+6	; 0x06
    122e:	22 30       	cpi	r18, 0x02	; 2
    1230:	31 05       	cpc	r19, r1
    1232:	91 f0       	breq	.+36     	; 0x1258 <EXTI_voidSetCallBack+0x62>
    1234:	8d 81       	ldd	r24, Y+5	; 0x05
    1236:	9e 81       	ldd	r25, Y+6	; 0x06
    1238:	00 97       	sbiw	r24, 0x00	; 0
    123a:	b1 f4       	brne	.+44     	; 0x1268 <EXTI_voidSetCallBack+0x72>
		{
		case INT0:
			GlobalPtrFunc[0]=LocalPtrFunc;
    123c:	8b 81       	ldd	r24, Y+3	; 0x03
    123e:	9c 81       	ldd	r25, Y+4	; 0x04
    1240:	90 93 93 01 	sts	0x0193, r25
    1244:	80 93 92 01 	sts	0x0192, r24
    1248:	0f c0       	rjmp	.+30     	; 0x1268 <EXTI_voidSetCallBack+0x72>
			break;
		case INT1:
			GlobalPtrFunc[1]=LocalPtrFunc;
    124a:	8b 81       	ldd	r24, Y+3	; 0x03
    124c:	9c 81       	ldd	r25, Y+4	; 0x04
    124e:	90 93 95 01 	sts	0x0195, r25
    1252:	80 93 94 01 	sts	0x0194, r24
    1256:	08 c0       	rjmp	.+16     	; 0x1268 <EXTI_voidSetCallBack+0x72>
			break;
		case INT2:
			GlobalPtrFunc[2]=LocalPtrFunc;
    1258:	8b 81       	ldd	r24, Y+3	; 0x03
    125a:	9c 81       	ldd	r25, Y+4	; 0x04
    125c:	90 93 97 01 	sts	0x0197, r25
    1260:	80 93 96 01 	sts	0x0196, r24
    1264:	01 c0       	rjmp	.+2      	; 0x1268 <EXTI_voidSetCallBack+0x72>
			break;
		}
	}
	else
	{
		Local_errState=NOK;
    1266:	19 82       	std	Y+1, r1	; 0x01
	}
	return Local_errState;
    1268:	89 81       	ldd	r24, Y+1	; 0x01
}
    126a:	26 96       	adiw	r28, 0x06	; 6
    126c:	0f b6       	in	r0, 0x3f	; 63
    126e:	f8 94       	cli
    1270:	de bf       	out	0x3e, r29	; 62
    1272:	0f be       	out	0x3f, r0	; 63
    1274:	cd bf       	out	0x3d, r28	; 61
    1276:	cf 91       	pop	r28
    1278:	df 91       	pop	r29
    127a:	08 95       	ret

0000127c <__vector_1>:
//ISR To handle INT0
void __vector_1(void)  __attribute__((signal));
void __vector_1(void)
{
    127c:	1f 92       	push	r1
    127e:	0f 92       	push	r0
    1280:	0f b6       	in	r0, 0x3f	; 63
    1282:	0f 92       	push	r0
    1284:	11 24       	eor	r1, r1
    1286:	2f 93       	push	r18
    1288:	3f 93       	push	r19
    128a:	4f 93       	push	r20
    128c:	5f 93       	push	r21
    128e:	6f 93       	push	r22
    1290:	7f 93       	push	r23
    1292:	8f 93       	push	r24
    1294:	9f 93       	push	r25
    1296:	af 93       	push	r26
    1298:	bf 93       	push	r27
    129a:	ef 93       	push	r30
    129c:	ff 93       	push	r31
    129e:	df 93       	push	r29
    12a0:	cf 93       	push	r28
    12a2:	cd b7       	in	r28, 0x3d	; 61
    12a4:	de b7       	in	r29, 0x3e	; 62
	GlobalPtrFunc[0]();
    12a6:	e0 91 92 01 	lds	r30, 0x0192
    12aa:	f0 91 93 01 	lds	r31, 0x0193
    12ae:	09 95       	icall
}
    12b0:	cf 91       	pop	r28
    12b2:	df 91       	pop	r29
    12b4:	ff 91       	pop	r31
    12b6:	ef 91       	pop	r30
    12b8:	bf 91       	pop	r27
    12ba:	af 91       	pop	r26
    12bc:	9f 91       	pop	r25
    12be:	8f 91       	pop	r24
    12c0:	7f 91       	pop	r23
    12c2:	6f 91       	pop	r22
    12c4:	5f 91       	pop	r21
    12c6:	4f 91       	pop	r20
    12c8:	3f 91       	pop	r19
    12ca:	2f 91       	pop	r18
    12cc:	0f 90       	pop	r0
    12ce:	0f be       	out	0x3f, r0	; 63
    12d0:	0f 90       	pop	r0
    12d2:	1f 90       	pop	r1
    12d4:	18 95       	reti

000012d6 <__vector_2>:

//ISR To handle INT1
void __vector_2(void)  __attribute__((signal));
void __vector_2(void)
{
    12d6:	1f 92       	push	r1
    12d8:	0f 92       	push	r0
    12da:	0f b6       	in	r0, 0x3f	; 63
    12dc:	0f 92       	push	r0
    12de:	11 24       	eor	r1, r1
    12e0:	2f 93       	push	r18
    12e2:	3f 93       	push	r19
    12e4:	4f 93       	push	r20
    12e6:	5f 93       	push	r21
    12e8:	6f 93       	push	r22
    12ea:	7f 93       	push	r23
    12ec:	8f 93       	push	r24
    12ee:	9f 93       	push	r25
    12f0:	af 93       	push	r26
    12f2:	bf 93       	push	r27
    12f4:	ef 93       	push	r30
    12f6:	ff 93       	push	r31
    12f8:	df 93       	push	r29
    12fa:	cf 93       	push	r28
    12fc:	cd b7       	in	r28, 0x3d	; 61
    12fe:	de b7       	in	r29, 0x3e	; 62
	GlobalPtrFunc[1]();
    1300:	e0 91 94 01 	lds	r30, 0x0194
    1304:	f0 91 95 01 	lds	r31, 0x0195
    1308:	09 95       	icall
}
    130a:	cf 91       	pop	r28
    130c:	df 91       	pop	r29
    130e:	ff 91       	pop	r31
    1310:	ef 91       	pop	r30
    1312:	bf 91       	pop	r27
    1314:	af 91       	pop	r26
    1316:	9f 91       	pop	r25
    1318:	8f 91       	pop	r24
    131a:	7f 91       	pop	r23
    131c:	6f 91       	pop	r22
    131e:	5f 91       	pop	r21
    1320:	4f 91       	pop	r20
    1322:	3f 91       	pop	r19
    1324:	2f 91       	pop	r18
    1326:	0f 90       	pop	r0
    1328:	0f be       	out	0x3f, r0	; 63
    132a:	0f 90       	pop	r0
    132c:	1f 90       	pop	r1
    132e:	18 95       	reti

00001330 <__vector_3>:

//ISR To handle INT2
void __vector_3(void)  __attribute__((signal));
void __vector_3(void)
{
    1330:	1f 92       	push	r1
    1332:	0f 92       	push	r0
    1334:	0f b6       	in	r0, 0x3f	; 63
    1336:	0f 92       	push	r0
    1338:	11 24       	eor	r1, r1
    133a:	2f 93       	push	r18
    133c:	3f 93       	push	r19
    133e:	4f 93       	push	r20
    1340:	5f 93       	push	r21
    1342:	6f 93       	push	r22
    1344:	7f 93       	push	r23
    1346:	8f 93       	push	r24
    1348:	9f 93       	push	r25
    134a:	af 93       	push	r26
    134c:	bf 93       	push	r27
    134e:	ef 93       	push	r30
    1350:	ff 93       	push	r31
    1352:	df 93       	push	r29
    1354:	cf 93       	push	r28
    1356:	cd b7       	in	r28, 0x3d	; 61
    1358:	de b7       	in	r29, 0x3e	; 62
	GlobalPtrFunc[2]();
    135a:	e0 91 96 01 	lds	r30, 0x0196
    135e:	f0 91 97 01 	lds	r31, 0x0197
    1362:	09 95       	icall
}
    1364:	cf 91       	pop	r28
    1366:	df 91       	pop	r29
    1368:	ff 91       	pop	r31
    136a:	ef 91       	pop	r30
    136c:	bf 91       	pop	r27
    136e:	af 91       	pop	r26
    1370:	9f 91       	pop	r25
    1372:	8f 91       	pop	r24
    1374:	7f 91       	pop	r23
    1376:	6f 91       	pop	r22
    1378:	5f 91       	pop	r21
    137a:	4f 91       	pop	r20
    137c:	3f 91       	pop	r19
    137e:	2f 91       	pop	r18
    1380:	0f 90       	pop	r0
    1382:	0f be       	out	0x3f, r0	; 63
    1384:	0f 90       	pop	r0
    1386:	1f 90       	pop	r1
    1388:	18 95       	reti

0000138a <GI_voidEnable>:
#include "GI_interface.h"
#include "GI_private.h"


void GI_voidEnable(void)
{
    138a:	df 93       	push	r29
    138c:	cf 93       	push	r28
    138e:	cd b7       	in	r28, 0x3d	; 61
    1390:	de b7       	in	r29, 0x3e	; 62
	SET_BIT(SREG,SREG_I);
    1392:	af e5       	ldi	r26, 0x5F	; 95
    1394:	b0 e0       	ldi	r27, 0x00	; 0
    1396:	ef e5       	ldi	r30, 0x5F	; 95
    1398:	f0 e0       	ldi	r31, 0x00	; 0
    139a:	80 81       	ld	r24, Z
    139c:	80 68       	ori	r24, 0x80	; 128
    139e:	8c 93       	st	X, r24
}
    13a0:	cf 91       	pop	r28
    13a2:	df 91       	pop	r29
    13a4:	08 95       	ret

000013a6 <GI_voidDisable>:
void GI_voidDisable(void)
{
    13a6:	df 93       	push	r29
    13a8:	cf 93       	push	r28
    13aa:	cd b7       	in	r28, 0x3d	; 61
    13ac:	de b7       	in	r29, 0x3e	; 62
	CLR_BIT(SREG,SREG_I);
    13ae:	af e5       	ldi	r26, 0x5F	; 95
    13b0:	b0 e0       	ldi	r27, 0x00	; 0
    13b2:	ef e5       	ldi	r30, 0x5F	; 95
    13b4:	f0 e0       	ldi	r31, 0x00	; 0
    13b6:	80 81       	ld	r24, Z
    13b8:	8f 77       	andi	r24, 0x7F	; 127
    13ba:	8c 93       	st	X, r24
}
    13bc:	cf 91       	pop	r28
    13be:	df 91       	pop	r29
    13c0:	08 95       	ret

000013c2 <DIO_voidInit>:
#include "DIO_interface.h"
#include "DIO_private.h"
#include "DIO_config.h"

void DIO_voidInit         (void)
{
    13c2:	df 93       	push	r29
    13c4:	cf 93       	push	r28
    13c6:	cd b7       	in	r28, 0x3d	; 61
    13c8:	de b7       	in	r29, 0x3e	; 62
	DIO_u8SetPortDirection(DIO_u8_PORTA,DIO_u8_OUTPUT);
    13ca:	80 e0       	ldi	r24, 0x00	; 0
    13cc:	61 e0       	ldi	r22, 0x01	; 1
    13ce:	0e 94 7f 0c 	call	0x18fe	; 0x18fe <DIO_u8SetPortDirection>
	DIO_u8SetPortValue(DIO_u8_PORTA,DIO_u8_LOW);
    13d2:	80 e0       	ldi	r24, 0x00	; 0
    13d4:	60 e0       	ldi	r22, 0x00	; 0
    13d6:	0e 94 1e 0d 	call	0x1a3c	; 0x1a3c <DIO_u8SetPortValue>
	DIO_u8SetPortDirection(DIO_u8_PORTC,DIO_u8_OUTPUT);
    13da:	82 e0       	ldi	r24, 0x02	; 2
    13dc:	61 e0       	ldi	r22, 0x01	; 1
    13de:	0e 94 7f 0c 	call	0x18fe	; 0x18fe <DIO_u8SetPortDirection>
	DIO_u8SetPortValue(DIO_u8_PORTC,DIO_u8_LOW);
    13e2:	82 e0       	ldi	r24, 0x02	; 2
    13e4:	60 e0       	ldi	r22, 0x00	; 0
    13e6:	0e 94 1e 0d 	call	0x1a3c	; 0x1a3c <DIO_u8SetPortValue>
	DIO_u8SetPortDirection(DIO_u8_PORTD,DIO_u8_OUTPUT);
    13ea:	83 e0       	ldi	r24, 0x03	; 3
    13ec:	61 e0       	ldi	r22, 0x01	; 1
    13ee:	0e 94 7f 0c 	call	0x18fe	; 0x18fe <DIO_u8SetPortDirection>
	DIO_u8SetPortValue(DIO_u8_PORTD,DIO_u8_LOW);
    13f2:	83 e0       	ldi	r24, 0x03	; 3
    13f4:	60 e0       	ldi	r22, 0x00	; 0
    13f6:	0e 94 1e 0d 	call	0x1a3c	; 0x1a3c <DIO_u8SetPortValue>
	DIO_u8SetPortDirection(DIO_u8_PORTB,DIO_u8_OUTPUT);
    13fa:	81 e0       	ldi	r24, 0x01	; 1
    13fc:	61 e0       	ldi	r22, 0x01	; 1
    13fe:	0e 94 7f 0c 	call	0x18fe	; 0x18fe <DIO_u8SetPortDirection>
	DIO_u8SetPortValue(DIO_u8_PORTB,DIO_u8_LOW);
    1402:	81 e0       	ldi	r24, 0x01	; 1
    1404:	60 e0       	ldi	r22, 0x00	; 0
    1406:	0e 94 1e 0d 	call	0x1a3c	; 0x1a3c <DIO_u8SetPortValue>


}
    140a:	cf 91       	pop	r28
    140c:	df 91       	pop	r29
    140e:	08 95       	ret

00001410 <DIO_u8SetPinDirection>:



u8  DIO_u8SetPinDirection (u8 Copy_u8PortId, u8 Copy_u8PinId ,u8 Copy_u8PinDirection)
{
    1410:	df 93       	push	r29
    1412:	cf 93       	push	r28
    1414:	cd b7       	in	r28, 0x3d	; 61
    1416:	de b7       	in	r29, 0x3e	; 62
    1418:	2e 97       	sbiw	r28, 0x0e	; 14
    141a:	0f b6       	in	r0, 0x3f	; 63
    141c:	f8 94       	cli
    141e:	de bf       	out	0x3e, r29	; 62
    1420:	0f be       	out	0x3f, r0	; 63
    1422:	cd bf       	out	0x3d, r28	; 61
    1424:	8a 83       	std	Y+2, r24	; 0x02
    1426:	6b 83       	std	Y+3, r22	; 0x03
    1428:	4c 83       	std	Y+4, r20	; 0x04
	u8 Local_u8ErrorState = STD_TYPES_OK;
    142a:	81 e0       	ldi	r24, 0x01	; 1
    142c:	89 83       	std	Y+1, r24	; 0x01
	if((Copy_u8PortId <= DIO_u8_PORTD) && (Copy_u8PinId <= DIO_u8_PIN7) && ((Copy_u8PinDirection == DIO_u8_OUTPUT) || (Copy_u8PinDirection == DIO_u8_INPUT)))		
    142e:	8a 81       	ldd	r24, Y+2	; 0x02
    1430:	84 30       	cpi	r24, 0x04	; 4
    1432:	08 f0       	brcs	.+2      	; 0x1436 <DIO_u8SetPinDirection+0x26>
    1434:	0c c1       	rjmp	.+536    	; 0x164e <DIO_u8SetPinDirection+0x23e>
    1436:	8b 81       	ldd	r24, Y+3	; 0x03
    1438:	88 30       	cpi	r24, 0x08	; 8
    143a:	08 f0       	brcs	.+2      	; 0x143e <DIO_u8SetPinDirection+0x2e>
    143c:	08 c1       	rjmp	.+528    	; 0x164e <DIO_u8SetPinDirection+0x23e>
    143e:	8c 81       	ldd	r24, Y+4	; 0x04
    1440:	81 30       	cpi	r24, 0x01	; 1
    1442:	21 f0       	breq	.+8      	; 0x144c <DIO_u8SetPinDirection+0x3c>
    1444:	8c 81       	ldd	r24, Y+4	; 0x04
    1446:	88 23       	and	r24, r24
    1448:	09 f0       	breq	.+2      	; 0x144c <DIO_u8SetPinDirection+0x3c>
    144a:	01 c1       	rjmp	.+514    	; 0x164e <DIO_u8SetPinDirection+0x23e>
	{
		switch (Copy_u8PortId)
    144c:	8a 81       	ldd	r24, Y+2	; 0x02
    144e:	28 2f       	mov	r18, r24
    1450:	30 e0       	ldi	r19, 0x00	; 0
    1452:	3e 87       	std	Y+14, r19	; 0x0e
    1454:	2d 87       	std	Y+13, r18	; 0x0d
    1456:	8d 85       	ldd	r24, Y+13	; 0x0d
    1458:	9e 85       	ldd	r25, Y+14	; 0x0e
    145a:	81 30       	cpi	r24, 0x01	; 1
    145c:	91 05       	cpc	r25, r1
    145e:	09 f4       	brne	.+2      	; 0x1462 <DIO_u8SetPinDirection+0x52>
    1460:	4f c0       	rjmp	.+158    	; 0x1500 <DIO_u8SetPinDirection+0xf0>
    1462:	2d 85       	ldd	r18, Y+13	; 0x0d
    1464:	3e 85       	ldd	r19, Y+14	; 0x0e
    1466:	22 30       	cpi	r18, 0x02	; 2
    1468:	31 05       	cpc	r19, r1
    146a:	2c f4       	brge	.+10     	; 0x1476 <DIO_u8SetPinDirection+0x66>
    146c:	8d 85       	ldd	r24, Y+13	; 0x0d
    146e:	9e 85       	ldd	r25, Y+14	; 0x0e
    1470:	00 97       	sbiw	r24, 0x00	; 0
    1472:	71 f0       	breq	.+28     	; 0x1490 <DIO_u8SetPinDirection+0x80>
    1474:	ed c0       	rjmp	.+474    	; 0x1650 <DIO_u8SetPinDirection+0x240>
    1476:	2d 85       	ldd	r18, Y+13	; 0x0d
    1478:	3e 85       	ldd	r19, Y+14	; 0x0e
    147a:	22 30       	cpi	r18, 0x02	; 2
    147c:	31 05       	cpc	r19, r1
    147e:	09 f4       	brne	.+2      	; 0x1482 <DIO_u8SetPinDirection+0x72>
    1480:	77 c0       	rjmp	.+238    	; 0x1570 <DIO_u8SetPinDirection+0x160>
    1482:	8d 85       	ldd	r24, Y+13	; 0x0d
    1484:	9e 85       	ldd	r25, Y+14	; 0x0e
    1486:	83 30       	cpi	r24, 0x03	; 3
    1488:	91 05       	cpc	r25, r1
    148a:	09 f4       	brne	.+2      	; 0x148e <DIO_u8SetPinDirection+0x7e>
    148c:	a9 c0       	rjmp	.+338    	; 0x15e0 <DIO_u8SetPinDirection+0x1d0>
    148e:	e0 c0       	rjmp	.+448    	; 0x1650 <DIO_u8SetPinDirection+0x240>
		{
			case DIO_u8_PORTA:
				switch (Copy_u8PinDirection)
    1490:	8c 81       	ldd	r24, Y+4	; 0x04
    1492:	28 2f       	mov	r18, r24
    1494:	30 e0       	ldi	r19, 0x00	; 0
    1496:	3c 87       	std	Y+12, r19	; 0x0c
    1498:	2b 87       	std	Y+11, r18	; 0x0b
    149a:	8b 85       	ldd	r24, Y+11	; 0x0b
    149c:	9c 85       	ldd	r25, Y+12	; 0x0c
    149e:	00 97       	sbiw	r24, 0x00	; 0
    14a0:	d1 f0       	breq	.+52     	; 0x14d6 <DIO_u8SetPinDirection+0xc6>
    14a2:	2b 85       	ldd	r18, Y+11	; 0x0b
    14a4:	3c 85       	ldd	r19, Y+12	; 0x0c
    14a6:	21 30       	cpi	r18, 0x01	; 1
    14a8:	31 05       	cpc	r19, r1
    14aa:	09 f0       	breq	.+2      	; 0x14ae <DIO_u8SetPinDirection+0x9e>
    14ac:	d1 c0       	rjmp	.+418    	; 0x1650 <DIO_u8SetPinDirection+0x240>
				{
					case DIO_u8_OUTPUT:SET_BIT(DIO_u8_DDRA_REG,Copy_u8PinId);break;
    14ae:	aa e3       	ldi	r26, 0x3A	; 58
    14b0:	b0 e0       	ldi	r27, 0x00	; 0
    14b2:	ea e3       	ldi	r30, 0x3A	; 58
    14b4:	f0 e0       	ldi	r31, 0x00	; 0
    14b6:	80 81       	ld	r24, Z
    14b8:	48 2f       	mov	r20, r24
    14ba:	8b 81       	ldd	r24, Y+3	; 0x03
    14bc:	28 2f       	mov	r18, r24
    14be:	30 e0       	ldi	r19, 0x00	; 0
    14c0:	81 e0       	ldi	r24, 0x01	; 1
    14c2:	90 e0       	ldi	r25, 0x00	; 0
    14c4:	02 2e       	mov	r0, r18
    14c6:	02 c0       	rjmp	.+4      	; 0x14cc <DIO_u8SetPinDirection+0xbc>
    14c8:	88 0f       	add	r24, r24
    14ca:	99 1f       	adc	r25, r25
    14cc:	0a 94       	dec	r0
    14ce:	e2 f7       	brpl	.-8      	; 0x14c8 <DIO_u8SetPinDirection+0xb8>
    14d0:	84 2b       	or	r24, r20
    14d2:	8c 93       	st	X, r24
    14d4:	bd c0       	rjmp	.+378    	; 0x1650 <DIO_u8SetPinDirection+0x240>
					case DIO_u8_INPUT: CLR_BIT(DIO_u8_DDRA_REG,Copy_u8PinId);break;
    14d6:	aa e3       	ldi	r26, 0x3A	; 58
    14d8:	b0 e0       	ldi	r27, 0x00	; 0
    14da:	ea e3       	ldi	r30, 0x3A	; 58
    14dc:	f0 e0       	ldi	r31, 0x00	; 0
    14de:	80 81       	ld	r24, Z
    14e0:	48 2f       	mov	r20, r24
    14e2:	8b 81       	ldd	r24, Y+3	; 0x03
    14e4:	28 2f       	mov	r18, r24
    14e6:	30 e0       	ldi	r19, 0x00	; 0
    14e8:	81 e0       	ldi	r24, 0x01	; 1
    14ea:	90 e0       	ldi	r25, 0x00	; 0
    14ec:	02 2e       	mov	r0, r18
    14ee:	02 c0       	rjmp	.+4      	; 0x14f4 <DIO_u8SetPinDirection+0xe4>
    14f0:	88 0f       	add	r24, r24
    14f2:	99 1f       	adc	r25, r25
    14f4:	0a 94       	dec	r0
    14f6:	e2 f7       	brpl	.-8      	; 0x14f0 <DIO_u8SetPinDirection+0xe0>
    14f8:	80 95       	com	r24
    14fa:	84 23       	and	r24, r20
    14fc:	8c 93       	st	X, r24
    14fe:	a8 c0       	rjmp	.+336    	; 0x1650 <DIO_u8SetPinDirection+0x240>
				}
			break;
			case DIO_u8_PORTB:
				switch (Copy_u8PinDirection)
    1500:	8c 81       	ldd	r24, Y+4	; 0x04
    1502:	28 2f       	mov	r18, r24
    1504:	30 e0       	ldi	r19, 0x00	; 0
    1506:	3a 87       	std	Y+10, r19	; 0x0a
    1508:	29 87       	std	Y+9, r18	; 0x09
    150a:	89 85       	ldd	r24, Y+9	; 0x09
    150c:	9a 85       	ldd	r25, Y+10	; 0x0a
    150e:	00 97       	sbiw	r24, 0x00	; 0
    1510:	d1 f0       	breq	.+52     	; 0x1546 <DIO_u8SetPinDirection+0x136>
    1512:	29 85       	ldd	r18, Y+9	; 0x09
    1514:	3a 85       	ldd	r19, Y+10	; 0x0a
    1516:	21 30       	cpi	r18, 0x01	; 1
    1518:	31 05       	cpc	r19, r1
    151a:	09 f0       	breq	.+2      	; 0x151e <DIO_u8SetPinDirection+0x10e>
    151c:	99 c0       	rjmp	.+306    	; 0x1650 <DIO_u8SetPinDirection+0x240>
				{
					case DIO_u8_OUTPUT:SET_BIT(DIO_u8_DDRB_REG,Copy_u8PinId);break;
    151e:	a7 e3       	ldi	r26, 0x37	; 55
    1520:	b0 e0       	ldi	r27, 0x00	; 0
    1522:	e7 e3       	ldi	r30, 0x37	; 55
    1524:	f0 e0       	ldi	r31, 0x00	; 0
    1526:	80 81       	ld	r24, Z
    1528:	48 2f       	mov	r20, r24
    152a:	8b 81       	ldd	r24, Y+3	; 0x03
    152c:	28 2f       	mov	r18, r24
    152e:	30 e0       	ldi	r19, 0x00	; 0
    1530:	81 e0       	ldi	r24, 0x01	; 1
    1532:	90 e0       	ldi	r25, 0x00	; 0
    1534:	02 2e       	mov	r0, r18
    1536:	02 c0       	rjmp	.+4      	; 0x153c <DIO_u8SetPinDirection+0x12c>
    1538:	88 0f       	add	r24, r24
    153a:	99 1f       	adc	r25, r25
    153c:	0a 94       	dec	r0
    153e:	e2 f7       	brpl	.-8      	; 0x1538 <DIO_u8SetPinDirection+0x128>
    1540:	84 2b       	or	r24, r20
    1542:	8c 93       	st	X, r24
    1544:	85 c0       	rjmp	.+266    	; 0x1650 <DIO_u8SetPinDirection+0x240>
					case DIO_u8_INPUT: CLR_BIT(DIO_u8_DDRB_REG,Copy_u8PinId);break;
    1546:	a7 e3       	ldi	r26, 0x37	; 55
    1548:	b0 e0       	ldi	r27, 0x00	; 0
    154a:	e7 e3       	ldi	r30, 0x37	; 55
    154c:	f0 e0       	ldi	r31, 0x00	; 0
    154e:	80 81       	ld	r24, Z
    1550:	48 2f       	mov	r20, r24
    1552:	8b 81       	ldd	r24, Y+3	; 0x03
    1554:	28 2f       	mov	r18, r24
    1556:	30 e0       	ldi	r19, 0x00	; 0
    1558:	81 e0       	ldi	r24, 0x01	; 1
    155a:	90 e0       	ldi	r25, 0x00	; 0
    155c:	02 2e       	mov	r0, r18
    155e:	02 c0       	rjmp	.+4      	; 0x1564 <DIO_u8SetPinDirection+0x154>
    1560:	88 0f       	add	r24, r24
    1562:	99 1f       	adc	r25, r25
    1564:	0a 94       	dec	r0
    1566:	e2 f7       	brpl	.-8      	; 0x1560 <DIO_u8SetPinDirection+0x150>
    1568:	80 95       	com	r24
    156a:	84 23       	and	r24, r20
    156c:	8c 93       	st	X, r24
    156e:	70 c0       	rjmp	.+224    	; 0x1650 <DIO_u8SetPinDirection+0x240>
				}
			break;
			case DIO_u8_PORTC:
				switch (Copy_u8PinDirection)
    1570:	8c 81       	ldd	r24, Y+4	; 0x04
    1572:	28 2f       	mov	r18, r24
    1574:	30 e0       	ldi	r19, 0x00	; 0
    1576:	38 87       	std	Y+8, r19	; 0x08
    1578:	2f 83       	std	Y+7, r18	; 0x07
    157a:	8f 81       	ldd	r24, Y+7	; 0x07
    157c:	98 85       	ldd	r25, Y+8	; 0x08
    157e:	00 97       	sbiw	r24, 0x00	; 0
    1580:	d1 f0       	breq	.+52     	; 0x15b6 <DIO_u8SetPinDirection+0x1a6>
    1582:	2f 81       	ldd	r18, Y+7	; 0x07
    1584:	38 85       	ldd	r19, Y+8	; 0x08
    1586:	21 30       	cpi	r18, 0x01	; 1
    1588:	31 05       	cpc	r19, r1
    158a:	09 f0       	breq	.+2      	; 0x158e <DIO_u8SetPinDirection+0x17e>
    158c:	61 c0       	rjmp	.+194    	; 0x1650 <DIO_u8SetPinDirection+0x240>
				{
					case DIO_u8_OUTPUT:SET_BIT(DIO_u8_DDRC_REG,Copy_u8PinId);break;
    158e:	a4 e3       	ldi	r26, 0x34	; 52
    1590:	b0 e0       	ldi	r27, 0x00	; 0
    1592:	e4 e3       	ldi	r30, 0x34	; 52
    1594:	f0 e0       	ldi	r31, 0x00	; 0
    1596:	80 81       	ld	r24, Z
    1598:	48 2f       	mov	r20, r24
    159a:	8b 81       	ldd	r24, Y+3	; 0x03
    159c:	28 2f       	mov	r18, r24
    159e:	30 e0       	ldi	r19, 0x00	; 0
    15a0:	81 e0       	ldi	r24, 0x01	; 1
    15a2:	90 e0       	ldi	r25, 0x00	; 0
    15a4:	02 2e       	mov	r0, r18
    15a6:	02 c0       	rjmp	.+4      	; 0x15ac <DIO_u8SetPinDirection+0x19c>
    15a8:	88 0f       	add	r24, r24
    15aa:	99 1f       	adc	r25, r25
    15ac:	0a 94       	dec	r0
    15ae:	e2 f7       	brpl	.-8      	; 0x15a8 <DIO_u8SetPinDirection+0x198>
    15b0:	84 2b       	or	r24, r20
    15b2:	8c 93       	st	X, r24
    15b4:	4d c0       	rjmp	.+154    	; 0x1650 <DIO_u8SetPinDirection+0x240>
					case DIO_u8_INPUT: CLR_BIT(DIO_u8_DDRC_REG,Copy_u8PinId);break;
    15b6:	a4 e3       	ldi	r26, 0x34	; 52
    15b8:	b0 e0       	ldi	r27, 0x00	; 0
    15ba:	e4 e3       	ldi	r30, 0x34	; 52
    15bc:	f0 e0       	ldi	r31, 0x00	; 0
    15be:	80 81       	ld	r24, Z
    15c0:	48 2f       	mov	r20, r24
    15c2:	8b 81       	ldd	r24, Y+3	; 0x03
    15c4:	28 2f       	mov	r18, r24
    15c6:	30 e0       	ldi	r19, 0x00	; 0
    15c8:	81 e0       	ldi	r24, 0x01	; 1
    15ca:	90 e0       	ldi	r25, 0x00	; 0
    15cc:	02 2e       	mov	r0, r18
    15ce:	02 c0       	rjmp	.+4      	; 0x15d4 <DIO_u8SetPinDirection+0x1c4>
    15d0:	88 0f       	add	r24, r24
    15d2:	99 1f       	adc	r25, r25
    15d4:	0a 94       	dec	r0
    15d6:	e2 f7       	brpl	.-8      	; 0x15d0 <DIO_u8SetPinDirection+0x1c0>
    15d8:	80 95       	com	r24
    15da:	84 23       	and	r24, r20
    15dc:	8c 93       	st	X, r24
    15de:	38 c0       	rjmp	.+112    	; 0x1650 <DIO_u8SetPinDirection+0x240>
				}
			break;
			case DIO_u8_PORTD:
				switch (Copy_u8PinDirection)
    15e0:	8c 81       	ldd	r24, Y+4	; 0x04
    15e2:	28 2f       	mov	r18, r24
    15e4:	30 e0       	ldi	r19, 0x00	; 0
    15e6:	3e 83       	std	Y+6, r19	; 0x06
    15e8:	2d 83       	std	Y+5, r18	; 0x05
    15ea:	8d 81       	ldd	r24, Y+5	; 0x05
    15ec:	9e 81       	ldd	r25, Y+6	; 0x06
    15ee:	00 97       	sbiw	r24, 0x00	; 0
    15f0:	c9 f0       	breq	.+50     	; 0x1624 <DIO_u8SetPinDirection+0x214>
    15f2:	2d 81       	ldd	r18, Y+5	; 0x05
    15f4:	3e 81       	ldd	r19, Y+6	; 0x06
    15f6:	21 30       	cpi	r18, 0x01	; 1
    15f8:	31 05       	cpc	r19, r1
    15fa:	51 f5       	brne	.+84     	; 0x1650 <DIO_u8SetPinDirection+0x240>
				{
					case DIO_u8_OUTPUT:SET_BIT(DIO_u8_DDRD_REG,Copy_u8PinId);break;
    15fc:	a1 e3       	ldi	r26, 0x31	; 49
    15fe:	b0 e0       	ldi	r27, 0x00	; 0
    1600:	e1 e3       	ldi	r30, 0x31	; 49
    1602:	f0 e0       	ldi	r31, 0x00	; 0
    1604:	80 81       	ld	r24, Z
    1606:	48 2f       	mov	r20, r24
    1608:	8b 81       	ldd	r24, Y+3	; 0x03
    160a:	28 2f       	mov	r18, r24
    160c:	30 e0       	ldi	r19, 0x00	; 0
    160e:	81 e0       	ldi	r24, 0x01	; 1
    1610:	90 e0       	ldi	r25, 0x00	; 0
    1612:	02 2e       	mov	r0, r18
    1614:	02 c0       	rjmp	.+4      	; 0x161a <DIO_u8SetPinDirection+0x20a>
    1616:	88 0f       	add	r24, r24
    1618:	99 1f       	adc	r25, r25
    161a:	0a 94       	dec	r0
    161c:	e2 f7       	brpl	.-8      	; 0x1616 <DIO_u8SetPinDirection+0x206>
    161e:	84 2b       	or	r24, r20
    1620:	8c 93       	st	X, r24
    1622:	16 c0       	rjmp	.+44     	; 0x1650 <DIO_u8SetPinDirection+0x240>
					case DIO_u8_INPUT: CLR_BIT(DIO_u8_DDRD_REG,Copy_u8PinId);break;
    1624:	a1 e3       	ldi	r26, 0x31	; 49
    1626:	b0 e0       	ldi	r27, 0x00	; 0
    1628:	e1 e3       	ldi	r30, 0x31	; 49
    162a:	f0 e0       	ldi	r31, 0x00	; 0
    162c:	80 81       	ld	r24, Z
    162e:	48 2f       	mov	r20, r24
    1630:	8b 81       	ldd	r24, Y+3	; 0x03
    1632:	28 2f       	mov	r18, r24
    1634:	30 e0       	ldi	r19, 0x00	; 0
    1636:	81 e0       	ldi	r24, 0x01	; 1
    1638:	90 e0       	ldi	r25, 0x00	; 0
    163a:	02 2e       	mov	r0, r18
    163c:	02 c0       	rjmp	.+4      	; 0x1642 <DIO_u8SetPinDirection+0x232>
    163e:	88 0f       	add	r24, r24
    1640:	99 1f       	adc	r25, r25
    1642:	0a 94       	dec	r0
    1644:	e2 f7       	brpl	.-8      	; 0x163e <DIO_u8SetPinDirection+0x22e>
    1646:	80 95       	com	r24
    1648:	84 23       	and	r24, r20
    164a:	8c 93       	st	X, r24
    164c:	01 c0       	rjmp	.+2      	; 0x1650 <DIO_u8SetPinDirection+0x240>
			break;			
		}
	}
	else
	{
		Local_u8ErrorState = STD_TYPES_NOK;
    164e:	19 82       	std	Y+1, r1	; 0x01
	}
	
	return Local_u8ErrorState;
    1650:	89 81       	ldd	r24, Y+1	; 0x01
}
    1652:	2e 96       	adiw	r28, 0x0e	; 14
    1654:	0f b6       	in	r0, 0x3f	; 63
    1656:	f8 94       	cli
    1658:	de bf       	out	0x3e, r29	; 62
    165a:	0f be       	out	0x3f, r0	; 63
    165c:	cd bf       	out	0x3d, r28	; 61
    165e:	cf 91       	pop	r28
    1660:	df 91       	pop	r29
    1662:	08 95       	ret

00001664 <DIO_u8SetPinValue>:

u8  DIO_u8SetPinValue     (u8 Copy_u8PortId, u8 Copy_u8PinId ,u8 Copy_u8PinValue)
{
    1664:	df 93       	push	r29
    1666:	cf 93       	push	r28
    1668:	cd b7       	in	r28, 0x3d	; 61
    166a:	de b7       	in	r29, 0x3e	; 62
    166c:	2e 97       	sbiw	r28, 0x0e	; 14
    166e:	0f b6       	in	r0, 0x3f	; 63
    1670:	f8 94       	cli
    1672:	de bf       	out	0x3e, r29	; 62
    1674:	0f be       	out	0x3f, r0	; 63
    1676:	cd bf       	out	0x3d, r28	; 61
    1678:	8a 83       	std	Y+2, r24	; 0x02
    167a:	6b 83       	std	Y+3, r22	; 0x03
    167c:	4c 83       	std	Y+4, r20	; 0x04
	u8 Local_u8ErrorState = STD_TYPES_OK;
    167e:	81 e0       	ldi	r24, 0x01	; 1
    1680:	89 83       	std	Y+1, r24	; 0x01
	if(Copy_u8PinId <= DIO_u8_PIN7)
    1682:	8b 81       	ldd	r24, Y+3	; 0x03
    1684:	88 30       	cpi	r24, 0x08	; 8
    1686:	08 f0       	brcs	.+2      	; 0x168a <DIO_u8SetPinValue+0x26>
    1688:	08 c1       	rjmp	.+528    	; 0x189a <DIO_u8SetPinValue+0x236>
	{
		switch (Copy_u8PortId)
    168a:	8a 81       	ldd	r24, Y+2	; 0x02
    168c:	28 2f       	mov	r18, r24
    168e:	30 e0       	ldi	r19, 0x00	; 0
    1690:	3e 87       	std	Y+14, r19	; 0x0e
    1692:	2d 87       	std	Y+13, r18	; 0x0d
    1694:	8d 85       	ldd	r24, Y+13	; 0x0d
    1696:	9e 85       	ldd	r25, Y+14	; 0x0e
    1698:	81 30       	cpi	r24, 0x01	; 1
    169a:	91 05       	cpc	r25, r1
    169c:	09 f4       	brne	.+2      	; 0x16a0 <DIO_u8SetPinValue+0x3c>
    169e:	50 c0       	rjmp	.+160    	; 0x1740 <DIO_u8SetPinValue+0xdc>
    16a0:	2d 85       	ldd	r18, Y+13	; 0x0d
    16a2:	3e 85       	ldd	r19, Y+14	; 0x0e
    16a4:	22 30       	cpi	r18, 0x02	; 2
    16a6:	31 05       	cpc	r19, r1
    16a8:	2c f4       	brge	.+10     	; 0x16b4 <DIO_u8SetPinValue+0x50>
    16aa:	8d 85       	ldd	r24, Y+13	; 0x0d
    16ac:	9e 85       	ldd	r25, Y+14	; 0x0e
    16ae:	00 97       	sbiw	r24, 0x00	; 0
    16b0:	71 f0       	breq	.+28     	; 0x16ce <DIO_u8SetPinValue+0x6a>
    16b2:	f1 c0       	rjmp	.+482    	; 0x1896 <DIO_u8SetPinValue+0x232>
    16b4:	2d 85       	ldd	r18, Y+13	; 0x0d
    16b6:	3e 85       	ldd	r19, Y+14	; 0x0e
    16b8:	22 30       	cpi	r18, 0x02	; 2
    16ba:	31 05       	cpc	r19, r1
    16bc:	09 f4       	brne	.+2      	; 0x16c0 <DIO_u8SetPinValue+0x5c>
    16be:	79 c0       	rjmp	.+242    	; 0x17b2 <DIO_u8SetPinValue+0x14e>
    16c0:	8d 85       	ldd	r24, Y+13	; 0x0d
    16c2:	9e 85       	ldd	r25, Y+14	; 0x0e
    16c4:	83 30       	cpi	r24, 0x03	; 3
    16c6:	91 05       	cpc	r25, r1
    16c8:	09 f4       	brne	.+2      	; 0x16cc <DIO_u8SetPinValue+0x68>
    16ca:	ac c0       	rjmp	.+344    	; 0x1824 <DIO_u8SetPinValue+0x1c0>
    16cc:	e4 c0       	rjmp	.+456    	; 0x1896 <DIO_u8SetPinValue+0x232>
		{
			case DIO_u8_PORTA:
				switch (Copy_u8PinValue)
    16ce:	8c 81       	ldd	r24, Y+4	; 0x04
    16d0:	28 2f       	mov	r18, r24
    16d2:	30 e0       	ldi	r19, 0x00	; 0
    16d4:	3c 87       	std	Y+12, r19	; 0x0c
    16d6:	2b 87       	std	Y+11, r18	; 0x0b
    16d8:	8b 85       	ldd	r24, Y+11	; 0x0b
    16da:	9c 85       	ldd	r25, Y+12	; 0x0c
    16dc:	00 97       	sbiw	r24, 0x00	; 0
    16de:	c9 f0       	breq	.+50     	; 0x1712 <DIO_u8SetPinValue+0xae>
    16e0:	2b 85       	ldd	r18, Y+11	; 0x0b
    16e2:	3c 85       	ldd	r19, Y+12	; 0x0c
    16e4:	21 30       	cpi	r18, 0x01	; 1
    16e6:	31 05       	cpc	r19, r1
    16e8:	49 f5       	brne	.+82     	; 0x173c <DIO_u8SetPinValue+0xd8>
				{
					case DIO_u8_HIGH:SET_BIT(DIO_u8_PORTA_REG,Copy_u8PinId);break;
    16ea:	ab e3       	ldi	r26, 0x3B	; 59
    16ec:	b0 e0       	ldi	r27, 0x00	; 0
    16ee:	eb e3       	ldi	r30, 0x3B	; 59
    16f0:	f0 e0       	ldi	r31, 0x00	; 0
    16f2:	80 81       	ld	r24, Z
    16f4:	48 2f       	mov	r20, r24
    16f6:	8b 81       	ldd	r24, Y+3	; 0x03
    16f8:	28 2f       	mov	r18, r24
    16fa:	30 e0       	ldi	r19, 0x00	; 0
    16fc:	81 e0       	ldi	r24, 0x01	; 1
    16fe:	90 e0       	ldi	r25, 0x00	; 0
    1700:	02 2e       	mov	r0, r18
    1702:	02 c0       	rjmp	.+4      	; 0x1708 <DIO_u8SetPinValue+0xa4>
    1704:	88 0f       	add	r24, r24
    1706:	99 1f       	adc	r25, r25
    1708:	0a 94       	dec	r0
    170a:	e2 f7       	brpl	.-8      	; 0x1704 <DIO_u8SetPinValue+0xa0>
    170c:	84 2b       	or	r24, r20
    170e:	8c 93       	st	X, r24
    1710:	c5 c0       	rjmp	.+394    	; 0x189c <DIO_u8SetPinValue+0x238>
					case DIO_u8_LOW: CLR_BIT(DIO_u8_PORTA_REG,Copy_u8PinId);break;
    1712:	ab e3       	ldi	r26, 0x3B	; 59
    1714:	b0 e0       	ldi	r27, 0x00	; 0
    1716:	eb e3       	ldi	r30, 0x3B	; 59
    1718:	f0 e0       	ldi	r31, 0x00	; 0
    171a:	80 81       	ld	r24, Z
    171c:	48 2f       	mov	r20, r24
    171e:	8b 81       	ldd	r24, Y+3	; 0x03
    1720:	28 2f       	mov	r18, r24
    1722:	30 e0       	ldi	r19, 0x00	; 0
    1724:	81 e0       	ldi	r24, 0x01	; 1
    1726:	90 e0       	ldi	r25, 0x00	; 0
    1728:	02 2e       	mov	r0, r18
    172a:	02 c0       	rjmp	.+4      	; 0x1730 <DIO_u8SetPinValue+0xcc>
    172c:	88 0f       	add	r24, r24
    172e:	99 1f       	adc	r25, r25
    1730:	0a 94       	dec	r0
    1732:	e2 f7       	brpl	.-8      	; 0x172c <DIO_u8SetPinValue+0xc8>
    1734:	80 95       	com	r24
    1736:	84 23       	and	r24, r20
    1738:	8c 93       	st	X, r24
    173a:	b0 c0       	rjmp	.+352    	; 0x189c <DIO_u8SetPinValue+0x238>
					default : Local_u8ErrorState = STD_TYPES_NOK;
    173c:	19 82       	std	Y+1, r1	; 0x01
    173e:	ae c0       	rjmp	.+348    	; 0x189c <DIO_u8SetPinValue+0x238>
				}
			break;
			case DIO_u8_PORTB:
				switch (Copy_u8PinValue)
    1740:	8c 81       	ldd	r24, Y+4	; 0x04
    1742:	28 2f       	mov	r18, r24
    1744:	30 e0       	ldi	r19, 0x00	; 0
    1746:	3a 87       	std	Y+10, r19	; 0x0a
    1748:	29 87       	std	Y+9, r18	; 0x09
    174a:	89 85       	ldd	r24, Y+9	; 0x09
    174c:	9a 85       	ldd	r25, Y+10	; 0x0a
    174e:	00 97       	sbiw	r24, 0x00	; 0
    1750:	c9 f0       	breq	.+50     	; 0x1784 <DIO_u8SetPinValue+0x120>
    1752:	29 85       	ldd	r18, Y+9	; 0x09
    1754:	3a 85       	ldd	r19, Y+10	; 0x0a
    1756:	21 30       	cpi	r18, 0x01	; 1
    1758:	31 05       	cpc	r19, r1
    175a:	49 f5       	brne	.+82     	; 0x17ae <DIO_u8SetPinValue+0x14a>
				{
					case DIO_u8_HIGH:SET_BIT(DIO_u8_PORTB_REG,Copy_u8PinId);break;
    175c:	a8 e3       	ldi	r26, 0x38	; 56
    175e:	b0 e0       	ldi	r27, 0x00	; 0
    1760:	e8 e3       	ldi	r30, 0x38	; 56
    1762:	f0 e0       	ldi	r31, 0x00	; 0
    1764:	80 81       	ld	r24, Z
    1766:	48 2f       	mov	r20, r24
    1768:	8b 81       	ldd	r24, Y+3	; 0x03
    176a:	28 2f       	mov	r18, r24
    176c:	30 e0       	ldi	r19, 0x00	; 0
    176e:	81 e0       	ldi	r24, 0x01	; 1
    1770:	90 e0       	ldi	r25, 0x00	; 0
    1772:	02 2e       	mov	r0, r18
    1774:	02 c0       	rjmp	.+4      	; 0x177a <DIO_u8SetPinValue+0x116>
    1776:	88 0f       	add	r24, r24
    1778:	99 1f       	adc	r25, r25
    177a:	0a 94       	dec	r0
    177c:	e2 f7       	brpl	.-8      	; 0x1776 <DIO_u8SetPinValue+0x112>
    177e:	84 2b       	or	r24, r20
    1780:	8c 93       	st	X, r24
    1782:	8c c0       	rjmp	.+280    	; 0x189c <DIO_u8SetPinValue+0x238>
					case DIO_u8_LOW: CLR_BIT(DIO_u8_PORTB_REG,Copy_u8PinId);break;
    1784:	a8 e3       	ldi	r26, 0x38	; 56
    1786:	b0 e0       	ldi	r27, 0x00	; 0
    1788:	e8 e3       	ldi	r30, 0x38	; 56
    178a:	f0 e0       	ldi	r31, 0x00	; 0
    178c:	80 81       	ld	r24, Z
    178e:	48 2f       	mov	r20, r24
    1790:	8b 81       	ldd	r24, Y+3	; 0x03
    1792:	28 2f       	mov	r18, r24
    1794:	30 e0       	ldi	r19, 0x00	; 0
    1796:	81 e0       	ldi	r24, 0x01	; 1
    1798:	90 e0       	ldi	r25, 0x00	; 0
    179a:	02 2e       	mov	r0, r18
    179c:	02 c0       	rjmp	.+4      	; 0x17a2 <DIO_u8SetPinValue+0x13e>
    179e:	88 0f       	add	r24, r24
    17a0:	99 1f       	adc	r25, r25
    17a2:	0a 94       	dec	r0
    17a4:	e2 f7       	brpl	.-8      	; 0x179e <DIO_u8SetPinValue+0x13a>
    17a6:	80 95       	com	r24
    17a8:	84 23       	and	r24, r20
    17aa:	8c 93       	st	X, r24
    17ac:	77 c0       	rjmp	.+238    	; 0x189c <DIO_u8SetPinValue+0x238>
					default : Local_u8ErrorState = STD_TYPES_NOK;
    17ae:	19 82       	std	Y+1, r1	; 0x01
    17b0:	75 c0       	rjmp	.+234    	; 0x189c <DIO_u8SetPinValue+0x238>
				}		
			break;
			case DIO_u8_PORTC:
				switch (Copy_u8PinValue)
    17b2:	8c 81       	ldd	r24, Y+4	; 0x04
    17b4:	28 2f       	mov	r18, r24
    17b6:	30 e0       	ldi	r19, 0x00	; 0
    17b8:	38 87       	std	Y+8, r19	; 0x08
    17ba:	2f 83       	std	Y+7, r18	; 0x07
    17bc:	8f 81       	ldd	r24, Y+7	; 0x07
    17be:	98 85       	ldd	r25, Y+8	; 0x08
    17c0:	00 97       	sbiw	r24, 0x00	; 0
    17c2:	c9 f0       	breq	.+50     	; 0x17f6 <DIO_u8SetPinValue+0x192>
    17c4:	2f 81       	ldd	r18, Y+7	; 0x07
    17c6:	38 85       	ldd	r19, Y+8	; 0x08
    17c8:	21 30       	cpi	r18, 0x01	; 1
    17ca:	31 05       	cpc	r19, r1
    17cc:	49 f5       	brne	.+82     	; 0x1820 <DIO_u8SetPinValue+0x1bc>
				{
					case DIO_u8_HIGH:SET_BIT(DIO_u8_PORTC_REG,Copy_u8PinId);break;
    17ce:	a5 e3       	ldi	r26, 0x35	; 53
    17d0:	b0 e0       	ldi	r27, 0x00	; 0
    17d2:	e5 e3       	ldi	r30, 0x35	; 53
    17d4:	f0 e0       	ldi	r31, 0x00	; 0
    17d6:	80 81       	ld	r24, Z
    17d8:	48 2f       	mov	r20, r24
    17da:	8b 81       	ldd	r24, Y+3	; 0x03
    17dc:	28 2f       	mov	r18, r24
    17de:	30 e0       	ldi	r19, 0x00	; 0
    17e0:	81 e0       	ldi	r24, 0x01	; 1
    17e2:	90 e0       	ldi	r25, 0x00	; 0
    17e4:	02 2e       	mov	r0, r18
    17e6:	02 c0       	rjmp	.+4      	; 0x17ec <DIO_u8SetPinValue+0x188>
    17e8:	88 0f       	add	r24, r24
    17ea:	99 1f       	adc	r25, r25
    17ec:	0a 94       	dec	r0
    17ee:	e2 f7       	brpl	.-8      	; 0x17e8 <DIO_u8SetPinValue+0x184>
    17f0:	84 2b       	or	r24, r20
    17f2:	8c 93       	st	X, r24
    17f4:	53 c0       	rjmp	.+166    	; 0x189c <DIO_u8SetPinValue+0x238>
					case DIO_u8_LOW: CLR_BIT(DIO_u8_PORTC_REG,Copy_u8PinId);break;
    17f6:	a5 e3       	ldi	r26, 0x35	; 53
    17f8:	b0 e0       	ldi	r27, 0x00	; 0
    17fa:	e5 e3       	ldi	r30, 0x35	; 53
    17fc:	f0 e0       	ldi	r31, 0x00	; 0
    17fe:	80 81       	ld	r24, Z
    1800:	48 2f       	mov	r20, r24
    1802:	8b 81       	ldd	r24, Y+3	; 0x03
    1804:	28 2f       	mov	r18, r24
    1806:	30 e0       	ldi	r19, 0x00	; 0
    1808:	81 e0       	ldi	r24, 0x01	; 1
    180a:	90 e0       	ldi	r25, 0x00	; 0
    180c:	02 2e       	mov	r0, r18
    180e:	02 c0       	rjmp	.+4      	; 0x1814 <DIO_u8SetPinValue+0x1b0>
    1810:	88 0f       	add	r24, r24
    1812:	99 1f       	adc	r25, r25
    1814:	0a 94       	dec	r0
    1816:	e2 f7       	brpl	.-8      	; 0x1810 <DIO_u8SetPinValue+0x1ac>
    1818:	80 95       	com	r24
    181a:	84 23       	and	r24, r20
    181c:	8c 93       	st	X, r24
    181e:	3e c0       	rjmp	.+124    	; 0x189c <DIO_u8SetPinValue+0x238>
					default : Local_u8ErrorState = STD_TYPES_NOK;
    1820:	19 82       	std	Y+1, r1	; 0x01
    1822:	3c c0       	rjmp	.+120    	; 0x189c <DIO_u8SetPinValue+0x238>
				}		
			break;
			case DIO_u8_PORTD:
				switch (Copy_u8PinValue)
    1824:	8c 81       	ldd	r24, Y+4	; 0x04
    1826:	28 2f       	mov	r18, r24
    1828:	30 e0       	ldi	r19, 0x00	; 0
    182a:	3e 83       	std	Y+6, r19	; 0x06
    182c:	2d 83       	std	Y+5, r18	; 0x05
    182e:	8d 81       	ldd	r24, Y+5	; 0x05
    1830:	9e 81       	ldd	r25, Y+6	; 0x06
    1832:	00 97       	sbiw	r24, 0x00	; 0
    1834:	c9 f0       	breq	.+50     	; 0x1868 <DIO_u8SetPinValue+0x204>
    1836:	2d 81       	ldd	r18, Y+5	; 0x05
    1838:	3e 81       	ldd	r19, Y+6	; 0x06
    183a:	21 30       	cpi	r18, 0x01	; 1
    183c:	31 05       	cpc	r19, r1
    183e:	49 f5       	brne	.+82     	; 0x1892 <DIO_u8SetPinValue+0x22e>
				{
					case DIO_u8_HIGH:SET_BIT(DIO_u8_PORTD_REG,Copy_u8PinId);break;
    1840:	a2 e3       	ldi	r26, 0x32	; 50
    1842:	b0 e0       	ldi	r27, 0x00	; 0
    1844:	e2 e3       	ldi	r30, 0x32	; 50
    1846:	f0 e0       	ldi	r31, 0x00	; 0
    1848:	80 81       	ld	r24, Z
    184a:	48 2f       	mov	r20, r24
    184c:	8b 81       	ldd	r24, Y+3	; 0x03
    184e:	28 2f       	mov	r18, r24
    1850:	30 e0       	ldi	r19, 0x00	; 0
    1852:	81 e0       	ldi	r24, 0x01	; 1
    1854:	90 e0       	ldi	r25, 0x00	; 0
    1856:	02 2e       	mov	r0, r18
    1858:	02 c0       	rjmp	.+4      	; 0x185e <DIO_u8SetPinValue+0x1fa>
    185a:	88 0f       	add	r24, r24
    185c:	99 1f       	adc	r25, r25
    185e:	0a 94       	dec	r0
    1860:	e2 f7       	brpl	.-8      	; 0x185a <DIO_u8SetPinValue+0x1f6>
    1862:	84 2b       	or	r24, r20
    1864:	8c 93       	st	X, r24
    1866:	1a c0       	rjmp	.+52     	; 0x189c <DIO_u8SetPinValue+0x238>
					case DIO_u8_LOW: CLR_BIT(DIO_u8_PORTD_REG,Copy_u8PinId);break;
    1868:	a2 e3       	ldi	r26, 0x32	; 50
    186a:	b0 e0       	ldi	r27, 0x00	; 0
    186c:	e2 e3       	ldi	r30, 0x32	; 50
    186e:	f0 e0       	ldi	r31, 0x00	; 0
    1870:	80 81       	ld	r24, Z
    1872:	48 2f       	mov	r20, r24
    1874:	8b 81       	ldd	r24, Y+3	; 0x03
    1876:	28 2f       	mov	r18, r24
    1878:	30 e0       	ldi	r19, 0x00	; 0
    187a:	81 e0       	ldi	r24, 0x01	; 1
    187c:	90 e0       	ldi	r25, 0x00	; 0
    187e:	02 2e       	mov	r0, r18
    1880:	02 c0       	rjmp	.+4      	; 0x1886 <DIO_u8SetPinValue+0x222>
    1882:	88 0f       	add	r24, r24
    1884:	99 1f       	adc	r25, r25
    1886:	0a 94       	dec	r0
    1888:	e2 f7       	brpl	.-8      	; 0x1882 <DIO_u8SetPinValue+0x21e>
    188a:	80 95       	com	r24
    188c:	84 23       	and	r24, r20
    188e:	8c 93       	st	X, r24
    1890:	05 c0       	rjmp	.+10     	; 0x189c <DIO_u8SetPinValue+0x238>
					default : Local_u8ErrorState = STD_TYPES_NOK;
    1892:	19 82       	std	Y+1, r1	; 0x01
    1894:	03 c0       	rjmp	.+6      	; 0x189c <DIO_u8SetPinValue+0x238>
				}		
			break;
			default :
				Local_u8ErrorState = STD_TYPES_NOK;
    1896:	19 82       	std	Y+1, r1	; 0x01
    1898:	01 c0       	rjmp	.+2      	; 0x189c <DIO_u8SetPinValue+0x238>
		}
			
	}
	else
	{
		Local_u8ErrorState = STD_TYPES_NOK;
    189a:	19 82       	std	Y+1, r1	; 0x01
	}
	return Local_u8ErrorState;
    189c:	89 81       	ldd	r24, Y+1	; 0x01
}
    189e:	2e 96       	adiw	r28, 0x0e	; 14
    18a0:	0f b6       	in	r0, 0x3f	; 63
    18a2:	f8 94       	cli
    18a4:	de bf       	out	0x3e, r29	; 62
    18a6:	0f be       	out	0x3f, r0	; 63
    18a8:	cd bf       	out	0x3d, r28	; 61
    18aa:	cf 91       	pop	r28
    18ac:	df 91       	pop	r29
    18ae:	08 95       	ret

000018b0 <DIO_u8GetPinValue>:

u8  DIO_u8GetPinValue     (u8 Copy_u8PortId, u8 Copy_u8PinId ,u8 * Copy_pu8ReturnedPinValue)
{
    18b0:	df 93       	push	r29
    18b2:	cf 93       	push	r28
    18b4:	00 d0       	rcall	.+0      	; 0x18b6 <DIO_u8GetPinValue+0x6>
    18b6:	00 d0       	rcall	.+0      	; 0x18b8 <DIO_u8GetPinValue+0x8>
    18b8:	0f 92       	push	r0
    18ba:	cd b7       	in	r28, 0x3d	; 61
    18bc:	de b7       	in	r29, 0x3e	; 62
    18be:	8a 83       	std	Y+2, r24	; 0x02
    18c0:	6b 83       	std	Y+3, r22	; 0x03
    18c2:	5d 83       	std	Y+5, r21	; 0x05
    18c4:	4c 83       	std	Y+4, r20	; 0x04
	u8 Local_u8ErrorState = STD_TYPES_OK;
    18c6:	81 e0       	ldi	r24, 0x01	; 1
    18c8:	89 83       	std	Y+1, r24	; 0x01
	*Copy_pu8ReturnedPinValue=GET_BIT(Copy_u8PortId,Copy_u8PinId);
    18ca:	8a 81       	ldd	r24, Y+2	; 0x02
    18cc:	28 2f       	mov	r18, r24
    18ce:	30 e0       	ldi	r19, 0x00	; 0
    18d0:	8b 81       	ldd	r24, Y+3	; 0x03
    18d2:	88 2f       	mov	r24, r24
    18d4:	90 e0       	ldi	r25, 0x00	; 0
    18d6:	a9 01       	movw	r20, r18
    18d8:	02 c0       	rjmp	.+4      	; 0x18de <DIO_u8GetPinValue+0x2e>
    18da:	55 95       	asr	r21
    18dc:	47 95       	ror	r20
    18de:	8a 95       	dec	r24
    18e0:	e2 f7       	brpl	.-8      	; 0x18da <DIO_u8GetPinValue+0x2a>
    18e2:	ca 01       	movw	r24, r20
    18e4:	81 70       	andi	r24, 0x01	; 1
    18e6:	ec 81       	ldd	r30, Y+4	; 0x04
    18e8:	fd 81       	ldd	r31, Y+5	; 0x05
    18ea:	80 83       	st	Z, r24
	return Local_u8ErrorState;
    18ec:	89 81       	ldd	r24, Y+1	; 0x01
}
    18ee:	0f 90       	pop	r0
    18f0:	0f 90       	pop	r0
    18f2:	0f 90       	pop	r0
    18f4:	0f 90       	pop	r0
    18f6:	0f 90       	pop	r0
    18f8:	cf 91       	pop	r28
    18fa:	df 91       	pop	r29
    18fc:	08 95       	ret

000018fe <DIO_u8SetPortDirection>:

u8  DIO_u8SetPortDirection(u8 Copy_u8PortId, u8 Copy_u8PortDirection)
{
    18fe:	df 93       	push	r29
    1900:	cf 93       	push	r28
    1902:	cd b7       	in	r28, 0x3d	; 61
    1904:	de b7       	in	r29, 0x3e	; 62
    1906:	2d 97       	sbiw	r28, 0x0d	; 13
    1908:	0f b6       	in	r0, 0x3f	; 63
    190a:	f8 94       	cli
    190c:	de bf       	out	0x3e, r29	; 62
    190e:	0f be       	out	0x3f, r0	; 63
    1910:	cd bf       	out	0x3d, r28	; 61
    1912:	8a 83       	std	Y+2, r24	; 0x02
    1914:	6b 83       	std	Y+3, r22	; 0x03
	u8 Local_u8ErrorState = STD_TYPES_OK;
    1916:	81 e0       	ldi	r24, 0x01	; 1
    1918:	89 83       	std	Y+1, r24	; 0x01
	if((Copy_u8PortDirection == DIO_u8_OUTPUT) || (Copy_u8PortDirection == DIO_u8_INPUT))
    191a:	8b 81       	ldd	r24, Y+3	; 0x03
    191c:	81 30       	cpi	r24, 0x01	; 1
    191e:	21 f0       	breq	.+8      	; 0x1928 <DIO_u8SetPortDirection+0x2a>
    1920:	8b 81       	ldd	r24, Y+3	; 0x03
    1922:	88 23       	and	r24, r24
    1924:	09 f0       	breq	.+2      	; 0x1928 <DIO_u8SetPortDirection+0x2a>
    1926:	7f c0       	rjmp	.+254    	; 0x1a26 <DIO_u8SetPortDirection+0x128>
	{
		switch (Copy_u8PortId)
    1928:	8a 81       	ldd	r24, Y+2	; 0x02
    192a:	28 2f       	mov	r18, r24
    192c:	30 e0       	ldi	r19, 0x00	; 0
    192e:	3d 87       	std	Y+13, r19	; 0x0d
    1930:	2c 87       	std	Y+12, r18	; 0x0c
    1932:	8c 85       	ldd	r24, Y+12	; 0x0c
    1934:	9d 85       	ldd	r25, Y+13	; 0x0d
    1936:	81 30       	cpi	r24, 0x01	; 1
    1938:	91 05       	cpc	r25, r1
    193a:	71 f1       	breq	.+92     	; 0x1998 <DIO_u8SetPortDirection+0x9a>
    193c:	2c 85       	ldd	r18, Y+12	; 0x0c
    193e:	3d 85       	ldd	r19, Y+13	; 0x0d
    1940:	22 30       	cpi	r18, 0x02	; 2
    1942:	31 05       	cpc	r19, r1
    1944:	2c f4       	brge	.+10     	; 0x1950 <DIO_u8SetPortDirection+0x52>
    1946:	8c 85       	ldd	r24, Y+12	; 0x0c
    1948:	9d 85       	ldd	r25, Y+13	; 0x0d
    194a:	00 97       	sbiw	r24, 0x00	; 0
    194c:	69 f0       	breq	.+26     	; 0x1968 <DIO_u8SetPortDirection+0x6a>
    194e:	69 c0       	rjmp	.+210    	; 0x1a22 <DIO_u8SetPortDirection+0x124>
    1950:	2c 85       	ldd	r18, Y+12	; 0x0c
    1952:	3d 85       	ldd	r19, Y+13	; 0x0d
    1954:	22 30       	cpi	r18, 0x02	; 2
    1956:	31 05       	cpc	r19, r1
    1958:	b1 f1       	breq	.+108    	; 0x19c6 <DIO_u8SetPortDirection+0xc8>
    195a:	8c 85       	ldd	r24, Y+12	; 0x0c
    195c:	9d 85       	ldd	r25, Y+13	; 0x0d
    195e:	83 30       	cpi	r24, 0x03	; 3
    1960:	91 05       	cpc	r25, r1
    1962:	09 f4       	brne	.+2      	; 0x1966 <DIO_u8SetPortDirection+0x68>
    1964:	47 c0       	rjmp	.+142    	; 0x19f4 <DIO_u8SetPortDirection+0xf6>
    1966:	5d c0       	rjmp	.+186    	; 0x1a22 <DIO_u8SetPortDirection+0x124>
		{
			case DIO_u8_PORTA:
				switch (Copy_u8PortDirection)
    1968:	8b 81       	ldd	r24, Y+3	; 0x03
    196a:	28 2f       	mov	r18, r24
    196c:	30 e0       	ldi	r19, 0x00	; 0
    196e:	3b 87       	std	Y+11, r19	; 0x0b
    1970:	2a 87       	std	Y+10, r18	; 0x0a
    1972:	8a 85       	ldd	r24, Y+10	; 0x0a
    1974:	9b 85       	ldd	r25, Y+11	; 0x0b
    1976:	00 97       	sbiw	r24, 0x00	; 0
    1978:	59 f0       	breq	.+22     	; 0x1990 <DIO_u8SetPortDirection+0x92>
    197a:	2a 85       	ldd	r18, Y+10	; 0x0a
    197c:	3b 85       	ldd	r19, Y+11	; 0x0b
    197e:	21 30       	cpi	r18, 0x01	; 1
    1980:	31 05       	cpc	r19, r1
    1982:	09 f0       	breq	.+2      	; 0x1986 <DIO_u8SetPortDirection+0x88>
    1984:	51 c0       	rjmp	.+162    	; 0x1a28 <DIO_u8SetPortDirection+0x12a>
				{
					case DIO_u8_OUTPUT:DIO_u8_DDRA_REG = 0xff;break;
    1986:	ea e3       	ldi	r30, 0x3A	; 58
    1988:	f0 e0       	ldi	r31, 0x00	; 0
    198a:	8f ef       	ldi	r24, 0xFF	; 255
    198c:	80 83       	st	Z, r24
    198e:	4c c0       	rjmp	.+152    	; 0x1a28 <DIO_u8SetPortDirection+0x12a>
					case DIO_u8_INPUT :DIO_u8_DDRA_REG = 0x00;break;
    1990:	ea e3       	ldi	r30, 0x3A	; 58
    1992:	f0 e0       	ldi	r31, 0x00	; 0
    1994:	10 82       	st	Z, r1
    1996:	48 c0       	rjmp	.+144    	; 0x1a28 <DIO_u8SetPortDirection+0x12a>
				}
			break;
			case DIO_u8_PORTB:
				switch (Copy_u8PortDirection)
    1998:	8b 81       	ldd	r24, Y+3	; 0x03
    199a:	28 2f       	mov	r18, r24
    199c:	30 e0       	ldi	r19, 0x00	; 0
    199e:	39 87       	std	Y+9, r19	; 0x09
    19a0:	28 87       	std	Y+8, r18	; 0x08
    19a2:	88 85       	ldd	r24, Y+8	; 0x08
    19a4:	99 85       	ldd	r25, Y+9	; 0x09
    19a6:	00 97       	sbiw	r24, 0x00	; 0
    19a8:	51 f0       	breq	.+20     	; 0x19be <DIO_u8SetPortDirection+0xc0>
    19aa:	28 85       	ldd	r18, Y+8	; 0x08
    19ac:	39 85       	ldd	r19, Y+9	; 0x09
    19ae:	21 30       	cpi	r18, 0x01	; 1
    19b0:	31 05       	cpc	r19, r1
    19b2:	d1 f5       	brne	.+116    	; 0x1a28 <DIO_u8SetPortDirection+0x12a>
				{
					case DIO_u8_OUTPUT:DIO_u8_DDRB_REG = 0xff;break;
    19b4:	e7 e3       	ldi	r30, 0x37	; 55
    19b6:	f0 e0       	ldi	r31, 0x00	; 0
    19b8:	8f ef       	ldi	r24, 0xFF	; 255
    19ba:	80 83       	st	Z, r24
    19bc:	35 c0       	rjmp	.+106    	; 0x1a28 <DIO_u8SetPortDirection+0x12a>
					case DIO_u8_INPUT :DIO_u8_DDRB_REG = 0x00;break;
    19be:	e7 e3       	ldi	r30, 0x37	; 55
    19c0:	f0 e0       	ldi	r31, 0x00	; 0
    19c2:	10 82       	st	Z, r1
    19c4:	31 c0       	rjmp	.+98     	; 0x1a28 <DIO_u8SetPortDirection+0x12a>
				}
			break;
			case DIO_u8_PORTC:
				switch (Copy_u8PortDirection)
    19c6:	8b 81       	ldd	r24, Y+3	; 0x03
    19c8:	28 2f       	mov	r18, r24
    19ca:	30 e0       	ldi	r19, 0x00	; 0
    19cc:	3f 83       	std	Y+7, r19	; 0x07
    19ce:	2e 83       	std	Y+6, r18	; 0x06
    19d0:	8e 81       	ldd	r24, Y+6	; 0x06
    19d2:	9f 81       	ldd	r25, Y+7	; 0x07
    19d4:	00 97       	sbiw	r24, 0x00	; 0
    19d6:	51 f0       	breq	.+20     	; 0x19ec <DIO_u8SetPortDirection+0xee>
    19d8:	2e 81       	ldd	r18, Y+6	; 0x06
    19da:	3f 81       	ldd	r19, Y+7	; 0x07
    19dc:	21 30       	cpi	r18, 0x01	; 1
    19de:	31 05       	cpc	r19, r1
    19e0:	19 f5       	brne	.+70     	; 0x1a28 <DIO_u8SetPortDirection+0x12a>
				{
					case DIO_u8_OUTPUT:DIO_u8_DDRC_REG = 0xff;break;
    19e2:	e4 e3       	ldi	r30, 0x34	; 52
    19e4:	f0 e0       	ldi	r31, 0x00	; 0
    19e6:	8f ef       	ldi	r24, 0xFF	; 255
    19e8:	80 83       	st	Z, r24
    19ea:	1e c0       	rjmp	.+60     	; 0x1a28 <DIO_u8SetPortDirection+0x12a>
					case DIO_u8_INPUT :DIO_u8_DDRC_REG = 0x00;break;
    19ec:	e4 e3       	ldi	r30, 0x34	; 52
    19ee:	f0 e0       	ldi	r31, 0x00	; 0
    19f0:	10 82       	st	Z, r1
    19f2:	1a c0       	rjmp	.+52     	; 0x1a28 <DIO_u8SetPortDirection+0x12a>
				}
			break;
			case DIO_u8_PORTD:
				switch (Copy_u8PortDirection)
    19f4:	8b 81       	ldd	r24, Y+3	; 0x03
    19f6:	28 2f       	mov	r18, r24
    19f8:	30 e0       	ldi	r19, 0x00	; 0
    19fa:	3d 83       	std	Y+5, r19	; 0x05
    19fc:	2c 83       	std	Y+4, r18	; 0x04
    19fe:	8c 81       	ldd	r24, Y+4	; 0x04
    1a00:	9d 81       	ldd	r25, Y+5	; 0x05
    1a02:	00 97       	sbiw	r24, 0x00	; 0
    1a04:	51 f0       	breq	.+20     	; 0x1a1a <DIO_u8SetPortDirection+0x11c>
    1a06:	2c 81       	ldd	r18, Y+4	; 0x04
    1a08:	3d 81       	ldd	r19, Y+5	; 0x05
    1a0a:	21 30       	cpi	r18, 0x01	; 1
    1a0c:	31 05       	cpc	r19, r1
    1a0e:	61 f4       	brne	.+24     	; 0x1a28 <DIO_u8SetPortDirection+0x12a>
				{
					case DIO_u8_OUTPUT:DIO_u8_DDRD_REG = 0xff;break;
    1a10:	e1 e3       	ldi	r30, 0x31	; 49
    1a12:	f0 e0       	ldi	r31, 0x00	; 0
    1a14:	8f ef       	ldi	r24, 0xFF	; 255
    1a16:	80 83       	st	Z, r24
    1a18:	07 c0       	rjmp	.+14     	; 0x1a28 <DIO_u8SetPortDirection+0x12a>
					case DIO_u8_INPUT :DIO_u8_DDRD_REG = 0x00;break;
    1a1a:	e1 e3       	ldi	r30, 0x31	; 49
    1a1c:	f0 e0       	ldi	r31, 0x00	; 0
    1a1e:	10 82       	st	Z, r1
    1a20:	03 c0       	rjmp	.+6      	; 0x1a28 <DIO_u8SetPortDirection+0x12a>
				}
			break;
			default :Local_u8ErrorState = STD_TYPES_NOK;
    1a22:	19 82       	std	Y+1, r1	; 0x01
    1a24:	01 c0       	rjmp	.+2      	; 0x1a28 <DIO_u8SetPortDirection+0x12a>
		}
	}
	else
	{
		Local_u8ErrorState = STD_TYPES_NOK;
    1a26:	19 82       	std	Y+1, r1	; 0x01
	}
	return Local_u8ErrorState;
    1a28:	89 81       	ldd	r24, Y+1	; 0x01
}
    1a2a:	2d 96       	adiw	r28, 0x0d	; 13
    1a2c:	0f b6       	in	r0, 0x3f	; 63
    1a2e:	f8 94       	cli
    1a30:	de bf       	out	0x3e, r29	; 62
    1a32:	0f be       	out	0x3f, r0	; 63
    1a34:	cd bf       	out	0x3d, r28	; 61
    1a36:	cf 91       	pop	r28
    1a38:	df 91       	pop	r29
    1a3a:	08 95       	ret

00001a3c <DIO_u8SetPortValue>:

u8  DIO_u8SetPortValue    (u8 Copy_u8PortId, u8 Copy_u8PortValue)
{
    1a3c:	df 93       	push	r29
    1a3e:	cf 93       	push	r28
    1a40:	00 d0       	rcall	.+0      	; 0x1a42 <DIO_u8SetPortValue+0x6>
    1a42:	00 d0       	rcall	.+0      	; 0x1a44 <DIO_u8SetPortValue+0x8>
    1a44:	0f 92       	push	r0
    1a46:	cd b7       	in	r28, 0x3d	; 61
    1a48:	de b7       	in	r29, 0x3e	; 62
    1a4a:	8a 83       	std	Y+2, r24	; 0x02
    1a4c:	6b 83       	std	Y+3, r22	; 0x03
	u8 Local_u8ErrorState = STD_TYPES_OK;
    1a4e:	81 e0       	ldi	r24, 0x01	; 1
    1a50:	89 83       	std	Y+1, r24	; 0x01
	switch (Copy_u8PortId)
    1a52:	8a 81       	ldd	r24, Y+2	; 0x02
    1a54:	28 2f       	mov	r18, r24
    1a56:	30 e0       	ldi	r19, 0x00	; 0
    1a58:	3d 83       	std	Y+5, r19	; 0x05
    1a5a:	2c 83       	std	Y+4, r18	; 0x04
    1a5c:	8c 81       	ldd	r24, Y+4	; 0x04
    1a5e:	9d 81       	ldd	r25, Y+5	; 0x05
    1a60:	81 30       	cpi	r24, 0x01	; 1
    1a62:	91 05       	cpc	r25, r1
    1a64:	d1 f0       	breq	.+52     	; 0x1a9a <DIO_u8SetPortValue+0x5e>
    1a66:	2c 81       	ldd	r18, Y+4	; 0x04
    1a68:	3d 81       	ldd	r19, Y+5	; 0x05
    1a6a:	22 30       	cpi	r18, 0x02	; 2
    1a6c:	31 05       	cpc	r19, r1
    1a6e:	2c f4       	brge	.+10     	; 0x1a7a <DIO_u8SetPortValue+0x3e>
    1a70:	8c 81       	ldd	r24, Y+4	; 0x04
    1a72:	9d 81       	ldd	r25, Y+5	; 0x05
    1a74:	00 97       	sbiw	r24, 0x00	; 0
    1a76:	61 f0       	breq	.+24     	; 0x1a90 <DIO_u8SetPortValue+0x54>
    1a78:	1f c0       	rjmp	.+62     	; 0x1ab8 <DIO_u8SetPortValue+0x7c>
    1a7a:	2c 81       	ldd	r18, Y+4	; 0x04
    1a7c:	3d 81       	ldd	r19, Y+5	; 0x05
    1a7e:	22 30       	cpi	r18, 0x02	; 2
    1a80:	31 05       	cpc	r19, r1
    1a82:	81 f0       	breq	.+32     	; 0x1aa4 <DIO_u8SetPortValue+0x68>
    1a84:	8c 81       	ldd	r24, Y+4	; 0x04
    1a86:	9d 81       	ldd	r25, Y+5	; 0x05
    1a88:	83 30       	cpi	r24, 0x03	; 3
    1a8a:	91 05       	cpc	r25, r1
    1a8c:	81 f0       	breq	.+32     	; 0x1aae <DIO_u8SetPortValue+0x72>
    1a8e:	14 c0       	rjmp	.+40     	; 0x1ab8 <DIO_u8SetPortValue+0x7c>
	{
		case DIO_u8_PORTA:DIO_u8_PORTA_REG = Copy_u8PortValue;break;
    1a90:	eb e3       	ldi	r30, 0x3B	; 59
    1a92:	f0 e0       	ldi	r31, 0x00	; 0
    1a94:	8b 81       	ldd	r24, Y+3	; 0x03
    1a96:	80 83       	st	Z, r24
    1a98:	10 c0       	rjmp	.+32     	; 0x1aba <DIO_u8SetPortValue+0x7e>
		case DIO_u8_PORTB:DIO_u8_PORTB_REG = Copy_u8PortValue;break;
    1a9a:	e8 e3       	ldi	r30, 0x38	; 56
    1a9c:	f0 e0       	ldi	r31, 0x00	; 0
    1a9e:	8b 81       	ldd	r24, Y+3	; 0x03
    1aa0:	80 83       	st	Z, r24
    1aa2:	0b c0       	rjmp	.+22     	; 0x1aba <DIO_u8SetPortValue+0x7e>
		case DIO_u8_PORTC:DIO_u8_PORTC_REG = Copy_u8PortValue;break;
    1aa4:	e5 e3       	ldi	r30, 0x35	; 53
    1aa6:	f0 e0       	ldi	r31, 0x00	; 0
    1aa8:	8b 81       	ldd	r24, Y+3	; 0x03
    1aaa:	80 83       	st	Z, r24
    1aac:	06 c0       	rjmp	.+12     	; 0x1aba <DIO_u8SetPortValue+0x7e>
		case DIO_u8_PORTD:DIO_u8_PORTD_REG = Copy_u8PortValue;break;
    1aae:	e2 e3       	ldi	r30, 0x32	; 50
    1ab0:	f0 e0       	ldi	r31, 0x00	; 0
    1ab2:	8b 81       	ldd	r24, Y+3	; 0x03
    1ab4:	80 83       	st	Z, r24
    1ab6:	01 c0       	rjmp	.+2      	; 0x1aba <DIO_u8SetPortValue+0x7e>
		default : Local_u8ErrorState = STD_TYPES_NOK;
    1ab8:	19 82       	std	Y+1, r1	; 0x01
	}
	return Local_u8ErrorState;
    1aba:	89 81       	ldd	r24, Y+1	; 0x01
}
    1abc:	0f 90       	pop	r0
    1abe:	0f 90       	pop	r0
    1ac0:	0f 90       	pop	r0
    1ac2:	0f 90       	pop	r0
    1ac4:	0f 90       	pop	r0
    1ac6:	cf 91       	pop	r28
    1ac8:	df 91       	pop	r29
    1aca:	08 95       	ret

00001acc <DIO_u8GetPortValue>:

u8  DIO_u8GetPortValue    (u8 Copy_u8PortId, u8 * Copy_pu8ReturnedPortValue)
{
    1acc:	df 93       	push	r29
    1ace:	cf 93       	push	r28
    1ad0:	00 d0       	rcall	.+0      	; 0x1ad2 <DIO_u8GetPortValue+0x6>
    1ad2:	00 d0       	rcall	.+0      	; 0x1ad4 <DIO_u8GetPortValue+0x8>
    1ad4:	00 d0       	rcall	.+0      	; 0x1ad6 <DIO_u8GetPortValue+0xa>
    1ad6:	cd b7       	in	r28, 0x3d	; 61
    1ad8:	de b7       	in	r29, 0x3e	; 62
    1ada:	8a 83       	std	Y+2, r24	; 0x02
    1adc:	7c 83       	std	Y+4, r23	; 0x04
    1ade:	6b 83       	std	Y+3, r22	; 0x03
	u8 Local_u8ErrorState = STD_TYPES_OK;
    1ae0:	81 e0       	ldi	r24, 0x01	; 1
    1ae2:	89 83       	std	Y+1, r24	; 0x01
	if( Copy_pu8ReturnedPortValue != NULL)
    1ae4:	8b 81       	ldd	r24, Y+3	; 0x03
    1ae6:	9c 81       	ldd	r25, Y+4	; 0x04
    1ae8:	00 97       	sbiw	r24, 0x00	; 0
    1aea:	e9 f1       	breq	.+122    	; 0x1b66 <DIO_u8GetPortValue+0x9a>
	{
		switch (Copy_u8PortId)
    1aec:	8a 81       	ldd	r24, Y+2	; 0x02
    1aee:	28 2f       	mov	r18, r24
    1af0:	30 e0       	ldi	r19, 0x00	; 0
    1af2:	3e 83       	std	Y+6, r19	; 0x06
    1af4:	2d 83       	std	Y+5, r18	; 0x05
    1af6:	8d 81       	ldd	r24, Y+5	; 0x05
    1af8:	9e 81       	ldd	r25, Y+6	; 0x06
    1afa:	81 30       	cpi	r24, 0x01	; 1
    1afc:	91 05       	cpc	r25, r1
    1afe:	e1 f0       	breq	.+56     	; 0x1b38 <DIO_u8GetPortValue+0x6c>
    1b00:	2d 81       	ldd	r18, Y+5	; 0x05
    1b02:	3e 81       	ldd	r19, Y+6	; 0x06
    1b04:	22 30       	cpi	r18, 0x02	; 2
    1b06:	31 05       	cpc	r19, r1
    1b08:	2c f4       	brge	.+10     	; 0x1b14 <DIO_u8GetPortValue+0x48>
    1b0a:	8d 81       	ldd	r24, Y+5	; 0x05
    1b0c:	9e 81       	ldd	r25, Y+6	; 0x06
    1b0e:	00 97       	sbiw	r24, 0x00	; 0
    1b10:	61 f0       	breq	.+24     	; 0x1b2a <DIO_u8GetPortValue+0x5e>
    1b12:	27 c0       	rjmp	.+78     	; 0x1b62 <DIO_u8GetPortValue+0x96>
    1b14:	2d 81       	ldd	r18, Y+5	; 0x05
    1b16:	3e 81       	ldd	r19, Y+6	; 0x06
    1b18:	22 30       	cpi	r18, 0x02	; 2
    1b1a:	31 05       	cpc	r19, r1
    1b1c:	a1 f0       	breq	.+40     	; 0x1b46 <DIO_u8GetPortValue+0x7a>
    1b1e:	8d 81       	ldd	r24, Y+5	; 0x05
    1b20:	9e 81       	ldd	r25, Y+6	; 0x06
    1b22:	83 30       	cpi	r24, 0x03	; 3
    1b24:	91 05       	cpc	r25, r1
    1b26:	b1 f0       	breq	.+44     	; 0x1b54 <DIO_u8GetPortValue+0x88>
    1b28:	1c c0       	rjmp	.+56     	; 0x1b62 <DIO_u8GetPortValue+0x96>
		{
			case DIO_u8_PORTA: *Copy_pu8ReturnedPortValue = DIO_u8_PINA_REG;break;
    1b2a:	e9 e3       	ldi	r30, 0x39	; 57
    1b2c:	f0 e0       	ldi	r31, 0x00	; 0
    1b2e:	80 81       	ld	r24, Z
    1b30:	eb 81       	ldd	r30, Y+3	; 0x03
    1b32:	fc 81       	ldd	r31, Y+4	; 0x04
    1b34:	80 83       	st	Z, r24
    1b36:	18 c0       	rjmp	.+48     	; 0x1b68 <DIO_u8GetPortValue+0x9c>
			case DIO_u8_PORTB: *Copy_pu8ReturnedPortValue = DIO_u8_PINB_REG;break;
    1b38:	e6 e3       	ldi	r30, 0x36	; 54
    1b3a:	f0 e0       	ldi	r31, 0x00	; 0
    1b3c:	80 81       	ld	r24, Z
    1b3e:	eb 81       	ldd	r30, Y+3	; 0x03
    1b40:	fc 81       	ldd	r31, Y+4	; 0x04
    1b42:	80 83       	st	Z, r24
    1b44:	11 c0       	rjmp	.+34     	; 0x1b68 <DIO_u8GetPortValue+0x9c>
			case DIO_u8_PORTC: *Copy_pu8ReturnedPortValue = DIO_u8_PINC_REG;break;
    1b46:	e3 e3       	ldi	r30, 0x33	; 51
    1b48:	f0 e0       	ldi	r31, 0x00	; 0
    1b4a:	80 81       	ld	r24, Z
    1b4c:	eb 81       	ldd	r30, Y+3	; 0x03
    1b4e:	fc 81       	ldd	r31, Y+4	; 0x04
    1b50:	80 83       	st	Z, r24
    1b52:	0a c0       	rjmp	.+20     	; 0x1b68 <DIO_u8GetPortValue+0x9c>
			case DIO_u8_PORTD: *Copy_pu8ReturnedPortValue = DIO_u8_PIND_REG;break;
    1b54:	e0 e3       	ldi	r30, 0x30	; 48
    1b56:	f0 e0       	ldi	r31, 0x00	; 0
    1b58:	80 81       	ld	r24, Z
    1b5a:	eb 81       	ldd	r30, Y+3	; 0x03
    1b5c:	fc 81       	ldd	r31, Y+4	; 0x04
    1b5e:	80 83       	st	Z, r24
    1b60:	03 c0       	rjmp	.+6      	; 0x1b68 <DIO_u8GetPortValue+0x9c>
			default : Local_u8ErrorState = STD_TYPES_NOK;
    1b62:	19 82       	std	Y+1, r1	; 0x01
    1b64:	01 c0       	rjmp	.+2      	; 0x1b68 <DIO_u8GetPortValue+0x9c>
		}
	}
	else
	{
		Local_u8ErrorState = STD_TYPES_NOK;
    1b66:	19 82       	std	Y+1, r1	; 0x01
	}
	return Local_u8ErrorState;
    1b68:	89 81       	ldd	r24, Y+1	; 0x01
}
    1b6a:	26 96       	adiw	r28, 0x06	; 6
    1b6c:	0f b6       	in	r0, 0x3f	; 63
    1b6e:	f8 94       	cli
    1b70:	de bf       	out	0x3e, r29	; 62
    1b72:	0f be       	out	0x3f, r0	; 63
    1b74:	cd bf       	out	0x3d, r28	; 61
    1b76:	cf 91       	pop	r28
    1b78:	df 91       	pop	r29
    1b7a:	08 95       	ret

00001b7c <ADC_voidInit>:

static u16 *Global_ptr=NULL;
static void(*GlobalPtrFunc)(void)=NULL;
static u8 ADC_STATE=IDLE;
void ADC_voidInit()
{
    1b7c:	df 93       	push	r29
    1b7e:	cf 93       	push	r28
    1b80:	cd b7       	in	r28, 0x3d	; 61
    1b82:	de b7       	in	r29, 0x3e	; 62
	//No interrupt
	CLR_BIT(ADCSRA,3);
    1b84:	a6 e2       	ldi	r26, 0x26	; 38
    1b86:	b0 e0       	ldi	r27, 0x00	; 0
    1b88:	e6 e2       	ldi	r30, 0x26	; 38
    1b8a:	f0 e0       	ldi	r31, 0x00	; 0
    1b8c:	80 81       	ld	r24, Z
    1b8e:	87 7f       	andi	r24, 0xF7	; 247
    1b90:	8c 93       	st	X, r24
	//Ref = AVCC
	SET_BIT(ADMUX,6);
    1b92:	a7 e2       	ldi	r26, 0x27	; 39
    1b94:	b0 e0       	ldi	r27, 0x00	; 0
    1b96:	e7 e2       	ldi	r30, 0x27	; 39
    1b98:	f0 e0       	ldi	r31, 0x00	; 0
    1b9a:	80 81       	ld	r24, Z
    1b9c:	80 64       	ori	r24, 0x40	; 64
    1b9e:	8c 93       	st	X, r24
	CLR_BIT(ADMUX,7);
    1ba0:	a7 e2       	ldi	r26, 0x27	; 39
    1ba2:	b0 e0       	ldi	r27, 0x00	; 0
    1ba4:	e7 e2       	ldi	r30, 0x27	; 39
    1ba6:	f0 e0       	ldi	r31, 0x00	; 0
    1ba8:	80 81       	ld	r24, Z
    1baa:	8f 77       	andi	r24, 0x7F	; 127
    1bac:	8c 93       	st	X, r24
	//PreScaler->64
	CLR_BIT(ADCSRA,0);
    1bae:	a6 e2       	ldi	r26, 0x26	; 38
    1bb0:	b0 e0       	ldi	r27, 0x00	; 0
    1bb2:	e6 e2       	ldi	r30, 0x26	; 38
    1bb4:	f0 e0       	ldi	r31, 0x00	; 0
    1bb6:	80 81       	ld	r24, Z
    1bb8:	8e 7f       	andi	r24, 0xFE	; 254
    1bba:	8c 93       	st	X, r24
	SET_BIT(ADCSRA,1);
    1bbc:	a6 e2       	ldi	r26, 0x26	; 38
    1bbe:	b0 e0       	ldi	r27, 0x00	; 0
    1bc0:	e6 e2       	ldi	r30, 0x26	; 38
    1bc2:	f0 e0       	ldi	r31, 0x00	; 0
    1bc4:	80 81       	ld	r24, Z
    1bc6:	82 60       	ori	r24, 0x02	; 2
    1bc8:	8c 93       	st	X, r24
	SET_BIT(ADCSRA,2);
    1bca:	a6 e2       	ldi	r26, 0x26	; 38
    1bcc:	b0 e0       	ldi	r27, 0x00	; 0
    1bce:	e6 e2       	ldi	r30, 0x26	; 38
    1bd0:	f0 e0       	ldi	r31, 0x00	; 0
    1bd2:	80 81       	ld	r24, Z
    1bd4:	84 60       	ori	r24, 0x04	; 4
    1bd6:	8c 93       	st	X, r24
	//Enable Circuit
	SET_BIT(ADCSRA,7);
    1bd8:	a6 e2       	ldi	r26, 0x26	; 38
    1bda:	b0 e0       	ldi	r27, 0x00	; 0
    1bdc:	e6 e2       	ldi	r30, 0x26	; 38
    1bde:	f0 e0       	ldi	r31, 0x00	; 0
    1be0:	80 81       	ld	r24, Z
    1be2:	80 68       	ori	r24, 0x80	; 128
    1be4:	8c 93       	st	X, r24
}
    1be6:	cf 91       	pop	r28
    1be8:	df 91       	pop	r29
    1bea:	08 95       	ret

00001bec <ADC_u16ConvertSynch>:
u8 ADC_u16ConvertSynch(u8 Copy_u8Channel,u16 *Pu16Reading)
{
    1bec:	df 93       	push	r29
    1bee:	cf 93       	push	r28
    1bf0:	00 d0       	rcall	.+0      	; 0x1bf2 <ADC_u16ConvertSynch+0x6>
    1bf2:	00 d0       	rcall	.+0      	; 0x1bf4 <ADC_u16ConvertSynch+0x8>
    1bf4:	00 d0       	rcall	.+0      	; 0x1bf6 <ADC_u16ConvertSynch+0xa>
    1bf6:	cd b7       	in	r28, 0x3d	; 61
    1bf8:	de b7       	in	r29, 0x3e	; 62
    1bfa:	8c 83       	std	Y+4, r24	; 0x04
    1bfc:	7e 83       	std	Y+6, r23	; 0x06
    1bfe:	6d 83       	std	Y+5, r22	; 0x05
	u8 Local_eErrState=OK;
    1c00:	1b 82       	std	Y+3, r1	; 0x03
	u16 Local_u16Counter=0;
    1c02:	1a 82       	std	Y+2, r1	; 0x02
    1c04:	19 82       	std	Y+1, r1	; 0x01
	//pointer validation
	if(Pu16Reading!=NULL)
    1c06:	8d 81       	ldd	r24, Y+5	; 0x05
    1c08:	9e 81       	ldd	r25, Y+6	; 0x06
    1c0a:	00 97       	sbiw	r24, 0x00	; 0
    1c0c:	09 f4       	brne	.+2      	; 0x1c10 <ADC_u16ConvertSynch+0x24>
    1c0e:	46 c0       	rjmp	.+140    	; 0x1c9c <ADC_u16ConvertSynch+0xb0>
	{
		//Write Channel Num -> ADMUX
		ADMUX&=0b11100000;
    1c10:	a7 e2       	ldi	r26, 0x27	; 39
    1c12:	b0 e0       	ldi	r27, 0x00	; 0
    1c14:	e7 e2       	ldi	r30, 0x27	; 39
    1c16:	f0 e0       	ldi	r31, 0x00	; 0
    1c18:	80 81       	ld	r24, Z
    1c1a:	80 7e       	andi	r24, 0xE0	; 224
    1c1c:	8c 93       	st	X, r24
		ADMUX|=Copy_u8Channel;
    1c1e:	a7 e2       	ldi	r26, 0x27	; 39
    1c20:	b0 e0       	ldi	r27, 0x00	; 0
    1c22:	e7 e2       	ldi	r30, 0x27	; 39
    1c24:	f0 e0       	ldi	r31, 0x00	; 0
    1c26:	90 81       	ld	r25, Z
    1c28:	8c 81       	ldd	r24, Y+4	; 0x04
    1c2a:	89 2b       	or	r24, r25
    1c2c:	8c 93       	st	X, r24
		//Enable Conversion
		SET_BIT(ADCSRA,6);
    1c2e:	a6 e2       	ldi	r26, 0x26	; 38
    1c30:	b0 e0       	ldi	r27, 0x00	; 0
    1c32:	e6 e2       	ldi	r30, 0x26	; 38
    1c34:	f0 e0       	ldi	r31, 0x00	; 0
    1c36:	80 81       	ld	r24, Z
    1c38:	80 64       	ori	r24, 0x40	; 64
    1c3a:	8c 93       	st	X, r24
    1c3c:	05 c0       	rjmp	.+10     	; 0x1c48 <ADC_u16ConvertSynch+0x5c>
		//Wait -> Flag
		while((!GET_BIT(ADCSRA,4))&&(Local_u16Counter<TIME_OUT))
		{
			Local_u16Counter++;
    1c3e:	89 81       	ldd	r24, Y+1	; 0x01
    1c40:	9a 81       	ldd	r25, Y+2	; 0x02
    1c42:	01 96       	adiw	r24, 0x01	; 1
    1c44:	9a 83       	std	Y+2, r25	; 0x02
    1c46:	89 83       	std	Y+1, r24	; 0x01
		ADMUX&=0b11100000;
		ADMUX|=Copy_u8Channel;
		//Enable Conversion
		SET_BIT(ADCSRA,6);
		//Wait -> Flag
		while((!GET_BIT(ADCSRA,4))&&(Local_u16Counter<TIME_OUT))
    1c48:	e6 e2       	ldi	r30, 0x26	; 38
    1c4a:	f0 e0       	ldi	r31, 0x00	; 0
    1c4c:	80 81       	ld	r24, Z
    1c4e:	82 95       	swap	r24
    1c50:	8f 70       	andi	r24, 0x0F	; 15
    1c52:	88 2f       	mov	r24, r24
    1c54:	90 e0       	ldi	r25, 0x00	; 0
    1c56:	81 70       	andi	r24, 0x01	; 1
    1c58:	90 70       	andi	r25, 0x00	; 0
    1c5a:	00 97       	sbiw	r24, 0x00	; 0
    1c5c:	31 f4       	brne	.+12     	; 0x1c6a <ADC_u16ConvertSynch+0x7e>
    1c5e:	89 81       	ldd	r24, Y+1	; 0x01
    1c60:	9a 81       	ldd	r25, Y+2	; 0x02
    1c62:	23 ec       	ldi	r18, 0xC3	; 195
    1c64:	80 35       	cpi	r24, 0x50	; 80
    1c66:	92 07       	cpc	r25, r18
    1c68:	50 f3       	brcs	.-44     	; 0x1c3e <ADC_u16ConvertSynch+0x52>
		{
			Local_u16Counter++;
		}
		if(Local_u16Counter==TIME_OUT)
    1c6a:	89 81       	ldd	r24, Y+1	; 0x01
    1c6c:	9a 81       	ldd	r25, Y+2	; 0x02
    1c6e:	23 ec       	ldi	r18, 0xC3	; 195
    1c70:	80 35       	cpi	r24, 0x50	; 80
    1c72:	92 07       	cpc	r25, r18
    1c74:	19 f4       	brne	.+6      	; 0x1c7c <ADC_u16ConvertSynch+0x90>
		{
			Local_eErrState=TIME_OUT_ERR;
    1c76:	82 e0       	ldi	r24, 0x02	; 2
    1c78:	8b 83       	std	Y+3, r24	; 0x03
    1c7a:	12 c0       	rjmp	.+36     	; 0x1ca0 <ADC_u16ConvertSynch+0xb4>
		}
		else
		{
			//Clear Flag
			SET_BIT(ADCSRA,4);
    1c7c:	a6 e2       	ldi	r26, 0x26	; 38
    1c7e:	b0 e0       	ldi	r27, 0x00	; 0
    1c80:	e6 e2       	ldi	r30, 0x26	; 38
    1c82:	f0 e0       	ldi	r31, 0x00	; 0
    1c84:	80 81       	ld	r24, Z
    1c86:	80 61       	ori	r24, 0x10	; 16
    1c88:	8c 93       	st	X, r24
			*Pu16Reading=ADC;
    1c8a:	e4 e2       	ldi	r30, 0x24	; 36
    1c8c:	f0 e0       	ldi	r31, 0x00	; 0
    1c8e:	80 81       	ld	r24, Z
    1c90:	91 81       	ldd	r25, Z+1	; 0x01
    1c92:	ed 81       	ldd	r30, Y+5	; 0x05
    1c94:	fe 81       	ldd	r31, Y+6	; 0x06
    1c96:	91 83       	std	Z+1, r25	; 0x01
    1c98:	80 83       	st	Z, r24
    1c9a:	02 c0       	rjmp	.+4      	; 0x1ca0 <ADC_u16ConvertSynch+0xb4>
		}
	}
	else
	{
		Local_eErrState=NOK;
    1c9c:	81 e0       	ldi	r24, 0x01	; 1
    1c9e:	8b 83       	std	Y+3, r24	; 0x03
	}
	return Local_eErrState;
    1ca0:	8b 81       	ldd	r24, Y+3	; 0x03
}
    1ca2:	26 96       	adiw	r28, 0x06	; 6
    1ca4:	0f b6       	in	r0, 0x3f	; 63
    1ca6:	f8 94       	cli
    1ca8:	de bf       	out	0x3e, r29	; 62
    1caa:	0f be       	out	0x3f, r0	; 63
    1cac:	cd bf       	out	0x3d, r28	; 61
    1cae:	cf 91       	pop	r28
    1cb0:	df 91       	pop	r29
    1cb2:	08 95       	ret

00001cb4 <ADC_u16ConvertASynch>:

u8 ADC_u16ConvertASynch(u8 Copy_u8Channel,
		u16 *Pu16Reading,void(*PtrFunc)(void))
{
    1cb4:	df 93       	push	r29
    1cb6:	cf 93       	push	r28
    1cb8:	00 d0       	rcall	.+0      	; 0x1cba <ADC_u16ConvertASynch+0x6>
    1cba:	00 d0       	rcall	.+0      	; 0x1cbc <ADC_u16ConvertASynch+0x8>
    1cbc:	00 d0       	rcall	.+0      	; 0x1cbe <ADC_u16ConvertASynch+0xa>
    1cbe:	cd b7       	in	r28, 0x3d	; 61
    1cc0:	de b7       	in	r29, 0x3e	; 62
    1cc2:	8a 83       	std	Y+2, r24	; 0x02
    1cc4:	7c 83       	std	Y+4, r23	; 0x04
    1cc6:	6b 83       	std	Y+3, r22	; 0x03
    1cc8:	5e 83       	std	Y+6, r21	; 0x06
    1cca:	4d 83       	std	Y+5, r20	; 0x05
	u8 Local_eErrState=OK;
    1ccc:	19 82       	std	Y+1, r1	; 0x01
	if(ADC_STATE==IDLE)
    1cce:	80 91 74 01 	lds	r24, 0x0174
    1cd2:	81 30       	cpi	r24, 0x01	; 1
    1cd4:	c1 f5       	brne	.+112    	; 0x1d46 <ADC_u16ConvertASynch+0x92>
	{
		if((Pu16Reading!=NULL)&&(PtrFunc!=NULL))
    1cd6:	8b 81       	ldd	r24, Y+3	; 0x03
    1cd8:	9c 81       	ldd	r25, Y+4	; 0x04
    1cda:	00 97       	sbiw	r24, 0x00	; 0
    1cdc:	89 f1       	breq	.+98     	; 0x1d40 <ADC_u16ConvertASynch+0x8c>
    1cde:	8d 81       	ldd	r24, Y+5	; 0x05
    1ce0:	9e 81       	ldd	r25, Y+6	; 0x06
    1ce2:	00 97       	sbiw	r24, 0x00	; 0
    1ce4:	69 f1       	breq	.+90     	; 0x1d40 <ADC_u16ConvertASynch+0x8c>
		{
			ADC_STATE=BUSY;
    1ce6:	82 e0       	ldi	r24, 0x02	; 2
    1ce8:	80 93 74 01 	sts	0x0174, r24
			Global_ptr=Pu16Reading;
    1cec:	8b 81       	ldd	r24, Y+3	; 0x03
    1cee:	9c 81       	ldd	r25, Y+4	; 0x04
    1cf0:	90 93 99 01 	sts	0x0199, r25
    1cf4:	80 93 98 01 	sts	0x0198, r24
			GlobalPtrFunc=PtrFunc;
    1cf8:	8d 81       	ldd	r24, Y+5	; 0x05
    1cfa:	9e 81       	ldd	r25, Y+6	; 0x06
    1cfc:	90 93 9b 01 	sts	0x019B, r25
    1d00:	80 93 9a 01 	sts	0x019A, r24
			//Write Channel Num -> ADMUX
			ADMUX&=0b11100000;
    1d04:	a7 e2       	ldi	r26, 0x27	; 39
    1d06:	b0 e0       	ldi	r27, 0x00	; 0
    1d08:	e7 e2       	ldi	r30, 0x27	; 39
    1d0a:	f0 e0       	ldi	r31, 0x00	; 0
    1d0c:	80 81       	ld	r24, Z
    1d0e:	80 7e       	andi	r24, 0xE0	; 224
    1d10:	8c 93       	st	X, r24
			ADMUX|=Copy_u8Channel;
    1d12:	a7 e2       	ldi	r26, 0x27	; 39
    1d14:	b0 e0       	ldi	r27, 0x00	; 0
    1d16:	e7 e2       	ldi	r30, 0x27	; 39
    1d18:	f0 e0       	ldi	r31, 0x00	; 0
    1d1a:	90 81       	ld	r25, Z
    1d1c:	8a 81       	ldd	r24, Y+2	; 0x02
    1d1e:	89 2b       	or	r24, r25
    1d20:	8c 93       	st	X, r24
			//Enable Conversion
			SET_BIT(ADCSRA,6);
    1d22:	a6 e2       	ldi	r26, 0x26	; 38
    1d24:	b0 e0       	ldi	r27, 0x00	; 0
    1d26:	e6 e2       	ldi	r30, 0x26	; 38
    1d28:	f0 e0       	ldi	r31, 0x00	; 0
    1d2a:	80 81       	ld	r24, Z
    1d2c:	80 64       	ori	r24, 0x40	; 64
    1d2e:	8c 93       	st	X, r24
			//Enable ADC interrupt pin
			SET_BIT(ADCSRA,3);
    1d30:	a6 e2       	ldi	r26, 0x26	; 38
    1d32:	b0 e0       	ldi	r27, 0x00	; 0
    1d34:	e6 e2       	ldi	r30, 0x26	; 38
    1d36:	f0 e0       	ldi	r31, 0x00	; 0
    1d38:	80 81       	ld	r24, Z
    1d3a:	88 60       	ori	r24, 0x08	; 8
    1d3c:	8c 93       	st	X, r24
    1d3e:	05 c0       	rjmp	.+10     	; 0x1d4a <ADC_u16ConvertASynch+0x96>
		}
		else
		{
			Local_eErrState=NOK;
    1d40:	81 e0       	ldi	r24, 0x01	; 1
    1d42:	89 83       	std	Y+1, r24	; 0x01
    1d44:	02 c0       	rjmp	.+4      	; 0x1d4a <ADC_u16ConvertASynch+0x96>
		}
	}
	else
	{
		Local_eErrState=BUSY_STATE;
    1d46:	83 e0       	ldi	r24, 0x03	; 3
    1d48:	89 83       	std	Y+1, r24	; 0x01
	}
	return Local_eErrState;
    1d4a:	89 81       	ldd	r24, Y+1	; 0x01
}
    1d4c:	26 96       	adiw	r28, 0x06	; 6
    1d4e:	0f b6       	in	r0, 0x3f	; 63
    1d50:	f8 94       	cli
    1d52:	de bf       	out	0x3e, r29	; 62
    1d54:	0f be       	out	0x3f, r0	; 63
    1d56:	cd bf       	out	0x3d, r28	; 61
    1d58:	cf 91       	pop	r28
    1d5a:	df 91       	pop	r29
    1d5c:	08 95       	ret

00001d5e <__vector_16>:

void __vector_16(void)   __attribute__((signal));
void __vector_16(void)
{
    1d5e:	1f 92       	push	r1
    1d60:	0f 92       	push	r0
    1d62:	0f b6       	in	r0, 0x3f	; 63
    1d64:	0f 92       	push	r0
    1d66:	11 24       	eor	r1, r1
    1d68:	2f 93       	push	r18
    1d6a:	3f 93       	push	r19
    1d6c:	4f 93       	push	r20
    1d6e:	5f 93       	push	r21
    1d70:	6f 93       	push	r22
    1d72:	7f 93       	push	r23
    1d74:	8f 93       	push	r24
    1d76:	9f 93       	push	r25
    1d78:	af 93       	push	r26
    1d7a:	bf 93       	push	r27
    1d7c:	ef 93       	push	r30
    1d7e:	ff 93       	push	r31
    1d80:	df 93       	push	r29
    1d82:	cf 93       	push	r28
    1d84:	cd b7       	in	r28, 0x3d	; 61
    1d86:	de b7       	in	r29, 0x3e	; 62
	//Return Reading
	*Global_ptr=ADC;
    1d88:	a0 91 98 01 	lds	r26, 0x0198
    1d8c:	b0 91 99 01 	lds	r27, 0x0199
    1d90:	e4 e2       	ldi	r30, 0x24	; 36
    1d92:	f0 e0       	ldi	r31, 0x00	; 0
    1d94:	80 81       	ld	r24, Z
    1d96:	91 81       	ldd	r25, Z+1	; 0x01
    1d98:	8d 93       	st	X+, r24
    1d9a:	9c 93       	st	X, r25
	//Invoke func
	GlobalPtrFunc();
    1d9c:	e0 91 9a 01 	lds	r30, 0x019A
    1da0:	f0 91 9b 01 	lds	r31, 0x019B
    1da4:	09 95       	icall
	//disable int
	CLR_BIT(ADCSRA,3);
    1da6:	a6 e2       	ldi	r26, 0x26	; 38
    1da8:	b0 e0       	ldi	r27, 0x00	; 0
    1daa:	e6 e2       	ldi	r30, 0x26	; 38
    1dac:	f0 e0       	ldi	r31, 0x00	; 0
    1dae:	80 81       	ld	r24, Z
    1db0:	87 7f       	andi	r24, 0xF7	; 247
    1db2:	8c 93       	st	X, r24
	//back to idle
	ADC_STATE=IDLE;
    1db4:	81 e0       	ldi	r24, 0x01	; 1
    1db6:	80 93 74 01 	sts	0x0174, r24
}
    1dba:	cf 91       	pop	r28
    1dbc:	df 91       	pop	r29
    1dbe:	ff 91       	pop	r31
    1dc0:	ef 91       	pop	r30
    1dc2:	bf 91       	pop	r27
    1dc4:	af 91       	pop	r26
    1dc6:	9f 91       	pop	r25
    1dc8:	8f 91       	pop	r24
    1dca:	7f 91       	pop	r23
    1dcc:	6f 91       	pop	r22
    1dce:	5f 91       	pop	r21
    1dd0:	4f 91       	pop	r20
    1dd2:	3f 91       	pop	r19
    1dd4:	2f 91       	pop	r18
    1dd6:	0f 90       	pop	r0
    1dd8:	0f be       	out	0x3f, r0	; 63
    1dda:	0f 90       	pop	r0
    1ddc:	1f 90       	pop	r1
    1dde:	18 95       	reti

00001de0 <delay_ms>:
 *  Created on: 21 Jul 2025
 *      Author: Amr Elomda
 */
#include "delay.h"
void delay_ms(u32 ms)
{
    1de0:	df 93       	push	r29
    1de2:	cf 93       	push	r28
    1de4:	00 d0       	rcall	.+0      	; 0x1de6 <delay_ms+0x6>
    1de6:	00 d0       	rcall	.+0      	; 0x1de8 <delay_ms+0x8>
    1de8:	00 d0       	rcall	.+0      	; 0x1dea <delay_ms+0xa>
    1dea:	cd b7       	in	r28, 0x3d	; 61
    1dec:	de b7       	in	r29, 0x3e	; 62
    1dee:	9e 83       	std	Y+6, r25	; 0x06
    1df0:	8d 83       	std	Y+5, r24	; 0x05
	for(u32 i=0;i<ms;i++)
    1df2:	1c 82       	std	Y+4, r1	; 0x04
    1df4:	1b 82       	std	Y+3, r1	; 0x03
    1df6:	14 c0       	rjmp	.+40     	; 0x1e20 <delay_ms+0x40>
	{
		for(u32 j=0;j<800;j++)
    1df8:	1a 82       	std	Y+2, r1	; 0x02
    1dfa:	19 82       	std	Y+1, r1	; 0x01
    1dfc:	06 c0       	rjmp	.+12     	; 0x1e0a <delay_ms+0x2a>
			asm("NOP");
    1dfe:	00 00       	nop
#include "delay.h"
void delay_ms(u32 ms)
{
	for(u32 i=0;i<ms;i++)
	{
		for(u32 j=0;j<800;j++)
    1e00:	89 81       	ldd	r24, Y+1	; 0x01
    1e02:	9a 81       	ldd	r25, Y+2	; 0x02
    1e04:	01 96       	adiw	r24, 0x01	; 1
    1e06:	9a 83       	std	Y+2, r25	; 0x02
    1e08:	89 83       	std	Y+1, r24	; 0x01
    1e0a:	89 81       	ldd	r24, Y+1	; 0x01
    1e0c:	9a 81       	ldd	r25, Y+2	; 0x02
    1e0e:	23 e0       	ldi	r18, 0x03	; 3
    1e10:	80 32       	cpi	r24, 0x20	; 32
    1e12:	92 07       	cpc	r25, r18
    1e14:	a0 f3       	brcs	.-24     	; 0x1dfe <delay_ms+0x1e>
 *      Author: Amr Elomda
 */
#include "delay.h"
void delay_ms(u32 ms)
{
	for(u32 i=0;i<ms;i++)
    1e16:	8b 81       	ldd	r24, Y+3	; 0x03
    1e18:	9c 81       	ldd	r25, Y+4	; 0x04
    1e1a:	01 96       	adiw	r24, 0x01	; 1
    1e1c:	9c 83       	std	Y+4, r25	; 0x04
    1e1e:	8b 83       	std	Y+3, r24	; 0x03
    1e20:	2b 81       	ldd	r18, Y+3	; 0x03
    1e22:	3c 81       	ldd	r19, Y+4	; 0x04
    1e24:	8d 81       	ldd	r24, Y+5	; 0x05
    1e26:	9e 81       	ldd	r25, Y+6	; 0x06
    1e28:	28 17       	cp	r18, r24
    1e2a:	39 07       	cpc	r19, r25
    1e2c:	28 f3       	brcs	.-54     	; 0x1df8 <delay_ms+0x18>
	{
		for(u32 j=0;j<800;j++)
			asm("NOP");
	}
}
    1e2e:	26 96       	adiw	r28, 0x06	; 6
    1e30:	0f b6       	in	r0, 0x3f	; 63
    1e32:	f8 94       	cli
    1e34:	de bf       	out	0x3e, r29	; 62
    1e36:	0f be       	out	0x3f, r0	; 63
    1e38:	cd bf       	out	0x3d, r28	; 61
    1e3a:	cf 91       	pop	r28
    1e3c:	df 91       	pop	r29
    1e3e:	08 95       	ret

00001e40 <init_ssd>:
    0b11111000, // 7
    0b10000000, // 8
    0b10010000  // 9
};
void init_ssd(void)
{
    1e40:	df 93       	push	r29
    1e42:	cf 93       	push	r28
    1e44:	cd b7       	in	r28, 0x3d	; 61
    1e46:	de b7       	in	r29, 0x3e	; 62
	DIO_voidInit();
    1e48:	0e 94 e1 09 	call	0x13c2	; 0x13c2 <DIO_voidInit>
}
    1e4c:	cf 91       	pop	r28
    1e4e:	df 91       	pop	r29
    1e50:	08 95       	ret

00001e52 <write_ssd>:

u8 write_ssd(u8 value)
{
    1e52:	df 93       	push	r29
    1e54:	cf 93       	push	r28
    1e56:	00 d0       	rcall	.+0      	; 0x1e58 <write_ssd+0x6>
    1e58:	cd b7       	in	r28, 0x3d	; 61
    1e5a:	de b7       	in	r29, 0x3e	; 62
    1e5c:	89 83       	std	Y+1, r24	; 0x01
	if(value >9||value<0)
    1e5e:	89 81       	ldd	r24, Y+1	; 0x01
    1e60:	8a 30       	cpi	r24, 0x0A	; 10
    1e62:	18 f0       	brcs	.+6      	; 0x1e6a <write_ssd+0x18>
		return 1;
    1e64:	81 e0       	ldi	r24, 0x01	; 1
    1e66:	8a 83       	std	Y+2, r24	; 0x02
    1e68:	0c c0       	rjmp	.+24     	; 0x1e82 <write_ssd+0x30>
	DIO_u8SetPortValue(DIO_u8_PORTA,digits[value]);
    1e6a:	89 81       	ldd	r24, Y+1	; 0x01
    1e6c:	88 2f       	mov	r24, r24
    1e6e:	90 e0       	ldi	r25, 0x00	; 0
    1e70:	fc 01       	movw	r30, r24
    1e72:	e8 57       	subi	r30, 0x78	; 120
    1e74:	fe 4f       	sbci	r31, 0xFE	; 254
    1e76:	90 81       	ld	r25, Z
    1e78:	80 e0       	ldi	r24, 0x00	; 0
    1e7a:	69 2f       	mov	r22, r25
    1e7c:	0e 94 1e 0d 	call	0x1a3c	; 0x1a3c <DIO_u8SetPortValue>
	return 0;
    1e80:	1a 82       	std	Y+2, r1	; 0x02
    1e82:	8a 81       	ldd	r24, Y+2	; 0x02
}
    1e84:	0f 90       	pop	r0
    1e86:	0f 90       	pop	r0
    1e88:	cf 91       	pop	r28
    1e8a:	df 91       	pop	r29
    1e8c:	08 95       	ret

00001e8e <enable_ssd>:
void enable_ssd(u8 Copy_u8PortId, u8 Copy_u8PinId,u8 AN_CATH)
{
    1e8e:	df 93       	push	r29
    1e90:	cf 93       	push	r28
    1e92:	00 d0       	rcall	.+0      	; 0x1e94 <enable_ssd+0x6>
    1e94:	0f 92       	push	r0
    1e96:	cd b7       	in	r28, 0x3d	; 61
    1e98:	de b7       	in	r29, 0x3e	; 62
    1e9a:	89 83       	std	Y+1, r24	; 0x01
    1e9c:	6a 83       	std	Y+2, r22	; 0x02
    1e9e:	4b 83       	std	Y+3, r20	; 0x03
	if(AN_CATH==ANODE)
    1ea0:	8b 81       	ldd	r24, Y+3	; 0x03
    1ea2:	88 23       	and	r24, r24
    1ea4:	31 f4       	brne	.+12     	; 0x1eb2 <enable_ssd+0x24>
	    DIO_u8SetPinValue(Copy_u8PortId,Copy_u8PinId,DIO_u8_HIGH);
    1ea6:	89 81       	ldd	r24, Y+1	; 0x01
    1ea8:	6a 81       	ldd	r22, Y+2	; 0x02
    1eaa:	41 e0       	ldi	r20, 0x01	; 1
    1eac:	0e 94 32 0b 	call	0x1664	; 0x1664 <DIO_u8SetPinValue>
    1eb0:	05 c0       	rjmp	.+10     	; 0x1ebc <enable_ssd+0x2e>
	else
		DIO_u8SetPinValue(Copy_u8PortId,Copy_u8PinId,DIO_u8_LOW);
    1eb2:	89 81       	ldd	r24, Y+1	; 0x01
    1eb4:	6a 81       	ldd	r22, Y+2	; 0x02
    1eb6:	40 e0       	ldi	r20, 0x00	; 0
    1eb8:	0e 94 32 0b 	call	0x1664	; 0x1664 <DIO_u8SetPinValue>
}
    1ebc:	0f 90       	pop	r0
    1ebe:	0f 90       	pop	r0
    1ec0:	0f 90       	pop	r0
    1ec2:	cf 91       	pop	r28
    1ec4:	df 91       	pop	r29
    1ec6:	08 95       	ret

00001ec8 <disable_ssd>:

void disable_ssd(u8 Copy_u8PortId, u8 Copy_u8PinId,u8 AN_CATH)
{
    1ec8:	df 93       	push	r29
    1eca:	cf 93       	push	r28
    1ecc:	00 d0       	rcall	.+0      	; 0x1ece <disable_ssd+0x6>
    1ece:	0f 92       	push	r0
    1ed0:	cd b7       	in	r28, 0x3d	; 61
    1ed2:	de b7       	in	r29, 0x3e	; 62
    1ed4:	89 83       	std	Y+1, r24	; 0x01
    1ed6:	6a 83       	std	Y+2, r22	; 0x02
    1ed8:	4b 83       	std	Y+3, r20	; 0x03
	if(AN_CATH==ANODE)
    1eda:	8b 81       	ldd	r24, Y+3	; 0x03
    1edc:	88 23       	and	r24, r24
    1ede:	31 f4       	brne	.+12     	; 0x1eec <disable_ssd+0x24>
		    DIO_u8SetPinValue(Copy_u8PortId,Copy_u8PinId,DIO_u8_LOW);
    1ee0:	89 81       	ldd	r24, Y+1	; 0x01
    1ee2:	6a 81       	ldd	r22, Y+2	; 0x02
    1ee4:	40 e0       	ldi	r20, 0x00	; 0
    1ee6:	0e 94 32 0b 	call	0x1664	; 0x1664 <DIO_u8SetPinValue>
    1eea:	05 c0       	rjmp	.+10     	; 0x1ef6 <disable_ssd+0x2e>
    else
			DIO_u8SetPinValue(Copy_u8PortId,Copy_u8PinId,DIO_u8_HIGH);
    1eec:	89 81       	ldd	r24, Y+1	; 0x01
    1eee:	6a 81       	ldd	r22, Y+2	; 0x02
    1ef0:	41 e0       	ldi	r20, 0x01	; 1
    1ef2:	0e 94 32 0b 	call	0x1664	; 0x1664 <DIO_u8SetPinValue>
}
    1ef6:	0f 90       	pop	r0
    1ef8:	0f 90       	pop	r0
    1efa:	0f 90       	pop	r0
    1efc:	cf 91       	pop	r28
    1efe:	df 91       	pop	r29
    1f00:	08 95       	ret

00001f02 <LCD_voidSendData>:
#include "LIB/BIT_MATH.h"
#include "MCAL/DIO/DIO_interface.h"
#include <util/delay.h>

 void LCD_voidSendData(u8 Copy_u8Data)
{
    1f02:	df 93       	push	r29
    1f04:	cf 93       	push	r28
    1f06:	cd b7       	in	r28, 0x3d	; 61
    1f08:	de b7       	in	r29, 0x3e	; 62
    1f0a:	2f 97       	sbiw	r28, 0x0f	; 15
    1f0c:	0f b6       	in	r0, 0x3f	; 63
    1f0e:	f8 94       	cli
    1f10:	de bf       	out	0x3e, r29	; 62
    1f12:	0f be       	out	0x3f, r0	; 63
    1f14:	cd bf       	out	0x3d, r28	; 61
    1f16:	8f 87       	std	Y+15, r24	; 0x0f
	//RS->1   ,RW=0
	DIO_u8SetPinValue(CTRL_PORT,RS,DIO_u8_HIGH);
    1f18:	82 e0       	ldi	r24, 0x02	; 2
    1f1a:	67 e0       	ldi	r22, 0x07	; 7
    1f1c:	41 e0       	ldi	r20, 0x01	; 1
    1f1e:	0e 94 32 0b 	call	0x1664	; 0x1664 <DIO_u8SetPinValue>
	DIO_u8SetPinValue(CTRL_PORT,RW,DIO_u8_LOW);
    1f22:	82 e0       	ldi	r24, 0x02	; 2
    1f24:	66 e0       	ldi	r22, 0x06	; 6
    1f26:	40 e0       	ldi	r20, 0x00	; 0
    1f28:	0e 94 32 0b 	call	0x1664	; 0x1664 <DIO_u8SetPinValue>
	//Set Data -> data port
	DIO_u8SetPortValue(DATA_PORT,Copy_u8Data);
    1f2c:	81 e0       	ldi	r24, 0x01	; 1
    1f2e:	6f 85       	ldd	r22, Y+15	; 0x0f
    1f30:	0e 94 1e 0d 	call	0x1a3c	; 0x1a3c <DIO_u8SetPortValue>
	//enable pulse
	DIO_u8SetPinValue(CTRL_PORT,EN,DIO_u8_HIGH);
    1f34:	82 e0       	ldi	r24, 0x02	; 2
    1f36:	65 e0       	ldi	r22, 0x05	; 5
    1f38:	41 e0       	ldi	r20, 0x01	; 1
    1f3a:	0e 94 32 0b 	call	0x1664	; 0x1664 <DIO_u8SetPinValue>
    1f3e:	80 e0       	ldi	r24, 0x00	; 0
    1f40:	90 e0       	ldi	r25, 0x00	; 0
    1f42:	a0 e8       	ldi	r26, 0x80	; 128
    1f44:	bf e3       	ldi	r27, 0x3F	; 63
    1f46:	8b 87       	std	Y+11, r24	; 0x0b
    1f48:	9c 87       	std	Y+12, r25	; 0x0c
    1f4a:	ad 87       	std	Y+13, r26	; 0x0d
    1f4c:	be 87       	std	Y+14, r27	; 0x0e
 */
void
_delay_ms(double __ms)
{
	uint16_t __ticks;
	double __tmp = ((F_CPU) / 4e3) * __ms;
    1f4e:	6b 85       	ldd	r22, Y+11	; 0x0b
    1f50:	7c 85       	ldd	r23, Y+12	; 0x0c
    1f52:	8d 85       	ldd	r24, Y+13	; 0x0d
    1f54:	9e 85       	ldd	r25, Y+14	; 0x0e
    1f56:	20 e0       	ldi	r18, 0x00	; 0
    1f58:	30 e0       	ldi	r19, 0x00	; 0
    1f5a:	4a ef       	ldi	r20, 0xFA	; 250
    1f5c:	54 e4       	ldi	r21, 0x44	; 68
    1f5e:	0e 94 1f 02 	call	0x43e	; 0x43e <__mulsf3>
    1f62:	dc 01       	movw	r26, r24
    1f64:	cb 01       	movw	r24, r22
    1f66:	8f 83       	std	Y+7, r24	; 0x07
    1f68:	98 87       	std	Y+8, r25	; 0x08
    1f6a:	a9 87       	std	Y+9, r26	; 0x09
    1f6c:	ba 87       	std	Y+10, r27	; 0x0a
	if (__tmp < 1.0)
    1f6e:	6f 81       	ldd	r22, Y+7	; 0x07
    1f70:	78 85       	ldd	r23, Y+8	; 0x08
    1f72:	89 85       	ldd	r24, Y+9	; 0x09
    1f74:	9a 85       	ldd	r25, Y+10	; 0x0a
    1f76:	20 e0       	ldi	r18, 0x00	; 0
    1f78:	30 e0       	ldi	r19, 0x00	; 0
    1f7a:	40 e8       	ldi	r20, 0x80	; 128
    1f7c:	5f e3       	ldi	r21, 0x3F	; 63
    1f7e:	0e 94 25 04 	call	0x84a	; 0x84a <__ltsf2>
    1f82:	88 23       	and	r24, r24
    1f84:	2c f4       	brge	.+10     	; 0x1f90 <LCD_voidSendData+0x8e>
		__ticks = 1;
    1f86:	81 e0       	ldi	r24, 0x01	; 1
    1f88:	90 e0       	ldi	r25, 0x00	; 0
    1f8a:	9e 83       	std	Y+6, r25	; 0x06
    1f8c:	8d 83       	std	Y+5, r24	; 0x05
    1f8e:	3f c0       	rjmp	.+126    	; 0x200e <LCD_voidSendData+0x10c>
	else if (__tmp > 65535)
    1f90:	6f 81       	ldd	r22, Y+7	; 0x07
    1f92:	78 85       	ldd	r23, Y+8	; 0x08
    1f94:	89 85       	ldd	r24, Y+9	; 0x09
    1f96:	9a 85       	ldd	r25, Y+10	; 0x0a
    1f98:	20 e0       	ldi	r18, 0x00	; 0
    1f9a:	3f ef       	ldi	r19, 0xFF	; 255
    1f9c:	4f e7       	ldi	r20, 0x7F	; 127
    1f9e:	57 e4       	ldi	r21, 0x47	; 71
    1fa0:	0e 94 c5 03 	call	0x78a	; 0x78a <__gtsf2>
    1fa4:	18 16       	cp	r1, r24
    1fa6:	4c f5       	brge	.+82     	; 0x1ffa <LCD_voidSendData+0xf8>
	{
		//	__ticks = requested delay in 1/10 ms
		__ticks = (uint16_t) (__ms * 10.0);
    1fa8:	6b 85       	ldd	r22, Y+11	; 0x0b
    1faa:	7c 85       	ldd	r23, Y+12	; 0x0c
    1fac:	8d 85       	ldd	r24, Y+13	; 0x0d
    1fae:	9e 85       	ldd	r25, Y+14	; 0x0e
    1fb0:	20 e0       	ldi	r18, 0x00	; 0
    1fb2:	30 e0       	ldi	r19, 0x00	; 0
    1fb4:	40 e2       	ldi	r20, 0x20	; 32
    1fb6:	51 e4       	ldi	r21, 0x41	; 65
    1fb8:	0e 94 1f 02 	call	0x43e	; 0x43e <__mulsf3>
    1fbc:	dc 01       	movw	r26, r24
    1fbe:	cb 01       	movw	r24, r22
    1fc0:	bc 01       	movw	r22, r24
    1fc2:	cd 01       	movw	r24, r26
    1fc4:	0e 94 49 00 	call	0x92	; 0x92 <__fixunssfsi>
    1fc8:	dc 01       	movw	r26, r24
    1fca:	cb 01       	movw	r24, r22
    1fcc:	9e 83       	std	Y+6, r25	; 0x06
    1fce:	8d 83       	std	Y+5, r24	; 0x05
    1fd0:	0f c0       	rjmp	.+30     	; 0x1ff0 <LCD_voidSendData+0xee>
    1fd2:	88 ec       	ldi	r24, 0xC8	; 200
    1fd4:	90 e0       	ldi	r25, 0x00	; 0
    1fd6:	9c 83       	std	Y+4, r25	; 0x04
    1fd8:	8b 83       	std	Y+3, r24	; 0x03
    milliseconds can be achieved.
 */
void
_delay_loop_2(uint16_t __count)
{
	__asm__ volatile (
    1fda:	8b 81       	ldd	r24, Y+3	; 0x03
    1fdc:	9c 81       	ldd	r25, Y+4	; 0x04
    1fde:	01 97       	sbiw	r24, 0x01	; 1
    1fe0:	f1 f7       	brne	.-4      	; 0x1fde <LCD_voidSendData+0xdc>
    1fe2:	9c 83       	std	Y+4, r25	; 0x04
    1fe4:	8b 83       	std	Y+3, r24	; 0x03
		while(__ticks)
		{
			// wait 1/10 ms
			_delay_loop_2(((F_CPU) / 4e3) / 10);
			__ticks --;
    1fe6:	8d 81       	ldd	r24, Y+5	; 0x05
    1fe8:	9e 81       	ldd	r25, Y+6	; 0x06
    1fea:	01 97       	sbiw	r24, 0x01	; 1
    1fec:	9e 83       	std	Y+6, r25	; 0x06
    1fee:	8d 83       	std	Y+5, r24	; 0x05
		__ticks = 1;
	else if (__tmp > 65535)
	{
		//	__ticks = requested delay in 1/10 ms
		__ticks = (uint16_t) (__ms * 10.0);
		while(__ticks)
    1ff0:	8d 81       	ldd	r24, Y+5	; 0x05
    1ff2:	9e 81       	ldd	r25, Y+6	; 0x06
    1ff4:	00 97       	sbiw	r24, 0x00	; 0
    1ff6:	69 f7       	brne	.-38     	; 0x1fd2 <LCD_voidSendData+0xd0>
    1ff8:	14 c0       	rjmp	.+40     	; 0x2022 <LCD_voidSendData+0x120>
			__ticks --;
		}
		return;
	}
	else
		__ticks = (uint16_t)__tmp;
    1ffa:	6f 81       	ldd	r22, Y+7	; 0x07
    1ffc:	78 85       	ldd	r23, Y+8	; 0x08
    1ffe:	89 85       	ldd	r24, Y+9	; 0x09
    2000:	9a 85       	ldd	r25, Y+10	; 0x0a
    2002:	0e 94 49 00 	call	0x92	; 0x92 <__fixunssfsi>
    2006:	dc 01       	movw	r26, r24
    2008:	cb 01       	movw	r24, r22
    200a:	9e 83       	std	Y+6, r25	; 0x06
    200c:	8d 83       	std	Y+5, r24	; 0x05
    200e:	8d 81       	ldd	r24, Y+5	; 0x05
    2010:	9e 81       	ldd	r25, Y+6	; 0x06
    2012:	9a 83       	std	Y+2, r25	; 0x02
    2014:	89 83       	std	Y+1, r24	; 0x01
    2016:	89 81       	ldd	r24, Y+1	; 0x01
    2018:	9a 81       	ldd	r25, Y+2	; 0x02
    201a:	01 97       	sbiw	r24, 0x01	; 1
    201c:	f1 f7       	brne	.-4      	; 0x201a <LCD_voidSendData+0x118>
    201e:	9a 83       	std	Y+2, r25	; 0x02
    2020:	89 83       	std	Y+1, r24	; 0x01
	_delay_ms(1);
	DIO_u8SetPinValue(CTRL_PORT,EN,DIO_u8_LOW);
    2022:	82 e0       	ldi	r24, 0x02	; 2
    2024:	65 e0       	ldi	r22, 0x05	; 5
    2026:	40 e0       	ldi	r20, 0x00	; 0
    2028:	0e 94 32 0b 	call	0x1664	; 0x1664 <DIO_u8SetPinValue>
}
    202c:	2f 96       	adiw	r28, 0x0f	; 15
    202e:	0f b6       	in	r0, 0x3f	; 63
    2030:	f8 94       	cli
    2032:	de bf       	out	0x3e, r29	; 62
    2034:	0f be       	out	0x3f, r0	; 63
    2036:	cd bf       	out	0x3d, r28	; 61
    2038:	cf 91       	pop	r28
    203a:	df 91       	pop	r29
    203c:	08 95       	ret

0000203e <LCD_voidSendCommand>:
static void LCD_voidSendCommand(u8 Copy_u8Command)
{
    203e:	df 93       	push	r29
    2040:	cf 93       	push	r28
    2042:	cd b7       	in	r28, 0x3d	; 61
    2044:	de b7       	in	r29, 0x3e	; 62
    2046:	2f 97       	sbiw	r28, 0x0f	; 15
    2048:	0f b6       	in	r0, 0x3f	; 63
    204a:	f8 94       	cli
    204c:	de bf       	out	0x3e, r29	; 62
    204e:	0f be       	out	0x3f, r0	; 63
    2050:	cd bf       	out	0x3d, r28	; 61
    2052:	8f 87       	std	Y+15, r24	; 0x0f
	//RS->0   ,RW=0
	DIO_u8SetPinValue(CTRL_PORT,RS,DIO_u8_LOW);
    2054:	82 e0       	ldi	r24, 0x02	; 2
    2056:	67 e0       	ldi	r22, 0x07	; 7
    2058:	40 e0       	ldi	r20, 0x00	; 0
    205a:	0e 94 32 0b 	call	0x1664	; 0x1664 <DIO_u8SetPinValue>
	DIO_u8SetPinValue(CTRL_PORT,RW,DIO_u8_LOW);
    205e:	82 e0       	ldi	r24, 0x02	; 2
    2060:	66 e0       	ldi	r22, 0x06	; 6
    2062:	40 e0       	ldi	r20, 0x00	; 0
    2064:	0e 94 32 0b 	call	0x1664	; 0x1664 <DIO_u8SetPinValue>
	//Set Data -> data port
	DIO_u8SetPortValue(DATA_PORT,Copy_u8Command);
    2068:	81 e0       	ldi	r24, 0x01	; 1
    206a:	6f 85       	ldd	r22, Y+15	; 0x0f
    206c:	0e 94 1e 0d 	call	0x1a3c	; 0x1a3c <DIO_u8SetPortValue>
	//enable pulse
	DIO_u8SetPinValue(CTRL_PORT,EN,DIO_u8_HIGH);
    2070:	82 e0       	ldi	r24, 0x02	; 2
    2072:	65 e0       	ldi	r22, 0x05	; 5
    2074:	41 e0       	ldi	r20, 0x01	; 1
    2076:	0e 94 32 0b 	call	0x1664	; 0x1664 <DIO_u8SetPinValue>
    207a:	80 e0       	ldi	r24, 0x00	; 0
    207c:	90 e0       	ldi	r25, 0x00	; 0
    207e:	a0 e8       	ldi	r26, 0x80	; 128
    2080:	bf e3       	ldi	r27, 0x3F	; 63
    2082:	8b 87       	std	Y+11, r24	; 0x0b
    2084:	9c 87       	std	Y+12, r25	; 0x0c
    2086:	ad 87       	std	Y+13, r26	; 0x0d
    2088:	be 87       	std	Y+14, r27	; 0x0e
 */
void
_delay_ms(double __ms)
{
	uint16_t __ticks;
	double __tmp = ((F_CPU) / 4e3) * __ms;
    208a:	6b 85       	ldd	r22, Y+11	; 0x0b
    208c:	7c 85       	ldd	r23, Y+12	; 0x0c
    208e:	8d 85       	ldd	r24, Y+13	; 0x0d
    2090:	9e 85       	ldd	r25, Y+14	; 0x0e
    2092:	20 e0       	ldi	r18, 0x00	; 0
    2094:	30 e0       	ldi	r19, 0x00	; 0
    2096:	4a ef       	ldi	r20, 0xFA	; 250
    2098:	54 e4       	ldi	r21, 0x44	; 68
    209a:	0e 94 1f 02 	call	0x43e	; 0x43e <__mulsf3>
    209e:	dc 01       	movw	r26, r24
    20a0:	cb 01       	movw	r24, r22
    20a2:	8f 83       	std	Y+7, r24	; 0x07
    20a4:	98 87       	std	Y+8, r25	; 0x08
    20a6:	a9 87       	std	Y+9, r26	; 0x09
    20a8:	ba 87       	std	Y+10, r27	; 0x0a
	if (__tmp < 1.0)
    20aa:	6f 81       	ldd	r22, Y+7	; 0x07
    20ac:	78 85       	ldd	r23, Y+8	; 0x08
    20ae:	89 85       	ldd	r24, Y+9	; 0x09
    20b0:	9a 85       	ldd	r25, Y+10	; 0x0a
    20b2:	20 e0       	ldi	r18, 0x00	; 0
    20b4:	30 e0       	ldi	r19, 0x00	; 0
    20b6:	40 e8       	ldi	r20, 0x80	; 128
    20b8:	5f e3       	ldi	r21, 0x3F	; 63
    20ba:	0e 94 25 04 	call	0x84a	; 0x84a <__ltsf2>
    20be:	88 23       	and	r24, r24
    20c0:	2c f4       	brge	.+10     	; 0x20cc <LCD_voidSendCommand+0x8e>
		__ticks = 1;
    20c2:	81 e0       	ldi	r24, 0x01	; 1
    20c4:	90 e0       	ldi	r25, 0x00	; 0
    20c6:	9e 83       	std	Y+6, r25	; 0x06
    20c8:	8d 83       	std	Y+5, r24	; 0x05
    20ca:	3f c0       	rjmp	.+126    	; 0x214a <LCD_voidSendCommand+0x10c>
	else if (__tmp > 65535)
    20cc:	6f 81       	ldd	r22, Y+7	; 0x07
    20ce:	78 85       	ldd	r23, Y+8	; 0x08
    20d0:	89 85       	ldd	r24, Y+9	; 0x09
    20d2:	9a 85       	ldd	r25, Y+10	; 0x0a
    20d4:	20 e0       	ldi	r18, 0x00	; 0
    20d6:	3f ef       	ldi	r19, 0xFF	; 255
    20d8:	4f e7       	ldi	r20, 0x7F	; 127
    20da:	57 e4       	ldi	r21, 0x47	; 71
    20dc:	0e 94 c5 03 	call	0x78a	; 0x78a <__gtsf2>
    20e0:	18 16       	cp	r1, r24
    20e2:	4c f5       	brge	.+82     	; 0x2136 <LCD_voidSendCommand+0xf8>
	{
		//	__ticks = requested delay in 1/10 ms
		__ticks = (uint16_t) (__ms * 10.0);
    20e4:	6b 85       	ldd	r22, Y+11	; 0x0b
    20e6:	7c 85       	ldd	r23, Y+12	; 0x0c
    20e8:	8d 85       	ldd	r24, Y+13	; 0x0d
    20ea:	9e 85       	ldd	r25, Y+14	; 0x0e
    20ec:	20 e0       	ldi	r18, 0x00	; 0
    20ee:	30 e0       	ldi	r19, 0x00	; 0
    20f0:	40 e2       	ldi	r20, 0x20	; 32
    20f2:	51 e4       	ldi	r21, 0x41	; 65
    20f4:	0e 94 1f 02 	call	0x43e	; 0x43e <__mulsf3>
    20f8:	dc 01       	movw	r26, r24
    20fa:	cb 01       	movw	r24, r22
    20fc:	bc 01       	movw	r22, r24
    20fe:	cd 01       	movw	r24, r26
    2100:	0e 94 49 00 	call	0x92	; 0x92 <__fixunssfsi>
    2104:	dc 01       	movw	r26, r24
    2106:	cb 01       	movw	r24, r22
    2108:	9e 83       	std	Y+6, r25	; 0x06
    210a:	8d 83       	std	Y+5, r24	; 0x05
    210c:	0f c0       	rjmp	.+30     	; 0x212c <LCD_voidSendCommand+0xee>
    210e:	88 ec       	ldi	r24, 0xC8	; 200
    2110:	90 e0       	ldi	r25, 0x00	; 0
    2112:	9c 83       	std	Y+4, r25	; 0x04
    2114:	8b 83       	std	Y+3, r24	; 0x03
    2116:	8b 81       	ldd	r24, Y+3	; 0x03
    2118:	9c 81       	ldd	r25, Y+4	; 0x04
    211a:	01 97       	sbiw	r24, 0x01	; 1
    211c:	f1 f7       	brne	.-4      	; 0x211a <LCD_voidSendCommand+0xdc>
    211e:	9c 83       	std	Y+4, r25	; 0x04
    2120:	8b 83       	std	Y+3, r24	; 0x03
		while(__ticks)
		{
			// wait 1/10 ms
			_delay_loop_2(((F_CPU) / 4e3) / 10);
			__ticks --;
    2122:	8d 81       	ldd	r24, Y+5	; 0x05
    2124:	9e 81       	ldd	r25, Y+6	; 0x06
    2126:	01 97       	sbiw	r24, 0x01	; 1
    2128:	9e 83       	std	Y+6, r25	; 0x06
    212a:	8d 83       	std	Y+5, r24	; 0x05
		__ticks = 1;
	else if (__tmp > 65535)
	{
		//	__ticks = requested delay in 1/10 ms
		__ticks = (uint16_t) (__ms * 10.0);
		while(__ticks)
    212c:	8d 81       	ldd	r24, Y+5	; 0x05
    212e:	9e 81       	ldd	r25, Y+6	; 0x06
    2130:	00 97       	sbiw	r24, 0x00	; 0
    2132:	69 f7       	brne	.-38     	; 0x210e <LCD_voidSendCommand+0xd0>
    2134:	14 c0       	rjmp	.+40     	; 0x215e <LCD_voidSendCommand+0x120>
			__ticks --;
		}
		return;
	}
	else
		__ticks = (uint16_t)__tmp;
    2136:	6f 81       	ldd	r22, Y+7	; 0x07
    2138:	78 85       	ldd	r23, Y+8	; 0x08
    213a:	89 85       	ldd	r24, Y+9	; 0x09
    213c:	9a 85       	ldd	r25, Y+10	; 0x0a
    213e:	0e 94 49 00 	call	0x92	; 0x92 <__fixunssfsi>
    2142:	dc 01       	movw	r26, r24
    2144:	cb 01       	movw	r24, r22
    2146:	9e 83       	std	Y+6, r25	; 0x06
    2148:	8d 83       	std	Y+5, r24	; 0x05
    214a:	8d 81       	ldd	r24, Y+5	; 0x05
    214c:	9e 81       	ldd	r25, Y+6	; 0x06
    214e:	9a 83       	std	Y+2, r25	; 0x02
    2150:	89 83       	std	Y+1, r24	; 0x01
    2152:	89 81       	ldd	r24, Y+1	; 0x01
    2154:	9a 81       	ldd	r25, Y+2	; 0x02
    2156:	01 97       	sbiw	r24, 0x01	; 1
    2158:	f1 f7       	brne	.-4      	; 0x2156 <LCD_voidSendCommand+0x118>
    215a:	9a 83       	std	Y+2, r25	; 0x02
    215c:	89 83       	std	Y+1, r24	; 0x01
	_delay_ms(1);
	DIO_u8SetPinValue(CTRL_PORT,EN,DIO_u8_LOW);
    215e:	82 e0       	ldi	r24, 0x02	; 2
    2160:	65 e0       	ldi	r22, 0x05	; 5
    2162:	40 e0       	ldi	r20, 0x00	; 0
    2164:	0e 94 32 0b 	call	0x1664	; 0x1664 <DIO_u8SetPinValue>
}
    2168:	2f 96       	adiw	r28, 0x0f	; 15
    216a:	0f b6       	in	r0, 0x3f	; 63
    216c:	f8 94       	cli
    216e:	de bf       	out	0x3e, r29	; 62
    2170:	0f be       	out	0x3f, r0	; 63
    2172:	cd bf       	out	0x3d, r28	; 61
    2174:	cf 91       	pop	r28
    2176:	df 91       	pop	r29
    2178:	08 95       	ret

0000217a <LCD_voidInit>:

void LCD_voidInit(void)
{
    217a:	0f 93       	push	r16
    217c:	1f 93       	push	r17
    217e:	df 93       	push	r29
    2180:	cf 93       	push	r28
    2182:	cd b7       	in	r28, 0x3d	; 61
    2184:	de b7       	in	r29, 0x3e	; 62
    2186:	c6 54       	subi	r28, 0x46	; 70
    2188:	d0 40       	sbci	r29, 0x00	; 0
    218a:	0f b6       	in	r0, 0x3f	; 63
    218c:	f8 94       	cli
    218e:	de bf       	out	0x3e, r29	; 62
    2190:	0f be       	out	0x3f, r0	; 63
    2192:	cd bf       	out	0x3d, r28	; 61
    2194:	fe 01       	movw	r30, r28
    2196:	ed 5b       	subi	r30, 0xBD	; 189
    2198:	ff 4f       	sbci	r31, 0xFF	; 255
    219a:	80 e0       	ldi	r24, 0x00	; 0
    219c:	90 e0       	ldi	r25, 0x00	; 0
    219e:	a0 e2       	ldi	r26, 0x20	; 32
    21a0:	b2 e4       	ldi	r27, 0x42	; 66
    21a2:	80 83       	st	Z, r24
    21a4:	91 83       	std	Z+1, r25	; 0x01
    21a6:	a2 83       	std	Z+2, r26	; 0x02
    21a8:	b3 83       	std	Z+3, r27	; 0x03
 */
void
_delay_ms(double __ms)
{
	uint16_t __ticks;
	double __tmp = ((F_CPU) / 4e3) * __ms;
    21aa:	8e 01       	movw	r16, r28
    21ac:	01 5c       	subi	r16, 0xC1	; 193
    21ae:	1f 4f       	sbci	r17, 0xFF	; 255
    21b0:	fe 01       	movw	r30, r28
    21b2:	ed 5b       	subi	r30, 0xBD	; 189
    21b4:	ff 4f       	sbci	r31, 0xFF	; 255
    21b6:	60 81       	ld	r22, Z
    21b8:	71 81       	ldd	r23, Z+1	; 0x01
    21ba:	82 81       	ldd	r24, Z+2	; 0x02
    21bc:	93 81       	ldd	r25, Z+3	; 0x03
    21be:	20 e0       	ldi	r18, 0x00	; 0
    21c0:	30 e0       	ldi	r19, 0x00	; 0
    21c2:	4a ef       	ldi	r20, 0xFA	; 250
    21c4:	54 e4       	ldi	r21, 0x44	; 68
    21c6:	0e 94 1f 02 	call	0x43e	; 0x43e <__mulsf3>
    21ca:	dc 01       	movw	r26, r24
    21cc:	cb 01       	movw	r24, r22
    21ce:	f8 01       	movw	r30, r16
    21d0:	80 83       	st	Z, r24
    21d2:	91 83       	std	Z+1, r25	; 0x01
    21d4:	a2 83       	std	Z+2, r26	; 0x02
    21d6:	b3 83       	std	Z+3, r27	; 0x03
	if (__tmp < 1.0)
    21d8:	fe 01       	movw	r30, r28
    21da:	ff 96       	adiw	r30, 0x3f	; 63
    21dc:	60 81       	ld	r22, Z
    21de:	71 81       	ldd	r23, Z+1	; 0x01
    21e0:	82 81       	ldd	r24, Z+2	; 0x02
    21e2:	93 81       	ldd	r25, Z+3	; 0x03
    21e4:	20 e0       	ldi	r18, 0x00	; 0
    21e6:	30 e0       	ldi	r19, 0x00	; 0
    21e8:	40 e8       	ldi	r20, 0x80	; 128
    21ea:	5f e3       	ldi	r21, 0x3F	; 63
    21ec:	0e 94 25 04 	call	0x84a	; 0x84a <__ltsf2>
    21f0:	88 23       	and	r24, r24
    21f2:	2c f4       	brge	.+10     	; 0x21fe <LCD_voidInit+0x84>
		__ticks = 1;
    21f4:	81 e0       	ldi	r24, 0x01	; 1
    21f6:	90 e0       	ldi	r25, 0x00	; 0
    21f8:	9e af       	std	Y+62, r25	; 0x3e
    21fa:	8d af       	std	Y+61, r24	; 0x3d
    21fc:	46 c0       	rjmp	.+140    	; 0x228a <LCD_voidInit+0x110>
	else if (__tmp > 65535)
    21fe:	fe 01       	movw	r30, r28
    2200:	ff 96       	adiw	r30, 0x3f	; 63
    2202:	60 81       	ld	r22, Z
    2204:	71 81       	ldd	r23, Z+1	; 0x01
    2206:	82 81       	ldd	r24, Z+2	; 0x02
    2208:	93 81       	ldd	r25, Z+3	; 0x03
    220a:	20 e0       	ldi	r18, 0x00	; 0
    220c:	3f ef       	ldi	r19, 0xFF	; 255
    220e:	4f e7       	ldi	r20, 0x7F	; 127
    2210:	57 e4       	ldi	r21, 0x47	; 71
    2212:	0e 94 c5 03 	call	0x78a	; 0x78a <__gtsf2>
    2216:	18 16       	cp	r1, r24
    2218:	64 f5       	brge	.+88     	; 0x2272 <LCD_voidInit+0xf8>
	{
		//	__ticks = requested delay in 1/10 ms
		__ticks = (uint16_t) (__ms * 10.0);
    221a:	fe 01       	movw	r30, r28
    221c:	ed 5b       	subi	r30, 0xBD	; 189
    221e:	ff 4f       	sbci	r31, 0xFF	; 255
    2220:	60 81       	ld	r22, Z
    2222:	71 81       	ldd	r23, Z+1	; 0x01
    2224:	82 81       	ldd	r24, Z+2	; 0x02
    2226:	93 81       	ldd	r25, Z+3	; 0x03
    2228:	20 e0       	ldi	r18, 0x00	; 0
    222a:	30 e0       	ldi	r19, 0x00	; 0
    222c:	40 e2       	ldi	r20, 0x20	; 32
    222e:	51 e4       	ldi	r21, 0x41	; 65
    2230:	0e 94 1f 02 	call	0x43e	; 0x43e <__mulsf3>
    2234:	dc 01       	movw	r26, r24
    2236:	cb 01       	movw	r24, r22
    2238:	bc 01       	movw	r22, r24
    223a:	cd 01       	movw	r24, r26
    223c:	0e 94 49 00 	call	0x92	; 0x92 <__fixunssfsi>
    2240:	dc 01       	movw	r26, r24
    2242:	cb 01       	movw	r24, r22
    2244:	9e af       	std	Y+62, r25	; 0x3e
    2246:	8d af       	std	Y+61, r24	; 0x3d
    2248:	0f c0       	rjmp	.+30     	; 0x2268 <LCD_voidInit+0xee>
    224a:	88 ec       	ldi	r24, 0xC8	; 200
    224c:	90 e0       	ldi	r25, 0x00	; 0
    224e:	9c af       	std	Y+60, r25	; 0x3c
    2250:	8b af       	std	Y+59, r24	; 0x3b
    2252:	8b ad       	ldd	r24, Y+59	; 0x3b
    2254:	9c ad       	ldd	r25, Y+60	; 0x3c
    2256:	01 97       	sbiw	r24, 0x01	; 1
    2258:	f1 f7       	brne	.-4      	; 0x2256 <LCD_voidInit+0xdc>
    225a:	9c af       	std	Y+60, r25	; 0x3c
    225c:	8b af       	std	Y+59, r24	; 0x3b
		while(__ticks)
		{
			// wait 1/10 ms
			_delay_loop_2(((F_CPU) / 4e3) / 10);
			__ticks --;
    225e:	8d ad       	ldd	r24, Y+61	; 0x3d
    2260:	9e ad       	ldd	r25, Y+62	; 0x3e
    2262:	01 97       	sbiw	r24, 0x01	; 1
    2264:	9e af       	std	Y+62, r25	; 0x3e
    2266:	8d af       	std	Y+61, r24	; 0x3d
		__ticks = 1;
	else if (__tmp > 65535)
	{
		//	__ticks = requested delay in 1/10 ms
		__ticks = (uint16_t) (__ms * 10.0);
		while(__ticks)
    2268:	8d ad       	ldd	r24, Y+61	; 0x3d
    226a:	9e ad       	ldd	r25, Y+62	; 0x3e
    226c:	00 97       	sbiw	r24, 0x00	; 0
    226e:	69 f7       	brne	.-38     	; 0x224a <LCD_voidInit+0xd0>
    2270:	16 c0       	rjmp	.+44     	; 0x229e <LCD_voidInit+0x124>
			__ticks --;
		}
		return;
	}
	else
		__ticks = (uint16_t)__tmp;
    2272:	fe 01       	movw	r30, r28
    2274:	ff 96       	adiw	r30, 0x3f	; 63
    2276:	60 81       	ld	r22, Z
    2278:	71 81       	ldd	r23, Z+1	; 0x01
    227a:	82 81       	ldd	r24, Z+2	; 0x02
    227c:	93 81       	ldd	r25, Z+3	; 0x03
    227e:	0e 94 49 00 	call	0x92	; 0x92 <__fixunssfsi>
    2282:	dc 01       	movw	r26, r24
    2284:	cb 01       	movw	r24, r22
    2286:	9e af       	std	Y+62, r25	; 0x3e
    2288:	8d af       	std	Y+61, r24	; 0x3d
    228a:	8d ad       	ldd	r24, Y+61	; 0x3d
    228c:	9e ad       	ldd	r25, Y+62	; 0x3e
    228e:	9a af       	std	Y+58, r25	; 0x3a
    2290:	89 af       	std	Y+57, r24	; 0x39
    2292:	89 ad       	ldd	r24, Y+57	; 0x39
    2294:	9a ad       	ldd	r25, Y+58	; 0x3a
    2296:	01 97       	sbiw	r24, 0x01	; 1
    2298:	f1 f7       	brne	.-4      	; 0x2296 <LCD_voidInit+0x11c>
    229a:	9a af       	std	Y+58, r25	; 0x3a
    229c:	89 af       	std	Y+57, r24	; 0x39
	_delay_ms(40);
	LCD_voidSendCommand(0b00111000);
    229e:	88 e3       	ldi	r24, 0x38	; 56
    22a0:	0e 94 1f 10 	call	0x203e	; 0x203e <LCD_voidSendCommand>
    22a4:	80 e0       	ldi	r24, 0x00	; 0
    22a6:	90 e0       	ldi	r25, 0x00	; 0
    22a8:	a0 e8       	ldi	r26, 0x80	; 128
    22aa:	bf e3       	ldi	r27, 0x3F	; 63
    22ac:	8d ab       	std	Y+53, r24	; 0x35
    22ae:	9e ab       	std	Y+54, r25	; 0x36
    22b0:	af ab       	std	Y+55, r26	; 0x37
    22b2:	b8 af       	std	Y+56, r27	; 0x38
 */
void
_delay_ms(double __ms)
{
	uint16_t __ticks;
	double __tmp = ((F_CPU) / 4e3) * __ms;
    22b4:	6d a9       	ldd	r22, Y+53	; 0x35
    22b6:	7e a9       	ldd	r23, Y+54	; 0x36
    22b8:	8f a9       	ldd	r24, Y+55	; 0x37
    22ba:	98 ad       	ldd	r25, Y+56	; 0x38
    22bc:	20 e0       	ldi	r18, 0x00	; 0
    22be:	30 e0       	ldi	r19, 0x00	; 0
    22c0:	4a ef       	ldi	r20, 0xFA	; 250
    22c2:	54 e4       	ldi	r21, 0x44	; 68
    22c4:	0e 94 1f 02 	call	0x43e	; 0x43e <__mulsf3>
    22c8:	dc 01       	movw	r26, r24
    22ca:	cb 01       	movw	r24, r22
    22cc:	89 ab       	std	Y+49, r24	; 0x31
    22ce:	9a ab       	std	Y+50, r25	; 0x32
    22d0:	ab ab       	std	Y+51, r26	; 0x33
    22d2:	bc ab       	std	Y+52, r27	; 0x34
	if (__tmp < 1.0)
    22d4:	69 a9       	ldd	r22, Y+49	; 0x31
    22d6:	7a a9       	ldd	r23, Y+50	; 0x32
    22d8:	8b a9       	ldd	r24, Y+51	; 0x33
    22da:	9c a9       	ldd	r25, Y+52	; 0x34
    22dc:	20 e0       	ldi	r18, 0x00	; 0
    22de:	30 e0       	ldi	r19, 0x00	; 0
    22e0:	40 e8       	ldi	r20, 0x80	; 128
    22e2:	5f e3       	ldi	r21, 0x3F	; 63
    22e4:	0e 94 25 04 	call	0x84a	; 0x84a <__ltsf2>
    22e8:	88 23       	and	r24, r24
    22ea:	2c f4       	brge	.+10     	; 0x22f6 <LCD_voidInit+0x17c>
		__ticks = 1;
    22ec:	81 e0       	ldi	r24, 0x01	; 1
    22ee:	90 e0       	ldi	r25, 0x00	; 0
    22f0:	98 ab       	std	Y+48, r25	; 0x30
    22f2:	8f a7       	std	Y+47, r24	; 0x2f
    22f4:	3f c0       	rjmp	.+126    	; 0x2374 <LCD_voidInit+0x1fa>
	else if (__tmp > 65535)
    22f6:	69 a9       	ldd	r22, Y+49	; 0x31
    22f8:	7a a9       	ldd	r23, Y+50	; 0x32
    22fa:	8b a9       	ldd	r24, Y+51	; 0x33
    22fc:	9c a9       	ldd	r25, Y+52	; 0x34
    22fe:	20 e0       	ldi	r18, 0x00	; 0
    2300:	3f ef       	ldi	r19, 0xFF	; 255
    2302:	4f e7       	ldi	r20, 0x7F	; 127
    2304:	57 e4       	ldi	r21, 0x47	; 71
    2306:	0e 94 c5 03 	call	0x78a	; 0x78a <__gtsf2>
    230a:	18 16       	cp	r1, r24
    230c:	4c f5       	brge	.+82     	; 0x2360 <LCD_voidInit+0x1e6>
	{
		//	__ticks = requested delay in 1/10 ms
		__ticks = (uint16_t) (__ms * 10.0);
    230e:	6d a9       	ldd	r22, Y+53	; 0x35
    2310:	7e a9       	ldd	r23, Y+54	; 0x36
    2312:	8f a9       	ldd	r24, Y+55	; 0x37
    2314:	98 ad       	ldd	r25, Y+56	; 0x38
    2316:	20 e0       	ldi	r18, 0x00	; 0
    2318:	30 e0       	ldi	r19, 0x00	; 0
    231a:	40 e2       	ldi	r20, 0x20	; 32
    231c:	51 e4       	ldi	r21, 0x41	; 65
    231e:	0e 94 1f 02 	call	0x43e	; 0x43e <__mulsf3>
    2322:	dc 01       	movw	r26, r24
    2324:	cb 01       	movw	r24, r22
    2326:	bc 01       	movw	r22, r24
    2328:	cd 01       	movw	r24, r26
    232a:	0e 94 49 00 	call	0x92	; 0x92 <__fixunssfsi>
    232e:	dc 01       	movw	r26, r24
    2330:	cb 01       	movw	r24, r22
    2332:	98 ab       	std	Y+48, r25	; 0x30
    2334:	8f a7       	std	Y+47, r24	; 0x2f
    2336:	0f c0       	rjmp	.+30     	; 0x2356 <LCD_voidInit+0x1dc>
    2338:	88 ec       	ldi	r24, 0xC8	; 200
    233a:	90 e0       	ldi	r25, 0x00	; 0
    233c:	9e a7       	std	Y+46, r25	; 0x2e
    233e:	8d a7       	std	Y+45, r24	; 0x2d
    2340:	8d a5       	ldd	r24, Y+45	; 0x2d
    2342:	9e a5       	ldd	r25, Y+46	; 0x2e
    2344:	01 97       	sbiw	r24, 0x01	; 1
    2346:	f1 f7       	brne	.-4      	; 0x2344 <LCD_voidInit+0x1ca>
    2348:	9e a7       	std	Y+46, r25	; 0x2e
    234a:	8d a7       	std	Y+45, r24	; 0x2d
		while(__ticks)
		{
			// wait 1/10 ms
			_delay_loop_2(((F_CPU) / 4e3) / 10);
			__ticks --;
    234c:	8f a5       	ldd	r24, Y+47	; 0x2f
    234e:	98 a9       	ldd	r25, Y+48	; 0x30
    2350:	01 97       	sbiw	r24, 0x01	; 1
    2352:	98 ab       	std	Y+48, r25	; 0x30
    2354:	8f a7       	std	Y+47, r24	; 0x2f
		__ticks = 1;
	else if (__tmp > 65535)
	{
		//	__ticks = requested delay in 1/10 ms
		__ticks = (uint16_t) (__ms * 10.0);
		while(__ticks)
    2356:	8f a5       	ldd	r24, Y+47	; 0x2f
    2358:	98 a9       	ldd	r25, Y+48	; 0x30
    235a:	00 97       	sbiw	r24, 0x00	; 0
    235c:	69 f7       	brne	.-38     	; 0x2338 <LCD_voidInit+0x1be>
    235e:	14 c0       	rjmp	.+40     	; 0x2388 <LCD_voidInit+0x20e>
			__ticks --;
		}
		return;
	}
	else
		__ticks = (uint16_t)__tmp;
    2360:	69 a9       	ldd	r22, Y+49	; 0x31
    2362:	7a a9       	ldd	r23, Y+50	; 0x32
    2364:	8b a9       	ldd	r24, Y+51	; 0x33
    2366:	9c a9       	ldd	r25, Y+52	; 0x34
    2368:	0e 94 49 00 	call	0x92	; 0x92 <__fixunssfsi>
    236c:	dc 01       	movw	r26, r24
    236e:	cb 01       	movw	r24, r22
    2370:	98 ab       	std	Y+48, r25	; 0x30
    2372:	8f a7       	std	Y+47, r24	; 0x2f
    2374:	8f a5       	ldd	r24, Y+47	; 0x2f
    2376:	98 a9       	ldd	r25, Y+48	; 0x30
    2378:	9c a7       	std	Y+44, r25	; 0x2c
    237a:	8b a7       	std	Y+43, r24	; 0x2b
    237c:	8b a5       	ldd	r24, Y+43	; 0x2b
    237e:	9c a5       	ldd	r25, Y+44	; 0x2c
    2380:	01 97       	sbiw	r24, 0x01	; 1
    2382:	f1 f7       	brne	.-4      	; 0x2380 <LCD_voidInit+0x206>
    2384:	9c a7       	std	Y+44, r25	; 0x2c
    2386:	8b a7       	std	Y+43, r24	; 0x2b
	_delay_ms(1);
	LCD_voidSendCommand(0b00001100);
    2388:	8c e0       	ldi	r24, 0x0C	; 12
    238a:	0e 94 1f 10 	call	0x203e	; 0x203e <LCD_voidSendCommand>
    238e:	80 e0       	ldi	r24, 0x00	; 0
    2390:	90 e0       	ldi	r25, 0x00	; 0
    2392:	a0 e8       	ldi	r26, 0x80	; 128
    2394:	bf e3       	ldi	r27, 0x3F	; 63
    2396:	8f a3       	std	Y+39, r24	; 0x27
    2398:	98 a7       	std	Y+40, r25	; 0x28
    239a:	a9 a7       	std	Y+41, r26	; 0x29
    239c:	ba a7       	std	Y+42, r27	; 0x2a
 */
void
_delay_ms(double __ms)
{
	uint16_t __ticks;
	double __tmp = ((F_CPU) / 4e3) * __ms;
    239e:	6f a1       	ldd	r22, Y+39	; 0x27
    23a0:	78 a5       	ldd	r23, Y+40	; 0x28
    23a2:	89 a5       	ldd	r24, Y+41	; 0x29
    23a4:	9a a5       	ldd	r25, Y+42	; 0x2a
    23a6:	20 e0       	ldi	r18, 0x00	; 0
    23a8:	30 e0       	ldi	r19, 0x00	; 0
    23aa:	4a ef       	ldi	r20, 0xFA	; 250
    23ac:	54 e4       	ldi	r21, 0x44	; 68
    23ae:	0e 94 1f 02 	call	0x43e	; 0x43e <__mulsf3>
    23b2:	dc 01       	movw	r26, r24
    23b4:	cb 01       	movw	r24, r22
    23b6:	8b a3       	std	Y+35, r24	; 0x23
    23b8:	9c a3       	std	Y+36, r25	; 0x24
    23ba:	ad a3       	std	Y+37, r26	; 0x25
    23bc:	be a3       	std	Y+38, r27	; 0x26
	if (__tmp < 1.0)
    23be:	6b a1       	ldd	r22, Y+35	; 0x23
    23c0:	7c a1       	ldd	r23, Y+36	; 0x24
    23c2:	8d a1       	ldd	r24, Y+37	; 0x25
    23c4:	9e a1       	ldd	r25, Y+38	; 0x26
    23c6:	20 e0       	ldi	r18, 0x00	; 0
    23c8:	30 e0       	ldi	r19, 0x00	; 0
    23ca:	40 e8       	ldi	r20, 0x80	; 128
    23cc:	5f e3       	ldi	r21, 0x3F	; 63
    23ce:	0e 94 25 04 	call	0x84a	; 0x84a <__ltsf2>
    23d2:	88 23       	and	r24, r24
    23d4:	2c f4       	brge	.+10     	; 0x23e0 <LCD_voidInit+0x266>
		__ticks = 1;
    23d6:	81 e0       	ldi	r24, 0x01	; 1
    23d8:	90 e0       	ldi	r25, 0x00	; 0
    23da:	9a a3       	std	Y+34, r25	; 0x22
    23dc:	89 a3       	std	Y+33, r24	; 0x21
    23de:	3f c0       	rjmp	.+126    	; 0x245e <LCD_voidInit+0x2e4>
	else if (__tmp > 65535)
    23e0:	6b a1       	ldd	r22, Y+35	; 0x23
    23e2:	7c a1       	ldd	r23, Y+36	; 0x24
    23e4:	8d a1       	ldd	r24, Y+37	; 0x25
    23e6:	9e a1       	ldd	r25, Y+38	; 0x26
    23e8:	20 e0       	ldi	r18, 0x00	; 0
    23ea:	3f ef       	ldi	r19, 0xFF	; 255
    23ec:	4f e7       	ldi	r20, 0x7F	; 127
    23ee:	57 e4       	ldi	r21, 0x47	; 71
    23f0:	0e 94 c5 03 	call	0x78a	; 0x78a <__gtsf2>
    23f4:	18 16       	cp	r1, r24
    23f6:	4c f5       	brge	.+82     	; 0x244a <LCD_voidInit+0x2d0>
	{
		//	__ticks = requested delay in 1/10 ms
		__ticks = (uint16_t) (__ms * 10.0);
    23f8:	6f a1       	ldd	r22, Y+39	; 0x27
    23fa:	78 a5       	ldd	r23, Y+40	; 0x28
    23fc:	89 a5       	ldd	r24, Y+41	; 0x29
    23fe:	9a a5       	ldd	r25, Y+42	; 0x2a
    2400:	20 e0       	ldi	r18, 0x00	; 0
    2402:	30 e0       	ldi	r19, 0x00	; 0
    2404:	40 e2       	ldi	r20, 0x20	; 32
    2406:	51 e4       	ldi	r21, 0x41	; 65
    2408:	0e 94 1f 02 	call	0x43e	; 0x43e <__mulsf3>
    240c:	dc 01       	movw	r26, r24
    240e:	cb 01       	movw	r24, r22
    2410:	bc 01       	movw	r22, r24
    2412:	cd 01       	movw	r24, r26
    2414:	0e 94 49 00 	call	0x92	; 0x92 <__fixunssfsi>
    2418:	dc 01       	movw	r26, r24
    241a:	cb 01       	movw	r24, r22
    241c:	9a a3       	std	Y+34, r25	; 0x22
    241e:	89 a3       	std	Y+33, r24	; 0x21
    2420:	0f c0       	rjmp	.+30     	; 0x2440 <LCD_voidInit+0x2c6>
    2422:	88 ec       	ldi	r24, 0xC8	; 200
    2424:	90 e0       	ldi	r25, 0x00	; 0
    2426:	98 a3       	std	Y+32, r25	; 0x20
    2428:	8f 8f       	std	Y+31, r24	; 0x1f
    242a:	8f 8d       	ldd	r24, Y+31	; 0x1f
    242c:	98 a1       	ldd	r25, Y+32	; 0x20
    242e:	01 97       	sbiw	r24, 0x01	; 1
    2430:	f1 f7       	brne	.-4      	; 0x242e <LCD_voidInit+0x2b4>
    2432:	98 a3       	std	Y+32, r25	; 0x20
    2434:	8f 8f       	std	Y+31, r24	; 0x1f
		while(__ticks)
		{
			// wait 1/10 ms
			_delay_loop_2(((F_CPU) / 4e3) / 10);
			__ticks --;
    2436:	89 a1       	ldd	r24, Y+33	; 0x21
    2438:	9a a1       	ldd	r25, Y+34	; 0x22
    243a:	01 97       	sbiw	r24, 0x01	; 1
    243c:	9a a3       	std	Y+34, r25	; 0x22
    243e:	89 a3       	std	Y+33, r24	; 0x21
		__ticks = 1;
	else if (__tmp > 65535)
	{
		//	__ticks = requested delay in 1/10 ms
		__ticks = (uint16_t) (__ms * 10.0);
		while(__ticks)
    2440:	89 a1       	ldd	r24, Y+33	; 0x21
    2442:	9a a1       	ldd	r25, Y+34	; 0x22
    2444:	00 97       	sbiw	r24, 0x00	; 0
    2446:	69 f7       	brne	.-38     	; 0x2422 <LCD_voidInit+0x2a8>
    2448:	14 c0       	rjmp	.+40     	; 0x2472 <LCD_voidInit+0x2f8>
			__ticks --;
		}
		return;
	}
	else
		__ticks = (uint16_t)__tmp;
    244a:	6b a1       	ldd	r22, Y+35	; 0x23
    244c:	7c a1       	ldd	r23, Y+36	; 0x24
    244e:	8d a1       	ldd	r24, Y+37	; 0x25
    2450:	9e a1       	ldd	r25, Y+38	; 0x26
    2452:	0e 94 49 00 	call	0x92	; 0x92 <__fixunssfsi>
    2456:	dc 01       	movw	r26, r24
    2458:	cb 01       	movw	r24, r22
    245a:	9a a3       	std	Y+34, r25	; 0x22
    245c:	89 a3       	std	Y+33, r24	; 0x21
    245e:	89 a1       	ldd	r24, Y+33	; 0x21
    2460:	9a a1       	ldd	r25, Y+34	; 0x22
    2462:	9e 8f       	std	Y+30, r25	; 0x1e
    2464:	8d 8f       	std	Y+29, r24	; 0x1d
    2466:	8d 8d       	ldd	r24, Y+29	; 0x1d
    2468:	9e 8d       	ldd	r25, Y+30	; 0x1e
    246a:	01 97       	sbiw	r24, 0x01	; 1
    246c:	f1 f7       	brne	.-4      	; 0x246a <LCD_voidInit+0x2f0>
    246e:	9e 8f       	std	Y+30, r25	; 0x1e
    2470:	8d 8f       	std	Y+29, r24	; 0x1d
	_delay_ms(1);
	LCD_voidSendCommand(0b0000001110);
    2472:	8e e0       	ldi	r24, 0x0E	; 14
    2474:	0e 94 1f 10 	call	0x203e	; 0x203e <LCD_voidSendCommand>
    2478:	80 e0       	ldi	r24, 0x00	; 0
    247a:	90 e0       	ldi	r25, 0x00	; 0
    247c:	a0 e8       	ldi	r26, 0x80	; 128
    247e:	bf e3       	ldi	r27, 0x3F	; 63
    2480:	89 8f       	std	Y+25, r24	; 0x19
    2482:	9a 8f       	std	Y+26, r25	; 0x1a
    2484:	ab 8f       	std	Y+27, r26	; 0x1b
    2486:	bc 8f       	std	Y+28, r27	; 0x1c
 */
void
_delay_ms(double __ms)
{
	uint16_t __ticks;
	double __tmp = ((F_CPU) / 4e3) * __ms;
    2488:	69 8d       	ldd	r22, Y+25	; 0x19
    248a:	7a 8d       	ldd	r23, Y+26	; 0x1a
    248c:	8b 8d       	ldd	r24, Y+27	; 0x1b
    248e:	9c 8d       	ldd	r25, Y+28	; 0x1c
    2490:	20 e0       	ldi	r18, 0x00	; 0
    2492:	30 e0       	ldi	r19, 0x00	; 0
    2494:	4a ef       	ldi	r20, 0xFA	; 250
    2496:	54 e4       	ldi	r21, 0x44	; 68
    2498:	0e 94 1f 02 	call	0x43e	; 0x43e <__mulsf3>
    249c:	dc 01       	movw	r26, r24
    249e:	cb 01       	movw	r24, r22
    24a0:	8d 8b       	std	Y+21, r24	; 0x15
    24a2:	9e 8b       	std	Y+22, r25	; 0x16
    24a4:	af 8b       	std	Y+23, r26	; 0x17
    24a6:	b8 8f       	std	Y+24, r27	; 0x18
	if (__tmp < 1.0)
    24a8:	6d 89       	ldd	r22, Y+21	; 0x15
    24aa:	7e 89       	ldd	r23, Y+22	; 0x16
    24ac:	8f 89       	ldd	r24, Y+23	; 0x17
    24ae:	98 8d       	ldd	r25, Y+24	; 0x18
    24b0:	20 e0       	ldi	r18, 0x00	; 0
    24b2:	30 e0       	ldi	r19, 0x00	; 0
    24b4:	40 e8       	ldi	r20, 0x80	; 128
    24b6:	5f e3       	ldi	r21, 0x3F	; 63
    24b8:	0e 94 25 04 	call	0x84a	; 0x84a <__ltsf2>
    24bc:	88 23       	and	r24, r24
    24be:	2c f4       	brge	.+10     	; 0x24ca <LCD_voidInit+0x350>
		__ticks = 1;
    24c0:	81 e0       	ldi	r24, 0x01	; 1
    24c2:	90 e0       	ldi	r25, 0x00	; 0
    24c4:	9c 8b       	std	Y+20, r25	; 0x14
    24c6:	8b 8b       	std	Y+19, r24	; 0x13
    24c8:	3f c0       	rjmp	.+126    	; 0x2548 <LCD_voidInit+0x3ce>
	else if (__tmp > 65535)
    24ca:	6d 89       	ldd	r22, Y+21	; 0x15
    24cc:	7e 89       	ldd	r23, Y+22	; 0x16
    24ce:	8f 89       	ldd	r24, Y+23	; 0x17
    24d0:	98 8d       	ldd	r25, Y+24	; 0x18
    24d2:	20 e0       	ldi	r18, 0x00	; 0
    24d4:	3f ef       	ldi	r19, 0xFF	; 255
    24d6:	4f e7       	ldi	r20, 0x7F	; 127
    24d8:	57 e4       	ldi	r21, 0x47	; 71
    24da:	0e 94 c5 03 	call	0x78a	; 0x78a <__gtsf2>
    24de:	18 16       	cp	r1, r24
    24e0:	4c f5       	brge	.+82     	; 0x2534 <LCD_voidInit+0x3ba>
	{
		//	__ticks = requested delay in 1/10 ms
		__ticks = (uint16_t) (__ms * 10.0);
    24e2:	69 8d       	ldd	r22, Y+25	; 0x19
    24e4:	7a 8d       	ldd	r23, Y+26	; 0x1a
    24e6:	8b 8d       	ldd	r24, Y+27	; 0x1b
    24e8:	9c 8d       	ldd	r25, Y+28	; 0x1c
    24ea:	20 e0       	ldi	r18, 0x00	; 0
    24ec:	30 e0       	ldi	r19, 0x00	; 0
    24ee:	40 e2       	ldi	r20, 0x20	; 32
    24f0:	51 e4       	ldi	r21, 0x41	; 65
    24f2:	0e 94 1f 02 	call	0x43e	; 0x43e <__mulsf3>
    24f6:	dc 01       	movw	r26, r24
    24f8:	cb 01       	movw	r24, r22
    24fa:	bc 01       	movw	r22, r24
    24fc:	cd 01       	movw	r24, r26
    24fe:	0e 94 49 00 	call	0x92	; 0x92 <__fixunssfsi>
    2502:	dc 01       	movw	r26, r24
    2504:	cb 01       	movw	r24, r22
    2506:	9c 8b       	std	Y+20, r25	; 0x14
    2508:	8b 8b       	std	Y+19, r24	; 0x13
    250a:	0f c0       	rjmp	.+30     	; 0x252a <LCD_voidInit+0x3b0>
    250c:	88 ec       	ldi	r24, 0xC8	; 200
    250e:	90 e0       	ldi	r25, 0x00	; 0
    2510:	9a 8b       	std	Y+18, r25	; 0x12
    2512:	89 8b       	std	Y+17, r24	; 0x11
    2514:	89 89       	ldd	r24, Y+17	; 0x11
    2516:	9a 89       	ldd	r25, Y+18	; 0x12
    2518:	01 97       	sbiw	r24, 0x01	; 1
    251a:	f1 f7       	brne	.-4      	; 0x2518 <LCD_voidInit+0x39e>
    251c:	9a 8b       	std	Y+18, r25	; 0x12
    251e:	89 8b       	std	Y+17, r24	; 0x11
		while(__ticks)
		{
			// wait 1/10 ms
			_delay_loop_2(((F_CPU) / 4e3) / 10);
			__ticks --;
    2520:	8b 89       	ldd	r24, Y+19	; 0x13
    2522:	9c 89       	ldd	r25, Y+20	; 0x14
    2524:	01 97       	sbiw	r24, 0x01	; 1
    2526:	9c 8b       	std	Y+20, r25	; 0x14
    2528:	8b 8b       	std	Y+19, r24	; 0x13
		__ticks = 1;
	else if (__tmp > 65535)
	{
		//	__ticks = requested delay in 1/10 ms
		__ticks = (uint16_t) (__ms * 10.0);
		while(__ticks)
    252a:	8b 89       	ldd	r24, Y+19	; 0x13
    252c:	9c 89       	ldd	r25, Y+20	; 0x14
    252e:	00 97       	sbiw	r24, 0x00	; 0
    2530:	69 f7       	brne	.-38     	; 0x250c <LCD_voidInit+0x392>
    2532:	14 c0       	rjmp	.+40     	; 0x255c <LCD_voidInit+0x3e2>
			__ticks --;
		}
		return;
	}
	else
		__ticks = (uint16_t)__tmp;
    2534:	6d 89       	ldd	r22, Y+21	; 0x15
    2536:	7e 89       	ldd	r23, Y+22	; 0x16
    2538:	8f 89       	ldd	r24, Y+23	; 0x17
    253a:	98 8d       	ldd	r25, Y+24	; 0x18
    253c:	0e 94 49 00 	call	0x92	; 0x92 <__fixunssfsi>
    2540:	dc 01       	movw	r26, r24
    2542:	cb 01       	movw	r24, r22
    2544:	9c 8b       	std	Y+20, r25	; 0x14
    2546:	8b 8b       	std	Y+19, r24	; 0x13
    2548:	8b 89       	ldd	r24, Y+19	; 0x13
    254a:	9c 89       	ldd	r25, Y+20	; 0x14
    254c:	98 8b       	std	Y+16, r25	; 0x10
    254e:	8f 87       	std	Y+15, r24	; 0x0f
    2550:	8f 85       	ldd	r24, Y+15	; 0x0f
    2552:	98 89       	ldd	r25, Y+16	; 0x10
    2554:	01 97       	sbiw	r24, 0x01	; 1
    2556:	f1 f7       	brne	.-4      	; 0x2554 <LCD_voidInit+0x3da>
    2558:	98 8b       	std	Y+16, r25	; 0x10
    255a:	8f 87       	std	Y+15, r24	; 0x0f
	_delay_ms(1);
	LCD_voidSendCommand(1);
    255c:	81 e0       	ldi	r24, 0x01	; 1
    255e:	0e 94 1f 10 	call	0x203e	; 0x203e <LCD_voidSendCommand>
    2562:	80 e0       	ldi	r24, 0x00	; 0
    2564:	90 e0       	ldi	r25, 0x00	; 0
    2566:	a0 e0       	ldi	r26, 0x00	; 0
    2568:	b0 e4       	ldi	r27, 0x40	; 64
    256a:	8b 87       	std	Y+11, r24	; 0x0b
    256c:	9c 87       	std	Y+12, r25	; 0x0c
    256e:	ad 87       	std	Y+13, r26	; 0x0d
    2570:	be 87       	std	Y+14, r27	; 0x0e
 */
void
_delay_ms(double __ms)
{
	uint16_t __ticks;
	double __tmp = ((F_CPU) / 4e3) * __ms;
    2572:	6b 85       	ldd	r22, Y+11	; 0x0b
    2574:	7c 85       	ldd	r23, Y+12	; 0x0c
    2576:	8d 85       	ldd	r24, Y+13	; 0x0d
    2578:	9e 85       	ldd	r25, Y+14	; 0x0e
    257a:	20 e0       	ldi	r18, 0x00	; 0
    257c:	30 e0       	ldi	r19, 0x00	; 0
    257e:	4a ef       	ldi	r20, 0xFA	; 250
    2580:	54 e4       	ldi	r21, 0x44	; 68
    2582:	0e 94 1f 02 	call	0x43e	; 0x43e <__mulsf3>
    2586:	dc 01       	movw	r26, r24
    2588:	cb 01       	movw	r24, r22
    258a:	8f 83       	std	Y+7, r24	; 0x07
    258c:	98 87       	std	Y+8, r25	; 0x08
    258e:	a9 87       	std	Y+9, r26	; 0x09
    2590:	ba 87       	std	Y+10, r27	; 0x0a
	if (__tmp < 1.0)
    2592:	6f 81       	ldd	r22, Y+7	; 0x07
    2594:	78 85       	ldd	r23, Y+8	; 0x08
    2596:	89 85       	ldd	r24, Y+9	; 0x09
    2598:	9a 85       	ldd	r25, Y+10	; 0x0a
    259a:	20 e0       	ldi	r18, 0x00	; 0
    259c:	30 e0       	ldi	r19, 0x00	; 0
    259e:	40 e8       	ldi	r20, 0x80	; 128
    25a0:	5f e3       	ldi	r21, 0x3F	; 63
    25a2:	0e 94 25 04 	call	0x84a	; 0x84a <__ltsf2>
    25a6:	88 23       	and	r24, r24
    25a8:	2c f4       	brge	.+10     	; 0x25b4 <LCD_voidInit+0x43a>
		__ticks = 1;
    25aa:	81 e0       	ldi	r24, 0x01	; 1
    25ac:	90 e0       	ldi	r25, 0x00	; 0
    25ae:	9e 83       	std	Y+6, r25	; 0x06
    25b0:	8d 83       	std	Y+5, r24	; 0x05
    25b2:	3f c0       	rjmp	.+126    	; 0x2632 <LCD_voidInit+0x4b8>
	else if (__tmp > 65535)
    25b4:	6f 81       	ldd	r22, Y+7	; 0x07
    25b6:	78 85       	ldd	r23, Y+8	; 0x08
    25b8:	89 85       	ldd	r24, Y+9	; 0x09
    25ba:	9a 85       	ldd	r25, Y+10	; 0x0a
    25bc:	20 e0       	ldi	r18, 0x00	; 0
    25be:	3f ef       	ldi	r19, 0xFF	; 255
    25c0:	4f e7       	ldi	r20, 0x7F	; 127
    25c2:	57 e4       	ldi	r21, 0x47	; 71
    25c4:	0e 94 c5 03 	call	0x78a	; 0x78a <__gtsf2>
    25c8:	18 16       	cp	r1, r24
    25ca:	4c f5       	brge	.+82     	; 0x261e <LCD_voidInit+0x4a4>
	{
		//	__ticks = requested delay in 1/10 ms
		__ticks = (uint16_t) (__ms * 10.0);
    25cc:	6b 85       	ldd	r22, Y+11	; 0x0b
    25ce:	7c 85       	ldd	r23, Y+12	; 0x0c
    25d0:	8d 85       	ldd	r24, Y+13	; 0x0d
    25d2:	9e 85       	ldd	r25, Y+14	; 0x0e
    25d4:	20 e0       	ldi	r18, 0x00	; 0
    25d6:	30 e0       	ldi	r19, 0x00	; 0
    25d8:	40 e2       	ldi	r20, 0x20	; 32
    25da:	51 e4       	ldi	r21, 0x41	; 65
    25dc:	0e 94 1f 02 	call	0x43e	; 0x43e <__mulsf3>
    25e0:	dc 01       	movw	r26, r24
    25e2:	cb 01       	movw	r24, r22
    25e4:	bc 01       	movw	r22, r24
    25e6:	cd 01       	movw	r24, r26
    25e8:	0e 94 49 00 	call	0x92	; 0x92 <__fixunssfsi>
    25ec:	dc 01       	movw	r26, r24
    25ee:	cb 01       	movw	r24, r22
    25f0:	9e 83       	std	Y+6, r25	; 0x06
    25f2:	8d 83       	std	Y+5, r24	; 0x05
    25f4:	0f c0       	rjmp	.+30     	; 0x2614 <LCD_voidInit+0x49a>
    25f6:	88 ec       	ldi	r24, 0xC8	; 200
    25f8:	90 e0       	ldi	r25, 0x00	; 0
    25fa:	9c 83       	std	Y+4, r25	; 0x04
    25fc:	8b 83       	std	Y+3, r24	; 0x03
    25fe:	8b 81       	ldd	r24, Y+3	; 0x03
    2600:	9c 81       	ldd	r25, Y+4	; 0x04
    2602:	01 97       	sbiw	r24, 0x01	; 1
    2604:	f1 f7       	brne	.-4      	; 0x2602 <LCD_voidInit+0x488>
    2606:	9c 83       	std	Y+4, r25	; 0x04
    2608:	8b 83       	std	Y+3, r24	; 0x03
		while(__ticks)
		{
			// wait 1/10 ms
			_delay_loop_2(((F_CPU) / 4e3) / 10);
			__ticks --;
    260a:	8d 81       	ldd	r24, Y+5	; 0x05
    260c:	9e 81       	ldd	r25, Y+6	; 0x06
    260e:	01 97       	sbiw	r24, 0x01	; 1
    2610:	9e 83       	std	Y+6, r25	; 0x06
    2612:	8d 83       	std	Y+5, r24	; 0x05
		__ticks = 1;
	else if (__tmp > 65535)
	{
		//	__ticks = requested delay in 1/10 ms
		__ticks = (uint16_t) (__ms * 10.0);
		while(__ticks)
    2614:	8d 81       	ldd	r24, Y+5	; 0x05
    2616:	9e 81       	ldd	r25, Y+6	; 0x06
    2618:	00 97       	sbiw	r24, 0x00	; 0
    261a:	69 f7       	brne	.-38     	; 0x25f6 <LCD_voidInit+0x47c>
    261c:	14 c0       	rjmp	.+40     	; 0x2646 <LCD_voidInit+0x4cc>
			__ticks --;
		}
		return;
	}
	else
		__ticks = (uint16_t)__tmp;
    261e:	6f 81       	ldd	r22, Y+7	; 0x07
    2620:	78 85       	ldd	r23, Y+8	; 0x08
    2622:	89 85       	ldd	r24, Y+9	; 0x09
    2624:	9a 85       	ldd	r25, Y+10	; 0x0a
    2626:	0e 94 49 00 	call	0x92	; 0x92 <__fixunssfsi>
    262a:	dc 01       	movw	r26, r24
    262c:	cb 01       	movw	r24, r22
    262e:	9e 83       	std	Y+6, r25	; 0x06
    2630:	8d 83       	std	Y+5, r24	; 0x05
    2632:	8d 81       	ldd	r24, Y+5	; 0x05
    2634:	9e 81       	ldd	r25, Y+6	; 0x06
    2636:	9a 83       	std	Y+2, r25	; 0x02
    2638:	89 83       	std	Y+1, r24	; 0x01
    263a:	89 81       	ldd	r24, Y+1	; 0x01
    263c:	9a 81       	ldd	r25, Y+2	; 0x02
    263e:	01 97       	sbiw	r24, 0x01	; 1
    2640:	f1 f7       	brne	.-4      	; 0x263e <LCD_voidInit+0x4c4>
    2642:	9a 83       	std	Y+2, r25	; 0x02
    2644:	89 83       	std	Y+1, r24	; 0x01
	_delay_ms(2);
}
    2646:	ca 5b       	subi	r28, 0xBA	; 186
    2648:	df 4f       	sbci	r29, 0xFF	; 255
    264a:	0f b6       	in	r0, 0x3f	; 63
    264c:	f8 94       	cli
    264e:	de bf       	out	0x3e, r29	; 62
    2650:	0f be       	out	0x3f, r0	; 63
    2652:	cd bf       	out	0x3d, r28	; 61
    2654:	cf 91       	pop	r28
    2656:	df 91       	pop	r29
    2658:	1f 91       	pop	r17
    265a:	0f 91       	pop	r16
    265c:	08 95       	ret

0000265e <LCD_voidSendString>:

void LCD_voidSendString(char *PcCopy_String)
{
    265e:	df 93       	push	r29
    2660:	cf 93       	push	r28
    2662:	00 d0       	rcall	.+0      	; 0x2664 <LCD_voidSendString+0x6>
    2664:	0f 92       	push	r0
    2666:	cd b7       	in	r28, 0x3d	; 61
    2668:	de b7       	in	r29, 0x3e	; 62
    266a:	9b 83       	std	Y+3, r25	; 0x03
    266c:	8a 83       	std	Y+2, r24	; 0x02
	u8 Local_u8Iterator=0;
    266e:	19 82       	std	Y+1, r1	; 0x01
    2670:	0e c0       	rjmp	.+28     	; 0x268e <LCD_voidSendString+0x30>
	while(PcCopy_String[Local_u8Iterator]!='\0')
	{
		LCD_voidSendData(PcCopy_String[Local_u8Iterator]);
    2672:	89 81       	ldd	r24, Y+1	; 0x01
    2674:	28 2f       	mov	r18, r24
    2676:	30 e0       	ldi	r19, 0x00	; 0
    2678:	8a 81       	ldd	r24, Y+2	; 0x02
    267a:	9b 81       	ldd	r25, Y+3	; 0x03
    267c:	fc 01       	movw	r30, r24
    267e:	e2 0f       	add	r30, r18
    2680:	f3 1f       	adc	r31, r19
    2682:	80 81       	ld	r24, Z
    2684:	0e 94 81 0f 	call	0x1f02	; 0x1f02 <LCD_voidSendData>
		Local_u8Iterator++;
    2688:	89 81       	ldd	r24, Y+1	; 0x01
    268a:	8f 5f       	subi	r24, 0xFF	; 255
    268c:	89 83       	std	Y+1, r24	; 0x01
}

void LCD_voidSendString(char *PcCopy_String)
{
	u8 Local_u8Iterator=0;
	while(PcCopy_String[Local_u8Iterator]!='\0')
    268e:	89 81       	ldd	r24, Y+1	; 0x01
    2690:	28 2f       	mov	r18, r24
    2692:	30 e0       	ldi	r19, 0x00	; 0
    2694:	8a 81       	ldd	r24, Y+2	; 0x02
    2696:	9b 81       	ldd	r25, Y+3	; 0x03
    2698:	fc 01       	movw	r30, r24
    269a:	e2 0f       	add	r30, r18
    269c:	f3 1f       	adc	r31, r19
    269e:	80 81       	ld	r24, Z
    26a0:	88 23       	and	r24, r24
    26a2:	39 f7       	brne	.-50     	; 0x2672 <LCD_voidSendString+0x14>
	{
		LCD_voidSendData(PcCopy_String[Local_u8Iterator]);
		Local_u8Iterator++;
	}
}
    26a4:	0f 90       	pop	r0
    26a6:	0f 90       	pop	r0
    26a8:	0f 90       	pop	r0
    26aa:	cf 91       	pop	r28
    26ac:	df 91       	pop	r29
    26ae:	08 95       	ret

000026b0 <LCD_voidSetPosition>:

void LCD_voidSetPosition(u8 Copy_u8X,u8 Copy_u8Y)
{
    26b0:	df 93       	push	r29
    26b2:	cf 93       	push	r28
    26b4:	00 d0       	rcall	.+0      	; 0x26b6 <LCD_voidSetPosition+0x6>
    26b6:	00 d0       	rcall	.+0      	; 0x26b8 <LCD_voidSetPosition+0x8>
    26b8:	0f 92       	push	r0
    26ba:	cd b7       	in	r28, 0x3d	; 61
    26bc:	de b7       	in	r29, 0x3e	; 62
    26be:	8a 83       	std	Y+2, r24	; 0x02
    26c0:	6b 83       	std	Y+3, r22	; 0x03
	u8 Local_u8Position=0;
    26c2:	19 82       	std	Y+1, r1	; 0x01
	switch(Copy_u8Y)
    26c4:	8b 81       	ldd	r24, Y+3	; 0x03
    26c6:	28 2f       	mov	r18, r24
    26c8:	30 e0       	ldi	r19, 0x00	; 0
    26ca:	3d 83       	std	Y+5, r19	; 0x05
    26cc:	2c 83       	std	Y+4, r18	; 0x04
    26ce:	8c 81       	ldd	r24, Y+4	; 0x04
    26d0:	9d 81       	ldd	r25, Y+5	; 0x05
    26d2:	00 97       	sbiw	r24, 0x00	; 0
    26d4:	31 f0       	breq	.+12     	; 0x26e2 <LCD_voidSetPosition+0x32>
    26d6:	2c 81       	ldd	r18, Y+4	; 0x04
    26d8:	3d 81       	ldd	r19, Y+5	; 0x05
    26da:	21 30       	cpi	r18, 0x01	; 1
    26dc:	31 05       	cpc	r19, r1
    26de:	21 f0       	breq	.+8      	; 0x26e8 <LCD_voidSetPosition+0x38>
    26e0:	06 c0       	rjmp	.+12     	; 0x26ee <LCD_voidSetPosition+0x3e>
	{
	case 0:Local_u8Position=Copy_u8X;break;
    26e2:	8a 81       	ldd	r24, Y+2	; 0x02
    26e4:	89 83       	std	Y+1, r24	; 0x01
    26e6:	03 c0       	rjmp	.+6      	; 0x26ee <LCD_voidSetPosition+0x3e>
	case 1:Local_u8Position=Copy_u8X+LINE1_BASE;break;
    26e8:	8a 81       	ldd	r24, Y+2	; 0x02
    26ea:	80 5c       	subi	r24, 0xC0	; 192
    26ec:	89 83       	std	Y+1, r24	; 0x01
	}
	LCD_voidSendCommand(Local_u8Position+DDRAM_MSB);
    26ee:	89 81       	ldd	r24, Y+1	; 0x01
    26f0:	80 58       	subi	r24, 0x80	; 128
    26f2:	0e 94 1f 10 	call	0x203e	; 0x203e <LCD_voidSendCommand>
}
    26f6:	0f 90       	pop	r0
    26f8:	0f 90       	pop	r0
    26fa:	0f 90       	pop	r0
    26fc:	0f 90       	pop	r0
    26fe:	0f 90       	pop	r0
    2700:	cf 91       	pop	r28
    2702:	df 91       	pop	r29
    2704:	08 95       	ret

00002706 <LCD_voidClearDisplay>:

void LCD_voidClearDisplay(void)
{
    2706:	df 93       	push	r29
    2708:	cf 93       	push	r28
    270a:	cd b7       	in	r28, 0x3d	; 61
    270c:	de b7       	in	r29, 0x3e	; 62
	LCD_voidSendCommand(1);
    270e:	81 e0       	ldi	r24, 0x01	; 1
    2710:	0e 94 1f 10 	call	0x203e	; 0x203e <LCD_voidSendCommand>
}
    2714:	cf 91       	pop	r28
    2716:	df 91       	pop	r29
    2718:	08 95       	ret

0000271a <LCD_voidSendSpecialCharecter>:

void LCD_voidSendSpecialCharecter(u8 Copy_u8BlockNum,
		u8 *Pu8ArrayPattern,
		u8 Copy_u8X,
		u8 Copy_u8Y)
{
    271a:	df 93       	push	r29
    271c:	cf 93       	push	r28
    271e:	cd b7       	in	r28, 0x3d	; 61
    2720:	de b7       	in	r29, 0x3e	; 62
    2722:	27 97       	sbiw	r28, 0x07	; 7
    2724:	0f b6       	in	r0, 0x3f	; 63
    2726:	f8 94       	cli
    2728:	de bf       	out	0x3e, r29	; 62
    272a:	0f be       	out	0x3f, r0	; 63
    272c:	cd bf       	out	0x3d, r28	; 61
    272e:	8b 83       	std	Y+3, r24	; 0x03
    2730:	7d 83       	std	Y+5, r23	; 0x05
    2732:	6c 83       	std	Y+4, r22	; 0x04
    2734:	4e 83       	std	Y+6, r20	; 0x06
    2736:	2f 83       	std	Y+7, r18	; 0x07
	//go to CGRAM -> CMD SETT_CGRAM_ADD
	u8 Local_u8Position=Copy_u8BlockNum*8;
    2738:	8b 81       	ldd	r24, Y+3	; 0x03
    273a:	88 2f       	mov	r24, r24
    273c:	90 e0       	ldi	r25, 0x00	; 0
    273e:	88 0f       	add	r24, r24
    2740:	99 1f       	adc	r25, r25
    2742:	88 0f       	add	r24, r24
    2744:	99 1f       	adc	r25, r25
    2746:	88 0f       	add	r24, r24
    2748:	99 1f       	adc	r25, r25
    274a:	8a 83       	std	Y+2, r24	; 0x02
	LCD_voidSendCommand(Local_u8Position+CGRAM_MSB);
    274c:	8a 81       	ldd	r24, Y+2	; 0x02
    274e:	80 5c       	subi	r24, 0xC0	; 192
    2750:	0e 94 1f 10 	call	0x203e	; 0x203e <LCD_voidSendCommand>
	//Start Drawing Pattern
	for(u8 i=0;i<8;i++)
    2754:	19 82       	std	Y+1, r1	; 0x01
    2756:	0e c0       	rjmp	.+28     	; 0x2774 <LCD_voidSendSpecialCharecter+0x5a>
	{
		LCD_voidSendData(Pu8ArrayPattern[i]);
    2758:	89 81       	ldd	r24, Y+1	; 0x01
    275a:	28 2f       	mov	r18, r24
    275c:	30 e0       	ldi	r19, 0x00	; 0
    275e:	8c 81       	ldd	r24, Y+4	; 0x04
    2760:	9d 81       	ldd	r25, Y+5	; 0x05
    2762:	fc 01       	movw	r30, r24
    2764:	e2 0f       	add	r30, r18
    2766:	f3 1f       	adc	r31, r19
    2768:	80 81       	ld	r24, Z
    276a:	0e 94 81 0f 	call	0x1f02	; 0x1f02 <LCD_voidSendData>
{
	//go to CGRAM -> CMD SETT_CGRAM_ADD
	u8 Local_u8Position=Copy_u8BlockNum*8;
	LCD_voidSendCommand(Local_u8Position+CGRAM_MSB);
	//Start Drawing Pattern
	for(u8 i=0;i<8;i++)
    276e:	89 81       	ldd	r24, Y+1	; 0x01
    2770:	8f 5f       	subi	r24, 0xFF	; 255
    2772:	89 83       	std	Y+1, r24	; 0x01
    2774:	89 81       	ldd	r24, Y+1	; 0x01
    2776:	88 30       	cpi	r24, 0x08	; 8
    2778:	78 f3       	brcs	.-34     	; 0x2758 <LCD_voidSendSpecialCharecter+0x3e>
	{
		LCD_voidSendData(Pu8ArrayPattern[i]);
	}
	//Display Pattern
	LCD_voidSetPosition(Copy_u8X,Copy_u8Y);
    277a:	8e 81       	ldd	r24, Y+6	; 0x06
    277c:	6f 81       	ldd	r22, Y+7	; 0x07
    277e:	0e 94 58 13 	call	0x26b0	; 0x26b0 <LCD_voidSetPosition>
	LCD_voidSendData(Copy_u8BlockNum);
    2782:	8b 81       	ldd	r24, Y+3	; 0x03
    2784:	0e 94 81 0f 	call	0x1f02	; 0x1f02 <LCD_voidSendData>
}
    2788:	27 96       	adiw	r28, 0x07	; 7
    278a:	0f b6       	in	r0, 0x3f	; 63
    278c:	f8 94       	cli
    278e:	de bf       	out	0x3e, r29	; 62
    2790:	0f be       	out	0x3f, r0	; 63
    2792:	cd bf       	out	0x3d, r28	; 61
    2794:	cf 91       	pop	r28
    2796:	df 91       	pop	r29
    2798:	08 95       	ret

0000279a <KPD_voidInit>:
#include "HAL/KPD/KPD_private.h"
#include"MCAL/DIO/DIO_private.h"
#include <util/delay.h>

void KPD_voidInit()
{
    279a:	df 93       	push	r29
    279c:	cf 93       	push	r28
    279e:	cd b7       	in	r28, 0x3d	; 61
    27a0:	de b7       	in	r29, 0x3e	; 62
	//COLUMSNS OUTPUT HIGH
	DIO_u8SetPinDirection(KPD_PORT,C0,DIO_u8_OUTPUT);
    27a2:	80 e0       	ldi	r24, 0x00	; 0
    27a4:	65 e0       	ldi	r22, 0x05	; 5
    27a6:	41 e0       	ldi	r20, 0x01	; 1
    27a8:	0e 94 08 0a 	call	0x1410	; 0x1410 <DIO_u8SetPinDirection>
	DIO_u8SetPinDirection(KPD_PORT,C1,DIO_u8_OUTPUT);
    27ac:	80 e0       	ldi	r24, 0x00	; 0
    27ae:	66 e0       	ldi	r22, 0x06	; 6
    27b0:	41 e0       	ldi	r20, 0x01	; 1
    27b2:	0e 94 08 0a 	call	0x1410	; 0x1410 <DIO_u8SetPinDirection>
	DIO_u8SetPinDirection(KPD_PORT,C2,DIO_u8_OUTPUT);
    27b6:	80 e0       	ldi	r24, 0x00	; 0
    27b8:	67 e0       	ldi	r22, 0x07	; 7
    27ba:	41 e0       	ldi	r20, 0x01	; 1
    27bc:	0e 94 08 0a 	call	0x1410	; 0x1410 <DIO_u8SetPinDirection>

	DIO_u8SetPinValue(KPD_PORT,C0,DIO_u8_HIGH);
    27c0:	80 e0       	ldi	r24, 0x00	; 0
    27c2:	65 e0       	ldi	r22, 0x05	; 5
    27c4:	41 e0       	ldi	r20, 0x01	; 1
    27c6:	0e 94 32 0b 	call	0x1664	; 0x1664 <DIO_u8SetPinValue>
	DIO_u8SetPinValue(KPD_PORT,C1,DIO_u8_HIGH);
    27ca:	80 e0       	ldi	r24, 0x00	; 0
    27cc:	66 e0       	ldi	r22, 0x06	; 6
    27ce:	41 e0       	ldi	r20, 0x01	; 1
    27d0:	0e 94 32 0b 	call	0x1664	; 0x1664 <DIO_u8SetPinValue>
	DIO_u8SetPinValue(KPD_PORT,C2,DIO_u8_HIGH);
    27d4:	80 e0       	ldi	r24, 0x00	; 0
    27d6:	67 e0       	ldi	r22, 0x07	; 7
    27d8:	41 e0       	ldi	r20, 0x01	; 1
    27da:	0e 94 32 0b 	call	0x1664	; 0x1664 <DIO_u8SetPinValue>

	//Rows input pulled up
	DIO_u8SetPinDirection(KPD_PORT,R0,DIO_u8_INPUT);
    27de:	80 e0       	ldi	r24, 0x00	; 0
    27e0:	61 e0       	ldi	r22, 0x01	; 1
    27e2:	40 e0       	ldi	r20, 0x00	; 0
    27e4:	0e 94 08 0a 	call	0x1410	; 0x1410 <DIO_u8SetPinDirection>
	DIO_u8SetPinDirection(KPD_PORT,R1,DIO_u8_INPUT);
    27e8:	80 e0       	ldi	r24, 0x00	; 0
    27ea:	62 e0       	ldi	r22, 0x02	; 2
    27ec:	40 e0       	ldi	r20, 0x00	; 0
    27ee:	0e 94 08 0a 	call	0x1410	; 0x1410 <DIO_u8SetPinDirection>
	DIO_u8SetPinDirection(KPD_PORT,R2,DIO_u8_INPUT);
    27f2:	80 e0       	ldi	r24, 0x00	; 0
    27f4:	63 e0       	ldi	r22, 0x03	; 3
    27f6:	40 e0       	ldi	r20, 0x00	; 0
    27f8:	0e 94 08 0a 	call	0x1410	; 0x1410 <DIO_u8SetPinDirection>
	DIO_u8SetPinDirection(KPD_PORT,R3,DIO_u8_INPUT);
    27fc:	80 e0       	ldi	r24, 0x00	; 0
    27fe:	64 e0       	ldi	r22, 0x04	; 4
    2800:	40 e0       	ldi	r20, 0x00	; 0
    2802:	0e 94 08 0a 	call	0x1410	; 0x1410 <DIO_u8SetPinDirection>

	DIO_u8SetPinValue(KPD_PORT,R0,DIO_u8_HIGH);
    2806:	80 e0       	ldi	r24, 0x00	; 0
    2808:	61 e0       	ldi	r22, 0x01	; 1
    280a:	41 e0       	ldi	r20, 0x01	; 1
    280c:	0e 94 32 0b 	call	0x1664	; 0x1664 <DIO_u8SetPinValue>
	DIO_u8SetPinValue(KPD_PORT,R1,DIO_u8_HIGH);
    2810:	80 e0       	ldi	r24, 0x00	; 0
    2812:	62 e0       	ldi	r22, 0x02	; 2
    2814:	41 e0       	ldi	r20, 0x01	; 1
    2816:	0e 94 32 0b 	call	0x1664	; 0x1664 <DIO_u8SetPinValue>
	DIO_u8SetPinValue(KPD_PORT,R2,DIO_u8_HIGH);
    281a:	80 e0       	ldi	r24, 0x00	; 0
    281c:	63 e0       	ldi	r22, 0x03	; 3
    281e:	41 e0       	ldi	r20, 0x01	; 1
    2820:	0e 94 32 0b 	call	0x1664	; 0x1664 <DIO_u8SetPinValue>
	DIO_u8SetPinValue(KPD_PORT,R3,DIO_u8_HIGH);
    2824:	80 e0       	ldi	r24, 0x00	; 0
    2826:	64 e0       	ldi	r22, 0x04	; 4
    2828:	41 e0       	ldi	r20, 0x01	; 1
    282a:	0e 94 32 0b 	call	0x1664	; 0x1664 <DIO_u8SetPinValue>

}
    282e:	cf 91       	pop	r28
    2830:	df 91       	pop	r29
    2832:	08 95       	ret

00002834 <KPD_u8GetPressedKey>:

u8 KPD_u8GetPressedKey()
{
    2834:	df 93       	push	r29
    2836:	cf 93       	push	r28
    2838:	cd b7       	in	r28, 0x3d	; 61
    283a:	de b7       	in	r29, 0x3e	; 62
    283c:	62 97       	sbiw	r28, 0x12	; 18
    283e:	0f b6       	in	r0, 0x3f	; 63
    2840:	f8 94       	cli
    2842:	de bf       	out	0x3e, r29	; 62
    2844:	0f be       	out	0x3f, r0	; 63
    2846:	cd bf       	out	0x3d, r28	; 61
	u8 Local_u8Button=NO_PRESSED_KEY;
    2848:	8f ef       	ldi	r24, 0xFF	; 255
    284a:	89 8b       	std	Y+17, r24	; 0x11
	static u8 KPD_ARR[MAX_ROW_NUM][MAX_COL_NUM]=KPD_VALUES;
	u8 Local_u8PinState;
	static u8 Local_u8ColArr[MAX_COL_NUM]={C0,C1,C2};
	static u8 Local_u8RowArr[MAX_ROW_NUM]={R0,R1,R2,R3};
	//OUTER for loop to columns
	for(u8 Local_u8ColIter=0;Local_u8ColIter<MAX_COL_NUM;Local_u8ColIter++)
    284c:	18 8a       	std	Y+16, r1	; 0x10
    284e:	e9 c0       	rjmp	.+466    	; 0x2a22 <KPD_u8GetPressedKey+0x1ee>
	{
		//Activate col
		DIO_u8SetPinValue(KPD_PORT,Local_u8ColArr[Local_u8ColIter],DIO_u8_LOW);
    2850:	88 89       	ldd	r24, Y+16	; 0x10
    2852:	88 2f       	mov	r24, r24
    2854:	90 e0       	ldi	r25, 0x00	; 0
    2856:	fc 01       	movw	r30, r24
    2858:	e7 58       	subi	r30, 0x87	; 135
    285a:	fe 4f       	sbci	r31, 0xFE	; 254
    285c:	90 81       	ld	r25, Z
    285e:	80 e0       	ldi	r24, 0x00	; 0
    2860:	69 2f       	mov	r22, r25
    2862:	40 e0       	ldi	r20, 0x00	; 0
    2864:	0e 94 32 0b 	call	0x1664	; 0x1664 <DIO_u8SetPinValue>
		for(u8 Local_u8RowIter=0;Local_u8RowIter<MAX_ROW_NUM;Local_u8RowIter++)
    2868:	1f 86       	std	Y+15, r1	; 0x0f
    286a:	c8 c0       	rjmp	.+400    	; 0x29fc <KPD_u8GetPressedKey+0x1c8>
		{
			DIO_u8GetPinValue(DIO_u8_PINA_REG,Local_u8RowArr[Local_u8RowIter],&Local_u8PinState);
    286c:	e9 e3       	ldi	r30, 0x39	; 57
    286e:	f0 e0       	ldi	r31, 0x00	; 0
    2870:	40 81       	ld	r20, Z
    2872:	8f 85       	ldd	r24, Y+15	; 0x0f
    2874:	88 2f       	mov	r24, r24
    2876:	90 e0       	ldi	r25, 0x00	; 0
    2878:	fc 01       	movw	r30, r24
    287a:	eb 58       	subi	r30, 0x8B	; 139
    287c:	fe 4f       	sbci	r31, 0xFE	; 254
    287e:	90 81       	ld	r25, Z
    2880:	9e 01       	movw	r18, r28
    2882:	2e 5e       	subi	r18, 0xEE	; 238
    2884:	3f 4f       	sbci	r19, 0xFF	; 255
    2886:	84 2f       	mov	r24, r20
    2888:	69 2f       	mov	r22, r25
    288a:	a9 01       	movw	r20, r18
    288c:	0e 94 58 0c 	call	0x18b0	; 0x18b0 <DIO_u8GetPinValue>
			if(Local_u8PinState==DIO_u8_LOW)
    2890:	8a 89       	ldd	r24, Y+18	; 0x12
    2892:	88 23       	and	r24, r24
    2894:	09 f0       	breq	.+2      	; 0x2898 <KPD_u8GetPressedKey+0x64>
    2896:	af c0       	rjmp	.+350    	; 0x29f6 <KPD_u8GetPressedKey+0x1c2>
			{
				DIO_u8GetPinValue(DIO_u8_PINA_REG,Local_u8RowArr[Local_u8RowIter],&Local_u8PinState);
    2898:	e9 e3       	ldi	r30, 0x39	; 57
    289a:	f0 e0       	ldi	r31, 0x00	; 0
    289c:	40 81       	ld	r20, Z
    289e:	8f 85       	ldd	r24, Y+15	; 0x0f
    28a0:	88 2f       	mov	r24, r24
    28a2:	90 e0       	ldi	r25, 0x00	; 0
    28a4:	fc 01       	movw	r30, r24
    28a6:	eb 58       	subi	r30, 0x8B	; 139
    28a8:	fe 4f       	sbci	r31, 0xFE	; 254
    28aa:	90 81       	ld	r25, Z
    28ac:	9e 01       	movw	r18, r28
    28ae:	2e 5e       	subi	r18, 0xEE	; 238
    28b0:	3f 4f       	sbci	r19, 0xFF	; 255
    28b2:	84 2f       	mov	r24, r20
    28b4:	69 2f       	mov	r22, r25
    28b6:	a9 01       	movw	r20, r18
    28b8:	0e 94 58 0c 	call	0x18b0	; 0x18b0 <DIO_u8GetPinValue>
    28bc:	80 e0       	ldi	r24, 0x00	; 0
    28be:	90 e0       	ldi	r25, 0x00	; 0
    28c0:	a0 ea       	ldi	r26, 0xA0	; 160
    28c2:	b1 e4       	ldi	r27, 0x41	; 65
    28c4:	8b 87       	std	Y+11, r24	; 0x0b
    28c6:	9c 87       	std	Y+12, r25	; 0x0c
    28c8:	ad 87       	std	Y+13, r26	; 0x0d
    28ca:	be 87       	std	Y+14, r27	; 0x0e
 */
void
_delay_ms(double __ms)
{
	uint16_t __ticks;
	double __tmp = ((F_CPU) / 4e3) * __ms;
    28cc:	6b 85       	ldd	r22, Y+11	; 0x0b
    28ce:	7c 85       	ldd	r23, Y+12	; 0x0c
    28d0:	8d 85       	ldd	r24, Y+13	; 0x0d
    28d2:	9e 85       	ldd	r25, Y+14	; 0x0e
    28d4:	20 e0       	ldi	r18, 0x00	; 0
    28d6:	30 e0       	ldi	r19, 0x00	; 0
    28d8:	4a ef       	ldi	r20, 0xFA	; 250
    28da:	54 e4       	ldi	r21, 0x44	; 68
    28dc:	0e 94 1f 02 	call	0x43e	; 0x43e <__mulsf3>
    28e0:	dc 01       	movw	r26, r24
    28e2:	cb 01       	movw	r24, r22
    28e4:	8f 83       	std	Y+7, r24	; 0x07
    28e6:	98 87       	std	Y+8, r25	; 0x08
    28e8:	a9 87       	std	Y+9, r26	; 0x09
    28ea:	ba 87       	std	Y+10, r27	; 0x0a
	if (__tmp < 1.0)
    28ec:	6f 81       	ldd	r22, Y+7	; 0x07
    28ee:	78 85       	ldd	r23, Y+8	; 0x08
    28f0:	89 85       	ldd	r24, Y+9	; 0x09
    28f2:	9a 85       	ldd	r25, Y+10	; 0x0a
    28f4:	20 e0       	ldi	r18, 0x00	; 0
    28f6:	30 e0       	ldi	r19, 0x00	; 0
    28f8:	40 e8       	ldi	r20, 0x80	; 128
    28fa:	5f e3       	ldi	r21, 0x3F	; 63
    28fc:	0e 94 25 04 	call	0x84a	; 0x84a <__ltsf2>
    2900:	88 23       	and	r24, r24
    2902:	2c f4       	brge	.+10     	; 0x290e <KPD_u8GetPressedKey+0xda>
		__ticks = 1;
    2904:	81 e0       	ldi	r24, 0x01	; 1
    2906:	90 e0       	ldi	r25, 0x00	; 0
    2908:	9e 83       	std	Y+6, r25	; 0x06
    290a:	8d 83       	std	Y+5, r24	; 0x05
    290c:	3f c0       	rjmp	.+126    	; 0x298c <KPD_u8GetPressedKey+0x158>
	else if (__tmp > 65535)
    290e:	6f 81       	ldd	r22, Y+7	; 0x07
    2910:	78 85       	ldd	r23, Y+8	; 0x08
    2912:	89 85       	ldd	r24, Y+9	; 0x09
    2914:	9a 85       	ldd	r25, Y+10	; 0x0a
    2916:	20 e0       	ldi	r18, 0x00	; 0
    2918:	3f ef       	ldi	r19, 0xFF	; 255
    291a:	4f e7       	ldi	r20, 0x7F	; 127
    291c:	57 e4       	ldi	r21, 0x47	; 71
    291e:	0e 94 c5 03 	call	0x78a	; 0x78a <__gtsf2>
    2922:	18 16       	cp	r1, r24
    2924:	4c f5       	brge	.+82     	; 0x2978 <KPD_u8GetPressedKey+0x144>
	{
		//	__ticks = requested delay in 1/10 ms
		__ticks = (uint16_t) (__ms * 10.0);
    2926:	6b 85       	ldd	r22, Y+11	; 0x0b
    2928:	7c 85       	ldd	r23, Y+12	; 0x0c
    292a:	8d 85       	ldd	r24, Y+13	; 0x0d
    292c:	9e 85       	ldd	r25, Y+14	; 0x0e
    292e:	20 e0       	ldi	r18, 0x00	; 0
    2930:	30 e0       	ldi	r19, 0x00	; 0
    2932:	40 e2       	ldi	r20, 0x20	; 32
    2934:	51 e4       	ldi	r21, 0x41	; 65
    2936:	0e 94 1f 02 	call	0x43e	; 0x43e <__mulsf3>
    293a:	dc 01       	movw	r26, r24
    293c:	cb 01       	movw	r24, r22
    293e:	bc 01       	movw	r22, r24
    2940:	cd 01       	movw	r24, r26
    2942:	0e 94 49 00 	call	0x92	; 0x92 <__fixunssfsi>
    2946:	dc 01       	movw	r26, r24
    2948:	cb 01       	movw	r24, r22
    294a:	9e 83       	std	Y+6, r25	; 0x06
    294c:	8d 83       	std	Y+5, r24	; 0x05
    294e:	0f c0       	rjmp	.+30     	; 0x296e <KPD_u8GetPressedKey+0x13a>
    2950:	88 ec       	ldi	r24, 0xC8	; 200
    2952:	90 e0       	ldi	r25, 0x00	; 0
    2954:	9c 83       	std	Y+4, r25	; 0x04
    2956:	8b 83       	std	Y+3, r24	; 0x03
    2958:	8b 81       	ldd	r24, Y+3	; 0x03
    295a:	9c 81       	ldd	r25, Y+4	; 0x04
    295c:	01 97       	sbiw	r24, 0x01	; 1
    295e:	f1 f7       	brne	.-4      	; 0x295c <KPD_u8GetPressedKey+0x128>
    2960:	9c 83       	std	Y+4, r25	; 0x04
    2962:	8b 83       	std	Y+3, r24	; 0x03
		while(__ticks)
		{
			// wait 1/10 ms
			_delay_loop_2(((F_CPU) / 4e3) / 10);
			__ticks --;
    2964:	8d 81       	ldd	r24, Y+5	; 0x05
    2966:	9e 81       	ldd	r25, Y+6	; 0x06
    2968:	01 97       	sbiw	r24, 0x01	; 1
    296a:	9e 83       	std	Y+6, r25	; 0x06
    296c:	8d 83       	std	Y+5, r24	; 0x05
		__ticks = 1;
	else if (__tmp > 65535)
	{
		//	__ticks = requested delay in 1/10 ms
		__ticks = (uint16_t) (__ms * 10.0);
		while(__ticks)
    296e:	8d 81       	ldd	r24, Y+5	; 0x05
    2970:	9e 81       	ldd	r25, Y+6	; 0x06
    2972:	00 97       	sbiw	r24, 0x00	; 0
    2974:	69 f7       	brne	.-38     	; 0x2950 <KPD_u8GetPressedKey+0x11c>
    2976:	14 c0       	rjmp	.+40     	; 0x29a0 <KPD_u8GetPressedKey+0x16c>
			__ticks --;
		}
		return;
	}
	else
		__ticks = (uint16_t)__tmp;
    2978:	6f 81       	ldd	r22, Y+7	; 0x07
    297a:	78 85       	ldd	r23, Y+8	; 0x08
    297c:	89 85       	ldd	r24, Y+9	; 0x09
    297e:	9a 85       	ldd	r25, Y+10	; 0x0a
    2980:	0e 94 49 00 	call	0x92	; 0x92 <__fixunssfsi>
    2984:	dc 01       	movw	r26, r24
    2986:	cb 01       	movw	r24, r22
    2988:	9e 83       	std	Y+6, r25	; 0x06
    298a:	8d 83       	std	Y+5, r24	; 0x05
    298c:	8d 81       	ldd	r24, Y+5	; 0x05
    298e:	9e 81       	ldd	r25, Y+6	; 0x06
    2990:	9a 83       	std	Y+2, r25	; 0x02
    2992:	89 83       	std	Y+1, r24	; 0x01
    2994:	89 81       	ldd	r24, Y+1	; 0x01
    2996:	9a 81       	ldd	r25, Y+2	; 0x02
    2998:	01 97       	sbiw	r24, 0x01	; 1
    299a:	f1 f7       	brne	.-4      	; 0x2998 <KPD_u8GetPressedKey+0x164>
    299c:	9a 83       	std	Y+2, r25	; 0x02
    299e:	89 83       	std	Y+1, r24	; 0x01
				_delay_ms(20);
				if(Local_u8PinState==DIO_u8_LOW)
    29a0:	8a 89       	ldd	r24, Y+18	; 0x12
    29a2:	88 23       	and	r24, r24
    29a4:	41 f5       	brne	.+80     	; 0x29f6 <KPD_u8GetPressedKey+0x1c2>
				{
					Local_u8Button=KPD_ARR[Local_u8RowIter][Local_u8ColIter];
    29a6:	8f 85       	ldd	r24, Y+15	; 0x0f
    29a8:	28 2f       	mov	r18, r24
    29aa:	30 e0       	ldi	r19, 0x00	; 0
    29ac:	88 89       	ldd	r24, Y+16	; 0x10
    29ae:	48 2f       	mov	r20, r24
    29b0:	50 e0       	ldi	r21, 0x00	; 0
    29b2:	c9 01       	movw	r24, r18
    29b4:	88 0f       	add	r24, r24
    29b6:	99 1f       	adc	r25, r25
    29b8:	82 0f       	add	r24, r18
    29ba:	93 1f       	adc	r25, r19
    29bc:	84 0f       	add	r24, r20
    29be:	95 1f       	adc	r25, r21
    29c0:	fc 01       	movw	r30, r24
    29c2:	e4 58       	subi	r30, 0x84	; 132
    29c4:	fe 4f       	sbci	r31, 0xFE	; 254
    29c6:	80 81       	ld	r24, Z
    29c8:	89 8b       	std	Y+17, r24	; 0x11
    29ca:	12 c0       	rjmp	.+36     	; 0x29f0 <KPD_u8GetPressedKey+0x1bc>
					//Polling
					while(Local_u8PinState==DIO_u8_LOW)
					{
						DIO_u8GetPinValue(DIO_u8_PINA_REG,Local_u8RowArr[Local_u8RowIter],&Local_u8PinState);
    29cc:	e9 e3       	ldi	r30, 0x39	; 57
    29ce:	f0 e0       	ldi	r31, 0x00	; 0
    29d0:	40 81       	ld	r20, Z
    29d2:	8f 85       	ldd	r24, Y+15	; 0x0f
    29d4:	88 2f       	mov	r24, r24
    29d6:	90 e0       	ldi	r25, 0x00	; 0
    29d8:	fc 01       	movw	r30, r24
    29da:	eb 58       	subi	r30, 0x8B	; 139
    29dc:	fe 4f       	sbci	r31, 0xFE	; 254
    29de:	90 81       	ld	r25, Z
    29e0:	9e 01       	movw	r18, r28
    29e2:	2e 5e       	subi	r18, 0xEE	; 238
    29e4:	3f 4f       	sbci	r19, 0xFF	; 255
    29e6:	84 2f       	mov	r24, r20
    29e8:	69 2f       	mov	r22, r25
    29ea:	a9 01       	movw	r20, r18
    29ec:	0e 94 58 0c 	call	0x18b0	; 0x18b0 <DIO_u8GetPinValue>
				_delay_ms(20);
				if(Local_u8PinState==DIO_u8_LOW)
				{
					Local_u8Button=KPD_ARR[Local_u8RowIter][Local_u8ColIter];
					//Polling
					while(Local_u8PinState==DIO_u8_LOW)
    29f0:	8a 89       	ldd	r24, Y+18	; 0x12
    29f2:	88 23       	and	r24, r24
    29f4:	59 f3       	breq	.-42     	; 0x29cc <KPD_u8GetPressedKey+0x198>
	//OUTER for loop to columns
	for(u8 Local_u8ColIter=0;Local_u8ColIter<MAX_COL_NUM;Local_u8ColIter++)
	{
		//Activate col
		DIO_u8SetPinValue(KPD_PORT,Local_u8ColArr[Local_u8ColIter],DIO_u8_LOW);
		for(u8 Local_u8RowIter=0;Local_u8RowIter<MAX_ROW_NUM;Local_u8RowIter++)
    29f6:	8f 85       	ldd	r24, Y+15	; 0x0f
    29f8:	8f 5f       	subi	r24, 0xFF	; 255
    29fa:	8f 87       	std	Y+15, r24	; 0x0f
    29fc:	8f 85       	ldd	r24, Y+15	; 0x0f
    29fe:	84 30       	cpi	r24, 0x04	; 4
    2a00:	08 f4       	brcc	.+2      	; 0x2a04 <KPD_u8GetPressedKey+0x1d0>
    2a02:	34 cf       	rjmp	.-408    	; 0x286c <KPD_u8GetPressedKey+0x38>
			}

		}

		//Deactivate col
		DIO_u8SetPinValue(KPD_PORT,Local_u8ColArr[Local_u8ColIter],DIO_u8_HIGH);
    2a04:	88 89       	ldd	r24, Y+16	; 0x10
    2a06:	88 2f       	mov	r24, r24
    2a08:	90 e0       	ldi	r25, 0x00	; 0
    2a0a:	fc 01       	movw	r30, r24
    2a0c:	e7 58       	subi	r30, 0x87	; 135
    2a0e:	fe 4f       	sbci	r31, 0xFE	; 254
    2a10:	90 81       	ld	r25, Z
    2a12:	80 e0       	ldi	r24, 0x00	; 0
    2a14:	69 2f       	mov	r22, r25
    2a16:	41 e0       	ldi	r20, 0x01	; 1
    2a18:	0e 94 32 0b 	call	0x1664	; 0x1664 <DIO_u8SetPinValue>
	static u8 KPD_ARR[MAX_ROW_NUM][MAX_COL_NUM]=KPD_VALUES;
	u8 Local_u8PinState;
	static u8 Local_u8ColArr[MAX_COL_NUM]={C0,C1,C2};
	static u8 Local_u8RowArr[MAX_ROW_NUM]={R0,R1,R2,R3};
	//OUTER for loop to columns
	for(u8 Local_u8ColIter=0;Local_u8ColIter<MAX_COL_NUM;Local_u8ColIter++)
    2a1c:	88 89       	ldd	r24, Y+16	; 0x10
    2a1e:	8f 5f       	subi	r24, 0xFF	; 255
    2a20:	88 8b       	std	Y+16, r24	; 0x10
    2a22:	88 89       	ldd	r24, Y+16	; 0x10
    2a24:	83 30       	cpi	r24, 0x03	; 3
    2a26:	08 f4       	brcc	.+2      	; 0x2a2a <KPD_u8GetPressedKey+0x1f6>
    2a28:	13 cf       	rjmp	.-474    	; 0x2850 <KPD_u8GetPressedKey+0x1c>
		}

		//Deactivate col
		DIO_u8SetPinValue(KPD_PORT,Local_u8ColArr[Local_u8ColIter],DIO_u8_HIGH);
	}
	return Local_u8Button;
    2a2a:	89 89       	ldd	r24, Y+17	; 0x11
}
    2a2c:	62 96       	adiw	r28, 0x12	; 18
    2a2e:	0f b6       	in	r0, 0x3f	; 63
    2a30:	f8 94       	cli
    2a32:	de bf       	out	0x3e, r29	; 62
    2a34:	0f be       	out	0x3f, r0	; 63
    2a36:	cd bf       	out	0x3d, r28	; 61
    2a38:	cf 91       	pop	r28
    2a3a:	df 91       	pop	r29
    2a3c:	08 95       	ret

00002a3e <DCMOTOR_Toggle>:
#include "LIB/STD_TYPES.h"
#include "LIB/BIT_MATH.h"
#include "MCAL/DIO/DIO_interface.h"
#include <util/delay.h>
void DCMOTOR_Toggle(void)
{
    2a3e:	df 93       	push	r29
    2a40:	cf 93       	push	r28
    2a42:	cd b7       	in	r28, 0x3d	; 61
    2a44:	de b7       	in	r29, 0x3e	; 62

	TOG_BIT(DC_MOTOR_PORT,DC_MOTOR_PIN);
    2a46:	ab e3       	ldi	r26, 0x3B	; 59
    2a48:	b0 e0       	ldi	r27, 0x00	; 0
    2a4a:	eb e3       	ldi	r30, 0x3B	; 59
    2a4c:	f0 e0       	ldi	r31, 0x00	; 0
    2a4e:	90 81       	ld	r25, Z
    2a50:	81 e0       	ldi	r24, 0x01	; 1
    2a52:	89 27       	eor	r24, r25
    2a54:	8c 93       	st	X, r24

}
    2a56:	cf 91       	pop	r28
    2a58:	df 91       	pop	r29
    2a5a:	08 95       	ret

00002a5c <DCMOTOR_OperateCW>:

void DCMOTOR_OperateCW(u32 steps)
{
    2a5c:	df 93       	push	r29
    2a5e:	cf 93       	push	r28
    2a60:	cd b7       	in	r28, 0x3d	; 61
    2a62:	de b7       	in	r29, 0x3e	; 62
    2a64:	ec 97       	sbiw	r28, 0x3c	; 60
    2a66:	0f b6       	in	r0, 0x3f	; 63
    2a68:	f8 94       	cli
    2a6a:	de bf       	out	0x3e, r29	; 62
    2a6c:	0f be       	out	0x3f, r0	; 63
    2a6e:	cd bf       	out	0x3d, r28	; 61
    2a70:	9c af       	std	Y+60, r25	; 0x3c
    2a72:	8b af       	std	Y+59, r24	; 0x3b
	for(u32 i=0;i<steps;i++)
    2a74:	1a ae       	std	Y+58, r1	; 0x3a
    2a76:	19 ae       	std	Y+57, r1	; 0x39
    2a78:	1d c2       	rjmp	.+1082   	; 0x2eb4 <DCMOTOR_OperateCW+0x458>
	{
		DIO_u8SetPinValue(DIO_u8_PORTA,DIO_u8_PIN0,DIO_u8_HIGH);
    2a7a:	80 e0       	ldi	r24, 0x00	; 0
    2a7c:	60 e0       	ldi	r22, 0x00	; 0
    2a7e:	41 e0       	ldi	r20, 0x01	; 1
    2a80:	0e 94 32 0b 	call	0x1664	; 0x1664 <DIO_u8SetPinValue>
		DIO_u8SetPinValue(DIO_u8_PORTA,DIO_u8_PIN1,DIO_u8_LOW);
    2a84:	80 e0       	ldi	r24, 0x00	; 0
    2a86:	61 e0       	ldi	r22, 0x01	; 1
    2a88:	40 e0       	ldi	r20, 0x00	; 0
    2a8a:	0e 94 32 0b 	call	0x1664	; 0x1664 <DIO_u8SetPinValue>
		DIO_u8SetPinValue(DIO_u8_PORTA,DIO_u8_PIN2,DIO_u8_LOW);
    2a8e:	80 e0       	ldi	r24, 0x00	; 0
    2a90:	62 e0       	ldi	r22, 0x02	; 2
    2a92:	40 e0       	ldi	r20, 0x00	; 0
    2a94:	0e 94 32 0b 	call	0x1664	; 0x1664 <DIO_u8SetPinValue>
		DIO_u8SetPinValue(DIO_u8_PORTA,DIO_u8_PIN3,DIO_u8_LOW);
    2a98:	80 e0       	ldi	r24, 0x00	; 0
    2a9a:	63 e0       	ldi	r22, 0x03	; 3
    2a9c:	40 e0       	ldi	r20, 0x00	; 0
    2a9e:	0e 94 32 0b 	call	0x1664	; 0x1664 <DIO_u8SetPinValue>
    2aa2:	80 e0       	ldi	r24, 0x00	; 0
    2aa4:	90 e0       	ldi	r25, 0x00	; 0
    2aa6:	a0 e2       	ldi	r26, 0x20	; 32
    2aa8:	b1 e4       	ldi	r27, 0x41	; 65
    2aaa:	8d ab       	std	Y+53, r24	; 0x35
    2aac:	9e ab       	std	Y+54, r25	; 0x36
    2aae:	af ab       	std	Y+55, r26	; 0x37
    2ab0:	b8 af       	std	Y+56, r27	; 0x38
 */
void
_delay_ms(double __ms)
{
	uint16_t __ticks;
	double __tmp = ((F_CPU) / 4e3) * __ms;
    2ab2:	6d a9       	ldd	r22, Y+53	; 0x35
    2ab4:	7e a9       	ldd	r23, Y+54	; 0x36
    2ab6:	8f a9       	ldd	r24, Y+55	; 0x37
    2ab8:	98 ad       	ldd	r25, Y+56	; 0x38
    2aba:	20 e0       	ldi	r18, 0x00	; 0
    2abc:	30 e0       	ldi	r19, 0x00	; 0
    2abe:	4a ef       	ldi	r20, 0xFA	; 250
    2ac0:	54 e4       	ldi	r21, 0x44	; 68
    2ac2:	0e 94 1f 02 	call	0x43e	; 0x43e <__mulsf3>
    2ac6:	dc 01       	movw	r26, r24
    2ac8:	cb 01       	movw	r24, r22
    2aca:	89 ab       	std	Y+49, r24	; 0x31
    2acc:	9a ab       	std	Y+50, r25	; 0x32
    2ace:	ab ab       	std	Y+51, r26	; 0x33
    2ad0:	bc ab       	std	Y+52, r27	; 0x34
	if (__tmp < 1.0)
    2ad2:	69 a9       	ldd	r22, Y+49	; 0x31
    2ad4:	7a a9       	ldd	r23, Y+50	; 0x32
    2ad6:	8b a9       	ldd	r24, Y+51	; 0x33
    2ad8:	9c a9       	ldd	r25, Y+52	; 0x34
    2ada:	20 e0       	ldi	r18, 0x00	; 0
    2adc:	30 e0       	ldi	r19, 0x00	; 0
    2ade:	40 e8       	ldi	r20, 0x80	; 128
    2ae0:	5f e3       	ldi	r21, 0x3F	; 63
    2ae2:	0e 94 25 04 	call	0x84a	; 0x84a <__ltsf2>
    2ae6:	88 23       	and	r24, r24
    2ae8:	2c f4       	brge	.+10     	; 0x2af4 <DCMOTOR_OperateCW+0x98>
		__ticks = 1;
    2aea:	81 e0       	ldi	r24, 0x01	; 1
    2aec:	90 e0       	ldi	r25, 0x00	; 0
    2aee:	98 ab       	std	Y+48, r25	; 0x30
    2af0:	8f a7       	std	Y+47, r24	; 0x2f
    2af2:	3f c0       	rjmp	.+126    	; 0x2b72 <DCMOTOR_OperateCW+0x116>
	else if (__tmp > 65535)
    2af4:	69 a9       	ldd	r22, Y+49	; 0x31
    2af6:	7a a9       	ldd	r23, Y+50	; 0x32
    2af8:	8b a9       	ldd	r24, Y+51	; 0x33
    2afa:	9c a9       	ldd	r25, Y+52	; 0x34
    2afc:	20 e0       	ldi	r18, 0x00	; 0
    2afe:	3f ef       	ldi	r19, 0xFF	; 255
    2b00:	4f e7       	ldi	r20, 0x7F	; 127
    2b02:	57 e4       	ldi	r21, 0x47	; 71
    2b04:	0e 94 c5 03 	call	0x78a	; 0x78a <__gtsf2>
    2b08:	18 16       	cp	r1, r24
    2b0a:	4c f5       	brge	.+82     	; 0x2b5e <DCMOTOR_OperateCW+0x102>
	{
		//	__ticks = requested delay in 1/10 ms
		__ticks = (uint16_t) (__ms * 10.0);
    2b0c:	6d a9       	ldd	r22, Y+53	; 0x35
    2b0e:	7e a9       	ldd	r23, Y+54	; 0x36
    2b10:	8f a9       	ldd	r24, Y+55	; 0x37
    2b12:	98 ad       	ldd	r25, Y+56	; 0x38
    2b14:	20 e0       	ldi	r18, 0x00	; 0
    2b16:	30 e0       	ldi	r19, 0x00	; 0
    2b18:	40 e2       	ldi	r20, 0x20	; 32
    2b1a:	51 e4       	ldi	r21, 0x41	; 65
    2b1c:	0e 94 1f 02 	call	0x43e	; 0x43e <__mulsf3>
    2b20:	dc 01       	movw	r26, r24
    2b22:	cb 01       	movw	r24, r22
    2b24:	bc 01       	movw	r22, r24
    2b26:	cd 01       	movw	r24, r26
    2b28:	0e 94 49 00 	call	0x92	; 0x92 <__fixunssfsi>
    2b2c:	dc 01       	movw	r26, r24
    2b2e:	cb 01       	movw	r24, r22
    2b30:	98 ab       	std	Y+48, r25	; 0x30
    2b32:	8f a7       	std	Y+47, r24	; 0x2f
    2b34:	0f c0       	rjmp	.+30     	; 0x2b54 <DCMOTOR_OperateCW+0xf8>
    2b36:	88 ec       	ldi	r24, 0xC8	; 200
    2b38:	90 e0       	ldi	r25, 0x00	; 0
    2b3a:	9e a7       	std	Y+46, r25	; 0x2e
    2b3c:	8d a7       	std	Y+45, r24	; 0x2d
    2b3e:	8d a5       	ldd	r24, Y+45	; 0x2d
    2b40:	9e a5       	ldd	r25, Y+46	; 0x2e
    2b42:	01 97       	sbiw	r24, 0x01	; 1
    2b44:	f1 f7       	brne	.-4      	; 0x2b42 <DCMOTOR_OperateCW+0xe6>
    2b46:	9e a7       	std	Y+46, r25	; 0x2e
    2b48:	8d a7       	std	Y+45, r24	; 0x2d
		while(__ticks)
		{
			// wait 1/10 ms
			_delay_loop_2(((F_CPU) / 4e3) / 10);
			__ticks --;
    2b4a:	8f a5       	ldd	r24, Y+47	; 0x2f
    2b4c:	98 a9       	ldd	r25, Y+48	; 0x30
    2b4e:	01 97       	sbiw	r24, 0x01	; 1
    2b50:	98 ab       	std	Y+48, r25	; 0x30
    2b52:	8f a7       	std	Y+47, r24	; 0x2f
		__ticks = 1;
	else if (__tmp > 65535)
	{
		//	__ticks = requested delay in 1/10 ms
		__ticks = (uint16_t) (__ms * 10.0);
		while(__ticks)
    2b54:	8f a5       	ldd	r24, Y+47	; 0x2f
    2b56:	98 a9       	ldd	r25, Y+48	; 0x30
    2b58:	00 97       	sbiw	r24, 0x00	; 0
    2b5a:	69 f7       	brne	.-38     	; 0x2b36 <DCMOTOR_OperateCW+0xda>
    2b5c:	14 c0       	rjmp	.+40     	; 0x2b86 <DCMOTOR_OperateCW+0x12a>
			__ticks --;
		}
		return;
	}
	else
		__ticks = (uint16_t)__tmp;
    2b5e:	69 a9       	ldd	r22, Y+49	; 0x31
    2b60:	7a a9       	ldd	r23, Y+50	; 0x32
    2b62:	8b a9       	ldd	r24, Y+51	; 0x33
    2b64:	9c a9       	ldd	r25, Y+52	; 0x34
    2b66:	0e 94 49 00 	call	0x92	; 0x92 <__fixunssfsi>
    2b6a:	dc 01       	movw	r26, r24
    2b6c:	cb 01       	movw	r24, r22
    2b6e:	98 ab       	std	Y+48, r25	; 0x30
    2b70:	8f a7       	std	Y+47, r24	; 0x2f
    2b72:	8f a5       	ldd	r24, Y+47	; 0x2f
    2b74:	98 a9       	ldd	r25, Y+48	; 0x30
    2b76:	9c a7       	std	Y+44, r25	; 0x2c
    2b78:	8b a7       	std	Y+43, r24	; 0x2b
    2b7a:	8b a5       	ldd	r24, Y+43	; 0x2b
    2b7c:	9c a5       	ldd	r25, Y+44	; 0x2c
    2b7e:	01 97       	sbiw	r24, 0x01	; 1
    2b80:	f1 f7       	brne	.-4      	; 0x2b7e <DCMOTOR_OperateCW+0x122>
    2b82:	9c a7       	std	Y+44, r25	; 0x2c
    2b84:	8b a7       	std	Y+43, r24	; 0x2b
		_delay_ms(10);
		DIO_u8SetPinValue(DIO_u8_PORTA,DIO_u8_PIN0,DIO_u8_LOW);
    2b86:	80 e0       	ldi	r24, 0x00	; 0
    2b88:	60 e0       	ldi	r22, 0x00	; 0
    2b8a:	40 e0       	ldi	r20, 0x00	; 0
    2b8c:	0e 94 32 0b 	call	0x1664	; 0x1664 <DIO_u8SetPinValue>
				DIO_u8SetPinValue(DIO_u8_PORTA,DIO_u8_PIN1,DIO_u8_HIGH);
    2b90:	80 e0       	ldi	r24, 0x00	; 0
    2b92:	61 e0       	ldi	r22, 0x01	; 1
    2b94:	41 e0       	ldi	r20, 0x01	; 1
    2b96:	0e 94 32 0b 	call	0x1664	; 0x1664 <DIO_u8SetPinValue>
				DIO_u8SetPinValue(DIO_u8_PORTA,DIO_u8_PIN2,DIO_u8_LOW);
    2b9a:	80 e0       	ldi	r24, 0x00	; 0
    2b9c:	62 e0       	ldi	r22, 0x02	; 2
    2b9e:	40 e0       	ldi	r20, 0x00	; 0
    2ba0:	0e 94 32 0b 	call	0x1664	; 0x1664 <DIO_u8SetPinValue>
				DIO_u8SetPinValue(DIO_u8_PORTA,DIO_u8_PIN3,DIO_u8_LOW);
    2ba4:	80 e0       	ldi	r24, 0x00	; 0
    2ba6:	63 e0       	ldi	r22, 0x03	; 3
    2ba8:	40 e0       	ldi	r20, 0x00	; 0
    2baa:	0e 94 32 0b 	call	0x1664	; 0x1664 <DIO_u8SetPinValue>
    2bae:	80 e0       	ldi	r24, 0x00	; 0
    2bb0:	90 e0       	ldi	r25, 0x00	; 0
    2bb2:	a0 e2       	ldi	r26, 0x20	; 32
    2bb4:	b1 e4       	ldi	r27, 0x41	; 65
    2bb6:	8f a3       	std	Y+39, r24	; 0x27
    2bb8:	98 a7       	std	Y+40, r25	; 0x28
    2bba:	a9 a7       	std	Y+41, r26	; 0x29
    2bbc:	ba a7       	std	Y+42, r27	; 0x2a
 */
void
_delay_ms(double __ms)
{
	uint16_t __ticks;
	double __tmp = ((F_CPU) / 4e3) * __ms;
    2bbe:	6f a1       	ldd	r22, Y+39	; 0x27
    2bc0:	78 a5       	ldd	r23, Y+40	; 0x28
    2bc2:	89 a5       	ldd	r24, Y+41	; 0x29
    2bc4:	9a a5       	ldd	r25, Y+42	; 0x2a
    2bc6:	20 e0       	ldi	r18, 0x00	; 0
    2bc8:	30 e0       	ldi	r19, 0x00	; 0
    2bca:	4a ef       	ldi	r20, 0xFA	; 250
    2bcc:	54 e4       	ldi	r21, 0x44	; 68
    2bce:	0e 94 1f 02 	call	0x43e	; 0x43e <__mulsf3>
    2bd2:	dc 01       	movw	r26, r24
    2bd4:	cb 01       	movw	r24, r22
    2bd6:	8b a3       	std	Y+35, r24	; 0x23
    2bd8:	9c a3       	std	Y+36, r25	; 0x24
    2bda:	ad a3       	std	Y+37, r26	; 0x25
    2bdc:	be a3       	std	Y+38, r27	; 0x26
	if (__tmp < 1.0)
    2bde:	6b a1       	ldd	r22, Y+35	; 0x23
    2be0:	7c a1       	ldd	r23, Y+36	; 0x24
    2be2:	8d a1       	ldd	r24, Y+37	; 0x25
    2be4:	9e a1       	ldd	r25, Y+38	; 0x26
    2be6:	20 e0       	ldi	r18, 0x00	; 0
    2be8:	30 e0       	ldi	r19, 0x00	; 0
    2bea:	40 e8       	ldi	r20, 0x80	; 128
    2bec:	5f e3       	ldi	r21, 0x3F	; 63
    2bee:	0e 94 25 04 	call	0x84a	; 0x84a <__ltsf2>
    2bf2:	88 23       	and	r24, r24
    2bf4:	2c f4       	brge	.+10     	; 0x2c00 <DCMOTOR_OperateCW+0x1a4>
		__ticks = 1;
    2bf6:	81 e0       	ldi	r24, 0x01	; 1
    2bf8:	90 e0       	ldi	r25, 0x00	; 0
    2bfa:	9a a3       	std	Y+34, r25	; 0x22
    2bfc:	89 a3       	std	Y+33, r24	; 0x21
    2bfe:	3f c0       	rjmp	.+126    	; 0x2c7e <DCMOTOR_OperateCW+0x222>
	else if (__tmp > 65535)
    2c00:	6b a1       	ldd	r22, Y+35	; 0x23
    2c02:	7c a1       	ldd	r23, Y+36	; 0x24
    2c04:	8d a1       	ldd	r24, Y+37	; 0x25
    2c06:	9e a1       	ldd	r25, Y+38	; 0x26
    2c08:	20 e0       	ldi	r18, 0x00	; 0
    2c0a:	3f ef       	ldi	r19, 0xFF	; 255
    2c0c:	4f e7       	ldi	r20, 0x7F	; 127
    2c0e:	57 e4       	ldi	r21, 0x47	; 71
    2c10:	0e 94 c5 03 	call	0x78a	; 0x78a <__gtsf2>
    2c14:	18 16       	cp	r1, r24
    2c16:	4c f5       	brge	.+82     	; 0x2c6a <DCMOTOR_OperateCW+0x20e>
	{
		//	__ticks = requested delay in 1/10 ms
		__ticks = (uint16_t) (__ms * 10.0);
    2c18:	6f a1       	ldd	r22, Y+39	; 0x27
    2c1a:	78 a5       	ldd	r23, Y+40	; 0x28
    2c1c:	89 a5       	ldd	r24, Y+41	; 0x29
    2c1e:	9a a5       	ldd	r25, Y+42	; 0x2a
    2c20:	20 e0       	ldi	r18, 0x00	; 0
    2c22:	30 e0       	ldi	r19, 0x00	; 0
    2c24:	40 e2       	ldi	r20, 0x20	; 32
    2c26:	51 e4       	ldi	r21, 0x41	; 65
    2c28:	0e 94 1f 02 	call	0x43e	; 0x43e <__mulsf3>
    2c2c:	dc 01       	movw	r26, r24
    2c2e:	cb 01       	movw	r24, r22
    2c30:	bc 01       	movw	r22, r24
    2c32:	cd 01       	movw	r24, r26
    2c34:	0e 94 49 00 	call	0x92	; 0x92 <__fixunssfsi>
    2c38:	dc 01       	movw	r26, r24
    2c3a:	cb 01       	movw	r24, r22
    2c3c:	9a a3       	std	Y+34, r25	; 0x22
    2c3e:	89 a3       	std	Y+33, r24	; 0x21
    2c40:	0f c0       	rjmp	.+30     	; 0x2c60 <DCMOTOR_OperateCW+0x204>
    2c42:	88 ec       	ldi	r24, 0xC8	; 200
    2c44:	90 e0       	ldi	r25, 0x00	; 0
    2c46:	98 a3       	std	Y+32, r25	; 0x20
    2c48:	8f 8f       	std	Y+31, r24	; 0x1f
    2c4a:	8f 8d       	ldd	r24, Y+31	; 0x1f
    2c4c:	98 a1       	ldd	r25, Y+32	; 0x20
    2c4e:	01 97       	sbiw	r24, 0x01	; 1
    2c50:	f1 f7       	brne	.-4      	; 0x2c4e <DCMOTOR_OperateCW+0x1f2>
    2c52:	98 a3       	std	Y+32, r25	; 0x20
    2c54:	8f 8f       	std	Y+31, r24	; 0x1f
		while(__ticks)
		{
			// wait 1/10 ms
			_delay_loop_2(((F_CPU) / 4e3) / 10);
			__ticks --;
    2c56:	89 a1       	ldd	r24, Y+33	; 0x21
    2c58:	9a a1       	ldd	r25, Y+34	; 0x22
    2c5a:	01 97       	sbiw	r24, 0x01	; 1
    2c5c:	9a a3       	std	Y+34, r25	; 0x22
    2c5e:	89 a3       	std	Y+33, r24	; 0x21
		__ticks = 1;
	else if (__tmp > 65535)
	{
		//	__ticks = requested delay in 1/10 ms
		__ticks = (uint16_t) (__ms * 10.0);
		while(__ticks)
    2c60:	89 a1       	ldd	r24, Y+33	; 0x21
    2c62:	9a a1       	ldd	r25, Y+34	; 0x22
    2c64:	00 97       	sbiw	r24, 0x00	; 0
    2c66:	69 f7       	brne	.-38     	; 0x2c42 <DCMOTOR_OperateCW+0x1e6>
    2c68:	14 c0       	rjmp	.+40     	; 0x2c92 <DCMOTOR_OperateCW+0x236>
			__ticks --;
		}
		return;
	}
	else
		__ticks = (uint16_t)__tmp;
    2c6a:	6b a1       	ldd	r22, Y+35	; 0x23
    2c6c:	7c a1       	ldd	r23, Y+36	; 0x24
    2c6e:	8d a1       	ldd	r24, Y+37	; 0x25
    2c70:	9e a1       	ldd	r25, Y+38	; 0x26
    2c72:	0e 94 49 00 	call	0x92	; 0x92 <__fixunssfsi>
    2c76:	dc 01       	movw	r26, r24
    2c78:	cb 01       	movw	r24, r22
    2c7a:	9a a3       	std	Y+34, r25	; 0x22
    2c7c:	89 a3       	std	Y+33, r24	; 0x21
    2c7e:	89 a1       	ldd	r24, Y+33	; 0x21
    2c80:	9a a1       	ldd	r25, Y+34	; 0x22
    2c82:	9e 8f       	std	Y+30, r25	; 0x1e
    2c84:	8d 8f       	std	Y+29, r24	; 0x1d
    2c86:	8d 8d       	ldd	r24, Y+29	; 0x1d
    2c88:	9e 8d       	ldd	r25, Y+30	; 0x1e
    2c8a:	01 97       	sbiw	r24, 0x01	; 1
    2c8c:	f1 f7       	brne	.-4      	; 0x2c8a <DCMOTOR_OperateCW+0x22e>
    2c8e:	9e 8f       	std	Y+30, r25	; 0x1e
    2c90:	8d 8f       	std	Y+29, r24	; 0x1d
				_delay_ms(10);
				DIO_u8SetPinValue(DIO_u8_PORTA,DIO_u8_PIN0,DIO_u8_LOW);
    2c92:	80 e0       	ldi	r24, 0x00	; 0
    2c94:	60 e0       	ldi	r22, 0x00	; 0
    2c96:	40 e0       	ldi	r20, 0x00	; 0
    2c98:	0e 94 32 0b 	call	0x1664	; 0x1664 <DIO_u8SetPinValue>
						DIO_u8SetPinValue(DIO_u8_PORTA,DIO_u8_PIN1,DIO_u8_LOW);
    2c9c:	80 e0       	ldi	r24, 0x00	; 0
    2c9e:	61 e0       	ldi	r22, 0x01	; 1
    2ca0:	40 e0       	ldi	r20, 0x00	; 0
    2ca2:	0e 94 32 0b 	call	0x1664	; 0x1664 <DIO_u8SetPinValue>
						DIO_u8SetPinValue(DIO_u8_PORTA,DIO_u8_PIN2,DIO_u8_HIGH);
    2ca6:	80 e0       	ldi	r24, 0x00	; 0
    2ca8:	62 e0       	ldi	r22, 0x02	; 2
    2caa:	41 e0       	ldi	r20, 0x01	; 1
    2cac:	0e 94 32 0b 	call	0x1664	; 0x1664 <DIO_u8SetPinValue>
						DIO_u8SetPinValue(DIO_u8_PORTA,DIO_u8_PIN3,DIO_u8_LOW);
    2cb0:	80 e0       	ldi	r24, 0x00	; 0
    2cb2:	63 e0       	ldi	r22, 0x03	; 3
    2cb4:	40 e0       	ldi	r20, 0x00	; 0
    2cb6:	0e 94 32 0b 	call	0x1664	; 0x1664 <DIO_u8SetPinValue>
    2cba:	80 e0       	ldi	r24, 0x00	; 0
    2cbc:	90 e0       	ldi	r25, 0x00	; 0
    2cbe:	a0 e2       	ldi	r26, 0x20	; 32
    2cc0:	b1 e4       	ldi	r27, 0x41	; 65
    2cc2:	89 8f       	std	Y+25, r24	; 0x19
    2cc4:	9a 8f       	std	Y+26, r25	; 0x1a
    2cc6:	ab 8f       	std	Y+27, r26	; 0x1b
    2cc8:	bc 8f       	std	Y+28, r27	; 0x1c
 */
void
_delay_ms(double __ms)
{
	uint16_t __ticks;
	double __tmp = ((F_CPU) / 4e3) * __ms;
    2cca:	69 8d       	ldd	r22, Y+25	; 0x19
    2ccc:	7a 8d       	ldd	r23, Y+26	; 0x1a
    2cce:	8b 8d       	ldd	r24, Y+27	; 0x1b
    2cd0:	9c 8d       	ldd	r25, Y+28	; 0x1c
    2cd2:	20 e0       	ldi	r18, 0x00	; 0
    2cd4:	30 e0       	ldi	r19, 0x00	; 0
    2cd6:	4a ef       	ldi	r20, 0xFA	; 250
    2cd8:	54 e4       	ldi	r21, 0x44	; 68
    2cda:	0e 94 1f 02 	call	0x43e	; 0x43e <__mulsf3>
    2cde:	dc 01       	movw	r26, r24
    2ce0:	cb 01       	movw	r24, r22
    2ce2:	8d 8b       	std	Y+21, r24	; 0x15
    2ce4:	9e 8b       	std	Y+22, r25	; 0x16
    2ce6:	af 8b       	std	Y+23, r26	; 0x17
    2ce8:	b8 8f       	std	Y+24, r27	; 0x18
	if (__tmp < 1.0)
    2cea:	6d 89       	ldd	r22, Y+21	; 0x15
    2cec:	7e 89       	ldd	r23, Y+22	; 0x16
    2cee:	8f 89       	ldd	r24, Y+23	; 0x17
    2cf0:	98 8d       	ldd	r25, Y+24	; 0x18
    2cf2:	20 e0       	ldi	r18, 0x00	; 0
    2cf4:	30 e0       	ldi	r19, 0x00	; 0
    2cf6:	40 e8       	ldi	r20, 0x80	; 128
    2cf8:	5f e3       	ldi	r21, 0x3F	; 63
    2cfa:	0e 94 25 04 	call	0x84a	; 0x84a <__ltsf2>
    2cfe:	88 23       	and	r24, r24
    2d00:	2c f4       	brge	.+10     	; 0x2d0c <DCMOTOR_OperateCW+0x2b0>
		__ticks = 1;
    2d02:	81 e0       	ldi	r24, 0x01	; 1
    2d04:	90 e0       	ldi	r25, 0x00	; 0
    2d06:	9c 8b       	std	Y+20, r25	; 0x14
    2d08:	8b 8b       	std	Y+19, r24	; 0x13
    2d0a:	3f c0       	rjmp	.+126    	; 0x2d8a <DCMOTOR_OperateCW+0x32e>
	else if (__tmp > 65535)
    2d0c:	6d 89       	ldd	r22, Y+21	; 0x15
    2d0e:	7e 89       	ldd	r23, Y+22	; 0x16
    2d10:	8f 89       	ldd	r24, Y+23	; 0x17
    2d12:	98 8d       	ldd	r25, Y+24	; 0x18
    2d14:	20 e0       	ldi	r18, 0x00	; 0
    2d16:	3f ef       	ldi	r19, 0xFF	; 255
    2d18:	4f e7       	ldi	r20, 0x7F	; 127
    2d1a:	57 e4       	ldi	r21, 0x47	; 71
    2d1c:	0e 94 c5 03 	call	0x78a	; 0x78a <__gtsf2>
    2d20:	18 16       	cp	r1, r24
    2d22:	4c f5       	brge	.+82     	; 0x2d76 <DCMOTOR_OperateCW+0x31a>
	{
		//	__ticks = requested delay in 1/10 ms
		__ticks = (uint16_t) (__ms * 10.0);
    2d24:	69 8d       	ldd	r22, Y+25	; 0x19
    2d26:	7a 8d       	ldd	r23, Y+26	; 0x1a
    2d28:	8b 8d       	ldd	r24, Y+27	; 0x1b
    2d2a:	9c 8d       	ldd	r25, Y+28	; 0x1c
    2d2c:	20 e0       	ldi	r18, 0x00	; 0
    2d2e:	30 e0       	ldi	r19, 0x00	; 0
    2d30:	40 e2       	ldi	r20, 0x20	; 32
    2d32:	51 e4       	ldi	r21, 0x41	; 65
    2d34:	0e 94 1f 02 	call	0x43e	; 0x43e <__mulsf3>
    2d38:	dc 01       	movw	r26, r24
    2d3a:	cb 01       	movw	r24, r22
    2d3c:	bc 01       	movw	r22, r24
    2d3e:	cd 01       	movw	r24, r26
    2d40:	0e 94 49 00 	call	0x92	; 0x92 <__fixunssfsi>
    2d44:	dc 01       	movw	r26, r24
    2d46:	cb 01       	movw	r24, r22
    2d48:	9c 8b       	std	Y+20, r25	; 0x14
    2d4a:	8b 8b       	std	Y+19, r24	; 0x13
    2d4c:	0f c0       	rjmp	.+30     	; 0x2d6c <DCMOTOR_OperateCW+0x310>
    2d4e:	88 ec       	ldi	r24, 0xC8	; 200
    2d50:	90 e0       	ldi	r25, 0x00	; 0
    2d52:	9a 8b       	std	Y+18, r25	; 0x12
    2d54:	89 8b       	std	Y+17, r24	; 0x11
    2d56:	89 89       	ldd	r24, Y+17	; 0x11
    2d58:	9a 89       	ldd	r25, Y+18	; 0x12
    2d5a:	01 97       	sbiw	r24, 0x01	; 1
    2d5c:	f1 f7       	brne	.-4      	; 0x2d5a <DCMOTOR_OperateCW+0x2fe>
    2d5e:	9a 8b       	std	Y+18, r25	; 0x12
    2d60:	89 8b       	std	Y+17, r24	; 0x11
		while(__ticks)
		{
			// wait 1/10 ms
			_delay_loop_2(((F_CPU) / 4e3) / 10);
			__ticks --;
    2d62:	8b 89       	ldd	r24, Y+19	; 0x13
    2d64:	9c 89       	ldd	r25, Y+20	; 0x14
    2d66:	01 97       	sbiw	r24, 0x01	; 1
    2d68:	9c 8b       	std	Y+20, r25	; 0x14
    2d6a:	8b 8b       	std	Y+19, r24	; 0x13
		__ticks = 1;
	else if (__tmp > 65535)
	{
		//	__ticks = requested delay in 1/10 ms
		__ticks = (uint16_t) (__ms * 10.0);
		while(__ticks)
    2d6c:	8b 89       	ldd	r24, Y+19	; 0x13
    2d6e:	9c 89       	ldd	r25, Y+20	; 0x14
    2d70:	00 97       	sbiw	r24, 0x00	; 0
    2d72:	69 f7       	brne	.-38     	; 0x2d4e <DCMOTOR_OperateCW+0x2f2>
    2d74:	14 c0       	rjmp	.+40     	; 0x2d9e <DCMOTOR_OperateCW+0x342>
			__ticks --;
		}
		return;
	}
	else
		__ticks = (uint16_t)__tmp;
    2d76:	6d 89       	ldd	r22, Y+21	; 0x15
    2d78:	7e 89       	ldd	r23, Y+22	; 0x16
    2d7a:	8f 89       	ldd	r24, Y+23	; 0x17
    2d7c:	98 8d       	ldd	r25, Y+24	; 0x18
    2d7e:	0e 94 49 00 	call	0x92	; 0x92 <__fixunssfsi>
    2d82:	dc 01       	movw	r26, r24
    2d84:	cb 01       	movw	r24, r22
    2d86:	9c 8b       	std	Y+20, r25	; 0x14
    2d88:	8b 8b       	std	Y+19, r24	; 0x13
    2d8a:	8b 89       	ldd	r24, Y+19	; 0x13
    2d8c:	9c 89       	ldd	r25, Y+20	; 0x14
    2d8e:	98 8b       	std	Y+16, r25	; 0x10
    2d90:	8f 87       	std	Y+15, r24	; 0x0f
    2d92:	8f 85       	ldd	r24, Y+15	; 0x0f
    2d94:	98 89       	ldd	r25, Y+16	; 0x10
    2d96:	01 97       	sbiw	r24, 0x01	; 1
    2d98:	f1 f7       	brne	.-4      	; 0x2d96 <DCMOTOR_OperateCW+0x33a>
    2d9a:	98 8b       	std	Y+16, r25	; 0x10
    2d9c:	8f 87       	std	Y+15, r24	; 0x0f
						_delay_ms(10);
						DIO_u8SetPinValue(DIO_u8_PORTA,DIO_u8_PIN0,DIO_u8_LOW);
    2d9e:	80 e0       	ldi	r24, 0x00	; 0
    2da0:	60 e0       	ldi	r22, 0x00	; 0
    2da2:	40 e0       	ldi	r20, 0x00	; 0
    2da4:	0e 94 32 0b 	call	0x1664	; 0x1664 <DIO_u8SetPinValue>
								DIO_u8SetPinValue(DIO_u8_PORTA,DIO_u8_PIN1,DIO_u8_LOW);
    2da8:	80 e0       	ldi	r24, 0x00	; 0
    2daa:	61 e0       	ldi	r22, 0x01	; 1
    2dac:	40 e0       	ldi	r20, 0x00	; 0
    2dae:	0e 94 32 0b 	call	0x1664	; 0x1664 <DIO_u8SetPinValue>
								DIO_u8SetPinValue(DIO_u8_PORTA,DIO_u8_PIN2,DIO_u8_LOW);
    2db2:	80 e0       	ldi	r24, 0x00	; 0
    2db4:	62 e0       	ldi	r22, 0x02	; 2
    2db6:	40 e0       	ldi	r20, 0x00	; 0
    2db8:	0e 94 32 0b 	call	0x1664	; 0x1664 <DIO_u8SetPinValue>
								DIO_u8SetPinValue(DIO_u8_PORTA,DIO_u8_PIN3,DIO_u8_HIGH);
    2dbc:	80 e0       	ldi	r24, 0x00	; 0
    2dbe:	63 e0       	ldi	r22, 0x03	; 3
    2dc0:	41 e0       	ldi	r20, 0x01	; 1
    2dc2:	0e 94 32 0b 	call	0x1664	; 0x1664 <DIO_u8SetPinValue>
    2dc6:	80 e0       	ldi	r24, 0x00	; 0
    2dc8:	90 e0       	ldi	r25, 0x00	; 0
    2dca:	a0 e2       	ldi	r26, 0x20	; 32
    2dcc:	b1 e4       	ldi	r27, 0x41	; 65
    2dce:	8b 87       	std	Y+11, r24	; 0x0b
    2dd0:	9c 87       	std	Y+12, r25	; 0x0c
    2dd2:	ad 87       	std	Y+13, r26	; 0x0d
    2dd4:	be 87       	std	Y+14, r27	; 0x0e
 */
void
_delay_ms(double __ms)
{
	uint16_t __ticks;
	double __tmp = ((F_CPU) / 4e3) * __ms;
    2dd6:	6b 85       	ldd	r22, Y+11	; 0x0b
    2dd8:	7c 85       	ldd	r23, Y+12	; 0x0c
    2dda:	8d 85       	ldd	r24, Y+13	; 0x0d
    2ddc:	9e 85       	ldd	r25, Y+14	; 0x0e
    2dde:	20 e0       	ldi	r18, 0x00	; 0
    2de0:	30 e0       	ldi	r19, 0x00	; 0
    2de2:	4a ef       	ldi	r20, 0xFA	; 250
    2de4:	54 e4       	ldi	r21, 0x44	; 68
    2de6:	0e 94 1f 02 	call	0x43e	; 0x43e <__mulsf3>
    2dea:	dc 01       	movw	r26, r24
    2dec:	cb 01       	movw	r24, r22
    2dee:	8f 83       	std	Y+7, r24	; 0x07
    2df0:	98 87       	std	Y+8, r25	; 0x08
    2df2:	a9 87       	std	Y+9, r26	; 0x09
    2df4:	ba 87       	std	Y+10, r27	; 0x0a
	if (__tmp < 1.0)
    2df6:	6f 81       	ldd	r22, Y+7	; 0x07
    2df8:	78 85       	ldd	r23, Y+8	; 0x08
    2dfa:	89 85       	ldd	r24, Y+9	; 0x09
    2dfc:	9a 85       	ldd	r25, Y+10	; 0x0a
    2dfe:	20 e0       	ldi	r18, 0x00	; 0
    2e00:	30 e0       	ldi	r19, 0x00	; 0
    2e02:	40 e8       	ldi	r20, 0x80	; 128
    2e04:	5f e3       	ldi	r21, 0x3F	; 63
    2e06:	0e 94 25 04 	call	0x84a	; 0x84a <__ltsf2>
    2e0a:	88 23       	and	r24, r24
    2e0c:	2c f4       	brge	.+10     	; 0x2e18 <DCMOTOR_OperateCW+0x3bc>
		__ticks = 1;
    2e0e:	81 e0       	ldi	r24, 0x01	; 1
    2e10:	90 e0       	ldi	r25, 0x00	; 0
    2e12:	9e 83       	std	Y+6, r25	; 0x06
    2e14:	8d 83       	std	Y+5, r24	; 0x05
    2e16:	3f c0       	rjmp	.+126    	; 0x2e96 <DCMOTOR_OperateCW+0x43a>
	else if (__tmp > 65535)
    2e18:	6f 81       	ldd	r22, Y+7	; 0x07
    2e1a:	78 85       	ldd	r23, Y+8	; 0x08
    2e1c:	89 85       	ldd	r24, Y+9	; 0x09
    2e1e:	9a 85       	ldd	r25, Y+10	; 0x0a
    2e20:	20 e0       	ldi	r18, 0x00	; 0
    2e22:	3f ef       	ldi	r19, 0xFF	; 255
    2e24:	4f e7       	ldi	r20, 0x7F	; 127
    2e26:	57 e4       	ldi	r21, 0x47	; 71
    2e28:	0e 94 c5 03 	call	0x78a	; 0x78a <__gtsf2>
    2e2c:	18 16       	cp	r1, r24
    2e2e:	4c f5       	brge	.+82     	; 0x2e82 <DCMOTOR_OperateCW+0x426>
	{
		//	__ticks = requested delay in 1/10 ms
		__ticks = (uint16_t) (__ms * 10.0);
    2e30:	6b 85       	ldd	r22, Y+11	; 0x0b
    2e32:	7c 85       	ldd	r23, Y+12	; 0x0c
    2e34:	8d 85       	ldd	r24, Y+13	; 0x0d
    2e36:	9e 85       	ldd	r25, Y+14	; 0x0e
    2e38:	20 e0       	ldi	r18, 0x00	; 0
    2e3a:	30 e0       	ldi	r19, 0x00	; 0
    2e3c:	40 e2       	ldi	r20, 0x20	; 32
    2e3e:	51 e4       	ldi	r21, 0x41	; 65
    2e40:	0e 94 1f 02 	call	0x43e	; 0x43e <__mulsf3>
    2e44:	dc 01       	movw	r26, r24
    2e46:	cb 01       	movw	r24, r22
    2e48:	bc 01       	movw	r22, r24
    2e4a:	cd 01       	movw	r24, r26
    2e4c:	0e 94 49 00 	call	0x92	; 0x92 <__fixunssfsi>
    2e50:	dc 01       	movw	r26, r24
    2e52:	cb 01       	movw	r24, r22
    2e54:	9e 83       	std	Y+6, r25	; 0x06
    2e56:	8d 83       	std	Y+5, r24	; 0x05
    2e58:	0f c0       	rjmp	.+30     	; 0x2e78 <DCMOTOR_OperateCW+0x41c>
    2e5a:	88 ec       	ldi	r24, 0xC8	; 200
    2e5c:	90 e0       	ldi	r25, 0x00	; 0
    2e5e:	9c 83       	std	Y+4, r25	; 0x04
    2e60:	8b 83       	std	Y+3, r24	; 0x03
    2e62:	8b 81       	ldd	r24, Y+3	; 0x03
    2e64:	9c 81       	ldd	r25, Y+4	; 0x04
    2e66:	01 97       	sbiw	r24, 0x01	; 1
    2e68:	f1 f7       	brne	.-4      	; 0x2e66 <DCMOTOR_OperateCW+0x40a>
    2e6a:	9c 83       	std	Y+4, r25	; 0x04
    2e6c:	8b 83       	std	Y+3, r24	; 0x03
		while(__ticks)
		{
			// wait 1/10 ms
			_delay_loop_2(((F_CPU) / 4e3) / 10);
			__ticks --;
    2e6e:	8d 81       	ldd	r24, Y+5	; 0x05
    2e70:	9e 81       	ldd	r25, Y+6	; 0x06
    2e72:	01 97       	sbiw	r24, 0x01	; 1
    2e74:	9e 83       	std	Y+6, r25	; 0x06
    2e76:	8d 83       	std	Y+5, r24	; 0x05
		__ticks = 1;
	else if (__tmp > 65535)
	{
		//	__ticks = requested delay in 1/10 ms
		__ticks = (uint16_t) (__ms * 10.0);
		while(__ticks)
    2e78:	8d 81       	ldd	r24, Y+5	; 0x05
    2e7a:	9e 81       	ldd	r25, Y+6	; 0x06
    2e7c:	00 97       	sbiw	r24, 0x00	; 0
    2e7e:	69 f7       	brne	.-38     	; 0x2e5a <DCMOTOR_OperateCW+0x3fe>
    2e80:	14 c0       	rjmp	.+40     	; 0x2eaa <DCMOTOR_OperateCW+0x44e>
			__ticks --;
		}
		return;
	}
	else
		__ticks = (uint16_t)__tmp;
    2e82:	6f 81       	ldd	r22, Y+7	; 0x07
    2e84:	78 85       	ldd	r23, Y+8	; 0x08
    2e86:	89 85       	ldd	r24, Y+9	; 0x09
    2e88:	9a 85       	ldd	r25, Y+10	; 0x0a
    2e8a:	0e 94 49 00 	call	0x92	; 0x92 <__fixunssfsi>
    2e8e:	dc 01       	movw	r26, r24
    2e90:	cb 01       	movw	r24, r22
    2e92:	9e 83       	std	Y+6, r25	; 0x06
    2e94:	8d 83       	std	Y+5, r24	; 0x05
    2e96:	8d 81       	ldd	r24, Y+5	; 0x05
    2e98:	9e 81       	ldd	r25, Y+6	; 0x06
    2e9a:	9a 83       	std	Y+2, r25	; 0x02
    2e9c:	89 83       	std	Y+1, r24	; 0x01
    2e9e:	89 81       	ldd	r24, Y+1	; 0x01
    2ea0:	9a 81       	ldd	r25, Y+2	; 0x02
    2ea2:	01 97       	sbiw	r24, 0x01	; 1
    2ea4:	f1 f7       	brne	.-4      	; 0x2ea2 <DCMOTOR_OperateCW+0x446>
    2ea6:	9a 83       	std	Y+2, r25	; 0x02
    2ea8:	89 83       	std	Y+1, r24	; 0x01

}

void DCMOTOR_OperateCW(u32 steps)
{
	for(u32 i=0;i<steps;i++)
    2eaa:	89 ad       	ldd	r24, Y+57	; 0x39
    2eac:	9a ad       	ldd	r25, Y+58	; 0x3a
    2eae:	01 96       	adiw	r24, 0x01	; 1
    2eb0:	9a af       	std	Y+58, r25	; 0x3a
    2eb2:	89 af       	std	Y+57, r24	; 0x39
    2eb4:	29 ad       	ldd	r18, Y+57	; 0x39
    2eb6:	3a ad       	ldd	r19, Y+58	; 0x3a
    2eb8:	8b ad       	ldd	r24, Y+59	; 0x3b
    2eba:	9c ad       	ldd	r25, Y+60	; 0x3c
    2ebc:	28 17       	cp	r18, r24
    2ebe:	39 07       	cpc	r19, r25
    2ec0:	08 f4       	brcc	.+2      	; 0x2ec4 <DCMOTOR_OperateCW+0x468>
    2ec2:	db cd       	rjmp	.-1098   	; 0x2a7a <DCMOTOR_OperateCW+0x1e>
								DIO_u8SetPinValue(DIO_u8_PORTA,DIO_u8_PIN1,DIO_u8_LOW);
								DIO_u8SetPinValue(DIO_u8_PORTA,DIO_u8_PIN2,DIO_u8_LOW);
								DIO_u8SetPinValue(DIO_u8_PORTA,DIO_u8_PIN3,DIO_u8_HIGH);
								_delay_ms(10);
	}
}
    2ec4:	ec 96       	adiw	r28, 0x3c	; 60
    2ec6:	0f b6       	in	r0, 0x3f	; 63
    2ec8:	f8 94       	cli
    2eca:	de bf       	out	0x3e, r29	; 62
    2ecc:	0f be       	out	0x3f, r0	; 63
    2ece:	cd bf       	out	0x3d, r28	; 61
    2ed0:	cf 91       	pop	r28
    2ed2:	df 91       	pop	r29
    2ed4:	08 95       	ret

00002ed6 <DCMOTOR_OperateCCW>:
void DCMOTOR_OperateCCW(u32 steps)
{
    2ed6:	df 93       	push	r29
    2ed8:	cf 93       	push	r28
    2eda:	cd b7       	in	r28, 0x3d	; 61
    2edc:	de b7       	in	r29, 0x3e	; 62
    2ede:	ec 97       	sbiw	r28, 0x3c	; 60
    2ee0:	0f b6       	in	r0, 0x3f	; 63
    2ee2:	f8 94       	cli
    2ee4:	de bf       	out	0x3e, r29	; 62
    2ee6:	0f be       	out	0x3f, r0	; 63
    2ee8:	cd bf       	out	0x3d, r28	; 61
    2eea:	9c af       	std	Y+60, r25	; 0x3c
    2eec:	8b af       	std	Y+59, r24	; 0x3b
	for(u32 i=0;i<steps;i++)
    2eee:	1a ae       	std	Y+58, r1	; 0x3a
    2ef0:	19 ae       	std	Y+57, r1	; 0x39
    2ef2:	1d c2       	rjmp	.+1082   	; 0x332e <DCMOTOR_OperateCCW+0x458>
		{
	DIO_u8SetPinValue(DIO_u8_PORTA,DIO_u8_PIN0,DIO_u8_LOW);
    2ef4:	80 e0       	ldi	r24, 0x00	; 0
    2ef6:	60 e0       	ldi	r22, 0x00	; 0
    2ef8:	40 e0       	ldi	r20, 0x00	; 0
    2efa:	0e 94 32 0b 	call	0x1664	; 0x1664 <DIO_u8SetPinValue>
									DIO_u8SetPinValue(DIO_u8_PORTA,DIO_u8_PIN1,DIO_u8_LOW);
    2efe:	80 e0       	ldi	r24, 0x00	; 0
    2f00:	61 e0       	ldi	r22, 0x01	; 1
    2f02:	40 e0       	ldi	r20, 0x00	; 0
    2f04:	0e 94 32 0b 	call	0x1664	; 0x1664 <DIO_u8SetPinValue>
									DIO_u8SetPinValue(DIO_u8_PORTA,DIO_u8_PIN2,DIO_u8_LOW);
    2f08:	80 e0       	ldi	r24, 0x00	; 0
    2f0a:	62 e0       	ldi	r22, 0x02	; 2
    2f0c:	40 e0       	ldi	r20, 0x00	; 0
    2f0e:	0e 94 32 0b 	call	0x1664	; 0x1664 <DIO_u8SetPinValue>
									DIO_u8SetPinValue(DIO_u8_PORTA,DIO_u8_PIN3,DIO_u8_HIGH);
    2f12:	80 e0       	ldi	r24, 0x00	; 0
    2f14:	63 e0       	ldi	r22, 0x03	; 3
    2f16:	41 e0       	ldi	r20, 0x01	; 1
    2f18:	0e 94 32 0b 	call	0x1664	; 0x1664 <DIO_u8SetPinValue>
    2f1c:	80 e0       	ldi	r24, 0x00	; 0
    2f1e:	90 e0       	ldi	r25, 0x00	; 0
    2f20:	a0 e2       	ldi	r26, 0x20	; 32
    2f22:	b1 e4       	ldi	r27, 0x41	; 65
    2f24:	8d ab       	std	Y+53, r24	; 0x35
    2f26:	9e ab       	std	Y+54, r25	; 0x36
    2f28:	af ab       	std	Y+55, r26	; 0x37
    2f2a:	b8 af       	std	Y+56, r27	; 0x38
 */
void
_delay_ms(double __ms)
{
	uint16_t __ticks;
	double __tmp = ((F_CPU) / 4e3) * __ms;
    2f2c:	6d a9       	ldd	r22, Y+53	; 0x35
    2f2e:	7e a9       	ldd	r23, Y+54	; 0x36
    2f30:	8f a9       	ldd	r24, Y+55	; 0x37
    2f32:	98 ad       	ldd	r25, Y+56	; 0x38
    2f34:	20 e0       	ldi	r18, 0x00	; 0
    2f36:	30 e0       	ldi	r19, 0x00	; 0
    2f38:	4a ef       	ldi	r20, 0xFA	; 250
    2f3a:	54 e4       	ldi	r21, 0x44	; 68
    2f3c:	0e 94 1f 02 	call	0x43e	; 0x43e <__mulsf3>
    2f40:	dc 01       	movw	r26, r24
    2f42:	cb 01       	movw	r24, r22
    2f44:	89 ab       	std	Y+49, r24	; 0x31
    2f46:	9a ab       	std	Y+50, r25	; 0x32
    2f48:	ab ab       	std	Y+51, r26	; 0x33
    2f4a:	bc ab       	std	Y+52, r27	; 0x34
	if (__tmp < 1.0)
    2f4c:	69 a9       	ldd	r22, Y+49	; 0x31
    2f4e:	7a a9       	ldd	r23, Y+50	; 0x32
    2f50:	8b a9       	ldd	r24, Y+51	; 0x33
    2f52:	9c a9       	ldd	r25, Y+52	; 0x34
    2f54:	20 e0       	ldi	r18, 0x00	; 0
    2f56:	30 e0       	ldi	r19, 0x00	; 0
    2f58:	40 e8       	ldi	r20, 0x80	; 128
    2f5a:	5f e3       	ldi	r21, 0x3F	; 63
    2f5c:	0e 94 25 04 	call	0x84a	; 0x84a <__ltsf2>
    2f60:	88 23       	and	r24, r24
    2f62:	2c f4       	brge	.+10     	; 0x2f6e <DCMOTOR_OperateCCW+0x98>
		__ticks = 1;
    2f64:	81 e0       	ldi	r24, 0x01	; 1
    2f66:	90 e0       	ldi	r25, 0x00	; 0
    2f68:	98 ab       	std	Y+48, r25	; 0x30
    2f6a:	8f a7       	std	Y+47, r24	; 0x2f
    2f6c:	3f c0       	rjmp	.+126    	; 0x2fec <DCMOTOR_OperateCCW+0x116>
	else if (__tmp > 65535)
    2f6e:	69 a9       	ldd	r22, Y+49	; 0x31
    2f70:	7a a9       	ldd	r23, Y+50	; 0x32
    2f72:	8b a9       	ldd	r24, Y+51	; 0x33
    2f74:	9c a9       	ldd	r25, Y+52	; 0x34
    2f76:	20 e0       	ldi	r18, 0x00	; 0
    2f78:	3f ef       	ldi	r19, 0xFF	; 255
    2f7a:	4f e7       	ldi	r20, 0x7F	; 127
    2f7c:	57 e4       	ldi	r21, 0x47	; 71
    2f7e:	0e 94 c5 03 	call	0x78a	; 0x78a <__gtsf2>
    2f82:	18 16       	cp	r1, r24
    2f84:	4c f5       	brge	.+82     	; 0x2fd8 <DCMOTOR_OperateCCW+0x102>
	{
		//	__ticks = requested delay in 1/10 ms
		__ticks = (uint16_t) (__ms * 10.0);
    2f86:	6d a9       	ldd	r22, Y+53	; 0x35
    2f88:	7e a9       	ldd	r23, Y+54	; 0x36
    2f8a:	8f a9       	ldd	r24, Y+55	; 0x37
    2f8c:	98 ad       	ldd	r25, Y+56	; 0x38
    2f8e:	20 e0       	ldi	r18, 0x00	; 0
    2f90:	30 e0       	ldi	r19, 0x00	; 0
    2f92:	40 e2       	ldi	r20, 0x20	; 32
    2f94:	51 e4       	ldi	r21, 0x41	; 65
    2f96:	0e 94 1f 02 	call	0x43e	; 0x43e <__mulsf3>
    2f9a:	dc 01       	movw	r26, r24
    2f9c:	cb 01       	movw	r24, r22
    2f9e:	bc 01       	movw	r22, r24
    2fa0:	cd 01       	movw	r24, r26
    2fa2:	0e 94 49 00 	call	0x92	; 0x92 <__fixunssfsi>
    2fa6:	dc 01       	movw	r26, r24
    2fa8:	cb 01       	movw	r24, r22
    2faa:	98 ab       	std	Y+48, r25	; 0x30
    2fac:	8f a7       	std	Y+47, r24	; 0x2f
    2fae:	0f c0       	rjmp	.+30     	; 0x2fce <DCMOTOR_OperateCCW+0xf8>
    2fb0:	88 ec       	ldi	r24, 0xC8	; 200
    2fb2:	90 e0       	ldi	r25, 0x00	; 0
    2fb4:	9e a7       	std	Y+46, r25	; 0x2e
    2fb6:	8d a7       	std	Y+45, r24	; 0x2d
    2fb8:	8d a5       	ldd	r24, Y+45	; 0x2d
    2fba:	9e a5       	ldd	r25, Y+46	; 0x2e
    2fbc:	01 97       	sbiw	r24, 0x01	; 1
    2fbe:	f1 f7       	brne	.-4      	; 0x2fbc <DCMOTOR_OperateCCW+0xe6>
    2fc0:	9e a7       	std	Y+46, r25	; 0x2e
    2fc2:	8d a7       	std	Y+45, r24	; 0x2d
		while(__ticks)
		{
			// wait 1/10 ms
			_delay_loop_2(((F_CPU) / 4e3) / 10);
			__ticks --;
    2fc4:	8f a5       	ldd	r24, Y+47	; 0x2f
    2fc6:	98 a9       	ldd	r25, Y+48	; 0x30
    2fc8:	01 97       	sbiw	r24, 0x01	; 1
    2fca:	98 ab       	std	Y+48, r25	; 0x30
    2fcc:	8f a7       	std	Y+47, r24	; 0x2f
		__ticks = 1;
	else if (__tmp > 65535)
	{
		//	__ticks = requested delay in 1/10 ms
		__ticks = (uint16_t) (__ms * 10.0);
		while(__ticks)
    2fce:	8f a5       	ldd	r24, Y+47	; 0x2f
    2fd0:	98 a9       	ldd	r25, Y+48	; 0x30
    2fd2:	00 97       	sbiw	r24, 0x00	; 0
    2fd4:	69 f7       	brne	.-38     	; 0x2fb0 <DCMOTOR_OperateCCW+0xda>
    2fd6:	14 c0       	rjmp	.+40     	; 0x3000 <DCMOTOR_OperateCCW+0x12a>
			__ticks --;
		}
		return;
	}
	else
		__ticks = (uint16_t)__tmp;
    2fd8:	69 a9       	ldd	r22, Y+49	; 0x31
    2fda:	7a a9       	ldd	r23, Y+50	; 0x32
    2fdc:	8b a9       	ldd	r24, Y+51	; 0x33
    2fde:	9c a9       	ldd	r25, Y+52	; 0x34
    2fe0:	0e 94 49 00 	call	0x92	; 0x92 <__fixunssfsi>
    2fe4:	dc 01       	movw	r26, r24
    2fe6:	cb 01       	movw	r24, r22
    2fe8:	98 ab       	std	Y+48, r25	; 0x30
    2fea:	8f a7       	std	Y+47, r24	; 0x2f
    2fec:	8f a5       	ldd	r24, Y+47	; 0x2f
    2fee:	98 a9       	ldd	r25, Y+48	; 0x30
    2ff0:	9c a7       	std	Y+44, r25	; 0x2c
    2ff2:	8b a7       	std	Y+43, r24	; 0x2b
    2ff4:	8b a5       	ldd	r24, Y+43	; 0x2b
    2ff6:	9c a5       	ldd	r25, Y+44	; 0x2c
    2ff8:	01 97       	sbiw	r24, 0x01	; 1
    2ffa:	f1 f7       	brne	.-4      	; 0x2ff8 <DCMOTOR_OperateCCW+0x122>
    2ffc:	9c a7       	std	Y+44, r25	; 0x2c
    2ffe:	8b a7       	std	Y+43, r24	; 0x2b
									_delay_ms(10);
									DIO_u8SetPinValue(DIO_u8_PORTA,DIO_u8_PIN0,DIO_u8_LOW);
    3000:	80 e0       	ldi	r24, 0x00	; 0
    3002:	60 e0       	ldi	r22, 0x00	; 0
    3004:	40 e0       	ldi	r20, 0x00	; 0
    3006:	0e 94 32 0b 	call	0x1664	; 0x1664 <DIO_u8SetPinValue>
															DIO_u8SetPinValue(DIO_u8_PORTA,DIO_u8_PIN1,DIO_u8_LOW);
    300a:	80 e0       	ldi	r24, 0x00	; 0
    300c:	61 e0       	ldi	r22, 0x01	; 1
    300e:	40 e0       	ldi	r20, 0x00	; 0
    3010:	0e 94 32 0b 	call	0x1664	; 0x1664 <DIO_u8SetPinValue>
															DIO_u8SetPinValue(DIO_u8_PORTA,DIO_u8_PIN2,DIO_u8_HIGH);
    3014:	80 e0       	ldi	r24, 0x00	; 0
    3016:	62 e0       	ldi	r22, 0x02	; 2
    3018:	41 e0       	ldi	r20, 0x01	; 1
    301a:	0e 94 32 0b 	call	0x1664	; 0x1664 <DIO_u8SetPinValue>
															DIO_u8SetPinValue(DIO_u8_PORTA,DIO_u8_PIN3,DIO_u8_LOW);
    301e:	80 e0       	ldi	r24, 0x00	; 0
    3020:	63 e0       	ldi	r22, 0x03	; 3
    3022:	40 e0       	ldi	r20, 0x00	; 0
    3024:	0e 94 32 0b 	call	0x1664	; 0x1664 <DIO_u8SetPinValue>
    3028:	80 e0       	ldi	r24, 0x00	; 0
    302a:	90 e0       	ldi	r25, 0x00	; 0
    302c:	a0 e2       	ldi	r26, 0x20	; 32
    302e:	b1 e4       	ldi	r27, 0x41	; 65
    3030:	8f a3       	std	Y+39, r24	; 0x27
    3032:	98 a7       	std	Y+40, r25	; 0x28
    3034:	a9 a7       	std	Y+41, r26	; 0x29
    3036:	ba a7       	std	Y+42, r27	; 0x2a
 */
void
_delay_ms(double __ms)
{
	uint16_t __ticks;
	double __tmp = ((F_CPU) / 4e3) * __ms;
    3038:	6f a1       	ldd	r22, Y+39	; 0x27
    303a:	78 a5       	ldd	r23, Y+40	; 0x28
    303c:	89 a5       	ldd	r24, Y+41	; 0x29
    303e:	9a a5       	ldd	r25, Y+42	; 0x2a
    3040:	20 e0       	ldi	r18, 0x00	; 0
    3042:	30 e0       	ldi	r19, 0x00	; 0
    3044:	4a ef       	ldi	r20, 0xFA	; 250
    3046:	54 e4       	ldi	r21, 0x44	; 68
    3048:	0e 94 1f 02 	call	0x43e	; 0x43e <__mulsf3>
    304c:	dc 01       	movw	r26, r24
    304e:	cb 01       	movw	r24, r22
    3050:	8b a3       	std	Y+35, r24	; 0x23
    3052:	9c a3       	std	Y+36, r25	; 0x24
    3054:	ad a3       	std	Y+37, r26	; 0x25
    3056:	be a3       	std	Y+38, r27	; 0x26
	if (__tmp < 1.0)
    3058:	6b a1       	ldd	r22, Y+35	; 0x23
    305a:	7c a1       	ldd	r23, Y+36	; 0x24
    305c:	8d a1       	ldd	r24, Y+37	; 0x25
    305e:	9e a1       	ldd	r25, Y+38	; 0x26
    3060:	20 e0       	ldi	r18, 0x00	; 0
    3062:	30 e0       	ldi	r19, 0x00	; 0
    3064:	40 e8       	ldi	r20, 0x80	; 128
    3066:	5f e3       	ldi	r21, 0x3F	; 63
    3068:	0e 94 25 04 	call	0x84a	; 0x84a <__ltsf2>
    306c:	88 23       	and	r24, r24
    306e:	2c f4       	brge	.+10     	; 0x307a <DCMOTOR_OperateCCW+0x1a4>
		__ticks = 1;
    3070:	81 e0       	ldi	r24, 0x01	; 1
    3072:	90 e0       	ldi	r25, 0x00	; 0
    3074:	9a a3       	std	Y+34, r25	; 0x22
    3076:	89 a3       	std	Y+33, r24	; 0x21
    3078:	3f c0       	rjmp	.+126    	; 0x30f8 <DCMOTOR_OperateCCW+0x222>
	else if (__tmp > 65535)
    307a:	6b a1       	ldd	r22, Y+35	; 0x23
    307c:	7c a1       	ldd	r23, Y+36	; 0x24
    307e:	8d a1       	ldd	r24, Y+37	; 0x25
    3080:	9e a1       	ldd	r25, Y+38	; 0x26
    3082:	20 e0       	ldi	r18, 0x00	; 0
    3084:	3f ef       	ldi	r19, 0xFF	; 255
    3086:	4f e7       	ldi	r20, 0x7F	; 127
    3088:	57 e4       	ldi	r21, 0x47	; 71
    308a:	0e 94 c5 03 	call	0x78a	; 0x78a <__gtsf2>
    308e:	18 16       	cp	r1, r24
    3090:	4c f5       	brge	.+82     	; 0x30e4 <DCMOTOR_OperateCCW+0x20e>
	{
		//	__ticks = requested delay in 1/10 ms
		__ticks = (uint16_t) (__ms * 10.0);
    3092:	6f a1       	ldd	r22, Y+39	; 0x27
    3094:	78 a5       	ldd	r23, Y+40	; 0x28
    3096:	89 a5       	ldd	r24, Y+41	; 0x29
    3098:	9a a5       	ldd	r25, Y+42	; 0x2a
    309a:	20 e0       	ldi	r18, 0x00	; 0
    309c:	30 e0       	ldi	r19, 0x00	; 0
    309e:	40 e2       	ldi	r20, 0x20	; 32
    30a0:	51 e4       	ldi	r21, 0x41	; 65
    30a2:	0e 94 1f 02 	call	0x43e	; 0x43e <__mulsf3>
    30a6:	dc 01       	movw	r26, r24
    30a8:	cb 01       	movw	r24, r22
    30aa:	bc 01       	movw	r22, r24
    30ac:	cd 01       	movw	r24, r26
    30ae:	0e 94 49 00 	call	0x92	; 0x92 <__fixunssfsi>
    30b2:	dc 01       	movw	r26, r24
    30b4:	cb 01       	movw	r24, r22
    30b6:	9a a3       	std	Y+34, r25	; 0x22
    30b8:	89 a3       	std	Y+33, r24	; 0x21
    30ba:	0f c0       	rjmp	.+30     	; 0x30da <DCMOTOR_OperateCCW+0x204>
    30bc:	88 ec       	ldi	r24, 0xC8	; 200
    30be:	90 e0       	ldi	r25, 0x00	; 0
    30c0:	98 a3       	std	Y+32, r25	; 0x20
    30c2:	8f 8f       	std	Y+31, r24	; 0x1f
    30c4:	8f 8d       	ldd	r24, Y+31	; 0x1f
    30c6:	98 a1       	ldd	r25, Y+32	; 0x20
    30c8:	01 97       	sbiw	r24, 0x01	; 1
    30ca:	f1 f7       	brne	.-4      	; 0x30c8 <DCMOTOR_OperateCCW+0x1f2>
    30cc:	98 a3       	std	Y+32, r25	; 0x20
    30ce:	8f 8f       	std	Y+31, r24	; 0x1f
		while(__ticks)
		{
			// wait 1/10 ms
			_delay_loop_2(((F_CPU) / 4e3) / 10);
			__ticks --;
    30d0:	89 a1       	ldd	r24, Y+33	; 0x21
    30d2:	9a a1       	ldd	r25, Y+34	; 0x22
    30d4:	01 97       	sbiw	r24, 0x01	; 1
    30d6:	9a a3       	std	Y+34, r25	; 0x22
    30d8:	89 a3       	std	Y+33, r24	; 0x21
		__ticks = 1;
	else if (__tmp > 65535)
	{
		//	__ticks = requested delay in 1/10 ms
		__ticks = (uint16_t) (__ms * 10.0);
		while(__ticks)
    30da:	89 a1       	ldd	r24, Y+33	; 0x21
    30dc:	9a a1       	ldd	r25, Y+34	; 0x22
    30de:	00 97       	sbiw	r24, 0x00	; 0
    30e0:	69 f7       	brne	.-38     	; 0x30bc <DCMOTOR_OperateCCW+0x1e6>
    30e2:	14 c0       	rjmp	.+40     	; 0x310c <DCMOTOR_OperateCCW+0x236>
			__ticks --;
		}
		return;
	}
	else
		__ticks = (uint16_t)__tmp;
    30e4:	6b a1       	ldd	r22, Y+35	; 0x23
    30e6:	7c a1       	ldd	r23, Y+36	; 0x24
    30e8:	8d a1       	ldd	r24, Y+37	; 0x25
    30ea:	9e a1       	ldd	r25, Y+38	; 0x26
    30ec:	0e 94 49 00 	call	0x92	; 0x92 <__fixunssfsi>
    30f0:	dc 01       	movw	r26, r24
    30f2:	cb 01       	movw	r24, r22
    30f4:	9a a3       	std	Y+34, r25	; 0x22
    30f6:	89 a3       	std	Y+33, r24	; 0x21
    30f8:	89 a1       	ldd	r24, Y+33	; 0x21
    30fa:	9a a1       	ldd	r25, Y+34	; 0x22
    30fc:	9e 8f       	std	Y+30, r25	; 0x1e
    30fe:	8d 8f       	std	Y+29, r24	; 0x1d
    3100:	8d 8d       	ldd	r24, Y+29	; 0x1d
    3102:	9e 8d       	ldd	r25, Y+30	; 0x1e
    3104:	01 97       	sbiw	r24, 0x01	; 1
    3106:	f1 f7       	brne	.-4      	; 0x3104 <DCMOTOR_OperateCCW+0x22e>
    3108:	9e 8f       	std	Y+30, r25	; 0x1e
    310a:	8d 8f       	std	Y+29, r24	; 0x1d
															_delay_ms(10);
															DIO_u8SetPinValue(DIO_u8_PORTA,DIO_u8_PIN0,DIO_u8_LOW);
    310c:	80 e0       	ldi	r24, 0x00	; 0
    310e:	60 e0       	ldi	r22, 0x00	; 0
    3110:	40 e0       	ldi	r20, 0x00	; 0
    3112:	0e 94 32 0b 	call	0x1664	; 0x1664 <DIO_u8SetPinValue>
																			DIO_u8SetPinValue(DIO_u8_PORTA,DIO_u8_PIN1,DIO_u8_HIGH);
    3116:	80 e0       	ldi	r24, 0x00	; 0
    3118:	61 e0       	ldi	r22, 0x01	; 1
    311a:	41 e0       	ldi	r20, 0x01	; 1
    311c:	0e 94 32 0b 	call	0x1664	; 0x1664 <DIO_u8SetPinValue>
																			DIO_u8SetPinValue(DIO_u8_PORTA,DIO_u8_PIN2,DIO_u8_LOW);
    3120:	80 e0       	ldi	r24, 0x00	; 0
    3122:	62 e0       	ldi	r22, 0x02	; 2
    3124:	40 e0       	ldi	r20, 0x00	; 0
    3126:	0e 94 32 0b 	call	0x1664	; 0x1664 <DIO_u8SetPinValue>
																			DIO_u8SetPinValue(DIO_u8_PORTA,DIO_u8_PIN3,DIO_u8_LOW);
    312a:	80 e0       	ldi	r24, 0x00	; 0
    312c:	63 e0       	ldi	r22, 0x03	; 3
    312e:	40 e0       	ldi	r20, 0x00	; 0
    3130:	0e 94 32 0b 	call	0x1664	; 0x1664 <DIO_u8SetPinValue>
    3134:	80 e0       	ldi	r24, 0x00	; 0
    3136:	90 e0       	ldi	r25, 0x00	; 0
    3138:	a0 e2       	ldi	r26, 0x20	; 32
    313a:	b1 e4       	ldi	r27, 0x41	; 65
    313c:	89 8f       	std	Y+25, r24	; 0x19
    313e:	9a 8f       	std	Y+26, r25	; 0x1a
    3140:	ab 8f       	std	Y+27, r26	; 0x1b
    3142:	bc 8f       	std	Y+28, r27	; 0x1c
 */
void
_delay_ms(double __ms)
{
	uint16_t __ticks;
	double __tmp = ((F_CPU) / 4e3) * __ms;
    3144:	69 8d       	ldd	r22, Y+25	; 0x19
    3146:	7a 8d       	ldd	r23, Y+26	; 0x1a
    3148:	8b 8d       	ldd	r24, Y+27	; 0x1b
    314a:	9c 8d       	ldd	r25, Y+28	; 0x1c
    314c:	20 e0       	ldi	r18, 0x00	; 0
    314e:	30 e0       	ldi	r19, 0x00	; 0
    3150:	4a ef       	ldi	r20, 0xFA	; 250
    3152:	54 e4       	ldi	r21, 0x44	; 68
    3154:	0e 94 1f 02 	call	0x43e	; 0x43e <__mulsf3>
    3158:	dc 01       	movw	r26, r24
    315a:	cb 01       	movw	r24, r22
    315c:	8d 8b       	std	Y+21, r24	; 0x15
    315e:	9e 8b       	std	Y+22, r25	; 0x16
    3160:	af 8b       	std	Y+23, r26	; 0x17
    3162:	b8 8f       	std	Y+24, r27	; 0x18
	if (__tmp < 1.0)
    3164:	6d 89       	ldd	r22, Y+21	; 0x15
    3166:	7e 89       	ldd	r23, Y+22	; 0x16
    3168:	8f 89       	ldd	r24, Y+23	; 0x17
    316a:	98 8d       	ldd	r25, Y+24	; 0x18
    316c:	20 e0       	ldi	r18, 0x00	; 0
    316e:	30 e0       	ldi	r19, 0x00	; 0
    3170:	40 e8       	ldi	r20, 0x80	; 128
    3172:	5f e3       	ldi	r21, 0x3F	; 63
    3174:	0e 94 25 04 	call	0x84a	; 0x84a <__ltsf2>
    3178:	88 23       	and	r24, r24
    317a:	2c f4       	brge	.+10     	; 0x3186 <DCMOTOR_OperateCCW+0x2b0>
		__ticks = 1;
    317c:	81 e0       	ldi	r24, 0x01	; 1
    317e:	90 e0       	ldi	r25, 0x00	; 0
    3180:	9c 8b       	std	Y+20, r25	; 0x14
    3182:	8b 8b       	std	Y+19, r24	; 0x13
    3184:	3f c0       	rjmp	.+126    	; 0x3204 <DCMOTOR_OperateCCW+0x32e>
	else if (__tmp > 65535)
    3186:	6d 89       	ldd	r22, Y+21	; 0x15
    3188:	7e 89       	ldd	r23, Y+22	; 0x16
    318a:	8f 89       	ldd	r24, Y+23	; 0x17
    318c:	98 8d       	ldd	r25, Y+24	; 0x18
    318e:	20 e0       	ldi	r18, 0x00	; 0
    3190:	3f ef       	ldi	r19, 0xFF	; 255
    3192:	4f e7       	ldi	r20, 0x7F	; 127
    3194:	57 e4       	ldi	r21, 0x47	; 71
    3196:	0e 94 c5 03 	call	0x78a	; 0x78a <__gtsf2>
    319a:	18 16       	cp	r1, r24
    319c:	4c f5       	brge	.+82     	; 0x31f0 <DCMOTOR_OperateCCW+0x31a>
	{
		//	__ticks = requested delay in 1/10 ms
		__ticks = (uint16_t) (__ms * 10.0);
    319e:	69 8d       	ldd	r22, Y+25	; 0x19
    31a0:	7a 8d       	ldd	r23, Y+26	; 0x1a
    31a2:	8b 8d       	ldd	r24, Y+27	; 0x1b
    31a4:	9c 8d       	ldd	r25, Y+28	; 0x1c
    31a6:	20 e0       	ldi	r18, 0x00	; 0
    31a8:	30 e0       	ldi	r19, 0x00	; 0
    31aa:	40 e2       	ldi	r20, 0x20	; 32
    31ac:	51 e4       	ldi	r21, 0x41	; 65
    31ae:	0e 94 1f 02 	call	0x43e	; 0x43e <__mulsf3>
    31b2:	dc 01       	movw	r26, r24
    31b4:	cb 01       	movw	r24, r22
    31b6:	bc 01       	movw	r22, r24
    31b8:	cd 01       	movw	r24, r26
    31ba:	0e 94 49 00 	call	0x92	; 0x92 <__fixunssfsi>
    31be:	dc 01       	movw	r26, r24
    31c0:	cb 01       	movw	r24, r22
    31c2:	9c 8b       	std	Y+20, r25	; 0x14
    31c4:	8b 8b       	std	Y+19, r24	; 0x13
    31c6:	0f c0       	rjmp	.+30     	; 0x31e6 <DCMOTOR_OperateCCW+0x310>
    31c8:	88 ec       	ldi	r24, 0xC8	; 200
    31ca:	90 e0       	ldi	r25, 0x00	; 0
    31cc:	9a 8b       	std	Y+18, r25	; 0x12
    31ce:	89 8b       	std	Y+17, r24	; 0x11
    31d0:	89 89       	ldd	r24, Y+17	; 0x11
    31d2:	9a 89       	ldd	r25, Y+18	; 0x12
    31d4:	01 97       	sbiw	r24, 0x01	; 1
    31d6:	f1 f7       	brne	.-4      	; 0x31d4 <DCMOTOR_OperateCCW+0x2fe>
    31d8:	9a 8b       	std	Y+18, r25	; 0x12
    31da:	89 8b       	std	Y+17, r24	; 0x11
		while(__ticks)
		{
			// wait 1/10 ms
			_delay_loop_2(((F_CPU) / 4e3) / 10);
			__ticks --;
    31dc:	8b 89       	ldd	r24, Y+19	; 0x13
    31de:	9c 89       	ldd	r25, Y+20	; 0x14
    31e0:	01 97       	sbiw	r24, 0x01	; 1
    31e2:	9c 8b       	std	Y+20, r25	; 0x14
    31e4:	8b 8b       	std	Y+19, r24	; 0x13
		__ticks = 1;
	else if (__tmp > 65535)
	{
		//	__ticks = requested delay in 1/10 ms
		__ticks = (uint16_t) (__ms * 10.0);
		while(__ticks)
    31e6:	8b 89       	ldd	r24, Y+19	; 0x13
    31e8:	9c 89       	ldd	r25, Y+20	; 0x14
    31ea:	00 97       	sbiw	r24, 0x00	; 0
    31ec:	69 f7       	brne	.-38     	; 0x31c8 <DCMOTOR_OperateCCW+0x2f2>
    31ee:	14 c0       	rjmp	.+40     	; 0x3218 <DCMOTOR_OperateCCW+0x342>
			__ticks --;
		}
		return;
	}
	else
		__ticks = (uint16_t)__tmp;
    31f0:	6d 89       	ldd	r22, Y+21	; 0x15
    31f2:	7e 89       	ldd	r23, Y+22	; 0x16
    31f4:	8f 89       	ldd	r24, Y+23	; 0x17
    31f6:	98 8d       	ldd	r25, Y+24	; 0x18
    31f8:	0e 94 49 00 	call	0x92	; 0x92 <__fixunssfsi>
    31fc:	dc 01       	movw	r26, r24
    31fe:	cb 01       	movw	r24, r22
    3200:	9c 8b       	std	Y+20, r25	; 0x14
    3202:	8b 8b       	std	Y+19, r24	; 0x13
    3204:	8b 89       	ldd	r24, Y+19	; 0x13
    3206:	9c 89       	ldd	r25, Y+20	; 0x14
    3208:	98 8b       	std	Y+16, r25	; 0x10
    320a:	8f 87       	std	Y+15, r24	; 0x0f
    320c:	8f 85       	ldd	r24, Y+15	; 0x0f
    320e:	98 89       	ldd	r25, Y+16	; 0x10
    3210:	01 97       	sbiw	r24, 0x01	; 1
    3212:	f1 f7       	brne	.-4      	; 0x3210 <DCMOTOR_OperateCCW+0x33a>
    3214:	98 8b       	std	Y+16, r25	; 0x10
    3216:	8f 87       	std	Y+15, r24	; 0x0f
																			_delay_ms(10);
																			DIO_u8SetPinValue(DIO_u8_PORTA,DIO_u8_PIN0,DIO_u8_HIGH);
    3218:	80 e0       	ldi	r24, 0x00	; 0
    321a:	60 e0       	ldi	r22, 0x00	; 0
    321c:	41 e0       	ldi	r20, 0x01	; 1
    321e:	0e 94 32 0b 	call	0x1664	; 0x1664 <DIO_u8SetPinValue>
																					DIO_u8SetPinValue(DIO_u8_PORTA,DIO_u8_PIN1,DIO_u8_LOW);
    3222:	80 e0       	ldi	r24, 0x00	; 0
    3224:	61 e0       	ldi	r22, 0x01	; 1
    3226:	40 e0       	ldi	r20, 0x00	; 0
    3228:	0e 94 32 0b 	call	0x1664	; 0x1664 <DIO_u8SetPinValue>
																					DIO_u8SetPinValue(DIO_u8_PORTA,DIO_u8_PIN2,DIO_u8_LOW);
    322c:	80 e0       	ldi	r24, 0x00	; 0
    322e:	62 e0       	ldi	r22, 0x02	; 2
    3230:	40 e0       	ldi	r20, 0x00	; 0
    3232:	0e 94 32 0b 	call	0x1664	; 0x1664 <DIO_u8SetPinValue>
																					DIO_u8SetPinValue(DIO_u8_PORTA,DIO_u8_PIN3,DIO_u8_LOW);
    3236:	80 e0       	ldi	r24, 0x00	; 0
    3238:	63 e0       	ldi	r22, 0x03	; 3
    323a:	40 e0       	ldi	r20, 0x00	; 0
    323c:	0e 94 32 0b 	call	0x1664	; 0x1664 <DIO_u8SetPinValue>
    3240:	80 e0       	ldi	r24, 0x00	; 0
    3242:	90 e0       	ldi	r25, 0x00	; 0
    3244:	a0 e2       	ldi	r26, 0x20	; 32
    3246:	b1 e4       	ldi	r27, 0x41	; 65
    3248:	8b 87       	std	Y+11, r24	; 0x0b
    324a:	9c 87       	std	Y+12, r25	; 0x0c
    324c:	ad 87       	std	Y+13, r26	; 0x0d
    324e:	be 87       	std	Y+14, r27	; 0x0e
 */
void
_delay_ms(double __ms)
{
	uint16_t __ticks;
	double __tmp = ((F_CPU) / 4e3) * __ms;
    3250:	6b 85       	ldd	r22, Y+11	; 0x0b
    3252:	7c 85       	ldd	r23, Y+12	; 0x0c
    3254:	8d 85       	ldd	r24, Y+13	; 0x0d
    3256:	9e 85       	ldd	r25, Y+14	; 0x0e
    3258:	20 e0       	ldi	r18, 0x00	; 0
    325a:	30 e0       	ldi	r19, 0x00	; 0
    325c:	4a ef       	ldi	r20, 0xFA	; 250
    325e:	54 e4       	ldi	r21, 0x44	; 68
    3260:	0e 94 1f 02 	call	0x43e	; 0x43e <__mulsf3>
    3264:	dc 01       	movw	r26, r24
    3266:	cb 01       	movw	r24, r22
    3268:	8f 83       	std	Y+7, r24	; 0x07
    326a:	98 87       	std	Y+8, r25	; 0x08
    326c:	a9 87       	std	Y+9, r26	; 0x09
    326e:	ba 87       	std	Y+10, r27	; 0x0a
	if (__tmp < 1.0)
    3270:	6f 81       	ldd	r22, Y+7	; 0x07
    3272:	78 85       	ldd	r23, Y+8	; 0x08
    3274:	89 85       	ldd	r24, Y+9	; 0x09
    3276:	9a 85       	ldd	r25, Y+10	; 0x0a
    3278:	20 e0       	ldi	r18, 0x00	; 0
    327a:	30 e0       	ldi	r19, 0x00	; 0
    327c:	40 e8       	ldi	r20, 0x80	; 128
    327e:	5f e3       	ldi	r21, 0x3F	; 63
    3280:	0e 94 25 04 	call	0x84a	; 0x84a <__ltsf2>
    3284:	88 23       	and	r24, r24
    3286:	2c f4       	brge	.+10     	; 0x3292 <DCMOTOR_OperateCCW+0x3bc>
		__ticks = 1;
    3288:	81 e0       	ldi	r24, 0x01	; 1
    328a:	90 e0       	ldi	r25, 0x00	; 0
    328c:	9e 83       	std	Y+6, r25	; 0x06
    328e:	8d 83       	std	Y+5, r24	; 0x05
    3290:	3f c0       	rjmp	.+126    	; 0x3310 <DCMOTOR_OperateCCW+0x43a>
	else if (__tmp > 65535)
    3292:	6f 81       	ldd	r22, Y+7	; 0x07
    3294:	78 85       	ldd	r23, Y+8	; 0x08
    3296:	89 85       	ldd	r24, Y+9	; 0x09
    3298:	9a 85       	ldd	r25, Y+10	; 0x0a
    329a:	20 e0       	ldi	r18, 0x00	; 0
    329c:	3f ef       	ldi	r19, 0xFF	; 255
    329e:	4f e7       	ldi	r20, 0x7F	; 127
    32a0:	57 e4       	ldi	r21, 0x47	; 71
    32a2:	0e 94 c5 03 	call	0x78a	; 0x78a <__gtsf2>
    32a6:	18 16       	cp	r1, r24
    32a8:	4c f5       	brge	.+82     	; 0x32fc <DCMOTOR_OperateCCW+0x426>
	{
		//	__ticks = requested delay in 1/10 ms
		__ticks = (uint16_t) (__ms * 10.0);
    32aa:	6b 85       	ldd	r22, Y+11	; 0x0b
    32ac:	7c 85       	ldd	r23, Y+12	; 0x0c
    32ae:	8d 85       	ldd	r24, Y+13	; 0x0d
    32b0:	9e 85       	ldd	r25, Y+14	; 0x0e
    32b2:	20 e0       	ldi	r18, 0x00	; 0
    32b4:	30 e0       	ldi	r19, 0x00	; 0
    32b6:	40 e2       	ldi	r20, 0x20	; 32
    32b8:	51 e4       	ldi	r21, 0x41	; 65
    32ba:	0e 94 1f 02 	call	0x43e	; 0x43e <__mulsf3>
    32be:	dc 01       	movw	r26, r24
    32c0:	cb 01       	movw	r24, r22
    32c2:	bc 01       	movw	r22, r24
    32c4:	cd 01       	movw	r24, r26
    32c6:	0e 94 49 00 	call	0x92	; 0x92 <__fixunssfsi>
    32ca:	dc 01       	movw	r26, r24
    32cc:	cb 01       	movw	r24, r22
    32ce:	9e 83       	std	Y+6, r25	; 0x06
    32d0:	8d 83       	std	Y+5, r24	; 0x05
    32d2:	0f c0       	rjmp	.+30     	; 0x32f2 <DCMOTOR_OperateCCW+0x41c>
    32d4:	88 ec       	ldi	r24, 0xC8	; 200
    32d6:	90 e0       	ldi	r25, 0x00	; 0
    32d8:	9c 83       	std	Y+4, r25	; 0x04
    32da:	8b 83       	std	Y+3, r24	; 0x03
    32dc:	8b 81       	ldd	r24, Y+3	; 0x03
    32de:	9c 81       	ldd	r25, Y+4	; 0x04
    32e0:	01 97       	sbiw	r24, 0x01	; 1
    32e2:	f1 f7       	brne	.-4      	; 0x32e0 <DCMOTOR_OperateCCW+0x40a>
    32e4:	9c 83       	std	Y+4, r25	; 0x04
    32e6:	8b 83       	std	Y+3, r24	; 0x03
		while(__ticks)
		{
			// wait 1/10 ms
			_delay_loop_2(((F_CPU) / 4e3) / 10);
			__ticks --;
    32e8:	8d 81       	ldd	r24, Y+5	; 0x05
    32ea:	9e 81       	ldd	r25, Y+6	; 0x06
    32ec:	01 97       	sbiw	r24, 0x01	; 1
    32ee:	9e 83       	std	Y+6, r25	; 0x06
    32f0:	8d 83       	std	Y+5, r24	; 0x05
		__ticks = 1;
	else if (__tmp > 65535)
	{
		//	__ticks = requested delay in 1/10 ms
		__ticks = (uint16_t) (__ms * 10.0);
		while(__ticks)
    32f2:	8d 81       	ldd	r24, Y+5	; 0x05
    32f4:	9e 81       	ldd	r25, Y+6	; 0x06
    32f6:	00 97       	sbiw	r24, 0x00	; 0
    32f8:	69 f7       	brne	.-38     	; 0x32d4 <DCMOTOR_OperateCCW+0x3fe>
    32fa:	14 c0       	rjmp	.+40     	; 0x3324 <DCMOTOR_OperateCCW+0x44e>
			__ticks --;
		}
		return;
	}
	else
		__ticks = (uint16_t)__tmp;
    32fc:	6f 81       	ldd	r22, Y+7	; 0x07
    32fe:	78 85       	ldd	r23, Y+8	; 0x08
    3300:	89 85       	ldd	r24, Y+9	; 0x09
    3302:	9a 85       	ldd	r25, Y+10	; 0x0a
    3304:	0e 94 49 00 	call	0x92	; 0x92 <__fixunssfsi>
    3308:	dc 01       	movw	r26, r24
    330a:	cb 01       	movw	r24, r22
    330c:	9e 83       	std	Y+6, r25	; 0x06
    330e:	8d 83       	std	Y+5, r24	; 0x05
    3310:	8d 81       	ldd	r24, Y+5	; 0x05
    3312:	9e 81       	ldd	r25, Y+6	; 0x06
    3314:	9a 83       	std	Y+2, r25	; 0x02
    3316:	89 83       	std	Y+1, r24	; 0x01
    3318:	89 81       	ldd	r24, Y+1	; 0x01
    331a:	9a 81       	ldd	r25, Y+2	; 0x02
    331c:	01 97       	sbiw	r24, 0x01	; 1
    331e:	f1 f7       	brne	.-4      	; 0x331c <DCMOTOR_OperateCCW+0x446>
    3320:	9a 83       	std	Y+2, r25	; 0x02
    3322:	89 83       	std	Y+1, r24	; 0x01
								_delay_ms(10);
	}
}
void DCMOTOR_OperateCCW(u32 steps)
{
	for(u32 i=0;i<steps;i++)
    3324:	89 ad       	ldd	r24, Y+57	; 0x39
    3326:	9a ad       	ldd	r25, Y+58	; 0x3a
    3328:	01 96       	adiw	r24, 0x01	; 1
    332a:	9a af       	std	Y+58, r25	; 0x3a
    332c:	89 af       	std	Y+57, r24	; 0x39
    332e:	29 ad       	ldd	r18, Y+57	; 0x39
    3330:	3a ad       	ldd	r19, Y+58	; 0x3a
    3332:	8b ad       	ldd	r24, Y+59	; 0x3b
    3334:	9c ad       	ldd	r25, Y+60	; 0x3c
    3336:	28 17       	cp	r18, r24
    3338:	39 07       	cpc	r19, r25
    333a:	08 f4       	brcc	.+2      	; 0x333e <DCMOTOR_OperateCCW+0x468>
    333c:	db cd       	rjmp	.-1098   	; 0x2ef4 <DCMOTOR_OperateCCW+0x1e>
																					DIO_u8SetPinValue(DIO_u8_PORTA,DIO_u8_PIN1,DIO_u8_LOW);
																					DIO_u8SetPinValue(DIO_u8_PORTA,DIO_u8_PIN2,DIO_u8_LOW);
																					DIO_u8SetPinValue(DIO_u8_PORTA,DIO_u8_PIN3,DIO_u8_LOW);
																					_delay_ms(10);
		}
}
    333e:	ec 96       	adiw	r28, 0x3c	; 60
    3340:	0f b6       	in	r0, 0x3f	; 63
    3342:	f8 94       	cli
    3344:	de bf       	out	0x3e, r29	; 62
    3346:	0f be       	out	0x3f, r0	; 63
    3348:	cd bf       	out	0x3d, r28	; 61
    334a:	cf 91       	pop	r28
    334c:	df 91       	pop	r29
    334e:	08 95       	ret

00003350 <LCD_voidDisplayFloat>:
#include "MCAL/ADC/ADC_interface.h"
#include "MCAL/EXTI/GI_interface.h"
#include <util/delay.h>

void LCD_voidDisplayFloat(f32 num)
{
    3350:	df 93       	push	r29
    3352:	cf 93       	push	r28
    3354:	cd b7       	in	r28, 0x3d	; 61
    3356:	de b7       	in	r29, 0x3e	; 62
    3358:	69 97       	sbiw	r28, 0x19	; 25
    335a:	0f b6       	in	r0, 0x3f	; 63
    335c:	f8 94       	cli
    335e:	de bf       	out	0x3e, r29	; 62
    3360:	0f be       	out	0x3f, r0	; 63
    3362:	cd bf       	out	0x3d, r28	; 61
    3364:	6e 8b       	std	Y+22, r22	; 0x16
    3366:	7f 8b       	std	Y+23, r23	; 0x17
    3368:	88 8f       	std	Y+24, r24	; 0x18
    336a:	99 8f       	std	Y+25, r25	; 0x19
    char str[10];
    u8 i = 0;
    336c:	1e 82       	std	Y+6, r1	; 0x06

    if (num < 0)
    336e:	6e 89       	ldd	r22, Y+22	; 0x16
    3370:	7f 89       	ldd	r23, Y+23	; 0x17
    3372:	88 8d       	ldd	r24, Y+24	; 0x18
    3374:	99 8d       	ldd	r25, Y+25	; 0x19
    3376:	20 e0       	ldi	r18, 0x00	; 0
    3378:	30 e0       	ldi	r19, 0x00	; 0
    337a:	40 e0       	ldi	r20, 0x00	; 0
    337c:	50 e0       	ldi	r21, 0x00	; 0
    337e:	0e 94 25 04 	call	0x84a	; 0x84a <__ltsf2>
    3382:	88 23       	and	r24, r24
    3384:	bc f4       	brge	.+46     	; 0x33b4 <LCD_voidDisplayFloat+0x64>
    {
        str[i++] = '-';
    3386:	8e 81       	ldd	r24, Y+6	; 0x06
    3388:	28 2f       	mov	r18, r24
    338a:	30 e0       	ldi	r19, 0x00	; 0
    338c:	ce 01       	movw	r24, r28
    338e:	07 96       	adiw	r24, 0x07	; 7
    3390:	fc 01       	movw	r30, r24
    3392:	e2 0f       	add	r30, r18
    3394:	f3 1f       	adc	r31, r19
    3396:	8d e2       	ldi	r24, 0x2D	; 45
    3398:	80 83       	st	Z, r24
    339a:	8e 81       	ldd	r24, Y+6	; 0x06
    339c:	8f 5f       	subi	r24, 0xFF	; 255
    339e:	8e 83       	std	Y+6, r24	; 0x06
        num = -num;
    33a0:	8e 89       	ldd	r24, Y+22	; 0x16
    33a2:	9f 89       	ldd	r25, Y+23	; 0x17
    33a4:	a8 8d       	ldd	r26, Y+24	; 0x18
    33a6:	b9 8d       	ldd	r27, Y+25	; 0x19
    33a8:	b0 58       	subi	r27, 0x80	; 128
    33aa:	8e 8b       	std	Y+22, r24	; 0x16
    33ac:	9f 8b       	std	Y+23, r25	; 0x17
    33ae:	a8 8f       	std	Y+24, r26	; 0x18
    33b0:	b9 8f       	std	Y+25, r27	; 0x19
    33b2:	0d c0       	rjmp	.+26     	; 0x33ce <LCD_voidDisplayFloat+0x7e>
    }
    else
    {
        str[i++] = '+';
    33b4:	8e 81       	ldd	r24, Y+6	; 0x06
    33b6:	28 2f       	mov	r18, r24
    33b8:	30 e0       	ldi	r19, 0x00	; 0
    33ba:	ce 01       	movw	r24, r28
    33bc:	07 96       	adiw	r24, 0x07	; 7
    33be:	fc 01       	movw	r30, r24
    33c0:	e2 0f       	add	r30, r18
    33c2:	f3 1f       	adc	r31, r19
    33c4:	8b e2       	ldi	r24, 0x2B	; 43
    33c6:	80 83       	st	Z, r24
    33c8:	8e 81       	ldd	r24, Y+6	; 0x06
    33ca:	8f 5f       	subi	r24, 0xFF	; 255
    33cc:	8e 83       	std	Y+6, r24	; 0x06
    }

    u16 int_part = (u16)num;
    33ce:	6e 89       	ldd	r22, Y+22	; 0x16
    33d0:	7f 89       	ldd	r23, Y+23	; 0x17
    33d2:	88 8d       	ldd	r24, Y+24	; 0x18
    33d4:	99 8d       	ldd	r25, Y+25	; 0x19
    33d6:	0e 94 49 00 	call	0x92	; 0x92 <__fixunssfsi>
    33da:	dc 01       	movw	r26, r24
    33dc:	cb 01       	movw	r24, r22
    33de:	9d 83       	std	Y+5, r25	; 0x05
    33e0:	8c 83       	std	Y+4, r24	; 0x04
    u16 frac_part = (u16)((num - int_part) * 100 + 0.5);  // rounded
    33e2:	8c 81       	ldd	r24, Y+4	; 0x04
    33e4:	9d 81       	ldd	r25, Y+5	; 0x05
    33e6:	cc 01       	movw	r24, r24
    33e8:	a0 e0       	ldi	r26, 0x00	; 0
    33ea:	b0 e0       	ldi	r27, 0x00	; 0
    33ec:	bc 01       	movw	r22, r24
    33ee:	cd 01       	movw	r24, r26
    33f0:	0e 94 07 05 	call	0xa0e	; 0xa0e <__floatunsisf>
    33f4:	9b 01       	movw	r18, r22
    33f6:	ac 01       	movw	r20, r24
    33f8:	6e 89       	ldd	r22, Y+22	; 0x16
    33fa:	7f 89       	ldd	r23, Y+23	; 0x17
    33fc:	88 8d       	ldd	r24, Y+24	; 0x18
    33fe:	99 8d       	ldd	r25, Y+25	; 0x19
    3400:	0e 94 c1 01 	call	0x382	; 0x382 <__subsf3>
    3404:	dc 01       	movw	r26, r24
    3406:	cb 01       	movw	r24, r22
    3408:	bc 01       	movw	r22, r24
    340a:	cd 01       	movw	r24, r26
    340c:	20 e0       	ldi	r18, 0x00	; 0
    340e:	30 e0       	ldi	r19, 0x00	; 0
    3410:	48 ec       	ldi	r20, 0xC8	; 200
    3412:	52 e4       	ldi	r21, 0x42	; 66
    3414:	0e 94 1f 02 	call	0x43e	; 0x43e <__mulsf3>
    3418:	dc 01       	movw	r26, r24
    341a:	cb 01       	movw	r24, r22
    341c:	bc 01       	movw	r22, r24
    341e:	cd 01       	movw	r24, r26
    3420:	20 e0       	ldi	r18, 0x00	; 0
    3422:	30 e0       	ldi	r19, 0x00	; 0
    3424:	40 e0       	ldi	r20, 0x00	; 0
    3426:	5f e3       	ldi	r21, 0x3F	; 63
    3428:	0e 94 f2 01 	call	0x3e4	; 0x3e4 <__addsf3>
    342c:	dc 01       	movw	r26, r24
    342e:	cb 01       	movw	r24, r22
    3430:	bc 01       	movw	r22, r24
    3432:	cd 01       	movw	r24, r26
    3434:	0e 94 49 00 	call	0x92	; 0x92 <__fixunssfsi>
    3438:	dc 01       	movw	r26, r24
    343a:	cb 01       	movw	r24, r22
    343c:	9b 83       	std	Y+3, r25	; 0x03
    343e:	8a 83       	std	Y+2, r24	; 0x02

    // Integer to string
    if (int_part == 0)
    3440:	8c 81       	ldd	r24, Y+4	; 0x04
    3442:	9d 81       	ldd	r25, Y+5	; 0x05
    3444:	00 97       	sbiw	r24, 0x00	; 0
    3446:	71 f4       	brne	.+28     	; 0x3464 <LCD_voidDisplayFloat+0x114>
        str[i++] = '0';
    3448:	8e 81       	ldd	r24, Y+6	; 0x06
    344a:	28 2f       	mov	r18, r24
    344c:	30 e0       	ldi	r19, 0x00	; 0
    344e:	ce 01       	movw	r24, r28
    3450:	07 96       	adiw	r24, 0x07	; 7
    3452:	fc 01       	movw	r30, r24
    3454:	e2 0f       	add	r30, r18
    3456:	f3 1f       	adc	r31, r19
    3458:	80 e3       	ldi	r24, 0x30	; 48
    345a:	80 83       	st	Z, r24
    345c:	8e 81       	ldd	r24, Y+6	; 0x06
    345e:	8f 5f       	subi	r24, 0xFF	; 255
    3460:	8e 83       	std	Y+6, r24	; 0x06
    3462:	40 c0       	rjmp	.+128    	; 0x34e4 <LCD_voidDisplayFloat+0x194>
    else
    {
        char temp[5];
        u8 j = 0;
    3464:	19 82       	std	Y+1, r1	; 0x01
    3466:	1e c0       	rjmp	.+60     	; 0x34a4 <LCD_voidDisplayFloat+0x154>
        while (int_part > 0)
        {
            temp[j++] = (int_part % 10) + '0';
    3468:	89 81       	ldd	r24, Y+1	; 0x01
    346a:	e8 2f       	mov	r30, r24
    346c:	f0 e0       	ldi	r31, 0x00	; 0
    346e:	8c 81       	ldd	r24, Y+4	; 0x04
    3470:	9d 81       	ldd	r25, Y+5	; 0x05
    3472:	2a e0       	ldi	r18, 0x0A	; 10
    3474:	30 e0       	ldi	r19, 0x00	; 0
    3476:	b9 01       	movw	r22, r18
    3478:	0e 94 a8 1b 	call	0x3750	; 0x3750 <__udivmodhi4>
    347c:	28 2f       	mov	r18, r24
    347e:	20 5d       	subi	r18, 0xD0	; 208
    3480:	ce 01       	movw	r24, r28
    3482:	41 96       	adiw	r24, 0x11	; 17
    3484:	e8 0f       	add	r30, r24
    3486:	f9 1f       	adc	r31, r25
    3488:	20 83       	st	Z, r18
    348a:	89 81       	ldd	r24, Y+1	; 0x01
    348c:	8f 5f       	subi	r24, 0xFF	; 255
    348e:	89 83       	std	Y+1, r24	; 0x01
            int_part /= 10;
    3490:	8c 81       	ldd	r24, Y+4	; 0x04
    3492:	9d 81       	ldd	r25, Y+5	; 0x05
    3494:	2a e0       	ldi	r18, 0x0A	; 10
    3496:	30 e0       	ldi	r19, 0x00	; 0
    3498:	b9 01       	movw	r22, r18
    349a:	0e 94 a8 1b 	call	0x3750	; 0x3750 <__udivmodhi4>
    349e:	cb 01       	movw	r24, r22
    34a0:	9d 83       	std	Y+5, r25	; 0x05
    34a2:	8c 83       	std	Y+4, r24	; 0x04
        str[i++] = '0';
    else
    {
        char temp[5];
        u8 j = 0;
        while (int_part > 0)
    34a4:	8c 81       	ldd	r24, Y+4	; 0x04
    34a6:	9d 81       	ldd	r25, Y+5	; 0x05
    34a8:	00 97       	sbiw	r24, 0x00	; 0
    34aa:	f1 f6       	brne	.-68     	; 0x3468 <LCD_voidDisplayFloat+0x118>
    34ac:	18 c0       	rjmp	.+48     	; 0x34de <LCD_voidDisplayFloat+0x18e>
        {
            temp[j++] = (int_part % 10) + '0';
            int_part /= 10;
        }
        while (j > 0)
            str[i++] = temp[--j];
    34ae:	8e 81       	ldd	r24, Y+6	; 0x06
    34b0:	48 2f       	mov	r20, r24
    34b2:	50 e0       	ldi	r21, 0x00	; 0
    34b4:	89 81       	ldd	r24, Y+1	; 0x01
    34b6:	81 50       	subi	r24, 0x01	; 1
    34b8:	89 83       	std	Y+1, r24	; 0x01
    34ba:	89 81       	ldd	r24, Y+1	; 0x01
    34bc:	28 2f       	mov	r18, r24
    34be:	30 e0       	ldi	r19, 0x00	; 0
    34c0:	ce 01       	movw	r24, r28
    34c2:	41 96       	adiw	r24, 0x11	; 17
    34c4:	fc 01       	movw	r30, r24
    34c6:	e2 0f       	add	r30, r18
    34c8:	f3 1f       	adc	r31, r19
    34ca:	20 81       	ld	r18, Z
    34cc:	ce 01       	movw	r24, r28
    34ce:	07 96       	adiw	r24, 0x07	; 7
    34d0:	fc 01       	movw	r30, r24
    34d2:	e4 0f       	add	r30, r20
    34d4:	f5 1f       	adc	r31, r21
    34d6:	20 83       	st	Z, r18
    34d8:	8e 81       	ldd	r24, Y+6	; 0x06
    34da:	8f 5f       	subi	r24, 0xFF	; 255
    34dc:	8e 83       	std	Y+6, r24	; 0x06
        while (int_part > 0)
        {
            temp[j++] = (int_part % 10) + '0';
            int_part /= 10;
        }
        while (j > 0)
    34de:	89 81       	ldd	r24, Y+1	; 0x01
    34e0:	88 23       	and	r24, r24
    34e2:	29 f7       	brne	.-54     	; 0x34ae <LCD_voidDisplayFloat+0x15e>
            str[i++] = temp[--j];
    }

    str[i++] = '.';
    34e4:	8e 81       	ldd	r24, Y+6	; 0x06
    34e6:	28 2f       	mov	r18, r24
    34e8:	30 e0       	ldi	r19, 0x00	; 0
    34ea:	ce 01       	movw	r24, r28
    34ec:	07 96       	adiw	r24, 0x07	; 7
    34ee:	fc 01       	movw	r30, r24
    34f0:	e2 0f       	add	r30, r18
    34f2:	f3 1f       	adc	r31, r19
    34f4:	8e e2       	ldi	r24, 0x2E	; 46
    34f6:	80 83       	st	Z, r24
    34f8:	8e 81       	ldd	r24, Y+6	; 0x06
    34fa:	8f 5f       	subi	r24, 0xFF	; 255
    34fc:	8e 83       	std	Y+6, r24	; 0x06
    str[i++] = (frac_part / 10) + '0';
    34fe:	8e 81       	ldd	r24, Y+6	; 0x06
    3500:	e8 2f       	mov	r30, r24
    3502:	f0 e0       	ldi	r31, 0x00	; 0
    3504:	8a 81       	ldd	r24, Y+2	; 0x02
    3506:	9b 81       	ldd	r25, Y+3	; 0x03
    3508:	2a e0       	ldi	r18, 0x0A	; 10
    350a:	30 e0       	ldi	r19, 0x00	; 0
    350c:	b9 01       	movw	r22, r18
    350e:	0e 94 a8 1b 	call	0x3750	; 0x3750 <__udivmodhi4>
    3512:	cb 01       	movw	r24, r22
    3514:	28 2f       	mov	r18, r24
    3516:	20 5d       	subi	r18, 0xD0	; 208
    3518:	ce 01       	movw	r24, r28
    351a:	07 96       	adiw	r24, 0x07	; 7
    351c:	e8 0f       	add	r30, r24
    351e:	f9 1f       	adc	r31, r25
    3520:	20 83       	st	Z, r18
    3522:	8e 81       	ldd	r24, Y+6	; 0x06
    3524:	8f 5f       	subi	r24, 0xFF	; 255
    3526:	8e 83       	std	Y+6, r24	; 0x06
    str[i++] = (frac_part % 10) + '0';
    3528:	8e 81       	ldd	r24, Y+6	; 0x06
    352a:	e8 2f       	mov	r30, r24
    352c:	f0 e0       	ldi	r31, 0x00	; 0
    352e:	8a 81       	ldd	r24, Y+2	; 0x02
    3530:	9b 81       	ldd	r25, Y+3	; 0x03
    3532:	2a e0       	ldi	r18, 0x0A	; 10
    3534:	30 e0       	ldi	r19, 0x00	; 0
    3536:	b9 01       	movw	r22, r18
    3538:	0e 94 a8 1b 	call	0x3750	; 0x3750 <__udivmodhi4>
    353c:	28 2f       	mov	r18, r24
    353e:	20 5d       	subi	r18, 0xD0	; 208
    3540:	ce 01       	movw	r24, r28
    3542:	07 96       	adiw	r24, 0x07	; 7
    3544:	e8 0f       	add	r30, r24
    3546:	f9 1f       	adc	r31, r25
    3548:	20 83       	st	Z, r18
    354a:	8e 81       	ldd	r24, Y+6	; 0x06
    354c:	8f 5f       	subi	r24, 0xFF	; 255
    354e:	8e 83       	std	Y+6, r24	; 0x06
    str[i] = '\0';
    3550:	8e 81       	ldd	r24, Y+6	; 0x06
    3552:	28 2f       	mov	r18, r24
    3554:	30 e0       	ldi	r19, 0x00	; 0
    3556:	ce 01       	movw	r24, r28
    3558:	07 96       	adiw	r24, 0x07	; 7
    355a:	fc 01       	movw	r30, r24
    355c:	e2 0f       	add	r30, r18
    355e:	f3 1f       	adc	r31, r19
    3560:	10 82       	st	Z, r1

    LCD_voidSendString(str);
    3562:	ce 01       	movw	r24, r28
    3564:	07 96       	adiw	r24, 0x07	; 7
    3566:	0e 94 2f 13 	call	0x265e	; 0x265e <LCD_voidSendString>
}
    356a:	69 96       	adiw	r28, 0x19	; 25
    356c:	0f b6       	in	r0, 0x3f	; 63
    356e:	f8 94       	cli
    3570:	de bf       	out	0x3e, r29	; 62
    3572:	0f be       	out	0x3f, r0	; 63
    3574:	cd bf       	out	0x3d, r28	; 61
    3576:	cf 91       	pop	r28
    3578:	df 91       	pop	r29
    357a:	08 95       	ret

0000357c <main>:

int main()
{
    357c:	df 93       	push	r29
    357e:	cf 93       	push	r28
    3580:	cd b7       	in	r28, 0x3d	; 61
    3582:	de b7       	in	r29, 0x3e	; 62
    3584:	68 97       	sbiw	r28, 0x18	; 24
    3586:	0f b6       	in	r0, 0x3f	; 63
    3588:	f8 94       	cli
    358a:	de bf       	out	0x3e, r29	; 62
    358c:	0f be       	out	0x3f, r0	; 63
    358e:	cd bf       	out	0x3d, r28	; 61
	DIO_voidInit();
    3590:	0e 94 e1 09 	call	0x13c2	; 0x13c2 <DIO_voidInit>
	LCD_voidInit();
    3594:	0e 94 bd 10 	call	0x217a	; 0x217a <LCD_voidInit>
	ADC_voidInit();
    3598:	0e 94 be 0d 	call	0x1b7c	; 0x1b7c <ADC_voidInit>
	GI_voidEnable();
    359c:	0e 94 c5 09 	call	0x138a	; 0x138a <GI_voidEnable>

	u16 reading_ch0 = 0;
    35a0:	1e 8a       	std	Y+22, r1	; 0x16
    35a2:	1d 8a       	std	Y+21, r1	; 0x15
	u16 reading_ch1 = 0;
    35a4:	18 8e       	std	Y+24, r1	; 0x18
    35a6:	1f 8a       	std	Y+23, r1	; 0x17
	s32 diff_adc = 0;
    35a8:	1c 8a       	std	Y+20, r1	; 0x14
    35aa:	1b 8a       	std	Y+19, r1	; 0x13
	f32 voltage = 0.0;
    35ac:	80 e0       	ldi	r24, 0x00	; 0
    35ae:	90 e0       	ldi	r25, 0x00	; 0
    35b0:	a0 e0       	ldi	r26, 0x00	; 0
    35b2:	b0 e0       	ldi	r27, 0x00	; 0
    35b4:	8f 87       	std	Y+15, r24	; 0x0f
    35b6:	98 8b       	std	Y+16, r25	; 0x10
    35b8:	a9 8b       	std	Y+17, r26	; 0x11
    35ba:	ba 8b       	std	Y+18, r27	; 0x12

	while (1)
	{
		ADC_u16ConvertSynch(0b00000, &reading_ch0);
    35bc:	9e 01       	movw	r18, r28
    35be:	2b 5e       	subi	r18, 0xEB	; 235
    35c0:	3f 4f       	sbci	r19, 0xFF	; 255
    35c2:	80 e0       	ldi	r24, 0x00	; 0
    35c4:	b9 01       	movw	r22, r18
    35c6:	0e 94 f6 0d 	call	0x1bec	; 0x1bec <ADC_u16ConvertSynch>
		ADC_u16ConvertSynch(0b00001, &reading_ch1);
    35ca:	9e 01       	movw	r18, r28
    35cc:	29 5e       	subi	r18, 0xE9	; 233
    35ce:	3f 4f       	sbci	r19, 0xFF	; 255
    35d0:	81 e0       	ldi	r24, 0x01	; 1
    35d2:	b9 01       	movw	r22, r18
    35d4:	0e 94 f6 0d 	call	0x1bec	; 0x1bec <ADC_u16ConvertSynch>

		diff_adc = (s32)reading_ch0 - (s32)reading_ch1;
    35d8:	8d 89       	ldd	r24, Y+21	; 0x15
    35da:	9e 89       	ldd	r25, Y+22	; 0x16
    35dc:	9c 01       	movw	r18, r24
    35de:	8f 89       	ldd	r24, Y+23	; 0x17
    35e0:	98 8d       	ldd	r25, Y+24	; 0x18
    35e2:	a9 01       	movw	r20, r18
    35e4:	48 1b       	sub	r20, r24
    35e6:	59 0b       	sbc	r21, r25
    35e8:	ca 01       	movw	r24, r20
    35ea:	9c 8b       	std	Y+20, r25	; 0x14
    35ec:	8b 8b       	std	Y+19, r24	; 0x13

		// Convert to voltage (make sure to multiply by 5.0f to avoid integer division)
		voltage = ((f32)diff_adc * 5.0f) / 1024.0f;
    35ee:	8b 89       	ldd	r24, Y+19	; 0x13
    35f0:	9c 89       	ldd	r25, Y+20	; 0x14
    35f2:	aa 27       	eor	r26, r26
    35f4:	97 fd       	sbrc	r25, 7
    35f6:	a0 95       	com	r26
    35f8:	ba 2f       	mov	r27, r26
    35fa:	bc 01       	movw	r22, r24
    35fc:	cd 01       	movw	r24, r26
    35fe:	0e 94 55 04 	call	0x8aa	; 0x8aa <__floatsisf>
    3602:	dc 01       	movw	r26, r24
    3604:	cb 01       	movw	r24, r22
    3606:	bc 01       	movw	r22, r24
    3608:	cd 01       	movw	r24, r26
    360a:	20 e0       	ldi	r18, 0x00	; 0
    360c:	30 e0       	ldi	r19, 0x00	; 0
    360e:	40 ea       	ldi	r20, 0xA0	; 160
    3610:	50 e4       	ldi	r21, 0x40	; 64
    3612:	0e 94 1f 02 	call	0x43e	; 0x43e <__mulsf3>
    3616:	dc 01       	movw	r26, r24
    3618:	cb 01       	movw	r24, r22
    361a:	bc 01       	movw	r22, r24
    361c:	cd 01       	movw	r24, r26
    361e:	20 e0       	ldi	r18, 0x00	; 0
    3620:	30 e0       	ldi	r19, 0x00	; 0
    3622:	40 e8       	ldi	r20, 0x80	; 128
    3624:	54 e4       	ldi	r21, 0x44	; 68
    3626:	0e 94 19 03 	call	0x632	; 0x632 <__divsf3>
    362a:	dc 01       	movw	r26, r24
    362c:	cb 01       	movw	r24, r22
    362e:	8f 87       	std	Y+15, r24	; 0x0f
    3630:	98 8b       	std	Y+16, r25	; 0x10
    3632:	a9 8b       	std	Y+17, r26	; 0x11
    3634:	ba 8b       	std	Y+18, r27	; 0x12

		LCD_voidClearDisplay();
    3636:	0e 94 83 13 	call	0x2706	; 0x2706 <LCD_voidClearDisplay>
		LCD_voidSendString("Voltage:");
    363a:	80 e6       	ldi	r24, 0x60	; 96
    363c:	90 e0       	ldi	r25, 0x00	; 0
    363e:	0e 94 2f 13 	call	0x265e	; 0x265e <LCD_voidSendString>
		//LCD_voidGoToXY(1, 0);
		LCD_voidDisplayFloat(voltage*10);
    3642:	6f 85       	ldd	r22, Y+15	; 0x0f
    3644:	78 89       	ldd	r23, Y+16	; 0x10
    3646:	89 89       	ldd	r24, Y+17	; 0x11
    3648:	9a 89       	ldd	r25, Y+18	; 0x12
    364a:	20 e0       	ldi	r18, 0x00	; 0
    364c:	30 e0       	ldi	r19, 0x00	; 0
    364e:	40 e2       	ldi	r20, 0x20	; 32
    3650:	51 e4       	ldi	r21, 0x41	; 65
    3652:	0e 94 1f 02 	call	0x43e	; 0x43e <__mulsf3>
    3656:	dc 01       	movw	r26, r24
    3658:	cb 01       	movw	r24, r22
    365a:	bc 01       	movw	r22, r24
    365c:	cd 01       	movw	r24, r26
    365e:	0e 94 a8 19 	call	0x3350	; 0x3350 <LCD_voidDisplayFloat>
		LCD_voidSendString(" V");
    3662:	89 e6       	ldi	r24, 0x69	; 105
    3664:	90 e0       	ldi	r25, 0x00	; 0
    3666:	0e 94 2f 13 	call	0x265e	; 0x265e <LCD_voidSendString>
    366a:	80 e0       	ldi	r24, 0x00	; 0
    366c:	90 e0       	ldi	r25, 0x00	; 0
    366e:	aa ef       	ldi	r26, 0xFA	; 250
    3670:	b3 e4       	ldi	r27, 0x43	; 67
    3672:	8b 87       	std	Y+11, r24	; 0x0b
    3674:	9c 87       	std	Y+12, r25	; 0x0c
    3676:	ad 87       	std	Y+13, r26	; 0x0d
    3678:	be 87       	std	Y+14, r27	; 0x0e
 */
void
_delay_ms(double __ms)
{
	uint16_t __ticks;
	double __tmp = ((F_CPU) / 4e3) * __ms;
    367a:	6b 85       	ldd	r22, Y+11	; 0x0b
    367c:	7c 85       	ldd	r23, Y+12	; 0x0c
    367e:	8d 85       	ldd	r24, Y+13	; 0x0d
    3680:	9e 85       	ldd	r25, Y+14	; 0x0e
    3682:	20 e0       	ldi	r18, 0x00	; 0
    3684:	30 e0       	ldi	r19, 0x00	; 0
    3686:	4a ef       	ldi	r20, 0xFA	; 250
    3688:	54 e4       	ldi	r21, 0x44	; 68
    368a:	0e 94 1f 02 	call	0x43e	; 0x43e <__mulsf3>
    368e:	dc 01       	movw	r26, r24
    3690:	cb 01       	movw	r24, r22
    3692:	8f 83       	std	Y+7, r24	; 0x07
    3694:	98 87       	std	Y+8, r25	; 0x08
    3696:	a9 87       	std	Y+9, r26	; 0x09
    3698:	ba 87       	std	Y+10, r27	; 0x0a
	if (__tmp < 1.0)
    369a:	6f 81       	ldd	r22, Y+7	; 0x07
    369c:	78 85       	ldd	r23, Y+8	; 0x08
    369e:	89 85       	ldd	r24, Y+9	; 0x09
    36a0:	9a 85       	ldd	r25, Y+10	; 0x0a
    36a2:	20 e0       	ldi	r18, 0x00	; 0
    36a4:	30 e0       	ldi	r19, 0x00	; 0
    36a6:	40 e8       	ldi	r20, 0x80	; 128
    36a8:	5f e3       	ldi	r21, 0x3F	; 63
    36aa:	0e 94 25 04 	call	0x84a	; 0x84a <__ltsf2>
    36ae:	88 23       	and	r24, r24
    36b0:	2c f4       	brge	.+10     	; 0x36bc <main+0x140>
		__ticks = 1;
    36b2:	81 e0       	ldi	r24, 0x01	; 1
    36b4:	90 e0       	ldi	r25, 0x00	; 0
    36b6:	9e 83       	std	Y+6, r25	; 0x06
    36b8:	8d 83       	std	Y+5, r24	; 0x05
    36ba:	3f c0       	rjmp	.+126    	; 0x373a <main+0x1be>
	else if (__tmp > 65535)
    36bc:	6f 81       	ldd	r22, Y+7	; 0x07
    36be:	78 85       	ldd	r23, Y+8	; 0x08
    36c0:	89 85       	ldd	r24, Y+9	; 0x09
    36c2:	9a 85       	ldd	r25, Y+10	; 0x0a
    36c4:	20 e0       	ldi	r18, 0x00	; 0
    36c6:	3f ef       	ldi	r19, 0xFF	; 255
    36c8:	4f e7       	ldi	r20, 0x7F	; 127
    36ca:	57 e4       	ldi	r21, 0x47	; 71
    36cc:	0e 94 c5 03 	call	0x78a	; 0x78a <__gtsf2>
    36d0:	18 16       	cp	r1, r24
    36d2:	4c f5       	brge	.+82     	; 0x3726 <main+0x1aa>
	{
		//	__ticks = requested delay in 1/10 ms
		__ticks = (uint16_t) (__ms * 10.0);
    36d4:	6b 85       	ldd	r22, Y+11	; 0x0b
    36d6:	7c 85       	ldd	r23, Y+12	; 0x0c
    36d8:	8d 85       	ldd	r24, Y+13	; 0x0d
    36da:	9e 85       	ldd	r25, Y+14	; 0x0e
    36dc:	20 e0       	ldi	r18, 0x00	; 0
    36de:	30 e0       	ldi	r19, 0x00	; 0
    36e0:	40 e2       	ldi	r20, 0x20	; 32
    36e2:	51 e4       	ldi	r21, 0x41	; 65
    36e4:	0e 94 1f 02 	call	0x43e	; 0x43e <__mulsf3>
    36e8:	dc 01       	movw	r26, r24
    36ea:	cb 01       	movw	r24, r22
    36ec:	bc 01       	movw	r22, r24
    36ee:	cd 01       	movw	r24, r26
    36f0:	0e 94 49 00 	call	0x92	; 0x92 <__fixunssfsi>
    36f4:	dc 01       	movw	r26, r24
    36f6:	cb 01       	movw	r24, r22
    36f8:	9e 83       	std	Y+6, r25	; 0x06
    36fa:	8d 83       	std	Y+5, r24	; 0x05
    36fc:	0f c0       	rjmp	.+30     	; 0x371c <main+0x1a0>
    36fe:	88 ec       	ldi	r24, 0xC8	; 200
    3700:	90 e0       	ldi	r25, 0x00	; 0
    3702:	9c 83       	std	Y+4, r25	; 0x04
    3704:	8b 83       	std	Y+3, r24	; 0x03
    3706:	8b 81       	ldd	r24, Y+3	; 0x03
    3708:	9c 81       	ldd	r25, Y+4	; 0x04
    370a:	01 97       	sbiw	r24, 0x01	; 1
    370c:	f1 f7       	brne	.-4      	; 0x370a <main+0x18e>
    370e:	9c 83       	std	Y+4, r25	; 0x04
    3710:	8b 83       	std	Y+3, r24	; 0x03
		while(__ticks)
		{
			// wait 1/10 ms
			_delay_loop_2(((F_CPU) / 4e3) / 10);
			__ticks --;
    3712:	8d 81       	ldd	r24, Y+5	; 0x05
    3714:	9e 81       	ldd	r25, Y+6	; 0x06
    3716:	01 97       	sbiw	r24, 0x01	; 1
    3718:	9e 83       	std	Y+6, r25	; 0x06
    371a:	8d 83       	std	Y+5, r24	; 0x05
		__ticks = 1;
	else if (__tmp > 65535)
	{
		//	__ticks = requested delay in 1/10 ms
		__ticks = (uint16_t) (__ms * 10.0);
		while(__ticks)
    371c:	8d 81       	ldd	r24, Y+5	; 0x05
    371e:	9e 81       	ldd	r25, Y+6	; 0x06
    3720:	00 97       	sbiw	r24, 0x00	; 0
    3722:	69 f7       	brne	.-38     	; 0x36fe <main+0x182>
    3724:	4b cf       	rjmp	.-362    	; 0x35bc <main+0x40>
			__ticks --;
		}
		return;
	}
	else
		__ticks = (uint16_t)__tmp;
    3726:	6f 81       	ldd	r22, Y+7	; 0x07
    3728:	78 85       	ldd	r23, Y+8	; 0x08
    372a:	89 85       	ldd	r24, Y+9	; 0x09
    372c:	9a 85       	ldd	r25, Y+10	; 0x0a
    372e:	0e 94 49 00 	call	0x92	; 0x92 <__fixunssfsi>
    3732:	dc 01       	movw	r26, r24
    3734:	cb 01       	movw	r24, r22
    3736:	9e 83       	std	Y+6, r25	; 0x06
    3738:	8d 83       	std	Y+5, r24	; 0x05
    373a:	8d 81       	ldd	r24, Y+5	; 0x05
    373c:	9e 81       	ldd	r25, Y+6	; 0x06
    373e:	9a 83       	std	Y+2, r25	; 0x02
    3740:	89 83       	std	Y+1, r24	; 0x01
    3742:	89 81       	ldd	r24, Y+1	; 0x01
    3744:	9a 81       	ldd	r25, Y+2	; 0x02
    3746:	01 97       	sbiw	r24, 0x01	; 1
    3748:	f1 f7       	brne	.-4      	; 0x3746 <main+0x1ca>
    374a:	9a 83       	std	Y+2, r25	; 0x02
    374c:	89 83       	std	Y+1, r24	; 0x01
    374e:	36 cf       	rjmp	.-404    	; 0x35bc <main+0x40>

00003750 <__udivmodhi4>:
    3750:	aa 1b       	sub	r26, r26
    3752:	bb 1b       	sub	r27, r27
    3754:	51 e1       	ldi	r21, 0x11	; 17
    3756:	07 c0       	rjmp	.+14     	; 0x3766 <__udivmodhi4_ep>

00003758 <__udivmodhi4_loop>:
    3758:	aa 1f       	adc	r26, r26
    375a:	bb 1f       	adc	r27, r27
    375c:	a6 17       	cp	r26, r22
    375e:	b7 07       	cpc	r27, r23
    3760:	10 f0       	brcs	.+4      	; 0x3766 <__udivmodhi4_ep>
    3762:	a6 1b       	sub	r26, r22
    3764:	b7 0b       	sbc	r27, r23

00003766 <__udivmodhi4_ep>:
    3766:	88 1f       	adc	r24, r24
    3768:	99 1f       	adc	r25, r25
    376a:	5a 95       	dec	r21
    376c:	a9 f7       	brne	.-22     	; 0x3758 <__udivmodhi4_loop>
    376e:	80 95       	com	r24
    3770:	90 95       	com	r25
    3772:	bc 01       	movw	r22, r24
    3774:	cd 01       	movw	r24, r26
    3776:	08 95       	ret

00003778 <__prologue_saves__>:
    3778:	2f 92       	push	r2
    377a:	3f 92       	push	r3
    377c:	4f 92       	push	r4
    377e:	5f 92       	push	r5
    3780:	6f 92       	push	r6
    3782:	7f 92       	push	r7
    3784:	8f 92       	push	r8
    3786:	9f 92       	push	r9
    3788:	af 92       	push	r10
    378a:	bf 92       	push	r11
    378c:	cf 92       	push	r12
    378e:	df 92       	push	r13
    3790:	ef 92       	push	r14
    3792:	ff 92       	push	r15
    3794:	0f 93       	push	r16
    3796:	1f 93       	push	r17
    3798:	cf 93       	push	r28
    379a:	df 93       	push	r29
    379c:	cd b7       	in	r28, 0x3d	; 61
    379e:	de b7       	in	r29, 0x3e	; 62
    37a0:	ca 1b       	sub	r28, r26
    37a2:	db 0b       	sbc	r29, r27
    37a4:	0f b6       	in	r0, 0x3f	; 63
    37a6:	f8 94       	cli
    37a8:	de bf       	out	0x3e, r29	; 62
    37aa:	0f be       	out	0x3f, r0	; 63
    37ac:	cd bf       	out	0x3d, r28	; 61
    37ae:	09 94       	ijmp

000037b0 <__epilogue_restores__>:
    37b0:	2a 88       	ldd	r2, Y+18	; 0x12
    37b2:	39 88       	ldd	r3, Y+17	; 0x11
    37b4:	48 88       	ldd	r4, Y+16	; 0x10
    37b6:	5f 84       	ldd	r5, Y+15	; 0x0f
    37b8:	6e 84       	ldd	r6, Y+14	; 0x0e
    37ba:	7d 84       	ldd	r7, Y+13	; 0x0d
    37bc:	8c 84       	ldd	r8, Y+12	; 0x0c
    37be:	9b 84       	ldd	r9, Y+11	; 0x0b
    37c0:	aa 84       	ldd	r10, Y+10	; 0x0a
    37c2:	b9 84       	ldd	r11, Y+9	; 0x09
    37c4:	c8 84       	ldd	r12, Y+8	; 0x08
    37c6:	df 80       	ldd	r13, Y+7	; 0x07
    37c8:	ee 80       	ldd	r14, Y+6	; 0x06
    37ca:	fd 80       	ldd	r15, Y+5	; 0x05
    37cc:	0c 81       	ldd	r16, Y+4	; 0x04
    37ce:	1b 81       	ldd	r17, Y+3	; 0x03
    37d0:	aa 81       	ldd	r26, Y+2	; 0x02
    37d2:	b9 81       	ldd	r27, Y+1	; 0x01
    37d4:	ce 0f       	add	r28, r30
    37d6:	d1 1d       	adc	r29, r1
    37d8:	0f b6       	in	r0, 0x3f	; 63
    37da:	f8 94       	cli
    37dc:	de bf       	out	0x3e, r29	; 62
    37de:	0f be       	out	0x3f, r0	; 63
    37e0:	cd bf       	out	0x3d, r28	; 61
    37e2:	ed 01       	movw	r28, r26
    37e4:	08 95       	ret

000037e6 <_exit>:
    37e6:	f8 94       	cli

000037e8 <__stop_program>:
    37e8:	ff cf       	rjmp	.-2      	; 0x37e8 <__stop_program>
